date,company,price
2015-01-04,BAJFINANCE,41.0
2015-01-04,JSWSTEEL,90.55
2015-01-04,KOTAKBANK,136.2
2015-01-04,NIFTY 50,8590.3
2015-01-04,NIFTY BANK,18633.75
2015-01-04,ONGC,185.25
2015-01-04,TATAPOWER,77.8
2015-01-04,TATASTEEL,28.0
2015-01-04,TITAN,390.25
2015-01-04,WIPRO,113.55
2015-01-06,BAJFINANCE,44.0
2015-01-06,JSWSTEEL,91.0
2015-01-06,KOTAKBANK,139.1
2015-01-06,NIFTY 50,8422.55
2015-01-06,NIFTY BANK,18611.65
2015-01-06,ONGC,195.2
2015-01-06,TATAPOWER,75.9
2015-01-06,TATASTEEL,28.68
2015-01-06,TITAN,376.0
2015-01-06,WIPRO,100.9
2015-01-07,BAJFINANCE,55.0
2015-01-07,JSWSTEEL,89.12
2015-01-07,KOTAKBANK,142.1
2015-01-07,NIFTY 50,8462.5
2015-01-07,NIFTY BANK,18606.7
2015-01-07,ONGC,189.05
2015-01-07,TATAPOWER,75.05
2015-01-07,TATASTEEL,26.48
2015-01-07,TITAN,361.6
2015-01-07,WIPRO,99.7
2015-01-09,BAJFINANCE,50.0
2015-01-09,JSWSTEEL,89.8
2015-01-09,KOTAKBANK,122.7
2015-01-09,NIFTY 50,7781.4
2015-01-09,NIFTY BANK,16521.35
2015-01-09,ONGC,140.95
2015-01-09,TATAPOWER,60.55
2015-01-09,TATASTEEL,17.64
2015-01-09,TITAN,335.8
2015-01-09,WIPRO,101.35
2015-01-10,BAJFINANCE,51.0
2015-01-10,JSWSTEEL,87.39
2015-01-10,KOTAKBANK,128.4
2015-01-10,NIFTY 50,7947.1
2015-01-10,NIFTY BANK,17147.15
2015-01-10,ONGC,139.85
2015-01-10,TATAPOWER,66.0
2015-01-10,TATASTEEL,17.25
2015-01-10,TITAN,327.5
2015-01-10,WIPRO,107.6
2015-01-12,BAJFINANCE,56.0
2015-01-12,JSWSTEEL,94.72
2015-01-12,KOTAKBANK,138.2
2015-01-12,NIFTY 50,7955.15
2015-01-12,NIFTY BANK,17395.55
2015-01-12,ONGC,141.65
2015-01-12,TATAPOWER,66.4
2015-01-12,TATASTEEL,19.79
2015-01-12,TITAN,378.65
2015-01-12,WIPRO,104.6
2015-02-02,AXISBANK,620.9
2015-02-02,BAJFINANCE,41.5
2015-02-02,JSWSTEEL,99.89
2015-02-02,KOTAKBANK,135.5
2015-02-02,NIFTY 50,8798.15
2015-02-02,NIFTY BANK,19902.9
2015-02-02,ONGC,210.25
2015-02-02,TATAPOWER,90.85
2015-02-02,TATASTEEL,34.01
2015-02-02,TCS,1258.0
2015-02-02,TITAN,433.35
2015-02-02,WIPRO,112.45
2015-02-03,AXISBANK,584.7
2015-02-03,BAJFINANCE,43.5
2015-02-03,JSWSTEEL,100.47
2015-02-03,KOTAKBANK,140.6
2015-02-03,NIFTY 50,8961.55
2015-02-03,NIFTY BANK,20010.55
2015-02-03,ONGC,193.05
2015-02-03,TATAPOWER,86.25
2015-02-03,TATASTEEL,30.93
2015-02-03,TCS,1276.13
2015-02-03,TITAN,411.45
2015-02-03,WIPRO,119.15
2015-02-04,AXISBANK,561.0
2015-02-04,TCS,1257.48
2015-02-05,AXISBANK,568.0
2015-02-05,TCS,1276.5
2015-02-06,AXISBANK,565.0
2015-02-06,BAJFINANCE,43.0
2015-02-06,JSWSTEEL,87.31
2015-02-06,KOTAKBANK,135.8
2015-02-06,NIFTY 50,8232.25
2015-02-06,NIFTY BANK,17953.45
2015-02-06,ONGC,192.45
2015-02-06,TATAPOWER,74.55
2015-02-06,TATASTEEL,27.85
2015-02-06,TCS,1288.5
2015-02-06,TITAN,369.4
2015-02-06,WIPRO,98.85
2015-02-07,BAJFINANCE,54.5
2015-02-07,JSWSTEEL,88.55
2015-02-07,KOTAKBANK,143.3
2015-02-07,NIFTY 50,8440.95
2015-02-07,NIFTY BANK,18586.15
2015-02-07,ONGC,187.1
2015-02-07,TATAPOWER,75.15
2015-02-07,TATASTEEL,26.24
2015-02-07,TITAN,354.0
2015-02-07,WIPRO,99.45
2015-02-09,AXISBANK,550.0
2015-02-09,BAJFINANCE,50.0
2015-02-09,JSWSTEEL,89.22
2015-02-09,KOTAKBANK,121.6
2015-02-09,NIFTY 50,7727.65
2015-02-09,NIFTY BANK,16258.85
2015-02-09,ONGC,135.75
2015-02-09,TATAPOWER,58.45
2015-02-09,TATASTEEL,18.03
2015-02-09,TITAN,324.0
2015-02-09,WIPRO,100.35
2015-02-10,AXISBANK,556.4
2015-02-10,TCS,1222.75
2015-02-11,AXISBANK,570.05
2015-02-11,BAJFINANCE,52.0
2015-02-11,JSWSTEEL,89.48
2015-02-11,KOTAKBANK,137.0
2015-02-11,NIFTY 50,8050.95
2015-02-11,NIFTY BANK,17339.25
2015-02-11,ONGC,149.7
2015-02-11,TATAPOWER,68.95
2015-02-11,TATASTEEL,19.79
2015-02-11,TCS,1230.0
2015-02-11,TITAN,356.65
2015-02-11,WIPRO,103.2
2015-02-12,AXISBANK,581.5
2015-02-12,BAJFINANCE,55.5
2015-02-12,JSWSTEEL,98.02
2015-02-12,KOTAKBANK,135.6
2015-02-12,NIFTY 50,7924.25
2015-02-12,NIFTY BANK,17195.15
2015-02-12,ONGC,141.7
2015-02-12,TATAPOWER,66.1
2015-02-12,TATASTEEL,20.28
2015-02-12,TCS,1234.5
2015-02-12,TITAN,376.65
2015-02-12,WIPRO,103.85
2015-02-13,AXISBANK,578.8
2015-02-13,TCS,1271.95
2015-02-16,AXISBANK,570.5
2015-02-16,TCS,1290.85
2015-02-18,AXISBANK,570.4
2015-02-18,TCS,1320.0
2015-02-19,AXISBANK,566.2
2015-02-19,TCS,1339.0
2015-02-20,AXISBANK,560.75
2015-02-20,TCS,1332.33
2015-02-23,AXISBANK,548.25
2015-02-23,TCS,1350.0
2015-02-24,AXISBANK,551.4
2015-02-24,TCS,1349.68
2015-02-25,AXISBANK,550.65
2015-02-25,TCS,1334.85
2015-02-26,AXISBANK,553.0
2015-02-26,TCS,1324.75
2015-02-27,AXISBANK,569.0
2015-02-27,TCS,1334.0
2015-02-28,AXISBANK,618.5
2015-02-28,TCS,1339.78
2015-03-02,AXISBANK,649.0
2015-03-02,BAJFINANCE,42.0
2015-03-02,JSWSTEEL,98.01
2015-03-02,KOTAKBANK,130.0
2015-03-02,NIFTY 50,8746.65
2015-03-02,NIFTY BANK,19329.95
2015-03-02,ONGC,216.4
2015-03-02,TATAPOWER,87.45
2015-03-02,TATASTEEL,33.66
2015-03-02,TCS,1336.5
2015-03-02,TITAN,432.35
2015-03-02,WIPRO,111.45
2015-03-03,AXISBANK,632.75
2015-03-03,BAJFINANCE,43.0
2015-03-03,JSWSTEEL,100.2
2015-03-03,KOTAKBANK,141.0
2015-03-03,NIFTY 50,8996.75
2015-03-03,NIFTY BANK,19962.8
2015-03-03,ONGC,194.05
2015-03-03,TATAPOWER,87.3
2015-03-03,TATASTEEL,30.93
2015-03-03,TCS,1392.55
2015-03-03,TITAN,414.25
2015-03-03,WIPRO,120.75
2015-03-04,AXISBANK,610.0
2015-03-04,TCS,1370.0
2015-03-05,AXISBANK,616.8
2015-03-05,TCS,1345.05
2015-03-06,BAJFINANCE,44.0
2015-03-06,JSWSTEEL,88.1
2015-03-06,KOTAKBANK,134.9
2015-03-06,NIFTY 50,8148.55
2015-03-06,NIFTY BANK,17783.75
2015-03-06,ONGC,186.15
2015-03-06,TATAPOWER,70.5
2015-03-06,TATASTEEL,27.46
2015-03-06,TITAN,364.3
2015-03-06,WIPRO,97.85
2015-03-07,BAJFINANCE,55.5
2015-03-07,JSWSTEEL,86.9
2015-03-07,KOTAKBANK,142.5
2015-03-07,NIFTY 50,8486.35
2015-03-07,NIFTY BANK,18746.7
2015-03-07,ONGC,186.35
2015-03-07,TATAPOWER,74.05
2015-03-07,TATASTEEL,25.9
2015-03-07,TITAN,356.2
2015-03-07,WIPRO,98.85
2015-03-08,BAJFINANCE,57.0
2015-03-08,JSWSTEEL,83.51
2015-03-08,KOTAKBANK,138.2
2015-03-08,NIFTY 50,8538.7
2015-03-08,NIFTY BANK,18895.5
2015-03-08,ONGC,164.35
2015-03-08,TATAPOWER,69.6
2015-03-08,TATASTEEL,20.72
2015-03-08,TITAN,316.7
2015-03-08,WIPRO,102.4
2015-03-09,AXISBANK,590.0
2015-03-09,BAJFINANCE,52.0
2015-03-09,JSWSTEEL,93.2
2015-03-09,KOTAKBANK,125.2
2015-03-09,NIFTY 50,7831.25
2015-03-09,NIFTY BANK,16555.5
2015-03-09,ONGC,138.25
2015-03-09,TATAPOWER,60.05
2015-03-09,TATASTEEL,18.91
2015-03-09,TCS,1324.5
2015-03-09,TITAN,329.0
2015-03-09,WIPRO,102.0
2015-03-10,AXISBANK,587.05
2015-03-10,TCS,1319.43
2015-03-11,AXISBANK,583.55
2015-03-11,BAJFINANCE,52.5
2015-03-11,JSWSTEEL,89.0
2015-03-11,KOTAKBANK,136.4
2015-03-11,NIFTY 50,8047.9
2015-03-11,NIFTY BANK,17284.5
2015-03-11,ONGC,151.5
2015-03-11,TATAPOWER,68.85
2015-03-11,TATASTEEL,19.45
2015-03-11,TCS,1303.23
2015-03-11,TITAN,348.0
2015-03-11,WIPRO,103.1
2015-03-12,AXISBANK,583.6
2015-03-12,BAJFINANCE,55.5
2015-03-12,JSWSTEEL,97.39
2015-03-12,KOTAKBANK,134.7
2015-03-12,NIFTY 50,7865.5
2015-03-12,NIFTY BANK,17098.0
2015-03-12,ONGC,138.2
2015-03-12,TATAPOWER,65.3
2015-03-12,TATASTEEL,19.94
2015-03-12,TCS,1307.5
2015-03-12,TITAN,372.1
2015-03-12,WIPRO,102.85
2015-03-13,AXISBANK,571.5
2015-03-13,TCS,1292.5
2015-03-16,AXISBANK,570.9
2015-03-16,TCS,1280.0
2015-03-17,AXISBANK,582.95
2015-03-17,TCS,1291.83
2015-03-18,AXISBANK,579.0
2015-03-18,TCS,1278.85
2015-03-19,AXISBANK,559.7
2015-03-19,TCS,1301.0
2015-03-20,AXISBANK,560.25
2015-03-20,TCS,1306.25
2015-03-23,AXISBANK,553.0
2015-03-23,TCS,1308.0
2015-03-24,AXISBANK,557.15
2015-03-24,TCS,1300.0
2015-03-25,AXISBANK,561.55
2015-03-25,TCS,1284.93
2015-03-26,AXISBANK,545.5
2015-03-26,TCS,1257.5
2015-03-27,AXISBANK,545.95
2015-03-27,TCS,1259.95
2015-03-30,AXISBANK,565.1
2015-03-30,TCS,1277.13
2015-03-31,AXISBANK,558.0
2015-03-31,TCS,1280.0
2015-04-01,AXISBANK,569.8
2015-04-01,TCS,1272.03
2015-04-02,BAJFINANCE,42.0
2015-04-02,JSWSTEEL,99.11
2015-04-02,KOTAKBANK,128.9
2015-04-02,NIFTY 50,8713.95
2015-04-02,NIFTY BANK,19157.05
2015-04-02,ONGC,221.75
2015-04-02,TATAPOWER,90.0
2015-04-02,TATASTEEL,34.35
2015-04-02,TITAN,430.9
2015-04-02,WIPRO,111.25
2015-04-03,BAJFINANCE,43.0
2015-04-03,JSWSTEEL,99.5
2015-04-03,KOTAKBANK,140.9
2015-04-03,NIFTY 50,8918.4
2015-04-03,NIFTY BANK,19608.7
2015-04-03,ONGC,192.95
2015-04-03,TATAPOWER,84.4
2015-04-03,TATASTEEL,30.34
2015-04-03,TITAN,411.5
2015-04-03,WIPRO,118.95
2015-04-05,BAJFINANCE,42.0
2015-04-05,JSWSTEEL,94.01
2015-04-05,KOTAKBANK,133.8
2015-04-05,NIFTY 50,8342.65
2015-04-05,NIFTY BANK,18512.95
2015-04-05,ONGC,198.65
2015-04-05,TATAPOWER,77.5
2015-04-05,TATASTEEL,32.25
2015-04-05,TITAN,386.95
2015-04-05,WIPRO,97.75
2015-04-06,AXISBANK,568.0
2015-04-06,BAJFINANCE,43.0
2015-04-06,JSWSTEEL,86.93
2015-04-06,KOTAKBANK,136.5
2015-04-06,NIFTY 50,8136.95
2015-04-06,NIFTY BANK,17715.05
2015-04-06,ONGC,181.85
2015-04-06,TATAPOWER,70.0
2015-04-06,TATASTEEL,26.48
2015-04-06,TCS,1274.15
2015-04-06,TITAN,360.55
2015-04-06,WIPRO,99.9
2015-04-07,AXISBANK,559.05
2015-04-07,TCS,1294.48
2015-04-08,AXISBANK,556.0
2015-04-08,BAJFINANCE,56.0
2015-04-08,JSWSTEEL,89.25
2015-04-08,KOTAKBANK,138.5
2015-04-08,NIFTY 50,8524.25
2015-04-08,NIFTY BANK,19003.15
2015-04-08,ONGC,160.9
2015-04-08,TATAPOWER,69.85
2015-04-08,TATASTEEL,21.74
2015-04-08,TCS,1323.03
2015-04-08,TITAN,316.0
2015-04-08,WIPRO,100.6
2015-04-09,AXISBANK,571.5
2015-04-09,BAJFINANCE,51.0
2015-04-09,JSWSTEEL,91.48
2015-04-09,KOTAKBANK,121.4
2015-04-09,NIFTY 50,7655.95
2015-04-09,NIFTY BANK,16147.1
2015-04-09,ONGC,136.3
2015-04-09,TATAPOWER,57.0
2015-04-09,TATASTEEL,17.88
2015-04-09,TCS,1331.3
2015-04-09,TITAN,334.0
2015-04-09,WIPRO,99.85
2015-04-10,AXISBANK,566.5
2015-04-10,TCS,1326.5
2015-04-11,BAJFINANCE,53.5
2015-04-11,JSWSTEEL,89.2
2015-04-11,KOTAKBANK,134.2
2015-04-11,NIFTY 50,8030.35
2015-04-11,NIFTY BANK,17186.6
2015-04-11,ONGC,151.85
2015-04-11,TATAPOWER,68.6
2015-04-11,TATASTEEL,19.4
2015-04-11,TITAN,349.2
2015-04-11,WIPRO,102.85
2015-04-12,BAJFINANCE,54.5
2015-04-12,JSWSTEEL,97.2
2015-04-12,KOTAKBANK,132.4
2015-04-12,NIFTY 50,7787.7
2015-04-12,NIFTY BANK,16922.4
2015-04-12,ONGC,137.05
2015-04-12,TATAPOWER,64.05
2015-04-12,TATASTEEL,19.98
2015-04-12,TITAN,366.75
2015-04-12,WIPRO,102.7
2015-04-13,AXISBANK,565.35
2015-04-13,TCS,1324.65
2015-04-15,AXISBANK,549.5
2015-04-15,TCS,1309.48
2015-04-16,AXISBANK,549.95
2015-04-16,TCS,1289.0
2015-04-17,AXISBANK,534.3
2015-04-17,TCS,1236.28
2015-04-20,AXISBANK,521.5
2015-04-20,TCS,1213.0
2015-04-21,AXISBANK,527.3
2015-04-21,TCS,1212.0
2015-04-22,AXISBANK,541.95
2015-04-22,TCS,1235.3
2015-04-23,AXISBANK,536.7
2015-04-23,TCS,1227.5
2015-04-24,AXISBANK,523.85
2015-04-24,TCS,1254.8
2015-04-27,AXISBANK,523.65
2015-04-27,TCS,1250.0
2015-04-28,AXISBANK,533.8
2015-04-28,TCS,1246.5
2015-04-29,AXISBANK,558.55
2015-04-29,TCS,1240.5
2015-04-30,AXISBANK,569.95
2015-04-30,TCS,1238.0
2015-05-02,BAJFINANCE,41.0
2015-05-02,JSWSTEEL,97.5
2015-05-02,KOTAKBANK,129.1
2015-05-02,NIFTY 50,8699.4
2015-05-02,NIFTY BANK,19047.85
2015-05-02,ONGC,214.4
2015-05-02,TATAPOWER,82.75
2015-05-02,TATASTEEL,33.47
2015-05-02,TITAN,419.4
2015-05-02,WIPRO,114.8
2015-05-03,BAJFINANCE,43.5
2015-05-03,JSWSTEEL,98.8
2015-05-03,KOTAKBANK,142.0
2015-05-03,NIFTY 50,8937.75
2015-05-03,NIFTY BANK,19760.25
2015-05-03,ONGC,192.7
2015-05-03,TATAPOWER,85.0
2015-05-03,TATASTEEL,30.0
2015-05-03,TITAN,405.5
2015-05-03,WIPRO,119.8
2015-05-04,AXISBANK,568.0
2015-05-04,TCS,1241.13
2015-05-05,AXISBANK,564.6
2015-05-05,BAJFINANCE,43.0
2015-05-05,JSWSTEEL,97.77
2015-05-05,KOTAKBANK,142.5
2015-05-05,NIFTY 50,8321.1
2015-05-05,NIFTY BANK,18457.9
2015-05-05,ONGC,205.95
2015-05-05,TATAPOWER,76.1
2015-05-05,TATASTEEL,33.57
2015-05-05,TCS,1257.5
2015-05-05,TITAN,385.7
2015-05-05,WIPRO,97.9
2015-05-06,AXISBANK,543.0
2015-05-06,BAJFINANCE,45.0
2015-05-06,JSWSTEEL,87.89
2015-05-06,KOTAKBANK,135.7
2015-05-06,NIFTY 50,8113.9
2015-05-06,NIFTY BANK,17523.0
2015-05-06,ONGC,186.15
2015-05-06,TATAPOWER,70.6
2015-05-06,TATASTEEL,26.87
2015-05-06,TCS,1231.5
2015-05-06,TITAN,366.0
2015-05-06,WIPRO,99.75
2015-05-07,AXISBANK,526.05
2015-05-07,TCS,1275.0
2015-05-08,AXISBANK,539.8
2015-05-08,BAJFINANCE,55.5
2015-05-08,JSWSTEEL,88.43
2015-05-08,KOTAKBANK,139.0
2015-05-08,NIFTY 50,8567.05
2015-05-08,NIFTY BANK,18939.6
2015-05-08,ONGC,162.6
2015-05-08,TATAPOWER,69.65
2015-05-08,TATASTEEL,22.13
2015-05-08,TCS,1265.0
2015-05-08,TITAN,321.05
2015-05-08,WIPRO,103.15
2015-05-10,BAJFINANCE,52.0
2015-05-10,JSWSTEEL,90.65
2015-05-10,KOTAKBANK,130.6
2015-05-10,NIFTY 50,8126.4
2015-05-10,NIFTY BANK,17677.95
2015-05-10,ONGC,144.7
2015-05-10,TATAPOWER,67.1
2015-05-10,TATASTEEL,18.52
2015-05-10,TITAN,330.25
2015-05-10,WIPRO,107.7
2015-05-11,AXISBANK,550.1
2015-05-11,BAJFINANCE,53.0
2015-05-11,JSWSTEEL,86.82
2015-05-11,KOTAKBANK,130.6
2015-05-11,NIFTY 50,7947.95
2015-05-11,NIFTY BANK,17013.45
2015-05-11,ONGC,151.3
2015-05-11,TATAPOWER,68.4
2015-05-11,TATASTEEL,18.42
2015-05-11,TCS,1279.5
2015-05-11,TITAN,348.5
2015-05-11,WIPRO,102.6
2015-05-12,AXISBANK,531.1
2015-05-12,TCS,1261.98
2015-05-13,AXISBANK,558.85
2015-05-13,TCS,1261.55
2015-05-14,AXISBANK,555.3
2015-05-14,TCS,1247.5
2015-05-15,AXISBANK,561.6
2015-05-15,TCS,1255.5
2015-05-18,AXISBANK,568.0
2015-05-18,TCS,1257.63
2015-05-19,AXISBANK,560.45
2015-05-19,TCS,1256.0
2015-05-20,AXISBANK,558.3
2015-05-20,TCS,1278.5
2015-05-21,AXISBANK,569.55
2015-05-21,TCS,1275.95
2015-05-22,AXISBANK,567.0
2015-05-22,TCS,1310.9
2015-05-25,AXISBANK,561.45
2015-05-25,TCS,1300.03
2015-05-26,AXISBANK,566.0
2015-05-26,TCS,1307.48
2015-05-27,AXISBANK,576.95
2015-05-27,TCS,1305.0
2015-05-28,AXISBANK,576.4
2015-05-28,TCS,1307.95
2015-05-29,AXISBANK,585.9
2015-05-29,TCS,1310.78
2015-06-01,AXISBANK,578.6
2015-06-01,TCS,1307.6
2015-06-02,AXISBANK,552.75
2015-06-02,BAJFINANCE,40.0
2015-06-02,JSWSTEEL,96.0
2015-06-02,KOTAKBANK,126.9
2015-06-02,NIFTY 50,8666.0
2015-06-02,NIFTY BANK,18788.3
2015-06-02,ONGC,211.35
2015-06-02,TATAPOWER,82.2
2015-06-02,TATASTEEL,32.35
2015-06-02,TCS,1302.5
2015-06-02,TITAN,420.5
2015-06-02,WIPRO,115.7
2015-06-03,AXISBANK,552.1
2015-06-03,TCS,1306.0
2015-06-04,AXISBANK,556.25
2015-06-04,BAJFINANCE,42.5
2015-06-04,JSWSTEEL,90.01
2015-06-04,KOTAKBANK,139.2
2015-06-04,NIFTY 50,8652.0
2015-06-04,NIFTY BANK,18593.45
2015-06-04,ONGC,191.7
2015-06-04,TATAPOWER,77.5
2015-06-04,TATASTEEL,27.51
2015-06-04,TCS,1299.58
2015-06-04,TITAN,404.1
2015-06-04,WIPRO,111.45
2015-06-05,AXISBANK,546.6
2015-06-05,BAJFINANCE,43.0
2015-06-05,JSWSTEEL,92.99
2015-06-05,KOTAKBANK,134.6
2015-06-05,NIFTY 50,8092.45
2015-06-05,NIFTY BANK,17778.95
2015-06-05,ONGC,198.35
2015-06-05,TATAPOWER,73.65
2015-06-05,TATASTEEL,32.39
2015-06-05,TCS,1288.75
2015-06-05,TITAN,384.2
2015-06-05,WIPRO,95.75
2015-06-07,BAJFINANCE,55.5
2015-06-07,JSWSTEEL,88.47
2015-06-07,KOTAKBANK,144.6
2015-06-07,NIFTY 50,8523.4
2015-06-07,NIFTY BANK,18838.8
2015-06-07,ONGC,185.7
2015-06-07,TATAPOWER,74.45
2015-06-07,TATASTEEL,25.75
2015-06-07,TITAN,356.85
2015-06-07,WIPRO,98.85
2015-06-08,AXISBANK,552.75
2015-06-08,BAJFINANCE,55.0
2015-06-08,JSWSTEEL,90.2
2015-06-08,KOTAKBANK,141.2
2015-06-08,NIFTY 50,8587.0
2015-06-08,NIFTY BANK,19030.05
2015-06-08,ONGC,163.5
2015-06-08,TATAPOWER,69.85
2015-06-08,TATASTEEL,21.94
2015-06-08,TCS,1290.0
2015-06-08,TITAN,327.0
2015-06-08,WIPRO,102.85
2015-06-09,AXISBANK,557.3
2015-06-09,TCS,1281.03
2015-06-10,AXISBANK,564.5
2015-06-10,BAJFINANCE,52.0
2015-06-10,JSWSTEEL,89.93
2015-06-10,KOTAKBANK,131.0
2015-06-10,NIFTY 50,8148.55
2015-06-10,NIFTY BANK,17604.75
2015-06-10,ONGC,148.8
2015-06-10,TATAPOWER,69.0
2015-06-10,TATASTEEL,18.66
2015-06-10,TCS,1300.0
2015-06-10,TITAN,347.8
2015-06-10,WIPRO,107.6
2015-06-11,AXISBANK,546.2
2015-06-11,BAJFINANCE,53.0
2015-06-11,JSWSTEEL,87.31
2015-06-11,KOTAKBANK,133.0
2015-06-11,NIFTY 50,7962.15
2015-06-11,NIFTY BANK,17113.55
2015-06-11,ONGC,152.35
2015-06-11,TATAPOWER,67.55
2015-06-11,TATASTEEL,17.93
2015-06-11,TCS,1282.15
2015-06-11,TITAN,352.75
2015-06-11,WIPRO,102.35
2015-06-12,AXISBANK,551.9
2015-06-12,TCS,1260.0
2015-06-15,AXISBANK,550.0
2015-06-15,TCS,1256.45
2015-06-16,AXISBANK,553.15
2015-06-16,TCS,1254.0
2015-06-17,AXISBANK,549.15
2015-06-17,TCS,1256.0
2015-06-18,AXISBANK,551.0
2015-06-18,TCS,1261.0
2015-06-19,AXISBANK,554.5
2015-06-19,TCS,1275.0
2015-06-22,AXISBANK,572.4
2015-06-22,TCS,1299.15
2015-06-23,AXISBANK,571.35
2015-06-23,TCS,1292.95
2015-06-24,AXISBANK,569.25
2015-06-24,TCS,1284.35
2015-06-25,AXISBANK,570.0
2015-06-25,TCS,1276.0
2015-06-26,AXISBANK,565.8
2015-06-26,TCS,1295.05
2015-06-29,AXISBANK,566.0
2015-06-29,TCS,1299.5
2015-06-30,AXISBANK,557.95
2015-06-30,TCS,1277.5
2015-07-01,AXISBANK,580.0
2015-07-01,TCS,1300.0
2015-07-02,AXISBANK,583.5
2015-07-02,TCS,1291.0
2015-07-03,AXISBANK,586.9
2015-07-03,TCS,1301.55
2015-07-04,BAJFINANCE,43.5
2015-07-04,JSWSTEEL,93.79
2015-07-04,KOTAKBANK,138.4
2015-07-04,NIFTY 50,8676.9
2015-07-04,NIFTY BANK,18504.1
2015-07-04,ONGC,192.15
2015-07-04,TATAPOWER,78.95
2015-07-04,TATASTEEL,29.12
2015-07-04,TITAN,405.4
2015-07-04,WIPRO,110.55
2015-07-05,BAJFINANCE,41.5
2015-07-05,JSWSTEEL,88.62
2015-07-05,KOTAKBANK,130.1
2015-07-05,NIFTY 50,8047.15
2015-07-05,NIFTY BANK,17335.6
2015-07-05,ONGC,191.05
2015-07-05,TATAPOWER,71.95
2015-07-05,TATASTEEL,32.44
2015-07-05,TITAN,369.0
2015-07-05,WIPRO,96.85
2015-07-06,AXISBANK,585.4
2015-07-06,TCS,1314.83
2015-07-07,AXISBANK,586.7
2015-07-07,BAJFINANCE,56.0
2015-07-07,JSWSTEEL,87.6
2015-07-07,KOTAKBANK,142.4
2015-07-07,NIFTY 50,8516.95
2015-07-07,NIFTY BANK,18811.75
2015-07-07,ONGC,183.85
2015-07-07,TATAPOWER,73.85
2015-07-07,TATASTEEL,25.65
2015-07-07,TCS,1311.95
2015-07-07,TITAN,360.95
2015-07-07,WIPRO,99.55
2015-07-08,AXISBANK,576.1
2015-07-08,BAJFINANCE,55.0
2015-07-08,JSWSTEEL,92.39
2015-07-08,KOTAKBANK,141.2
2015-07-08,NIFTY 50,8570.45
2015-07-08,NIFTY BANK,18925.7
2015-07-08,ONGC,170.15
2015-07-08,TATAPOWER,69.25
2015-07-08,TATASTEEL,22.08
2015-07-08,TCS,1293.75
2015-07-08,TITAN,333.45
2015-07-08,WIPRO,102.15
2015-07-09,AXISBANK,572.65
2015-07-09,BAJFINANCE,50.5
2015-07-09,JSWSTEEL,88.61
2015-07-09,KOTAKBANK,121.0
2015-07-09,NIFTY 50,7552.95
2015-07-09,NIFTY BANK,15780.15
2015-07-09,ONGC,135.85
2015-07-09,TATAPOWER,56.25
2015-07-09,TATASTEEL,17.54
2015-07-09,TCS,1264.68
2015-07-09,TITAN,332.25
2015-07-09,WIPRO,99.3
2015-07-10,AXISBANK,575.9
2015-07-10,BAJFINANCE,51.0
2015-07-10,JSWSTEEL,91.5
2015-07-10,KOTAKBANK,132.2
2015-07-10,NIFTY 50,8182.4
2015-07-10,NIFTY BANK,17618.6
2015-07-10,ONGC,156.65
2015-07-10,TATAPOWER,70.35
2015-07-10,TATASTEEL,19.54
2015-07-10,TCS,1233.95
2015-07-10,TITAN,345.5
2015-07-10,WIPRO,105.55
2015-07-12,BAJFINANCE,55.0
2015-07-12,JSWSTEEL,97.3
2015-07-12,KOTAKBANK,134.3
2015-07-12,NIFTY 50,7765.5
2015-07-12,NIFTY BANK,16952.4
2015-07-12,ONGC,135.0
2015-07-12,TATAPOWER,64.1
2015-07-12,TATASTEEL,20.28
2015-07-12,TITAN,366.65
2015-07-12,WIPRO,103.55
2015-07-13,AXISBANK,582.3
2015-07-13,TCS,1253.25
2015-07-14,AXISBANK,582.9
2015-07-14,TCS,1249.43
2015-07-15,AXISBANK,584.55
2015-07-15,TCS,1274.0
2015-07-16,AXISBANK,608.15
2015-07-16,TCS,1266.33
2015-07-17,AXISBANK,601.0
2015-07-17,TCS,1281.63
2015-07-20,AXISBANK,599.85
2015-07-20,TCS,1289.98
2015-07-21,AXISBANK,585.0
2015-07-21,TCS,1280.85
2015-07-22,AXISBANK,589.5
2015-07-22,TCS,1265.75
2015-07-23,AXISBANK,582.8
2015-07-23,TCS,1246.03
2015-07-24,AXISBANK,581.2
2015-07-24,TCS,1253.55
2015-07-27,AXISBANK,556.0
2015-07-27,TCS,1250.58
2015-07-28,AXISBANK,560.9
2015-07-28,TCS,1252.5
2015-07-29,AXISBANK,565.0
2015-07-29,TCS,1257.5
2015-07-30,AXISBANK,567.8
2015-07-30,TCS,1236.4
2015-07-31,AXISBANK,574.8
2015-07-31,TCS,1255.73
2015-08-03,AXISBANK,575.45
2015-08-03,TCS,1254.0
2015-08-04,AXISBANK,580.3
2015-08-04,BAJFINANCE,45.0
2015-08-04,JSWSTEEL,92.99
2015-08-04,KOTAKBANK,137.2
2015-08-04,NIFTY 50,8717.35
2015-08-04,NIFTY BANK,18418.55
2015-08-04,ONGC,188.45
2015-08-04,TATAPOWER,77.4
2015-08-04,TATASTEEL,29.32
2015-08-04,TCS,1253.5
2015-08-04,TITAN,408.0
2015-08-04,WIPRO,110.7
2015-08-05,AXISBANK,580.6
2015-08-05,BAJFINANCE,43.5
2015-08-05,JSWSTEEL,88.95
2015-08-05,KOTAKBANK,132.7
2015-08-05,NIFTY 50,8190.3
2015-08-05,NIFTY BANK,17782.9
2015-08-05,ONGC,190.1
2015-08-05,TATAPOWER,73.8
2015-08-05,TATASTEEL,32.39
2015-08-05,TCS,1272.28
2015-08-05,TITAN,352.9
2015-08-05,WIPRO,97.0
2015-08-06,AXISBANK,583.6
2015-08-06,BAJFINANCE,44.5
2015-08-06,JSWSTEEL,87.1
2015-08-06,KOTAKBANK,135.2
2015-08-06,NIFTY 50,8036.95
2015-08-06,NIFTY BANK,17406.85
2015-08-06,ONGC,184.4
2015-08-06,TATAPOWER,71.65
2015-08-06,TATASTEEL,25.94
2015-08-06,TCS,1284.0
2015-08-06,TITAN,351.95
2015-08-06,WIPRO,99.85
2015-08-07,AXISBANK,581.4
2015-08-07,BAJFINANCE,52.0
2015-08-07,JSWSTEEL,84.5
2015-08-07,KOTAKBANK,141.4
2015-08-07,NIFTY 50,8354.65
2015-08-07,NIFTY BANK,18455.35
2015-08-07,ONGC,181.95
2015-08-07,TATAPOWER,72.45
2015-08-07,TATASTEEL,24.04
2015-08-07,TCS,1279.0
2015-08-07,TITAN,355.2
2015-08-07,WIPRO,99.35
2015-08-09,BAJFINANCE,50.5
2015-08-09,JSWSTEEL,94.98
2015-08-09,KOTAKBANK,124.2
2015-08-09,NIFTY 50,7701.85
2015-08-09,NIFTY BANK,16365.8
2015-08-09,ONGC,138.55
2015-08-09,TATAPOWER,58.75
2015-08-09,TATASTEEL,18.86
2015-08-09,TITAN,322.35
2015-08-09,WIPRO,101.65
2015-08-10,AXISBANK,571.0
2015-08-10,BAJFINANCE,50.0
2015-08-10,JSWSTEEL,91.05
2015-08-10,KOTAKBANK,130.0
2015-08-10,NIFTY 50,8127.7
2015-08-10,NIFTY BANK,17466.15
2015-08-10,ONGC,154.7
2015-08-10,TATAPOWER,69.95
2015-08-10,TATASTEEL,19.98
2015-08-10,TCS,1288.0
2015-08-10,TITAN,340.45
2015-08-10,WIPRO,106.0
2015-08-11,AXISBANK,572.1
2015-08-11,TCS,1300.4
2015-08-12,AXISBANK,559.15
2015-08-12,BAJFINANCE,55.0
2015-08-12,JSWSTEEL,96.05
2015-08-12,KOTAKBANK,134.6
2015-08-12,NIFTY 50,7690.3
2015-08-12,NIFTY BANK,16795.95
2015-08-12,ONGC,129.35
2015-08-12,TATAPOWER,63.25
2015-08-12,TATASTEEL,19.35
2015-08-12,TCS,1333.65
2015-08-12,TITAN,365.3
2015-08-12,WIPRO,101.55
2015-08-13,AXISBANK,570.7
2015-08-13,TCS,1319.18
2015-08-14,AXISBANK,571.75
2015-08-14,TCS,1345.6
2015-08-17,AXISBANK,561.0
2015-08-17,TCS,1342.95
2015-08-18,AXISBANK,562.35
2015-08-18,TCS,1372.2
2015-08-19,AXISBANK,555.3
2015-08-19,TCS,1363.5
2015-08-20,AXISBANK,535.35
2015-08-20,TCS,1343.93
2015-08-21,AXISBANK,524.95
2015-08-21,TCS,1333.53
2015-08-24,AXISBANK,479.0
2015-08-24,TCS,1293.0
2015-08-25,AXISBANK,505.8
2015-08-25,TCS,1282.4
2015-08-26,AXISBANK,496.0
2015-08-26,TCS,1289.9
2015-08-27,AXISBANK,510.9
2015-08-27,TCS,1283.5
2015-08-28,AXISBANK,509.5
2015-08-28,TCS,1282.4
2015-08-31,AXISBANK,507.5
2015-08-31,TCS,1287.6
2015-09-01,AXISBANK,481.0
2015-09-01,NIFTY 50,8280.25
2015-09-01,NIFTY BANK,18598.05
2015-09-01,TCS,1266.6
2015-09-02,AXISBANK,468.8
2015-09-02,BAJFINANCE,40.0
2015-09-02,JSWSTEEL,93.6
2015-09-02,KOTAKBANK,126.1
2015-09-02,NIFTY 50,8518.3
2015-09-02,NIFTY BANK,18409.9
2015-09-02,ONGC,214.5
2015-09-02,TATAPOWER,80.2
2015-09-02,TATASTEEL,30.34
2015-09-02,TCS,1300.0
2015-09-02,TITAN,412.05
2015-09-02,WIPRO,116.45
2015-09-03,AXISBANK,486.0
2015-09-03,BAJFINANCE,42.0
2015-09-03,JSWSTEEL,95.84
2015-09-03,KOTAKBANK,136.8
2015-09-03,NIFTY 50,8743.25
2015-09-03,NIFTY BANK,19114.9
2015-09-03,ONGC,190.65
2015-09-03,TATAPOWER,82.3
2015-09-03,TATASTEEL,29.27
2015-09-03,TCS,1303.0
2015-09-03,TITAN,399.55
2015-09-03,WIPRO,118.6
2015-09-04,AXISBANK,468.5
2015-09-04,BAJFINANCE,45.0
2015-09-04,JSWSTEEL,95.88
2015-09-04,KOTAKBANK,142.9
2015-09-04,NIFTY 50,8774.25
2015-09-04,NIFTY BANK,18870.45
2015-09-04,ONGC,186.5
2015-09-04,TATAPOWER,78.15
2015-09-04,TATASTEEL,30.24
2015-09-04,TCS,1271.6
2015-09-04,TITAN,399.2
2015-09-04,WIPRO,110.8
2015-09-06,BAJFINANCE,45.5
2015-09-06,JSWSTEEL,87.36
2015-09-06,KOTAKBANK,133.0
2015-09-06,NIFTY 50,8015.45
2015-09-06,NIFTY BANK,17472.7
2015-09-06,ONGC,181.2
2015-09-06,TATAPOWER,72.15
2015-09-06,TATASTEEL,26.24
2015-09-06,TITAN,360.05
2015-09-06,WIPRO,97.1
2015-09-07,AXISBANK,452.4
2015-09-07,BAJFINANCE,50.0
2015-09-07,JSWSTEEL,84.21
2015-09-07,KOTAKBANK,141.4
2015-09-07,NIFTY 50,8335.15
2015-09-07,NIFTY BANK,18529.3
2015-09-07,ONGC,180.4
2015-09-07,TATAPOWER,72.55
2015-09-07,TATASTEEL,23.94
2015-09-07,TCS,1269.8
2015-09-07,TITAN,360.4
2015-09-07,WIPRO,97.95
2015-09-08,AXISBANK,474.45
2015-09-08,TCS,1270.15
2015-09-09,AXISBANK,485.1
2015-09-09,BAJFINANCE,50.0
2015-09-09,JSWSTEEL,98.0
2015-09-09,KOTAKBANK,126.2
2015-09-09,NIFTY 50,7804.85
2015-09-09,NIFTY BANK,16579.4
2015-09-09,ONGC,138.9
2015-09-09,TATAPOWER,58.9
2015-09-09,TATASTEEL,19.84
2015-09-09,TCS,1275.5
2015-09-09,TITAN,329.0
2015-09-09,WIPRO,100.95
2015-09-10,AXISBANK,486.1
2015-09-10,BAJFINANCE,50.0
2015-09-10,JSWSTEEL,90.59
2015-09-10,KOTAKBANK,132.0
2015-09-10,NIFTY 50,8178.0
2015-09-10,NIFTY BANK,17569.9
2015-09-10,ONGC,158.3
2015-09-10,TATAPOWER,69.8
2015-09-10,TATASTEEL,21.06
2015-09-10,TCS,1275.5
2015-09-10,TITAN,343.9
2015-09-10,WIPRO,106.35
2015-09-11,AXISBANK,480.8
2015-09-11,BAJFINANCE,54.0
2015-09-11,JSWSTEEL,88.11
2015-09-11,KOTAKBANK,131.8
2015-09-11,NIFTY 50,7911.35
2015-09-11,NIFTY BANK,16978.0
2015-09-11,ONGC,149.95
2015-09-11,TATAPOWER,68.1
2015-09-11,TATASTEEL,18.13
2015-09-11,TCS,1274.9
2015-09-11,TITAN,354.2
2015-09-11,WIPRO,100.8
2015-09-12,BAJFINANCE,55.0
2015-09-12,JSWSTEEL,94.43
2015-09-12,KOTAKBANK,133.8
2015-09-12,NIFTY 50,7618.25
2015-09-12,NIFTY BANK,16689.15
2015-09-12,ONGC,131.0
2015-09-12,TATAPOWER,62.15
2015-09-12,TATASTEEL,18.71
2015-09-12,TITAN,360.0
2015-09-12,WIPRO,101.55
2015-09-14,AXISBANK,495.9
2015-09-14,TCS,1274.5
2015-09-15,AXISBANK,481.8
2015-09-15,TCS,1268.63
2015-09-16,AXISBANK,494.65
2015-09-16,TCS,1274.0
2015-09-18,AXISBANK,519.9
2015-09-18,TCS,1272.5
2015-09-21,AXISBANK,529.95
2015-09-21,TCS,1277.83
2015-09-22,AXISBANK,506.35
2015-09-22,TCS,1261.28
2015-09-23,AXISBANK,513.5
2015-09-23,TCS,1267.33
2015-09-24,AXISBANK,513.5
2015-09-24,TCS,1289.5
2015-09-28,AXISBANK,507.6
2015-09-28,TCS,1300.0
2015-09-29,AXISBANK,504.0
2015-09-29,TCS,1295.25
2015-09-30,AXISBANK,497.0
2015-09-30,TCS,1292.5
2015-10-01,AXISBANK,495.5
2015-10-01,TCS,1320.33
2015-10-02,BAJFINANCE,40.0
2015-10-02,JSWSTEEL,93.71
2015-10-02,KOTAKBANK,128.6
2015-10-02,NIFTY 50,8578.85
2015-10-02,NIFTY BANK,18803.7
2015-10-02,ONGC,214.0
2015-10-02,TATAPOWER,81.4
2015-10-02,TATASTEEL,31.52
2015-10-02,TITAN,425.5
2015-10-02,WIPRO,115.65
2015-10-03,BAJFINANCE,42.0
2015-10-03,JSWSTEEL,94.6
2015-10-03,KOTAKBANK,135.2
2015-10-03,NIFTY 50,8725.6
2015-10-03,NIFTY BANK,19096.5
2015-10-03,ONGC,190.1
2015-10-03,TATAPOWER,81.2
2015-10-03,TATASTEEL,28.93
2015-10-03,TITAN,404.05
2015-10-03,WIPRO,118.7
2015-10-04,BAJFINANCE,45.0
2015-10-04,JSWSTEEL,94.85
2015-10-04,KOTAKBANK,141.8
2015-10-04,NIFTY 50,8767.55
2015-10-04,NIFTY BANK,18773.45
2015-10-04,ONGC,186.75
2015-10-04,TATAPOWER,78.75
2015-10-04,TATASTEEL,29.95
2015-10-04,TITAN,401.5
2015-10-04,WIPRO,111.1
2015-10-05,AXISBANK,513.3
2015-10-05,TCS,1360.0
2015-10-06,AXISBANK,506.65
2015-10-06,BAJFINANCE,46.0
2015-10-06,JSWSTEEL,88.85
2015-10-06,KOTAKBANK,133.4
2015-10-06,NIFTY 50,8125.5
2015-10-06,NIFTY BANK,17699.65
2015-10-06,ONGC,183.75
2015-10-06,TATAPOWER,73.85
2015-10-06,TATASTEEL,26.34
2015-10-06,TCS,1343.1
2015-10-06,TITAN,363.25
2015-10-06,WIPRO,101.2
2015-10-07,AXISBANK,498.0
2015-10-07,BAJFINANCE,50.5
2015-10-07,JSWSTEEL,82.8
2015-10-07,KOTAKBANK,142.2
2015-10-07,NIFTY 50,8357.05
2015-10-07,NIFTY BANK,18691.85
2015-10-07,ONGC,177.35
2015-10-07,TATAPOWER,71.3
2015-10-07,TATASTEEL,23.99
2015-10-07,TCS,1327.5
2015-10-07,TITAN,356.0
2015-10-07,WIPRO,98.65
2015-10-08,AXISBANK,492.15
2015-10-08,BAJFINANCE,54.5
2015-10-08,JSWSTEEL,91.07
2015-10-08,KOTAKBANK,140.4
2015-10-08,NIFTY 50,8502.9
2015-10-08,NIFTY BANK,18790.4
2015-10-08,ONGC,165.05
2015-10-08,TATAPOWER,68.75
2015-10-08,TATASTEEL,21.89
2015-10-08,TCS,1315.95
2015-10-08,TITAN,328.05
2015-10-08,WIPRO,101.35
2015-10-09,AXISBANK,489.0
2015-10-09,BAJFINANCE,50.5
2015-10-09,JSWSTEEL,98.22
2015-10-09,KOTAKBANK,127.7
2015-10-09,NIFTY 50,7819.3
2015-10-09,NIFTY BANK,16679.15
2015-10-09,ONGC,138.0
2015-10-09,TATAPOWER,60.8
2015-10-09,TATASTEEL,20.18
2015-10-09,TCS,1315.0
2015-10-09,TITAN,326.25
2015-10-09,WIPRO,99.75
2015-10-11,BAJFINANCE,54.0
2015-10-11,JSWSTEEL,87.23
2015-10-11,KOTAKBANK,129.6
2015-10-11,NIFTY 50,7783.45
2015-10-11,NIFTY BANK,16833.75
2015-10-11,ONGC,142.9
2015-10-11,TATAPOWER,68.0
2015-10-11,TATASTEEL,17.74
2015-10-11,TITAN,353.4
2015-10-11,WIPRO,100.0
2015-10-12,AXISBANK,487.2
2015-10-12,BAJFINANCE,55.0
2015-10-12,JSWSTEEL,96.41
2015-10-12,KOTAKBANK,135.3
2015-10-12,NIFTY 50,7682.55
2015-10-12,NIFTY BANK,16701.95
2015-10-12,ONGC,132.6
2015-10-12,TATAPOWER,62.55
2015-10-12,TATASTEEL,19.35
2015-10-12,TCS,1299.03
2015-10-12,TITAN,361.0
2015-10-12,WIPRO,101.35
2015-10-13,AXISBANK,490.5
2015-10-13,TCS,1293.25
2015-10-14,AXISBANK,495.75
2015-10-14,TCS,1240.45
2015-10-15,AXISBANK,499.7
2015-10-15,TCS,1234.75
2015-10-16,AXISBANK,504.5
2015-10-16,TCS,1236.0
2015-10-19,AXISBANK,507.0
2015-10-19,TCS,1246.98
2015-10-20,AXISBANK,509.5
2015-10-20,TCS,1261.6
2015-10-21,AXISBANK,511.5
2015-10-21,TCS,1263.0
2015-10-23,AXISBANK,527.0
2015-10-23,TCS,1268.0
2015-10-26,AXISBANK,521.25
2015-10-26,TCS,1270.0
2015-10-27,AXISBANK,517.6
2015-10-27,TCS,1264.45
2015-10-28,AXISBANK,484.4
2015-10-28,TCS,1264.0
2015-10-29,AXISBANK,467.9
2015-10-29,TCS,1249.5
2015-10-30,AXISBANK,475.5
2015-10-30,TCS,1250.0
2015-11-02,AXISBANK,476.8
2015-11-02,BAJFINANCE,41.0
2015-11-02,JSWSTEEL,98.08
2015-11-02,KOTAKBANK,129.8
2015-11-02,NIFTY 50,8635.5
2015-11-02,NIFTY BANK,18929.05
2015-11-02,ONGC,207.85
2015-11-02,TATAPOWER,81.95
2015-11-02,TATASTEEL,32.1
2015-11-02,TCS,1259.0
2015-11-02,TITAN,425.7
2015-11-02,WIPRO,115.3
2015-11-03,AXISBANK,473.95
2015-11-03,BAJFINANCE,42.0
2015-11-03,JSWSTEEL,92.93
2015-11-03,KOTAKBANK,137.6
2015-11-03,NIFTY 50,8701.8
2015-11-03,NIFTY BANK,19074.8
2015-11-03,ONGC,186.5
2015-11-03,TATAPOWER,80.9
2015-11-03,TATASTEEL,28.24
2015-11-03,TCS,1270.98
2015-11-03,TITAN,401.5
2015-11-03,WIPRO,117.15
2015-11-04,AXISBANK,471.7
2015-11-04,TCS,1265.45
2015-11-05,AXISBANK,463.5
2015-11-05,BAJFINANCE,43.0
2015-11-05,JSWSTEEL,90.2
2015-11-05,KOTAKBANK,133.5
2015-11-05,NIFTY 50,8320.05
2015-11-05,NIFTY BANK,18193.35
2015-11-05,ONGC,192.05
2015-11-05,TATAPOWER,74.15
2015-11-05,TATASTEEL,33.32
2015-11-05,TCS,1242.5
2015-11-05,TITAN,369.0
2015-11-05,WIPRO,97.4
2015-11-06,AXISBANK,464.15
2015-11-06,BAJFINANCE,46.5
2015-11-06,JSWSTEEL,87.1
2015-11-06,KOTAKBANK,127.3
2015-11-06,NIFTY 50,7964.85
2015-11-06,NIFTY BANK,17275.9
2015-11-06,ONGC,181.65
2015-11-06,TATAPOWER,70.1
2015-11-06,TATASTEEL,25.7
2015-11-06,TCS,1252.6
2015-11-06,TITAN,352.8
2015-11-06,WIPRO,98.35
2015-11-08,BAJFINANCE,54.0
2015-11-08,JSWSTEEL,89.8
2015-11-08,KOTAKBANK,140.7
2015-11-08,NIFTY 50,8467.4
2015-11-08,NIFTY BANK,18638.9
2015-11-08,ONGC,162.5
2015-11-08,TATAPOWER,68.25
2015-11-08,TATASTEEL,20.67
2015-11-08,TITAN,329.05
2015-11-08,WIPRO,101.8
2015-11-09,AXISBANK,465.25
2015-11-09,BAJFINANCE,50.0
2015-11-09,JSWSTEEL,96.53
2015-11-09,KOTAKBANK,126.0
2015-11-09,NIFTY 50,7783.65
2015-11-09,NIFTY BANK,16596.7
2015-11-09,ONGC,138.05
2015-11-09,TATAPOWER,59.8
2015-11-09,TATASTEEL,19.25
2015-11-09,TCS,1237.5
2015-11-09,TITAN,326.45
2015-11-09,WIPRO,100.5
2015-11-10,AXISBANK,468.25
2015-11-10,TCS,1227.5
2015-11-11,AXISBANK,481.7
2015-11-11,BAJFINANCE,54.0
2015-11-11,JSWSTEEL,87.9
2015-11-11,KOTAKBANK,131.1
2015-11-11,NIFTY 50,7828.7
2015-11-11,NIFTY BANK,16981.2
2015-11-11,ONGC,142.65
2015-11-11,TATAPOWER,69.0
2015-11-11,TATASTEEL,18.03
2015-11-11,TCS,1236.0
2015-11-11,TITAN,354.0
2015-11-11,WIPRO,99.95
2015-11-12,BAJFINANCE,55.0
2015-11-12,JSWSTEEL,96.7
2015-11-12,KOTAKBANK,133.0
2015-11-12,NIFTY 50,7610.1
2015-11-12,NIFTY BANK,16346.35
2015-11-12,ONGC,129.7
2015-11-12,TATAPOWER,61.8
2015-11-12,TATASTEEL,20.08
2015-11-12,TITAN,350.8
2015-11-12,WIPRO,101.7
2015-11-13,AXISBANK,484.5
2015-11-13,TCS,1198.0
2015-11-16,AXISBANK,480.7
2015-11-16,TCS,1187.28
2015-11-17,AXISBANK,475.2
2015-11-17,TCS,1195.0
2015-11-18,AXISBANK,463.0
2015-11-18,TCS,1174.83
2015-11-19,AXISBANK,463.25
2015-11-19,TCS,1183.5
2015-11-20,AXISBANK,460.2
2015-11-20,TCS,1198.5
2015-11-23,AXISBANK,462.35
2015-11-23,TCS,1194.65
2015-11-24,AXISBANK,463.55
2015-11-24,TCS,1183.5
2015-11-26,AXISBANK,466.5
2015-11-26,TCS,1173.0
2015-11-27,AXISBANK,471.1
2015-11-27,TCS,1177.5
2015-11-30,AXISBANK,468.65
2015-11-30,TCS,1185.0
2015-12-01,AXISBANK,461.9
2015-12-01,NIFTY 50,8326.55
2015-12-01,NIFTY BANK,18808.75
2015-12-01,TCS,1179.88
2015-12-02,AXISBANK,458.8
2015-12-02,BAJFINANCE,41.5
2015-12-02,JSWSTEEL,97.8
2015-12-02,KOTAKBANK,129.6
2015-12-02,NIFTY 50,8728.4
2015-12-02,NIFTY BANK,19164.55
2015-12-02,ONGC,210.3
2015-12-02,TATAPOWER,83.9
2015-12-02,TATASTEEL,32.25
2015-12-02,TCS,1183.5
2015-12-02,TITAN,425.5
2015-12-02,WIPRO,116.2
2015-12-03,AXISBANK,462.9
2015-12-03,BAJFINANCE,41.0
2015-12-03,JSWSTEEL,95.27
2015-12-03,KOTAKBANK,136.5
2015-12-03,NIFTY 50,8771.4
2015-12-03,NIFTY BANK,19140.6
2015-12-03,ONGC,188.4
2015-12-03,TATAPOWER,81.6
2015-12-03,TATASTEEL,29.07
2015-12-03,TCS,1175.0
2015-12-03,TITAN,404.55
2015-12-03,WIPRO,117.7
2015-12-04,AXISBANK,462.05
2015-12-04,TCS,1165.0
2015-12-05,BAJFINANCE,43.5
2015-12-05,JSWSTEEL,87.97
2015-12-05,KOTAKBANK,132.0
2015-12-05,NIFTY 50,8125.0
2015-12-05,NIFTY BANK,17618.95
2015-12-05,ONGC,186.25
2015-12-05,TATAPOWER,71.65
2015-12-05,TATASTEEL,30.98
2015-12-05,TITAN,360.5
2015-12-05,WIPRO,95.95
2015-12-06,BAJFINANCE,46.5
2015-12-06,JSWSTEEL,84.3
2015-12-06,KOTAKBANK,131.3
2015-12-06,NIFTY 50,7991.45
2015-12-06,NIFTY BANK,17520.4
2015-12-06,ONGC,181.55
2015-12-06,TATAPOWER,72.95
2015-12-06,TATASTEEL,25.6
2015-12-06,TITAN,347.0
2015-12-06,WIPRO,96.85
2015-12-07,AXISBANK,461.0
2015-12-07,TCS,1160.3
2015-12-08,AXISBANK,459.6
2015-12-08,BAJFINANCE,53.0
2015-12-08,JSWSTEEL,88.05
2015-12-08,KOTAKBANK,138.0
2015-12-08,NIFTY 50,8353.95
2015-12-08,NIFTY BANK,18078.0
2015-12-08,ONGC,162.75
2015-12-08,TATAPOWER,67.3
2015-12-08,TATASTEEL,20.86
2015-12-08,TCS,1163.13
2015-12-08,TITAN,330.0
2015-12-08,WIPRO,103.35
2015-12-09,AXISBANK,451.85
2015-12-09,TCS,1185.0
2015-12-10,AXISBANK,450.65
2015-12-10,BAJFINANCE,49.5
2015-12-10,JSWSTEEL,90.45
2015-12-10,KOTAKBANK,132.2
2015-12-10,NIFTY 50,8144.25
2015-12-10,NIFTY BANK,17560.35
2015-12-10,ONGC,158.95
2015-12-10,TATAPOWER,69.9
2015-12-10,TATASTEEL,20.91
2015-12-10,TCS,1189.75
2015-12-10,TITAN,341.35
2015-12-10,WIPRO,105.1
2015-12-11,AXISBANK,439.0
2015-12-11,TCS,1191.5
2015-12-14,AXISBANK,431.1
2015-12-14,TCS,1185.65
2015-12-15,AXISBANK,434.0
2015-12-15,TCS,1189.75
2015-12-16,AXISBANK,438.15
2015-12-16,TCS,1203.75
2015-12-17,AXISBANK,435.5
2015-12-17,TCS,1217.05
2015-12-18,AXISBANK,432.0
2015-12-18,TCS,1204.9
2015-12-21,AXISBANK,442.25
2015-12-21,TCS,1220.83
2015-12-22,AXISBANK,446.15
2015-12-22,TCS,1203.5
2015-12-23,AXISBANK,452.4
2015-12-23,TCS,1209.4
2015-12-24,AXISBANK,450.7
2015-12-24,TCS,1216.03
2015-12-28,AXISBANK,456.0
2015-12-28,TCS,1227.5
2015-12-29,AXISBANK,459.0
2015-12-29,TCS,1224.68
2015-12-30,AXISBANK,455.7
2015-12-30,TCS,1210.85
2015-12-31,AXISBANK,449.75
2015-12-31,TCS,1215.0
2016-01-01,NIFTY 50,7957.45
2016-01-01,NIFTY BANK,17034.65
2016-01-02,BAJFINANCE,60.0
2016-01-02,JSWSTEEL,105.23
2016-01-02,KOTAKBANK,137.6
2016-01-02,NIFTY 50,7549.45
2016-01-02,NIFTY BANK,15330.5
2016-01-02,ONGC,135.4
2016-01-02,TATAPOWER,60.45
2016-01-02,TATASTEEL,20.81
2016-01-02,TITAN,359.45
2016-01-02,WIPRO,101.6
2016-01-03,BAJFINANCE,62.0
2016-01-03,JSWSTEEL,114.16
2016-01-03,KOTAKBANK,128.1
2016-01-03,NIFTY 50,7228.55
2016-01-03,NIFTY BANK,14426.85
2016-01-03,ONGC,115.7
2016-01-03,TATAPOWER,58.75
2016-01-03,TATASTEEL,21.65
2016-01-03,TITAN,336.65
2016-01-03,WIPRO,96.6
2016-01-04,AXISBANK,437.55
2016-01-04,BAJFINANCE,69.0
2016-01-04,JSWSTEEL,126.03
2016-01-04,KOTAKBANK,135.6
2016-01-04,NIFTY 50,7712.75
2016-01-04,NIFTY BANK,16167.0
2016-01-04,ONGC,126.15
2016-01-04,TATAPOWER,65.3
2016-01-04,TATASTEEL,27.41
2016-01-04,TCS,1186.5
2016-01-04,TITAN,339.0
2016-01-04,WIPRO,100.9
2016-01-05,AXISBANK,435.6
2016-01-05,TCS,1174.93
2016-01-06,AXISBANK,430.55
2016-01-06,BAJFINANCE,76.5
2016-01-06,JSWSTEEL,137.04
2016-01-06,KOTAKBANK,149.8
2016-01-06,NIFTY 50,8180.2
2016-01-06,NIFTY BANK,17453.7
2016-01-06,ONGC,126.85
2016-01-06,TATAPOWER,72.85
2016-01-06,TATASTEEL,28.97
2016-01-06,TCS,1191.0
2016-01-06,TITAN,358.3
2016-01-06,WIPRO,99.45
2016-01-07,AXISBANK,409.0
2016-01-07,BAJFINANCE,81.5
2016-01-07,JSWSTEEL,146.4
2016-01-07,KOTAKBANK,150.5
2016-01-07,NIFTY 50,8327.6
2016-01-07,NIFTY BANK,17955.8
2016-01-07,ONGC,138.0
2016-01-07,TATAPOWER,74.45
2016-01-07,TATASTEEL,28.49
2016-01-07,TCS,1189.5
2016-01-07,TITAN,404.35
2016-01-07,WIPRO,100.25
2016-01-08,AXISBANK,416.1
2016-01-08,BAJFINANCE,112.0
2016-01-08,JSWSTEEL,168.84
2016-01-08,KOTAKBANK,151.3
2016-01-08,NIFTY 50,8647.15
2016-01-08,NIFTY BANK,18771.8
2016-01-08,ONGC,132.1
2016-01-08,TATAPOWER,71.9
2016-01-08,TATASTEEL,32.15
2016-01-08,TCS,1200.4
2016-01-08,TITAN,423.4
2016-01-08,WIPRO,100.25
2016-01-09,BAJFINANCE,112.0
2016-01-09,JSWSTEEL,177.8
2016-01-09,KOTAKBANK,162.5
2016-01-09,NIFTY 50,8779.2
2016-01-09,NIFTY BANK,19818.0
2016-01-09,ONGC,142.8
2016-01-09,TATAPOWER,78.4
2016-01-09,TATASTEEL,33.08
2016-01-09,TITAN,415.0
2016-01-09,WIPRO,87.0
2016-01-11,AXISBANK,418.4
2016-01-11,BAJFINANCE,106.0
2016-01-11,JSWSTEEL,166.07
2016-01-11,KOTAKBANK,160.9
2016-01-11,NIFTY 50,8624.5
2016-01-11,NIFTY BANK,19452.0
2016-01-11,ONGC,174.6
2016-01-11,TATAPOWER,78.45
2016-01-11,TATASTEEL,37.33
2016-01-11,TCS,1181.4
2016-01-11,TITAN,375.0
2016-01-11,WIPRO,82.8
2016-01-12,AXISBANK,407.0
2016-01-12,BAJFINANCE,91.0
2016-01-12,JSWSTEEL,167.52
2016-01-12,KOTAKBANK,148.6
2016-01-12,NIFTY 50,8194.1
2016-01-12,NIFTY BANK,18421.45
2016-01-12,ONGC,176.35
2016-01-12,TATAPOWER,72.75
2016-01-12,TATASTEEL,36.5
2016-01-12,TCS,1158.5
2016-01-12,TITAN,324.0
2016-01-12,WIPRO,84.2
2016-01-13,AXISBANK,405.2
2016-01-13,TCS,1140.0
2016-01-14,AXISBANK,389.8
2016-01-14,TCS,1140.03
2016-01-15,AXISBANK,373.2
2016-01-15,TCS,1132.63
2016-01-18,AXISBANK,374.1
2016-01-18,TCS,1140.0
2016-01-19,AXISBANK,396.0
2016-01-19,TCS,1144.0
2016-01-20,AXISBANK,391.0
2016-01-20,TCS,1140.0
2016-01-21,AXISBANK,409.0
2016-01-21,TCS,1129.0
2016-01-22,AXISBANK,424.55
2016-01-22,TCS,1145.0
2016-01-25,AXISBANK,419.15
2016-01-25,TCS,1150.85
2016-01-27,AXISBANK,415.0
2016-01-27,TCS,1160.48
2016-01-28,AXISBANK,408.05
2016-01-28,TCS,1172.5
2016-01-29,AXISBANK,409.6
2016-01-29,TCS,1193.05
2016-02-01,AXISBANK,399.2
2016-02-01,TCS,1197.68
2016-02-02,AXISBANK,391.6
2016-02-02,BAJFINANCE,58.0
2016-02-02,JSWSTEEL,100.2
2016-02-02,KOTAKBANK,134.9
2016-02-02,NIFTY 50,7440.7
2016-02-02,NIFTY BANK,15046.75
2016-02-02,ONGC,130.85
2016-02-02,TATAPOWER,58.7
2016-02-02,TATASTEEL,18.96
2016-02-02,TCS,1191.0
2016-02-02,TITAN,351.15
2016-02-02,WIPRO,102.05
2016-02-03,AXISBANK,380.0
2016-02-03,BAJFINANCE,64.0
2016-02-03,JSWSTEEL,113.2
2016-02-03,KOTAKBANK,131.4
2016-02-03,NIFTY 50,7376.25
2016-02-03,NIFTY BANK,15129.3
2016-02-03,ONGC,117.55
2016-02-03,TATAPOWER,59.0
2016-02-03,TATASTEEL,22.77
2016-02-03,TCS,1212.4
2016-02-03,TITAN,334.3
2016-02-03,WIPRO,97.2
2016-02-04,AXISBANK,384.6
2016-02-04,TCS,1211.5
2016-02-05,AXISBANK,402.85
2016-02-05,BAJFINANCE,71.0
2016-02-05,JSWSTEEL,136.4
2016-02-05,KOTAKBANK,143.4
2016-02-05,NIFTY 50,7807.15
2016-02-05,NIFTY BANK,16543.35
2016-02-05,ONGC,131.25
2016-02-05,TATAPOWER,70.4
2016-02-05,TATASTEEL,30.39
2016-02-05,TCS,1212.0
2016-02-05,TITAN,367.1
2016-02-05,WIPRO,98.45
2016-02-06,BAJFINANCE,80.0
2016-02-06,JSWSTEEL,137.83
2016-02-06,KOTAKBANK,149.2
2016-02-06,NIFTY 50,8216.95
2016-02-06,NIFTY BANK,17564.95
2016-02-06,ONGC,128.2
2016-02-06,TATAPOWER,72.2
2016-02-06,TATASTEEL,29.9
2016-02-06,TITAN,358.15
2016-02-06,WIPRO,97.1
2016-02-08,AXISBANK,406.4
2016-02-08,BAJFINANCE,109.5
2016-02-08,JSWSTEEL,168.9
2016-02-08,KOTAKBANK,152.2
2016-02-08,NIFTY 50,8627.65
2016-02-08,NIFTY BANK,18726.2
2016-02-08,ONGC,133.15
2016-02-08,TATAPOWER,71.75
2016-02-08,TATASTEEL,31.95
2016-02-08,TCS,1177.15
2016-02-08,TITAN,423.5
2016-02-08,WIPRO,99.0
2016-02-09,AXISBANK,398.75
2016-02-09,BAJFINANCE,111.5
2016-02-09,JSWSTEEL,178.0
2016-02-09,KOTAKBANK,162.6
2016-02-09,NIFTY 50,8804.7
2016-02-09,NIFTY BANK,19891.85
2016-02-09,ONGC,143.5
2016-02-09,TATAPOWER,78.75
2016-02-09,TATASTEEL,32.93
2016-02-09,TCS,1140.35
2016-02-09,TITAN,418.05
2016-02-09,WIPRO,87.05
2016-02-10,AXISBANK,396.0
2016-02-10,TCS,1141.5
2016-02-11,AXISBANK,376.0
2016-02-11,BAJFINANCE,102.0
2016-02-11,JSWSTEEL,163.25
2016-02-11,KOTAKBANK,160.6
2016-02-11,NIFTY 50,8519.15
2016-02-11,NIFTY BANK,19243.85
2016-02-11,ONGC,167.2
2016-02-11,TATAPOWER,77.2
2016-02-11,TATASTEEL,37.13
2016-02-11,TCS,1091.03
2016-02-11,TITAN,377.75
2016-02-11,WIPRO,82.3
2016-02-12,AXISBANK,390.35
2016-02-12,BAJFINANCE,89.0
2016-02-12,JSWSTEEL,165.5
2016-02-12,KOTAKBANK,144.8
2016-02-12,NIFTY 50,8088.0
2016-02-12,NIFTY BANK,18254.95
2016-02-12,ONGC,175.75
2016-02-12,TATAPOWER,73.45
2016-02-12,TATASTEEL,36.25
2016-02-12,TCS,1113.15
2016-02-12,TITAN,308.7
2016-02-12,WIPRO,82.35
2016-02-15,AXISBANK,413.7
2016-02-15,TCS,1131.85
2016-02-16,AXISBANK,405.0
2016-02-16,TCS,1131.25
2016-02-17,AXISBANK,403.95
2016-02-17,TCS,1139.83
2016-02-18,AXISBANK,397.2
2016-02-18,TCS,1157.0
2016-02-19,AXISBANK,392.35
2016-02-19,TCS,1157.45
2016-02-22,AXISBANK,397.05
2016-02-22,TCS,1162.5
2016-02-23,AXISBANK,385.2
2016-02-23,TCS,1129.05
2016-02-24,AXISBANK,387.9
2016-02-24,TCS,1108.0
2016-02-25,AXISBANK,380.0
2016-02-25,TCS,1109.0
2016-02-26,AXISBANK,386.4
2016-02-26,TCS,1109.95
2016-02-29,AXISBANK,377.4
2016-02-29,TCS,1088.65
2016-03-01,AXISBANK,392.0
2016-03-01,TCS,1140.5
2016-03-02,AXISBANK,407.0
2016-03-02,BAJFINANCE,63.5
2016-03-02,JSWSTEEL,97.3
2016-03-02,KOTAKBANK,132.8
2016-03-02,NIFTY 50,7373.3
2016-03-02,NIFTY BANK,14846.15
2016-03-02,ONGC,128.6
2016-03-02,TATAPOWER,57.25
2016-03-02,TATASTEEL,18.22
2016-03-02,TCS,1160.05
2016-03-02,TITAN,354.45
2016-03-02,WIPRO,100.35
2016-03-03,AXISBANK,415.4
2016-03-03,BAJFINANCE,62.0
2016-03-03,JSWSTEEL,116.04
2016-03-03,KOTAKBANK,131.2
2016-03-03,NIFTY 50,7473.05
2016-03-03,NIFTY BANK,15168.8
2016-03-03,ONGC,118.65
2016-03-03,TATAPOWER,59.7
2016-03-03,TATASTEEL,24.58
2016-03-03,TCS,1184.7
2016-03-03,TITAN,339.5
2016-03-03,WIPRO,97.7
2016-03-04,AXISBANK,417.7
2016-03-04,TCS,1184.93
2016-03-05,BAJFINANCE,70.0
2016-03-05,JSWSTEEL,135.6
2016-03-05,KOTAKBANK,141.6
2016-03-05,NIFTY 50,7742.75
2016-03-05,NIFTY BANK,16409.9
2016-03-05,ONGC,129.8
2016-03-05,TATAPOWER,71.1
2016-03-05,TATASTEEL,30.59
2016-03-05,TITAN,359.35
2016-03-05,WIPRO,97.6
2016-03-06,BAJFINANCE,79.0
2016-03-06,JSWSTEEL,137.45
2016-03-06,KOTAKBANK,153.8
2016-03-06,NIFTY 50,8212.85
2016-03-06,NIFTY BANK,17662.4
2016-03-06,ONGC,127.55
2016-03-06,TATAPOWER,74.2
2016-03-06,TATASTEEL,29.51
2016-03-06,TITAN,353.5
2016-03-06,WIPRO,97.25
2016-03-08,AXISBANK,411.2
2016-03-08,BAJFINANCE,100.0
2016-03-08,JSWSTEEL,167.81
2016-03-08,KOTAKBANK,151.5
2016-03-08,NIFTY 50,8540.7
2016-03-08,NIFTY BANK,18585.5
2016-03-08,ONGC,131.7
2016-03-08,TATAPOWER,71.0
2016-03-08,TATASTEEL,31.42
2016-03-08,TCS,1176.0
2016-03-08,TITAN,413.65
2016-03-08,WIPRO,98.25
2016-03-09,AXISBANK,416.5
2016-03-09,TCS,1180.0
2016-03-10,AXISBANK,412.55
2016-03-10,BAJFINANCE,108.5
2016-03-10,JSWSTEEL,176.89
2016-03-10,KOTAKBANK,157.9
2016-03-10,NIFTY 50,8740.25
2016-03-10,NIFTY BANK,19595.1
2016-03-10,ONGC,157.45
2016-03-10,TATAPOWER,76.55
2016-03-10,TATASTEEL,33.91
2016-03-10,TCS,1174.0
2016-03-10,TITAN,406.05
2016-03-10,WIPRO,86.1
2016-03-11,AXISBANK,412.9
2016-03-11,BAJFINANCE,103.0
2016-03-11,JSWSTEEL,159.06
2016-03-11,KOTAKBANK,161.7
2016-03-11,NIFTY 50,8483.55
2016-03-11,NIFTY BANK,19176.45
2016-03-11,ONGC,161.1
2016-03-11,TATAPOWER,76.25
2016-03-11,TATASTEEL,36.01
2016-03-11,TCS,1180.0
2016-03-11,TITAN,376.05
2016-03-11,WIPRO,80.15
2016-03-14,AXISBANK,416.75
2016-03-14,TCS,1173.05
2016-03-15,AXISBANK,418.8
2016-03-15,TCS,1165.13
2016-03-16,AXISBANK,425.9
2016-03-16,TCS,1161.78
2016-03-17,AXISBANK,426.6
2016-03-17,TCS,1174.5
2016-03-18,AXISBANK,437.0
2016-03-18,TCS,1210.7
2016-03-21,AXISBANK,444.55
2016-03-21,TCS,1224.53
2016-03-22,AXISBANK,440.5
2016-03-22,TCS,1237.0
2016-03-23,AXISBANK,437.8
2016-03-23,TCS,1240.0
2016-03-28,AXISBANK,425.5
2016-03-28,TCS,1238.0
2016-03-29,AXISBANK,429.0
2016-03-29,TCS,1231.2
2016-03-30,AXISBANK,444.25
2016-03-30,TCS,1245.0
2016-03-31,AXISBANK,445.5
2016-03-31,TCS,1265.0
2016-04-01,AXISBANK,449.55
2016-04-01,BAJFINANCE,60.5
2016-04-01,JSWSTEEL,105.0
2016-04-01,KOTAKBANK,140.9
2016-04-01,NIFTY 50,7789.15
2016-04-01,NIFTY BANK,16594.75
2016-04-01,ONGC,143.7
2016-04-01,TATAPOWER,68.4
2016-04-01,TATASTEEL,21.79
2016-04-01,TCS,1229.0
2016-04-01,TITAN,351.5
2016-04-01,WIPRO,99.9
2016-04-02,BAJFINANCE,64.0
2016-04-02,JSWSTEEL,101.96
2016-04-02,KOTAKBANK,135.7
2016-04-02,NIFTY 50,7412.8
2016-04-02,NIFTY BANK,14904.5
2016-04-02,ONGC,132.45
2016-04-02,TATAPOWER,59.3
2016-04-02,TATASTEEL,18.71
2016-04-02,TITAN,361.5
2016-04-02,WIPRO,100.6
2016-04-03,BAJFINANCE,63.5
2016-04-03,JSWSTEEL,119.5
2016-04-03,KOTAKBANK,133.6
2016-04-03,NIFTY 50,7501.85
2016-04-03,NIFTY BANK,15388.35
2016-04-03,ONGC,121.1
2016-04-03,TATAPOWER,59.3
2016-04-03,TATASTEEL,24.77
2016-04-03,TITAN,336.8
2016-04-03,WIPRO,96.5
2016-04-04,AXISBANK,445.2
2016-04-04,BAJFINANCE,68.0
2016-04-04,JSWSTEEL,126.28
2016-04-04,KOTAKBANK,137.1
2016-04-04,NIFTY 50,7756.5
2016-04-04,NIFTY BANK,16186.55
2016-04-04,ONGC,125.2
2016-04-04,TATAPOWER,68.2
2016-04-04,TATASTEEL,27.85
2016-04-04,TCS,1238.2
2016-04-04,TITAN,345.0
2016-04-04,WIPRO,101.55
2016-04-05,AXISBANK,431.3
2016-04-05,BAJFINANCE,69.5
2016-04-05,JSWSTEEL,132.89
2016-04-05,KOTAKBANK,142.2
2016-04-05,NIFTY 50,7700.35
2016-04-05,NIFTY BANK,16269.0
2016-04-05,ONGC,126.6
2016-04-05,TATAPOWER,70.55
2016-04-05,TATASTEEL,28.68
2016-04-05,TCS,1230.0
2016-04-05,TITAN,360.0
2016-04-05,WIPRO,97.2
2016-04-06,AXISBANK,426.55
2016-04-06,TCS,1240.5
2016-04-07,AXISBANK,426.05
2016-04-07,BAJFINANCE,82.0
2016-04-07,JSWSTEEL,147.6
2016-04-07,KOTAKBANK,148.6
2016-04-07,NIFTY 50,8370.4
2016-04-07,NIFTY BANK,18104.7
2016-04-07,ONGC,139.7
2016-04-07,TATAPOWER,74.75
2016-04-07,TATASTEEL,28.78
2016-04-07,TCS,1233.13
2016-04-07,TITAN,404.3
2016-04-07,WIPRO,100.9
2016-04-08,AXISBANK,422.65
2016-04-08,BAJFINANCE,101.0
2016-04-08,JSWSTEEL,170.8
2016-04-08,KOTAKBANK,151.2
2016-04-08,NIFTY 50,8561.75
2016-04-08,NIFTY BANK,18627.7
2016-04-08,ONGC,132.55
2016-04-08,TATAPOWER,70.95
2016-04-08,TATASTEEL,33.08
2016-04-08,TCS,1216.0
2016-04-08,TITAN,408.0
2016-04-08,WIPRO,98.3
2016-04-10,BAJFINANCE,108.0
2016-04-10,JSWSTEEL,178.41
2016-04-10,KOTAKBANK,158.1
2016-04-10,NIFTY 50,8771.35
2016-04-10,NIFTY BANK,19708.05
2016-04-10,ONGC,164.2
2016-04-10,TATAPOWER,77.7
2016-04-10,TATASTEEL,34.74
2016-04-10,TITAN,407.5
2016-04-10,WIPRO,86.4
2016-04-11,AXISBANK,430.1
2016-04-11,BAJFINANCE,99.0
2016-04-11,JSWSTEEL,158.93
2016-04-11,KOTAKBANK,159.6
2016-04-11,NIFTY 50,8435.65
2016-04-11,NIFTY BANK,19077.6
2016-04-11,ONGC,162.4
2016-04-11,TATAPOWER,74.45
2016-04-11,TATASTEEL,35.91
2016-04-11,TCS,1253.03
2016-04-11,TITAN,367.7
2016-04-11,WIPRO,81.2
2016-04-12,AXISBANK,434.6
2016-04-12,TCS,1260.03
2016-04-13,AXISBANK,439.5
2016-04-13,TCS,1264.0
2016-04-18,AXISBANK,445.3
2016-04-18,TCS,1261.2
2016-04-20,AXISBANK,458.85
2016-04-20,TCS,1227.0
2016-04-21,AXISBANK,466.0
2016-04-21,TCS,1209.1
2016-04-22,AXISBANK,474.8
2016-04-22,TCS,1211.7
2016-04-25,AXISBANK,472.7
2016-04-25,TCS,1225.28
2016-04-26,AXISBANK,478.35
2016-04-26,TCS,1244.0
2016-04-27,AXISBANK,464.25
2016-04-27,TCS,1256.03
2016-04-28,AXISBANK,466.15
2016-04-28,TCS,1263.5
2016-04-29,AXISBANK,471.0
2016-04-29,TCS,1270.05
2016-05-01,BAJFINANCE,60.0
2016-05-01,JSWSTEEL,108.09
2016-05-01,KOTAKBANK,141.1
2016-05-01,NIFTY 50,7779.0
2016-05-01,NIFTY BANK,16539.25
2016-05-01,ONGC,145.65
2016-05-01,TATAPOWER,69.3
2016-05-01,TATASTEEL,23.16
2016-05-01,TITAN,347.5
2016-05-01,WIPRO,100.15
2016-05-02,AXISBANK,472.1
2016-05-02,BAJFINANCE,67.0
2016-05-02,JSWSTEEL,103.87
2016-05-02,KOTAKBANK,138.6
2016-05-02,NIFTY 50,7500.1
2016-05-02,NIFTY BANK,15209.5
2016-05-02,ONGC,132.9
2016-05-02,TATAPOWER,60.25
2016-05-02,TATASTEEL,19.5
2016-05-02,TCS,1262.55
2016-05-02,TITAN,370.1
2016-05-02,WIPRO,100.35
2016-05-03,AXISBANK,470.5
2016-05-03,TCS,1236.95
2016-05-04,AXISBANK,464.65
2016-05-04,BAJFINANCE,68.5
2016-05-04,JSWSTEEL,125.43
2016-05-04,KOTAKBANK,133.1
2016-05-04,NIFTY 50,7592.95
2016-05-04,NIFTY BANK,15667.45
2016-05-04,ONGC,123.8
2016-05-04,TATAPOWER,67.3
2016-05-04,TATASTEEL,26.97
2016-05-04,TCS,1239.0
2016-05-04,TITAN,344.2
2016-05-04,WIPRO,100.15
2016-05-05,AXISBANK,461.7
2016-05-05,BAJFINANCE,71.5
2016-05-05,JSWSTEEL,132.01
2016-05-05,KOTAKBANK,141.9
2016-05-05,NIFTY 50,7738.7
2016-05-05,NIFTY BANK,16299.95
2016-05-05,ONGC,126.8
2016-05-05,TATAPOWER,70.5
2016-05-05,TATASTEEL,29.02
2016-05-05,TCS,1234.65
2016-05-05,TITAN,358.4
2016-05-05,WIPRO,97.8
2016-05-06,AXISBANK,461.95
2016-05-06,TCS,1239.5
2016-05-07,BAJFINANCE,81.5
2016-05-07,JSWSTEEL,148.09
2016-05-07,KOTAKBANK,148.0
2016-05-07,NIFTY 50,8329.65
2016-05-07,NIFTY BANK,18006.7
2016-05-07,ONGC,139.0
2016-05-07,TATAPOWER,74.25
2016-05-07,TATASTEEL,28.97
2016-05-07,TITAN,400.3
2016-05-07,WIPRO,101.25
2016-05-08,BAJFINANCE,101.0
2016-05-08,JSWSTEEL,174.0
2016-05-08,KOTAKBANK,154.1
2016-05-08,NIFTY 50,8679.3
2016-05-08,NIFTY BANK,18903.1
2016-05-08,ONGC,136.1
2016-05-08,TATAPOWER,71.1
2016-05-08,TATASTEEL,33.71
2016-05-08,TITAN,416.25
2016-05-08,WIPRO,98.15
2016-05-09,AXISBANK,477.3
2016-05-09,TCS,1257.3
2016-05-10,AXISBANK,487.0
2016-05-10,BAJFINANCE,107.5
2016-05-10,JSWSTEEL,179.04
2016-05-10,KOTAKBANK,156.1
2016-05-10,NIFTY 50,8737.8
2016-05-10,NIFTY BANK,19501.8
2016-05-10,ONGC,160.85
2016-05-10,TATAPOWER,77.95
2016-05-10,TATASTEEL,34.5
2016-05-10,TCS,1261.45
2016-05-10,TITAN,405.0
2016-05-10,WIPRO,86.25
2016-05-11,AXISBANK,497.9
2016-05-11,TCS,1262.4
2016-05-12,AXISBANK,493.6
2016-05-12,BAJFINANCE,90.5
2016-05-12,JSWSTEEL,164.74
2016-05-12,KOTAKBANK,146.0
2016-05-12,NIFTY 50,8139.05
2016-05-12,NIFTY BANK,18426.05
2016-05-12,ONGC,178.55
2016-05-12,TATAPOWER,73.2
2016-05-12,TATASTEEL,36.94
2016-05-12,TCS,1283.0
2016-05-12,TITAN,324.1
2016-05-12,WIPRO,82.2
2016-05-13,AXISBANK,491.35
2016-05-13,TCS,1262.5
2016-05-16,AXISBANK,488.7
2016-05-16,TCS,1275.0
2016-05-17,AXISBANK,502.0
2016-05-17,TCS,1285.0
2016-05-18,AXISBANK,500.0
2016-05-18,TCS,1276.5
2016-05-19,AXISBANK,490.1
2016-05-19,TCS,1277.5
2016-05-20,AXISBANK,490.8
2016-05-20,TCS,1264.95
2016-05-23,AXISBANK,485.7
2016-05-23,TCS,1241.5
2016-05-24,AXISBANK,489.65
2016-05-24,TCS,1234.3
2016-05-25,AXISBANK,502.0
2016-05-25,TCS,1263.48
2016-05-26,AXISBANK,521.05
2016-05-26,TCS,1280.0
2016-05-27,AXISBANK,514.0
2016-05-27,TCS,1288.45
2016-05-30,AXISBANK,512.75
2016-05-30,TCS,1318.03
2016-05-31,AXISBANK,515.4
2016-05-31,TCS,1283.75
2016-06-01,AXISBANK,512.15
2016-06-01,BAJFINANCE,61.5
2016-06-01,JSWSTEEL,106.24
2016-06-01,KOTAKBANK,140.5
2016-06-01,NIFTY 50,7733.4
2016-06-01,NIFTY BANK,16438.5
2016-06-01,ONGC,142.8
2016-06-01,TATAPOWER,68.7
2016-06-01,TATASTEEL,22.72
2016-06-01,TCS,1316.95
2016-06-01,TITAN,347.6
2016-06-01,WIPRO,99.45
2016-06-02,AXISBANK,524.75
2016-06-02,TCS,1327.0
2016-06-03,AXISBANK,542.25
2016-06-03,TCS,1314.0
2016-06-04,BAJFINANCE,69.5
2016-06-04,JSWSTEEL,129.24
2016-06-04,KOTAKBANK,133.7
2016-06-04,NIFTY 50,7618.3
2016-06-04,NIFTY BANK,15672.1
2016-06-04,ONGC,124.7
2016-06-04,TATAPOWER,66.5
2016-06-04,TATASTEEL,28.58
2016-06-04,TITAN,348.0
2016-06-04,WIPRO,100.25
2016-06-05,BAJFINANCE,73.0
2016-06-05,JSWSTEEL,132.66
2016-06-05,KOTAKBANK,140.6
2016-06-05,NIFTY 50,7734.25
2016-06-05,NIFTY BANK,16311.3
2016-06-05,ONGC,125.5
2016-06-05,TATAPOWER,72.3
2016-06-05,TATASTEEL,28.68
2016-06-05,TITAN,362.65
2016-06-05,WIPRO,95.6
2016-06-06,AXISBANK,533.6
2016-06-06,BAJFINANCE,78.0
2016-06-06,JSWSTEEL,136.65
2016-06-06,KOTAKBANK,152.9
2016-06-06,NIFTY 50,8205.45
2016-06-06,NIFTY BANK,17673.2
2016-06-06,ONGC,126.95
2016-06-06,TATAPOWER,74.35
2016-06-06,TATASTEEL,29.56
2016-06-06,TCS,1305.0
2016-06-06,TITAN,353.0
2016-06-06,WIPRO,96.3
2016-06-07,AXISBANK,533.75
2016-06-07,TCS,1315.8
2016-06-08,AXISBANK,539.35
2016-06-08,TCS,1307.5
2016-06-09,AXISBANK,542.25
2016-06-09,BAJFINANCE,112.5
2016-06-09,JSWSTEEL,186.5
2016-06-09,KOTAKBANK,163.8
2016-06-09,NIFTY 50,8944.2
2016-06-09,NIFTY BANK,20444.95
2016-06-09,ONGC,143.6
2016-06-09,TATAPOWER,78.5
2016-06-09,TATASTEEL,34.1
2016-06-09,TCS,1290.08
2016-06-09,TITAN,439.5
2016-06-09,WIPRO,86.8
2016-06-10,AXISBANK,541.25
2016-06-10,BAJFINANCE,108.0
2016-06-10,JSWSTEEL,176.7
2016-06-10,KOTAKBANK,156.1
2016-06-10,NIFTY 50,8712.4
2016-06-10,NIFTY BANK,19415.95
2016-06-10,ONGC,162.3
2016-06-10,TATAPOWER,79.0
2016-06-10,TATASTEEL,34.69
2016-06-10,TCS,1277.0
2016-06-10,TITAN,398.0
2016-06-10,WIPRO,85.9
2016-06-12,BAJFINANCE,90.0
2016-06-12,JSWSTEEL,164.2
2016-06-12,KOTAKBANK,147.0
2016-06-12,NIFTY 50,8138.35
2016-06-12,NIFTY BANK,18429.05
2016-06-12,ONGC,179.95
2016-06-12,TATAPOWER,75.15
2016-06-12,TATASTEEL,37.33
2016-06-12,TITAN,322.75
2016-06-12,WIPRO,82.15
2016-06-13,AXISBANK,531.4
2016-06-13,TCS,1272.63
2016-06-14,AXISBANK,529.2
2016-06-14,TCS,1270.0
2016-06-15,AXISBANK,529.25
2016-06-15,TCS,1279.25
2016-06-16,AXISBANK,522.7
2016-06-16,TCS,1278.55
2016-06-17,AXISBANK,526.3
2016-06-17,TCS,1300.0
2016-06-20,AXISBANK,522.4
2016-06-20,TCS,1328.5
2016-06-21,AXISBANK,515.75
2016-06-21,TCS,1323.0
2016-06-22,AXISBANK,516.9
2016-06-22,TCS,1330.53
2016-06-23,AXISBANK,524.9
2016-06-23,TCS,1322.55
2016-06-24,AXISBANK,509.8
2016-06-24,TCS,1284.0
2016-06-27,AXISBANK,514.2
2016-06-27,TCS,1248.35
2016-06-28,AXISBANK,513.0
2016-06-28,TCS,1233.5
2016-06-29,AXISBANK,518.0
2016-06-29,TCS,1251.18
2016-06-30,AXISBANK,533.35
2016-06-30,TCS,1273.0
2016-07-01,AXISBANK,542.2
2016-07-01,BAJFINANCE,61.0
2016-07-01,JSWSTEEL,102.51
2016-07-01,KOTAKBANK,138.8
2016-07-01,NIFTY 50,7569.65
2016-07-01,NIFTY BANK,16069.75
2016-07-01,ONGC,136.2
2016-07-01,TATAPOWER,66.3
2016-07-01,TATASTEEL,21.01
2016-07-01,TCS,1249.38
2016-07-01,TITAN,344.15
2016-07-01,WIPRO,98.65
2016-07-04,AXISBANK,543.0
2016-07-04,BAJFINANCE,70.0
2016-07-04,JSWSTEEL,127.9
2016-07-04,KOTAKBANK,132.7
2016-07-04,NIFTY 50,7542.15
2016-07-04,NIFTY BANK,15537.7
2016-07-04,ONGC,124.75
2016-07-04,TATAPOWER,63.75
2016-07-04,TATASTEEL,28.19
2016-07-04,TCS,1242.05
2016-07-04,TITAN,339.5
2016-07-04,WIPRO,99.0
2016-07-05,AXISBANK,539.15
2016-07-05,TCS,1240.1
2016-07-06,BAJFINANCE,77.0
2016-07-06,JSWSTEEL,137.8
2016-07-06,KOTAKBANK,153.8
2016-07-06,NIFTY 50,8264.6
2016-07-06,NIFTY BANK,17945.65
2016-07-06,ONGC,128.45
2016-07-06,TATAPOWER,73.35
2016-07-06,TATASTEEL,30.05
2016-07-06,TITAN,361.5
2016-07-06,WIPRO,97.05
2016-07-07,AXISBANK,540.6
2016-07-07,BAJFINANCE,81.0
2016-07-07,JSWSTEEL,146.12
2016-07-07,KOTAKBANK,149.0
2016-07-07,NIFTY 50,8342.6
2016-07-07,NIFTY BANK,18073.65
2016-07-07,ONGC,136.5
2016-07-07,TATAPOWER,73.65
2016-07-07,TATASTEEL,27.41
2016-07-07,TCS,1214.0
2016-07-07,TITAN,403.15
2016-07-07,WIPRO,100.6
2016-07-08,AXISBANK,545.4
2016-07-08,TCS,1215.05
2016-07-09,BAJFINANCE,114.0
2016-07-09,JSWSTEEL,186.7
2016-07-09,KOTAKBANK,161.0
2016-07-09,NIFTY 50,8923.95
2016-07-09,NIFTY BANK,20442.7
2016-07-09,ONGC,148.0
2016-07-09,TATAPOWER,76.9
2016-07-09,TATASTEEL,34.59
2016-07-09,TITAN,424.1
2016-07-09,WIPRO,86.5
2016-07-10,BAJFINANCE,108.0
2016-07-10,JSWSTEEL,177.1
2016-07-10,KOTAKBANK,156.5
2016-07-10,NIFTY 50,8695.8
2016-07-10,NIFTY BANK,19403.0
2016-07-10,ONGC,161.4
2016-07-10,TATAPOWER,81.0
2016-07-10,TATASTEEL,36.25
2016-07-10,TITAN,393.5
2016-07-10,WIPRO,85.65
2016-07-11,AXISBANK,544.2
2016-07-11,BAJFINANCE,99.0
2016-07-11,JSWSTEEL,159.72
2016-07-11,KOTAKBANK,160.3
2016-07-11,NIFTY 50,8488.4
2016-07-11,NIFTY BANK,19338.05
2016-07-11,ONGC,160.85
2016-07-11,TATAPOWER,75.7
2016-07-11,TATASTEEL,36.6
2016-07-11,TCS,1234.5
2016-07-11,TITAN,369.25
2016-07-11,WIPRO,81.05
2016-07-12,AXISBANK,560.0
2016-07-12,BAJFINANCE,90.0
2016-07-12,JSWSTEEL,165.4
2016-07-12,KOTAKBANK,147.4
2016-07-12,NIFTY 50,8114.05
2016-07-12,NIFTY BANK,18269.45
2016-07-12,ONGC,178.7
2016-07-12,TATAPOWER,74.45
2016-07-12,TATASTEEL,36.89
2016-07-12,TCS,1231.75
2016-07-12,TITAN,325.5
2016-07-12,WIPRO,81.25
2016-07-13,AXISBANK,554.6
2016-07-13,TCS,1243.75
2016-07-14,AXISBANK,560.0
2016-07-14,TCS,1258.95
2016-07-15,AXISBANK,565.25
2016-07-15,TCS,1223.0
2016-07-18,AXISBANK,569.95
2016-07-18,TCS,1215.58
2016-07-19,AXISBANK,566.0
2016-07-19,TCS,1233.0
2016-07-20,AXISBANK,556.0
2016-07-20,TCS,1246.5
2016-07-21,AXISBANK,537.25
2016-07-21,TCS,1253.0
2016-07-22,AXISBANK,537.0
2016-07-22,TCS,1257.48
2016-07-25,AXISBANK,539.45
2016-07-25,TCS,1279.0
2016-07-26,AXISBANK,551.5
2016-07-26,TCS,1273.8
2016-07-27,AXISBANK,547.8
2016-07-27,TCS,1289.0
2016-07-28,AXISBANK,544.2
2016-07-28,TCS,1307.0
2016-07-29,AXISBANK,545.75
2016-07-29,TCS,1312.45
2016-08-01,AXISBANK,550.55
2016-08-01,BAJFINANCE,63.0
2016-08-01,JSWSTEEL,104.77
2016-08-01,KOTAKBANK,139.0
2016-08-01,NIFTY 50,7607.15
2016-08-01,NIFTY BANK,16166.9
2016-08-01,ONGC,139.25
2016-08-01,TATAPOWER,68.4
2016-08-01,TATASTEEL,21.35
2016-08-01,TCS,1351.5
2016-08-01,TITAN,349.5
2016-08-01,WIPRO,99.7
2016-08-02,AXISBANK,551.0
2016-08-02,BAJFINANCE,66.0
2016-08-02,JSWSTEEL,104.55
2016-08-02,KOTAKBANK,134.3
2016-08-02,NIFTY 50,7365.05
2016-08-02,NIFTY BANK,14968.25
2016-08-02,ONGC,127.7
2016-08-02,TATAPOWER,58.9
2016-08-02,TATASTEEL,19.45
2016-08-02,TCS,1351.9
2016-08-02,TITAN,371.0
2016-08-02,WIPRO,97.75
2016-08-03,AXISBANK,549.15
2016-08-03,BAJFINANCE,63.0
2016-08-03,JSWSTEEL,118.08
2016-08-03,KOTAKBANK,130.4
2016-08-03,NIFTY 50,7482.0
2016-08-03,NIFTY BANK,15145.7
2016-08-03,ONGC,121.55
2016-08-03,TATAPOWER,58.85
2016-08-03,TATASTEEL,24.97
2016-08-03,TCS,1325.13
2016-08-03,TITAN,341.6
2016-08-03,WIPRO,97.3
2016-08-04,AXISBANK,549.0
2016-08-04,BAJFINANCE,72.0
2016-08-04,JSWSTEEL,127.49
2016-08-04,KOTAKBANK,133.0
2016-08-04,NIFTY 50,7558.3
2016-08-04,NIFTY BANK,15589.55
2016-08-04,ONGC,124.25
2016-08-04,TATAPOWER,65.65
2016-08-04,TATASTEEL,28.0
2016-08-04,TCS,1329.0
2016-08-04,TITAN,337.0
2016-08-04,WIPRO,98.9
2016-08-05,AXISBANK,564.55
2016-08-05,TCS,1321.73
2016-08-06,BAJFINANCE,78.0
2016-08-06,JSWSTEEL,139.87
2016-08-06,KOTAKBANK,151.9
2016-08-06,NIFTY 50,8269.7
2016-08-06,NIFTY BANK,17935.75
2016-08-06,ONGC,129.8
2016-08-06,TATAPOWER,75.8
2016-08-06,TATASTEEL,29.85
2016-08-06,TITAN,363.9
2016-08-06,WIPRO,97.9
2016-08-07,BAJFINANCE,82.0
2016-08-07,JSWSTEEL,147.98
2016-08-07,KOTAKBANK,148.4
2016-08-07,NIFTY 50,8325.55
2016-08-07,NIFTY BANK,18008.65
2016-08-07,ONGC,134.95
2016-08-07,TATAPOWER,73.2
2016-08-07,TATASTEEL,27.56
2016-08-07,TITAN,401.7
2016-08-07,WIPRO,101.0
2016-08-08,AXISBANK,570.35
2016-08-08,BAJFINANCE,100.0
2016-08-08,JSWSTEEL,173.02
2016-08-08,KOTAKBANK,153.8
2016-08-08,NIFTY 50,8700.25
2016-08-08,NIFTY BANK,18912.65
2016-08-08,ONGC,136.2
2016-08-08,TATAPOWER,72.75
2016-08-08,TATASTEEL,33.57
2016-08-08,TCS,1327.5
2016-08-08,TITAN,419.35
2016-08-08,WIPRO,98.55
2016-08-09,AXISBANK,574.3
2016-08-09,BAJFINANCE,116.0
2016-08-09,JSWSTEEL,184.3
2016-08-09,KOTAKBANK,163.6
2016-08-09,NIFTY 50,8948.45
2016-08-09,NIFTY BANK,20407.15
2016-08-09,ONGC,148.7
2016-08-09,TATAPOWER,77.7
2016-08-09,TATASTEEL,35.81
2016-08-09,TCS,1327.23
2016-08-09,TITAN,432.65
2016-08-09,WIPRO,85.2
2016-08-10,AXISBANK,568.0
2016-08-10,TCS,1338.0
2016-08-11,AXISBANK,570.4
2016-08-11,BAJFINANCE,98.0
2016-08-11,JSWSTEEL,165.6
2016-08-11,KOTAKBANK,162.5
2016-08-11,NIFTY 50,8542.15
2016-08-11,NIFTY BANK,19517.75
2016-08-11,ONGC,162.55
2016-08-11,TATAPOWER,74.45
2016-08-11,TATASTEEL,36.5
2016-08-11,TCS,1353.43
2016-08-11,TITAN,370.1
2016-08-11,WIPRO,81.05
2016-08-12,AXISBANK,589.55
2016-08-12,BAJFINANCE,91.0
2016-08-12,JSWSTEEL,165.84
2016-08-12,KOTAKBANK,149.9
2016-08-12,NIFTY 50,8242.95
2016-08-12,NIFTY BANK,18490.25
2016-08-12,ONGC,182.85
2016-08-12,TATAPOWER,75.45
2016-08-12,TATASTEEL,38.7
2016-08-12,TCS,1369.05
2016-08-12,TITAN,325.0
2016-08-12,WIPRO,82.35
2016-08-16,AXISBANK,582.95
2016-08-16,TCS,1350.0
2016-08-17,AXISBANK,588.55
2016-08-17,TCS,1314.0
2016-08-18,AXISBANK,593.95
2016-08-18,TCS,1315.5
2016-08-19,AXISBANK,588.0
2016-08-19,TCS,1301.3
2016-08-22,AXISBANK,581.6
2016-08-22,TCS,1276.75
2016-08-23,AXISBANK,582.9
2016-08-23,TCS,1300.2
2016-08-24,AXISBANK,584.0
2016-08-24,TCS,1285.33
2016-08-25,AXISBANK,586.0
2016-08-25,TCS,1275.15
2016-08-26,AXISBANK,586.75
2016-08-26,TCS,1263.63
2016-08-29,AXISBANK,590.1
2016-08-29,TCS,1255.0
2016-08-30,AXISBANK,591.55
2016-08-30,TCS,1272.45
2016-08-31,AXISBANK,595.85
2016-08-31,TCS,1256.6
2016-09-01,AXISBANK,597.5
2016-09-01,TCS,1253.63
2016-09-02,AXISBANK,600.0
2016-09-02,BAJFINANCE,66.0
2016-09-02,JSWSTEEL,99.77
2016-09-02,KOTAKBANK,135.6
2016-09-02,NIFTY 50,7301.0
2016-09-02,NIFTY BANK,14878.9
2016-09-02,ONGC,131.05
2016-09-02,TATAPOWER,59.85
2016-09-02,TATASTEEL,19.64
2016-09-02,TCS,1255.5
2016-09-02,TITAN,367.05
2016-09-02,WIPRO,96.3
2016-09-03,BAJFINANCE,64.0
2016-09-03,JSWSTEEL,117.8
2016-09-03,KOTAKBANK,131.5
2016-09-03,NIFTY 50,7532.5
2016-09-03,NIFTY BANK,15281.9
2016-09-03,ONGC,124.05
2016-09-03,TATAPOWER,58.6
2016-09-03,TATASTEEL,25.46
2016-09-03,TITAN,339.95
2016-09-03,WIPRO,96.65
2016-09-05,BAJFINANCE,74.0
2016-09-05,JSWSTEEL,132.8
2016-09-05,KOTAKBANK,142.8
2016-09-05,NIFTY 50,7868.55
2016-09-05,NIFTY BANK,16679.5
2016-09-05,ONGC,128.0
2016-09-05,TATAPOWER,73.45
2016-09-05,TATASTEEL,28.63
2016-09-05,TITAN,365.1
2016-09-05,WIPRO,96.95
2016-09-06,AXISBANK,637.3
2016-09-06,BAJFINANCE,77.0
2016-09-06,JSWSTEEL,141.64
2016-09-06,KOTAKBANK,150.9
2016-09-06,NIFTY 50,8200.05
2016-09-06,NIFTY BANK,17868.35
2016-09-06,ONGC,132.8
2016-09-06,TATAPOWER,75.85
2016-09-06,TATASTEEL,30.1
2016-09-06,TCS,1242.35
2016-09-06,TITAN,364.8
2016-09-06,WIPRO,98.1
2016-09-07,AXISBANK,626.15
2016-09-07,TCS,1229.4
2016-09-08,AXISBANK,628.65
2016-09-08,BAJFINANCE,102.0
2016-09-08,JSWSTEEL,170.64
2016-09-08,KOTAKBANK,153.1
2016-09-08,NIFTY 50,8670.55
2016-09-08,NIFTY BANK,18927.55
2016-09-08,ONGC,137.85
2016-09-08,TATAPOWER,75.35
2016-09-08,TATASTEEL,33.27
2016-09-08,TCS,1163.5
2016-09-08,TITAN,419.9
2016-09-08,WIPRO,98.95
2016-09-09,AXISBANK,613.55
2016-09-09,BAJFINANCE,115.0
2016-09-09,JSWSTEEL,182.0
2016-09-09,KOTAKBANK,163.6
2016-09-09,NIFTY 50,8864.6
2016-09-09,NIFTY BANK,20247.45
2016-09-09,ONGC,153.65
2016-09-09,TATAPOWER,77.0
2016-09-09,TATASTEEL,35.08
2016-09-09,TCS,1176.0
2016-09-09,TITAN,423.0
2016-09-09,WIPRO,86.2
2016-09-11,BAJFINANCE,93.0
2016-09-11,JSWSTEEL,167.5
2016-09-11,KOTAKBANK,164.8
2016-09-11,NIFTY 50,8459.25
2016-09-11,NIFTY BANK,19564.75
2016-09-11,ONGC,162.6
2016-09-11,TATAPOWER,71.95
2016-09-11,TATASTEEL,35.57
2016-09-11,TITAN,350.6
2016-09-11,WIPRO,80.95
2016-09-12,AXISBANK,594.5
2016-09-12,BAJFINANCE,90.0
2016-09-12,JSWSTEEL,164.6
2016-09-12,KOTAKBANK,148.6
2016-09-12,NIFTY 50,8255.35
2016-09-12,NIFTY BANK,18679.45
2016-09-12,ONGC,184.95
2016-09-12,TATAPOWER,77.1
2016-09-12,TATASTEEL,38.55
2016-09-12,TCS,1178.85
2016-09-12,TITAN,327.25
2016-09-12,WIPRO,82.15
2016-09-14,AXISBANK,603.65
2016-09-14,TCS,1166.0
2016-09-15,AXISBANK,590.0
2016-09-15,TCS,1162.5
2016-09-16,AXISBANK,599.95
2016-09-16,TCS,1184.0
2016-09-19,AXISBANK,595.0
2016-09-19,TCS,1205.5
2016-09-20,AXISBANK,594.5
2016-09-20,TCS,1205.0
2016-09-21,AXISBANK,598.45
2016-09-21,TCS,1206.0
2016-09-22,AXISBANK,590.1
2016-09-22,TCS,1190.0
2016-09-23,AXISBANK,556.55
2016-09-23,TCS,1200.5
2016-09-26,AXISBANK,547.05
2016-09-26,TCS,1198.03
2016-09-27,AXISBANK,542.8
2016-09-27,TCS,1218.5
2016-09-28,AXISBANK,549.3
2016-09-28,TCS,1212.5
2016-09-29,AXISBANK,541.0
2016-09-29,TCS,1221.48
2016-09-30,AXISBANK,543.0
2016-09-30,TCS,1216.1
2016-10-02,BAJFINANCE,65.0
2016-10-02,JSWSTEEL,102.5
2016-10-02,KOTAKBANK,133.3
2016-10-02,NIFTY 50,7220.25
2016-10-02,NIFTY BANK,14595.65
2016-10-02,ONGC,129.05
2016-10-02,TATAPOWER,59.3
2016-10-02,TATASTEEL,19.64
2016-10-02,TITAN,370.0
2016-10-02,WIPRO,95.8
2016-10-03,AXISBANK,550.0
2016-10-03,BAJFINANCE,64.0
2016-10-03,JSWSTEEL,118.41
2016-10-03,KOTAKBANK,131.3
2016-10-03,NIFTY 50,7481.8
2016-10-03,NIFTY BANK,15189.8
2016-10-03,ONGC,123.5
2016-10-03,TATAPOWER,58.85
2016-10-03,TATASTEEL,25.46
2016-10-03,TCS,1203.75
2016-10-03,TITAN,340.0
2016-10-03,WIPRO,96.35
2016-10-04,AXISBANK,547.85
2016-10-04,TCS,1203.5
2016-10-05,AXISBANK,533.25
2016-10-05,BAJFINANCE,74.0
2016-10-05,JSWSTEEL,128.73
2016-10-05,KOTAKBANK,146.0
2016-10-05,NIFTY 50,7889.9
2016-10-05,NIFTY BANK,16788.1
2016-10-05,ONGC,125.4
2016-10-05,TATAPOWER,72.45
2016-10-05,TATASTEEL,28.53
2016-10-05,TCS,1193.0
2016-10-05,TITAN,371.0
2016-10-05,WIPRO,96.85
2016-10-06,AXISBANK,533.5
2016-10-06,BAJFINANCE,76.0
2016-10-06,JSWSTEEL,141.77
2016-10-06,KOTAKBANK,150.0
2016-10-06,NIFTY 50,8172.65
2016-10-06,NIFTY BANK,17826.55
2016-10-06,ONGC,131.2
2016-10-06,TATAPOWER,76.1
2016-10-06,TATASTEEL,29.12
2016-10-06,TCS,1193.43
2016-10-06,TITAN,362.45
2016-10-06,WIPRO,97.9
2016-10-07,AXISBANK,532.8
2016-10-07,TCS,1185.25
2016-10-08,BAJFINANCE,99.0
2016-10-08,JSWSTEEL,170.55
2016-10-08,KOTAKBANK,152.3
2016-10-08,NIFTY 50,8567.9
2016-10-08,NIFTY BANK,18624.75
2016-10-08,ONGC,138.0
2016-10-08,TATAPOWER,73.75
2016-10-08,TATASTEEL,32.54
2016-10-08,TITAN,404.9
2016-10-08,WIPRO,97.2
2016-10-10,AXISBANK,532.95
2016-10-10,BAJFINANCE,107.5
2016-10-10,JSWSTEEL,181.25
2016-10-10,KOTAKBANK,156.0
2016-10-10,NIFTY 50,8714.6
2016-10-10,NIFTY BANK,19393.35
2016-10-10,ONGC,160.5
2016-10-10,TATAPOWER,80.85
2016-10-10,TATASTEEL,37.48
2016-10-10,TCS,1190.0
2016-10-10,TITAN,404.0
2016-10-10,WIPRO,85.75
2016-10-11,BAJFINANCE,93.0
2016-10-11,JSWSTEEL,175.8
2016-10-11,KOTAKBANK,163.9
2016-10-11,NIFTY 50,8522.5
2016-10-11,NIFTY BANK,20206.25
2016-10-11,ONGC,165.45
2016-10-11,TATAPOWER,74.6
2016-10-11,TATASTEEL,39.19
2016-10-11,TITAN,349.0
2016-10-11,WIPRO,79.8
2016-10-13,AXISBANK,517.4
2016-10-13,TCS,1167.0
2016-10-14,AXISBANK,521.35
2016-10-14,TCS,1182.63
2016-10-17,AXISBANK,518.45
2016-10-17,TCS,1187.0
2016-10-18,AXISBANK,532.9
2016-10-18,TCS,1199.5
2016-10-19,AXISBANK,535.5
2016-10-19,TCS,1195.0
2016-10-20,AXISBANK,540.1
2016-10-20,TCS,1201.5
2016-10-21,AXISBANK,525.5
2016-10-21,TCS,1215.0
2016-10-24,AXISBANK,521.8
2016-10-24,TCS,1216.5
2016-10-25,AXISBANK,530.3
2016-10-25,TCS,1200.0
2016-10-26,AXISBANK,485.25
2016-10-26,TCS,1191.38
2016-10-27,AXISBANK,487.0
2016-10-27,TCS,1200.55
2016-10-28,AXISBANK,487.0
2016-10-28,TCS,1199.0
2016-10-30,AXISBANK,486.8
2016-10-30,TCS,1195.0
2016-11-01,AXISBANK,475.1
2016-11-01,BAJFINANCE,63.0
2016-11-01,JSWSTEEL,101.98
2016-11-01,KOTAKBANK,140.3
2016-11-01,NIFTY 50,7572.1
2016-11-01,NIFTY BANK,16035.0
2016-11-01,ONGC,135.8
2016-11-01,TATAPOWER,67.3
2016-11-01,TATASTEEL,21.21
2016-11-01,TCS,1179.53
2016-11-01,TITAN,344.7
2016-11-01,WIPRO,96.4
2016-11-02,AXISBANK,476.05
2016-11-02,BAJFINANCE,63.0
2016-11-02,JSWSTEEL,101.1
2016-11-02,KOTAKBANK,125.9
2016-11-02,NIFTY 50,6975.7
2016-11-02,NIFTY BANK,14042.7
2016-11-02,ONGC,121.5
2016-11-02,TATAPOWER,56.3
2016-11-02,TATASTEEL,18.52
2016-11-02,TCS,1149.38
2016-11-02,TITAN,354.7
2016-11-02,WIPRO,93.25
2016-11-03,AXISBANK,476.0
2016-11-03,BAJFINANCE,64.0
2016-11-03,JSWSTEEL,118.22
2016-11-03,KOTAKBANK,129.0
2016-11-03,NIFTY 50,7514.35
2016-11-03,NIFTY BANK,15198.9
2016-11-03,ONGC,123.85
2016-11-03,TATAPOWER,58.95
2016-11-03,TATASTEEL,25.26
2016-11-03,TCS,1160.0
2016-11-03,TITAN,346.0
2016-11-03,WIPRO,96.9
2016-11-04,AXISBANK,478.0
2016-11-04,BAJFINANCE,72.0
2016-11-04,JSWSTEEL,130.2
2016-11-04,KOTAKBANK,134.0
2016-11-04,NIFTY 50,7664.3
2016-11-04,NIFTY BANK,15798.8
2016-11-04,ONGC,125.15
2016-11-04,TATAPOWER,67.9
2016-11-04,TATASTEEL,28.73
2016-11-04,TCS,1165.0
2016-11-04,TITAN,344.9
2016-11-04,WIPRO,101.85
2016-11-05,BAJFINANCE,75.0
2016-11-05,JSWSTEEL,128.99
2016-11-05,KOTAKBANK,146.1
2016-11-05,NIFTY 50,7851.85
2016-11-05,NIFTY BANK,16756.2
2016-11-05,ONGC,123.9
2016-11-05,TATAPOWER,71.1
2016-11-05,TATASTEEL,28.73
2016-11-05,TITAN,372.0
2016-11-05,WIPRO,96.75
2016-11-07,AXISBANK,483.55
2016-11-07,BAJFINANCE,86.0
2016-11-07,JSWSTEEL,150.66
2016-11-07,KOTAKBANK,152.3
2016-11-07,NIFTY 50,8469.95
2016-11-07,NIFTY BANK,18398.9
2016-11-07,ONGC,135.8
2016-11-07,TATAPOWER,73.85
2016-11-07,TATASTEEL,28.39
2016-11-07,TCS,1133.0
2016-11-07,TITAN,404.0
2016-11-07,WIPRO,101.75
2016-11-08,AXISBANK,490.0
2016-11-08,BAJFINANCE,100.0
2016-11-08,JSWSTEEL,171.5
2016-11-08,KOTAKBANK,153.3
2016-11-08,NIFTY 50,8594.05
2016-11-08,NIFTY BANK,18657.7
2016-11-08,ONGC,139.1
2016-11-08,TATAPOWER,74.55
2016-11-08,TATASTEEL,32.59
2016-11-08,TCS,1144.8
2016-11-08,TITAN,400.0
2016-11-08,WIPRO,97.25
2016-11-09,AXISBANK,489.3
2016-11-09,TCS,1092.9
2016-11-10,AXISBANK,507.5
2016-11-10,TCS,1074.28
2016-11-11,AXISBANK,496.0
2016-11-11,BAJFINANCE,86.5
2016-11-11,JSWSTEEL,172.2
2016-11-11,KOTAKBANK,163.4
2016-11-11,NIFTY 50,8311.4
2016-11-11,NIFTY BANK,19780.0
2016-11-11,ONGC,165.05
2016-11-11,TATAPOWER,72.55
2016-11-11,TATASTEEL,38.06
2016-11-11,TCS,1060.0
2016-11-11,TITAN,335.35
2016-11-11,WIPRO,79.5
2016-11-15,AXISBANK,480.05
2016-11-15,TCS,1069.18
2016-11-16,AXISBANK,471.5
2016-11-16,TCS,1093.83
2016-11-17,AXISBANK,475.25
2016-11-17,TCS,1067.03
2016-11-18,AXISBANK,472.4
2016-11-18,TCS,1063.1
2016-11-21,AXISBANK,466.25
2016-11-21,TCS,1065.0
2016-11-22,AXISBANK,474.65
2016-11-22,TCS,1071.0
2016-11-23,AXISBANK,479.0
2016-11-23,TCS,1079.25
2016-11-24,AXISBANK,469.0
2016-11-24,TCS,1102.5
2016-11-25,AXISBANK,471.15
2016-11-25,TCS,1149.9
2016-11-28,AXISBANK,472.75
2016-11-28,TCS,1137.53
2016-11-29,AXISBANK,465.75
2016-11-29,TCS,1131.5
2016-11-30,AXISBANK,468.55
2016-11-30,TCS,1137.5
2016-12-01,AXISBANK,465.0
2016-12-01,BAJFINANCE,62.0
2016-12-01,JSWSTEEL,101.42
2016-12-01,KOTAKBANK,138.7
2016-12-01,NIFTY 50,7510.65
2016-12-01,NIFTY BANK,15748.3
2016-12-01,ONGC,133.8
2016-12-01,TATAPOWER,67.1
2016-12-01,TATASTEEL,20.47
2016-12-01,TCS,1133.5
2016-12-01,TITAN,346.35
2016-12-01,WIPRO,98.35
2016-12-02,AXISBANK,459.6
2016-12-02,BAJFINANCE,60.0
2016-12-02,JSWSTEEL,101.1
2016-12-02,KOTAKBANK,124.1
2016-12-02,NIFTY 50,6970.55
2016-12-02,NIFTY BANK,13919.8
2016-12-02,ONGC,116.6
2016-12-02,TATAPOWER,56.5
2016-12-02,TATASTEEL,17.64
2016-12-02,TCS,1114.5
2016-12-02,TITAN,353.3
2016-12-02,WIPRO,93.45
2016-12-04,BAJFINANCE,73.5
2016-12-04,JSWSTEEL,129.67
2016-12-04,KOTAKBANK,136.4
2016-12-04,NIFTY 50,7709.15
2016-12-04,NIFTY BANK,15896.85
2016-12-04,ONGC,127.05
2016-12-04,TATAPOWER,67.7
2016-12-04,TATASTEEL,28.19
2016-12-04,TITAN,350.0
2016-12-04,WIPRO,102.3
2016-12-05,AXISBANK,461.9
2016-12-05,BAJFINANCE,77.0
2016-12-05,JSWSTEEL,128.25
2016-12-05,KOTAKBANK,145.3
2016-12-05,NIFTY 50,7905.2
2016-12-05,NIFTY BANK,16955.6
2016-12-05,ONGC,124.2
2016-12-05,TATAPOWER,71.0
2016-12-05,TATASTEEL,28.83
2016-12-05,TCS,1094.25
2016-12-05,TITAN,377.45
2016-12-05,WIPRO,97.5
2016-12-06,AXISBANK,455.0
2016-12-06,TCS,1085.43
2016-12-07,AXISBANK,447.0
2016-12-07,BAJFINANCE,86.0
2016-12-07,JSWSTEEL,154.69
2016-12-07,KOTAKBANK,152.4
2016-12-07,NIFTY 50,8516.15
2016-12-07,NIFTY BANK,18661.4
2016-12-07,ONGC,137.35
2016-12-07,TATAPOWER,72.6
2016-12-07,TATASTEEL,30.05
2016-12-07,TCS,1078.95
2016-12-07,TITAN,404.55
2016-12-07,WIPRO,102.6
2016-12-08,AXISBANK,449.0
2016-12-08,BAJFINANCE,101.0
2016-12-08,JSWSTEEL,172.9
2016-12-08,KOTAKBANK,152.0
2016-12-08,NIFTY 50,8656.0
2016-12-08,NIFTY BANK,18931.65
2016-12-08,ONGC,140.55
2016-12-08,TATAPOWER,74.85
2016-12-08,TATASTEEL,33.03
2016-12-08,TCS,1097.5
2016-12-08,TITAN,401.9
2016-12-08,WIPRO,97.4
2016-12-09,AXISBANK,455.65
2016-12-09,BAJFINANCE,109.0
2016-12-09,JSWSTEEL,174.1
2016-12-09,KOTAKBANK,162.8
2016-12-09,NIFTY 50,8715.3
2016-12-09,NIFTY BANK,19798.9
2016-12-09,ONGC,151.1
2016-12-09,TATAPOWER,74.15
2016-12-09,TATASTEEL,32.83
2016-12-09,TCS,1096.8
2016-12-09,TITAN,411.6
2016-12-09,WIPRO,86.6
2016-12-12,AXISBANK,444.8
2016-12-12,BAJFINANCE,84.0
2016-12-12,JSWSTEEL,162.12
2016-12-12,KOTAKBANK,146.0
2016-12-12,NIFTY 50,8171.6
2016-12-12,NIFTY BANK,18402.55
2016-12-12,ONGC,188.1
2016-12-12,TATAPOWER,77.0
2016-12-12,TATASTEEL,37.96
2016-12-12,TCS,1105.0
2016-12-12,TITAN,321.25
2016-12-12,WIPRO,81.85
2016-12-13,AXISBANK,453.5
2016-12-13,TCS,1105.0
2016-12-14,AXISBANK,466.6
2016-12-14,TCS,1104.4
2016-12-15,AXISBANK,478.8
2016-12-15,TCS,1128.3
2016-12-16,AXISBANK,471.3
2016-12-16,TCS,1142.4
2016-12-19,AXISBANK,468.9
2016-12-19,TCS,1142.5
2016-12-20,AXISBANK,462.4
2016-12-20,TCS,1170.0
2016-12-21,AXISBANK,455.8
2016-12-21,TCS,1155.5
2016-12-22,AXISBANK,450.7
2016-12-22,TCS,1157.05
2016-12-23,AXISBANK,436.2
2016-12-23,TCS,1142.5
2016-12-26,AXISBANK,430.95
2016-12-26,TCS,1148.43
2016-12-27,AXISBANK,435.8
2016-12-27,TCS,1161.4
2016-12-28,AXISBANK,438.75
2016-12-28,TCS,1152.63
2016-12-29,AXISBANK,445.9
2016-12-29,TCS,1177.5
2016-12-30,AXISBANK,450.3
2016-12-30,TCS,1180.0
2017-01-02,AXISBANK,446.65
2017-01-02,BAJFINANCE,106.0
2017-01-02,JSWSTEEL,196.1
2017-01-02,KOTAKBANK,155.3
2017-01-02,NIFTY 50,8715.5
2017-01-02,NIFTY BANK,20045.9
2017-01-02,ONGC,181.0
2017-01-02,TATAPOWER,80.45
2017-01-02,TATASTEEL,42.8
2017-01-02,TCS,1180.0
2017-01-02,TITAN,369.95
2017-01-02,WIPRO,82.2
2017-01-03,AXISBANK,454.95
2017-01-03,BAJFINANCE,107.0
2017-01-03,JSWSTEEL,189.65
2017-01-03,KOTAKBANK,164.8
2017-01-03,NIFTY 50,8941.8
2017-01-03,NIFTY BANK,20786.15
2017-01-03,ONGC,175.25
2017-01-03,TATAPOWER,81.85
2017-01-03,TATASTEEL,45.34
2017-01-03,TCS,1180.5
2017-01-03,TITAN,438.0
2017-01-03,WIPRO,87.7
2017-01-04,AXISBANK,454.1
2017-01-04,TCS,1188.98
2017-01-05,AXISBANK,457.1
2017-01-05,TCS,1167.0
2017-01-06,AXISBANK,454.4
2017-01-06,BAJFINANCE,132.5
2017-01-06,JSWSTEEL,195.7
2017-01-06,KOTAKBANK,192.8
2017-01-06,NIFTY 50,9616.6
2017-01-06,NIFTY BANK,23314.45
2017-01-06,ONGC,157.75
2017-01-06,TATAPOWER,80.75
2017-01-06,TATASTEEL,45.15
2017-01-06,TCS,1142.0
2017-01-06,TITAN,468.6
2017-01-06,WIPRO,97.35
2017-01-08,BAJFINANCE,172.0
2017-01-08,JSWSTEEL,224.85
2017-01-08,KOTAKBANK,202.2
2017-01-08,NIFTY 50,10120.35
2017-01-08,NIFTY BANK,25151.85
2017-01-08,ONGC,150.95
2017-01-08,TATAPOWER,83.25
2017-01-08,TATASTEEL,52.28
2017-01-08,TITAN,538.3
2017-01-08,WIPRO,105.85
2017-01-09,AXISBANK,453.2
2017-01-09,BAJFINANCE,180.0
2017-01-09,JSWSTEEL,255.1
2017-01-09,KOTAKBANK,197.9
2017-01-09,NIFTY 50,9971.05
2017-01-09,NIFTY BANK,24406.3
2017-01-09,ONGC,144.65
2017-01-09,TATAPOWER,79.85
2017-01-09,TATASTEEL,60.1
2017-01-09,TCS,1154.0
2017-01-09,TITAN,613.5
2017-01-09,WIPRO,106.4
2017-01-10,AXISBANK,447.8
2017-01-10,TCS,1157.0
2017-01-11,AXISBANK,452.5
2017-01-11,BAJFINANCE,180.5
2017-01-11,JSWSTEEL,265.2
2017-01-11,KOTAKBANK,204.7
2017-01-11,NIFTY 50,10441.55
2017-01-11,NIFTY BANK,25503.1
2017-01-11,ONGC,172.45
2017-01-11,TATAPOWER,85.0
2017-01-11,TATASTEEL,65.42
2017-01-11,TCS,1162.5
2017-01-11,TITAN,638.0
2017-01-11,WIPRO,105.55
2017-01-12,AXISBANK,455.8
2017-01-12,BAJFINANCE,171.0
2017-01-12,JSWSTEEL,252.3
2017-01-12,KOTAKBANK,201.2
2017-01-12,NIFTY 50,10119.8
2017-01-12,NIFTY BANK,25192.85
2017-01-12,ONGC,162.6
2017-01-12,TATAPOWER,90.0
2017-01-12,TATASTEEL,62.98
2017-01-12,TCS,1173.5
2017-01-12,TITAN,804.45
2017-01-12,WIPRO,103.85
2017-01-13,AXISBANK,472.0
2017-01-13,TCS,1124.5
2017-01-16,AXISBANK,477.2
2017-01-16,TCS,1130.9
2017-01-17,AXISBANK,485.6
2017-01-17,TCS,1140.0
2017-01-18,AXISBANK,487.0
2017-01-18,TCS,1147.5
2017-01-19,AXISBANK,480.7
2017-01-19,TCS,1145.0
2017-01-20,AXISBANK,448.8
2017-01-20,TCS,1144.0
2017-01-23,AXISBANK,445.0
2017-01-23,TCS,1153.55
2017-01-24,AXISBANK,452.0
2017-01-24,TCS,1160.0
2017-01-25,AXISBANK,464.4
2017-01-25,TCS,1176.05
2017-01-27,AXISBANK,472.0
2017-01-27,TCS,1179.5
2017-01-30,AXISBANK,471.45
2017-01-30,TCS,1169.43
2017-01-31,AXISBANK,466.0
2017-01-31,TCS,1116.25
2017-02-01,AXISBANK,475.8
2017-02-01,BAJFINANCE,87.0
2017-02-01,JSWSTEEL,163.09
2017-02-01,KOTAKBANK,143.2
2017-02-01,NIFTY 50,8179.2
2017-02-01,NIFTY BANK,17977.8
2017-02-01,ONGC,174.45
2017-02-01,TATAPOWER,75.5
2017-02-01,TATASTEEL,36.16
2017-02-01,TCS,1082.45
2017-02-01,TITAN,333.4
2017-02-01,WIPRO,84.6
2017-02-02,AXISBANK,483.0
2017-02-02,BAJFINANCE,105.0
2017-02-02,JSWSTEEL,192.8
2017-02-02,KOTAKBANK,153.2
2017-02-02,NIFTY 50,8722.3
2017-02-02,NIFTY BANK,20018.4
2017-02-02,ONGC,181.5
2017-02-02,TATAPOWER,80.5
2017-02-02,TATASTEEL,43.09
2017-02-02,TCS,1100.53
2017-02-02,TITAN,387.55
2017-02-02,WIPRO,81.95
2017-02-03,AXISBANK,489.9
2017-02-03,BAJFINANCE,105.0
2017-02-03,JSWSTEEL,183.25
2017-02-03,KOTAKBANK,163.2
2017-02-03,NIFTY 50,8893.9
2017-02-03,NIFTY BANK,20542.75
2017-02-03,ONGC,173.95
2017-02-03,TATAPOWER,81.2
2017-02-03,TATASTEEL,44.81
2017-02-03,TCS,1119.33
2017-02-03,TITAN,432.0
2017-02-03,WIPRO,88.2
2017-02-05,BAJFINANCE,127.0
2017-02-05,JSWSTEEL,195.7
2017-02-05,KOTAKBANK,183.2
2017-02-05,NIFTY 50,9317.3
2017-02-05,NIFTY BANK,22359.3
2017-02-05,ONGC,173.35
2017-02-05,TATAPOWER,83.55
2017-02-05,TATASTEEL,39.92
2017-02-05,TITAN,485.0
2017-02-05,WIPRO,88.8
2017-02-06,AXISBANK,499.0
2017-02-06,BAJFINANCE,136.0
2017-02-06,JSWSTEEL,194.5
2017-02-06,KOTAKBANK,193.0
2017-02-06,NIFTY 50,9642.35
2017-02-06,NIFTY BANK,23362.75
2017-02-06,ONGC,157.3
2017-02-06,TATAPOWER,81.2
2017-02-06,TATASTEEL,44.56
2017-02-06,TCS,1121.0
2017-02-06,TITAN,471.85
2017-02-06,WIPRO,98.85
2017-02-07,AXISBANK,491.45
2017-02-07,TCS,1122.95
2017-02-08,AXISBANK,488.75
2017-02-08,BAJFINANCE,170.5
2017-02-08,JSWSTEEL,219.15
2017-02-08,KOTAKBANK,201.6
2017-02-08,NIFTY 50,10058.1
2017-02-08,NIFTY BANK,24956.45
2017-02-08,ONGC,148.6
2017-02-08,TATAPOWER,82.3
2017-02-08,TATASTEEL,51.99
2017-02-08,TCS,1140.5
2017-02-08,TITAN,553.0
2017-02-08,WIPRO,105.55
2017-02-09,AXISBANK,486.55
2017-02-09,TCS,1160.53
2017-02-10,AXISBANK,488.7
2017-02-10,TCS,1191.45
2017-02-11,BAJFINANCE,181.0
2017-02-11,JSWSTEEL,267.75
2017-02-11,KOTAKBANK,203.5
2017-02-11,NIFTY 50,10425.45
2017-02-11,NIFTY BANK,25426.3
2017-02-11,ONGC,170.2
2017-02-11,TATAPOWER,84.8
2017-02-11,TATASTEEL,65.47
2017-02-11,TITAN,661.25
2017-02-11,WIPRO,105.55
2017-02-13,AXISBANK,490.9
2017-02-13,TCS,1204.38
2017-02-14,AXISBANK,486.3
2017-02-14,TCS,1199.08
2017-02-15,AXISBANK,489.0
2017-02-15,TCS,1211.73
2017-02-16,AXISBANK,493.2
2017-02-16,TCS,1225.0
2017-02-17,AXISBANK,488.95
2017-02-17,TCS,1207.5
2017-02-20,AXISBANK,479.9
2017-02-20,TCS,1254.48
2017-02-21,AXISBANK,506.75
2017-02-21,TCS,1230.75
2017-02-22,AXISBANK,524.15
2017-02-22,TCS,1204.98
2017-02-23,AXISBANK,524.55
2017-02-23,TCS,1239.5
2017-02-27,AXISBANK,509.1
2017-02-27,TCS,1246.0
2017-02-28,AXISBANK,506.0
2017-02-28,TCS,1230.0
2017-03-01,AXISBANK,514.0
2017-03-01,BAJFINANCE,88.0
2017-03-01,JSWSTEEL,164.48
2017-03-01,KOTAKBANK,142.4
2017-03-01,NIFTY 50,8189.05
2017-03-01,NIFTY BANK,18043.0
2017-03-01,ONGC,174.1
2017-03-01,TATAPOWER,75.7
2017-03-01,TATASTEEL,35.81
2017-03-01,TCS,1237.65
2017-03-01,TITAN,349.0
2017-03-01,WIPRO,84.05
2017-03-02,AXISBANK,507.5
2017-03-02,BAJFINANCE,104.5
2017-03-02,JSWSTEEL,191.1
2017-03-02,KOTAKBANK,152.9
2017-03-02,NIFTY 50,8738.55
2017-03-02,NIFTY BANK,20183.25
2017-03-02,ONGC,181.65
2017-03-02,TATAPOWER,80.8
2017-03-02,TATASTEEL,42.61
2017-03-02,TCS,1251.6
2017-03-02,TITAN,379.0
2017-03-02,WIPRO,82.3
2017-03-03,AXISBANK,513.6
2017-03-03,BAJFINANCE,105.0
2017-03-03,JSWSTEEL,183.7
2017-03-03,KOTAKBANK,162.6
2017-03-03,NIFTY 50,8902.2
2017-03-03,NIFTY BANK,20507.1
2017-03-03,ONGC,174.55
2017-03-03,TATAPOWER,81.7
2017-03-03,TATASTEEL,44.81
2017-03-03,TCS,1245.0
2017-03-03,TITAN,439.0
2017-03-03,WIPRO,88.5
2017-03-04,BAJFINANCE,118.0
2017-03-04,JSWSTEEL,191.5
2017-03-04,KOTAKBANK,174.8
2017-03-04,NIFTY 50,9243.0
2017-03-04,NIFTY BANK,21548.55
2017-03-04,ONGC,168.15
2017-03-04,TATAPOWER,89.25
2017-03-04,TATASTEEL,43.97
2017-03-04,TITAN,457.1
2017-03-04,WIPRO,91.1
2017-03-05,BAJFINANCE,127.0
2017-03-05,JSWSTEEL,193.9
2017-03-05,KOTAKBANK,183.2
2017-03-05,NIFTY 50,9304.0
2017-03-05,NIFTY BANK,22285.45
2017-03-05,ONGC,172.75
2017-03-05,TATAPOWER,82.2
2017-03-05,TATASTEEL,39.53
2017-03-05,TITAN,482.5
2017-03-05,WIPRO,89.05
2017-03-06,AXISBANK,518.75
2017-03-06,TCS,1235.03
2017-03-07,AXISBANK,512.0
2017-03-07,BAJFINANCE,138.5
2017-03-07,JSWSTEEL,204.8
2017-03-07,KOTAKBANK,190.4
2017-03-07,NIFTY 50,9615.55
2017-03-07,NIFTY BANK,23289.7
2017-03-07,ONGC,143.8
2017-03-07,TATAPOWER,80.55
2017-03-07,TATASTEEL,50.28
2017-03-07,TCS,1252.5
2017-03-07,TITAN,531.05
2017-03-07,WIPRO,93.45
2017-03-08,AXISBANK,512.05
2017-03-08,BAJFINANCE,171.0
2017-03-08,JSWSTEEL,223.0
2017-03-08,KOTAKBANK,198.8
2017-03-08,NIFTY 50,10003.85
2017-03-08,NIFTY BANK,24642.35
2017-03-08,ONGC,150.1
2017-03-08,TATAPOWER,82.45
2017-03-08,TATASTEEL,51.16
2017-03-08,TCS,1257.75
2017-03-08,TITAN,556.6
2017-03-08,WIPRO,103.95
2017-03-09,AXISBANK,516.15
2017-03-09,TCS,1261.0
2017-03-10,AXISBANK,515.25
2017-03-10,BAJFINANCE,187.0
2017-03-10,JSWSTEEL,246.05
2017-03-10,KOTAKBANK,201.3
2017-03-10,NIFTY 50,9854.75
2017-03-10,NIFTY BANK,24099.25
2017-03-10,ONGC,154.0
2017-03-10,TATAPOWER,77.35
2017-03-10,TATASTEEL,61.03
2017-03-10,TCS,1271.13
2017-03-10,TITAN,600.25
2017-03-10,WIPRO,101.6
2017-03-11,BAJFINANCE,183.0
2017-03-11,JSWSTEEL,266.65
2017-03-11,KOTAKBANK,202.9
2017-03-11,NIFTY 50,10453.65
2017-03-11,NIFTY BANK,25643.25
2017-03-11,ONGC,173.2
2017-03-11,TATAPOWER,84.25
2017-03-11,TATASTEEL,65.72
2017-03-11,TITAN,657.5
2017-03-11,WIPRO,105.8
2017-03-14,AXISBANK,511.0
2017-03-14,TCS,1284.93
2017-03-15,AXISBANK,511.75
2017-03-15,TCS,1249.5
2017-03-16,AXISBANK,513.05
2017-03-16,TCS,1260.98
2017-03-17,AXISBANK,515.45
2017-03-17,TCS,1266.08
2017-03-20,AXISBANK,502.5
2017-03-20,TCS,1238.05
2017-03-21,AXISBANK,489.0
2017-03-21,TCS,1242.43
2017-03-22,AXISBANK,485.5
2017-03-22,TCS,1236.15
2017-03-23,AXISBANK,487.8
2017-03-23,TCS,1229.5
2017-03-24,AXISBANK,489.2
2017-03-24,TCS,1214.0
2017-03-27,AXISBANK,487.0
2017-03-27,TCS,1205.5
2017-03-28,AXISBANK,504.25
2017-03-28,TCS,1215.35
2017-03-29,AXISBANK,502.55
2017-03-29,TCS,1221.55
2017-03-30,AXISBANK,498.35
2017-03-30,TCS,1218.35
2017-03-31,AXISBANK,490.8
2017-03-31,TCS,1211.55
2017-04-01,BAJFINANCE,87.0
2017-04-01,JSWSTEEL,162.95
2017-04-01,KOTAKBANK,139.6
2017-04-01,NIFTY 50,8196.35
2017-04-01,NIFTY BANK,17914.95
2017-04-01,ONGC,175.8
2017-04-01,TATAPOWER,75.6
2017-04-01,TATASTEEL,36.06
2017-04-01,TITAN,360.0
2017-04-01,WIPRO,85.75
2017-04-03,AXISBANK,500.55
2017-04-03,TCS,1204.5
2017-04-05,AXISBANK,507.0
2017-04-05,BAJFINANCE,129.5
2017-04-05,JSWSTEEL,194.0
2017-04-05,KOTAKBANK,181.5
2017-04-05,NIFTY 50,9356.75
2017-04-05,NIFTY BANK,22729.75
2017-04-05,ONGC,170.7
2017-04-05,TATAPOWER,83.3
2017-04-05,TATASTEEL,39.67
2017-04-05,TCS,1202.25
2017-04-05,TITAN,496.0
2017-04-05,WIPRO,89.85
2017-04-06,AXISBANK,508.0
2017-04-06,TCS,1197.5
2017-04-07,AXISBANK,504.6
2017-04-07,BAJFINANCE,138.0
2017-04-07,JSWSTEEL,208.5
2017-04-07,KOTAKBANK,191.4
2017-04-07,NIFTY 50,9610.65
2017-04-07,NIFTY BANK,23206.7
2017-04-07,ONGC,144.7
2017-04-07,TATAPOWER,81.55
2017-04-07,TATASTEEL,49.84
2017-04-07,TCS,1216.0
2017-04-07,TITAN,534.25
2017-04-07,WIPRO,93.5
2017-04-08,BAJFINANCE,173.0
2017-04-08,JSWSTEEL,228.2
2017-04-08,KOTAKBANK,199.2
2017-04-08,NIFTY 50,10068.5
2017-04-08,NIFTY BANK,24823.95
2017-04-08,ONGC,150.05
2017-04-08,TATAPOWER,80.15
2017-04-08,TATASTEEL,53.21
2017-04-08,TITAN,610.75
2017-04-08,WIPRO,104.15
2017-04-09,BAJFINANCE,180.0
2017-04-09,JSWSTEEL,254.8
2017-04-09,KOTAKBANK,195.3
2017-04-09,NIFTY 50,9904.35
2017-04-09,NIFTY BANK,24214.85
2017-04-09,ONGC,145.85
2017-04-09,TATAPOWER,78.5
2017-04-09,TATASTEEL,59.66
2017-04-09,TITAN,612.1
2017-04-09,WIPRO,106.9
2017-04-10,AXISBANK,510.2
2017-04-10,BAJFINANCE,186.0
2017-04-10,JSWSTEEL,250.25
2017-04-10,KOTAKBANK,205.8
2017-04-10,NIFTY 50,9924.5
2017-04-10,NIFTY BANK,24098.45
2017-04-10,ONGC,155.5
2017-04-10,TATAPOWER,78.4
2017-04-10,TATASTEEL,60.88
2017-04-10,TCS,1204.0
2017-04-10,TITAN,600.25
2017-04-10,WIPRO,101.65
2017-04-11,AXISBANK,513.5
2017-04-11,TCS,1209.83
2017-04-12,AXISBANK,507.2
2017-04-12,BAJFINANCE,167.5
2017-04-12,JSWSTEEL,251.9
2017-04-12,KOTAKBANK,199.9
2017-04-12,NIFTY 50,10137.9
2017-04-12,NIFTY BANK,25137.0
2017-04-12,ONGC,163.95
2017-04-12,TATAPOWER,90.15
2017-04-12,TATASTEEL,63.91
2017-04-12,TCS,1196.0
2017-04-12,TITAN,804.55
2017-04-12,WIPRO,103.75
2017-04-13,AXISBANK,507.85
2017-04-13,TCS,1166.88
2017-04-17,AXISBANK,501.75
2017-04-17,TCS,1159.5
2017-04-18,AXISBANK,498.3
2017-04-18,TCS,1151.03
2017-04-19,AXISBANK,498.6
2017-04-19,TCS,1150.63
2017-04-20,AXISBANK,488.3
2017-04-20,TCS,1162.5
2017-04-21,AXISBANK,486.0
2017-04-21,TCS,1156.0
2017-04-24,AXISBANK,497.05
2017-04-24,TCS,1164.0
2017-04-25,AXISBANK,518.6
2017-04-25,TCS,1155.0
2017-04-26,AXISBANK,516.2
2017-04-26,TCS,1155.0
2017-04-27,AXISBANK,508.6
2017-04-27,TCS,1144.9
2017-04-28,AXISBANK,509.0
2017-04-28,TCS,1137.5
2017-05-01,BAJFINANCE,90.0
2017-05-01,JSWSTEEL,176.0
2017-05-01,KOTAKBANK,139.6
2017-05-01,NIFTY 50,8270.5
2017-05-01,NIFTY BANK,18095.75
2017-05-01,ONGC,180.35
2017-05-01,TATAPOWER,76.95
2017-05-01,TATASTEEL,37.43
2017-05-01,TITAN,359.5
2017-05-01,WIPRO,86.35
2017-05-02,AXISBANK,506.8
2017-05-02,TCS,1144.08
2017-05-03,AXISBANK,500.5
2017-05-03,TCS,1168.9
2017-05-04,AXISBANK,518.0
2017-05-04,BAJFINANCE,117.0
2017-05-04,JSWSTEEL,196.85
2017-05-04,KOTAKBANK,177.6
2017-05-04,NIFTY 50,9256.9
2017-05-04,NIFTY BANK,21613.15
2017-05-04,ONGC,168.2
2017-05-04,TATAPOWER,88.25
2017-05-04,TATASTEEL,44.71
2017-05-04,TCS,1165.0
2017-05-04,TITAN,492.5
2017-05-04,WIPRO,91.85
2017-05-05,AXISBANK,503.4
2017-05-05,BAJFINANCE,127.0
2017-05-05,JSWSTEEL,189.55
2017-05-05,KOTAKBANK,181.5
2017-05-05,NIFTY 50,9277.6
2017-05-05,NIFTY BANK,22580.25
2017-05-05,ONGC,166.0
2017-05-05,TATAPOWER,83.1
2017-05-05,TATASTEEL,38.8
2017-05-05,TCS,1161.5
2017-05-05,TITAN,489.95
2017-05-05,WIPRO,89.65
2017-05-06,BAJFINANCE,136.0
2017-05-06,JSWSTEEL,189.9
2017-05-06,KOTAKBANK,193.6
2017-05-06,NIFTY 50,9676.45
2017-05-06,NIFTY BANK,23462.9
2017-05-06,ONGC,158.5
2017-05-06,TATAPOWER,81.0
2017-05-06,TATASTEEL,44.37
2017-05-06,TITAN,551.5
2017-05-06,WIPRO,99.55
2017-05-07,BAJFINANCE,140.0
2017-05-07,JSWSTEEL,212.4
2017-05-07,KOTAKBANK,191.5
2017-05-07,NIFTY 50,9641.35
2017-05-07,NIFTY BANK,23363.0
2017-05-07,ONGC,147.3
2017-05-07,TATAPOWER,81.7
2017-05-07,TATASTEEL,50.28
2017-05-07,TITAN,531.65
2017-05-07,WIPRO,92.45
2017-05-08,AXISBANK,510.5
2017-05-08,TCS,1171.0
2017-05-09,AXISBANK,519.05
2017-05-09,BAJFINANCE,179.0
2017-05-09,JSWSTEEL,256.0
2017-05-09,KOTAKBANK,197.5
2017-05-09,NIFTY 50,9946.5
2017-05-09,NIFTY BANK,24308.35
2017-05-09,ONGC,146.9
2017-05-09,TATAPOWER,78.3
2017-05-09,TATASTEEL,60.2
2017-05-09,TCS,1177.5
2017-05-09,TITAN,638.9
2017-05-09,WIPRO,106.9
2017-05-10,AXISBANK,525.6
2017-05-10,BAJFINANCE,187.0
2017-05-10,JSWSTEEL,249.7
2017-05-10,KOTAKBANK,206.6
2017-05-10,NIFTY 50,9887.1
2017-05-10,NIFTY BANK,24065.7
2017-05-10,ONGC,154.85
2017-05-10,TATAPOWER,79.05
2017-05-10,TATASTEEL,61.03
2017-05-10,TCS,1167.88
2017-05-10,TITAN,595.0
2017-05-10,WIPRO,101.8
2017-05-11,AXISBANK,515.15
2017-05-11,TCS,1175.33
2017-05-12,AXISBANK,503.9
2017-05-12,BAJFINANCE,171.0
2017-05-12,JSWSTEEL,249.0
2017-05-12,KOTAKBANK,201.0
2017-05-12,NIFTY 50,10122.15
2017-05-12,NIFTY BANK,25180.9
2017-05-12,ONGC,160.9
2017-05-12,TATAPOWER,88.95
2017-05-12,TATASTEEL,62.49
2017-05-12,TCS,1184.95
2017-05-12,TITAN,792.7
2017-05-12,WIPRO,101.7
2017-05-15,AXISBANK,500.0
2017-05-15,TCS,1184.0
2017-05-16,AXISBANK,502.05
2017-05-16,TCS,1212.55
2017-05-17,AXISBANK,502.0
2017-05-17,TCS,1225.0
2017-05-18,AXISBANK,492.85
2017-05-18,TCS,1265.0
2017-05-19,AXISBANK,501.9
2017-05-19,TCS,1251.93
2017-05-22,AXISBANK,502.0
2017-05-22,TCS,1267.5
2017-05-23,AXISBANK,500.5
2017-05-23,TCS,1261.85
2017-05-24,AXISBANK,498.25
2017-05-24,TCS,1283.55
2017-05-25,AXISBANK,507.85
2017-05-25,TCS,1307.53
2017-05-26,AXISBANK,510.5
2017-05-26,TCS,1285.03
2017-05-29,AXISBANK,507.45
2017-05-29,TCS,1286.0
2017-05-30,AXISBANK,514.05
2017-05-30,TCS,1274.1
2017-05-31,AXISBANK,514.05
2017-05-31,TCS,1270.0
2017-06-01,AXISBANK,510.0
2017-06-01,BAJFINANCE,88.0
2017-06-01,JSWSTEEL,176.85
2017-06-01,KOTAKBANK,143.0
2017-06-01,NIFTY 50,8248.2
2017-06-01,NIFTY BANK,18259.25
2017-06-01,ONGC,183.05
2017-06-01,TATAPOWER,77.3
2017-06-01,TATASTEEL,37.52
2017-06-01,TCS,1276.5
2017-06-01,TITAN,356.2
2017-06-01,WIPRO,84.35
2017-06-02,AXISBANK,507.5
2017-06-02,BAJFINANCE,107.0
2017-06-02,JSWSTEEL,192.0
2017-06-02,KOTAKBANK,153.4
2017-06-02,NIFTY 50,8796.1
2017-06-02,NIFTY BANK,20381.0
2017-06-02,ONGC,179.7
2017-06-02,TATAPOWER,82.2
2017-06-02,TATASTEEL,42.61
2017-06-02,TCS,1280.0
2017-06-02,TITAN,392.75
2017-06-02,WIPRO,82.7
2017-06-03,BAJFINANCE,103.5
2017-06-03,JSWSTEEL,184.65
2017-06-03,KOTAKBANK,163.2
2017-06-03,NIFTY 50,8962.6
2017-06-03,NIFTY BANK,20667.3
2017-06-03,ONGC,174.95
2017-06-03,TATAPOWER,82.6
2017-06-03,TATASTEEL,44.56
2017-06-03,TITAN,437.35
2017-06-03,WIPRO,88.2
2017-06-04,BAJFINANCE,120.0
2017-06-04,JSWSTEEL,203.4
2017-06-04,KOTAKBANK,178.6
2017-06-04,NIFTY 50,9256.65
2017-06-04,NIFTY BANK,21621.4
2017-06-04,ONGC,169.9
2017-06-04,TATAPOWER,87.3
2017-06-04,TATASTEEL,45.64
2017-06-04,TITAN,489.0
2017-06-04,WIPRO,92.5
2017-06-05,AXISBANK,513.8
2017-06-05,TCS,1308.0
2017-06-06,AXISBANK,509.6
2017-06-06,BAJFINANCE,133.0
2017-06-06,JSWSTEEL,192.2
2017-06-06,KOTAKBANK,193.6
2017-06-06,NIFTY 50,9636.9
2017-06-06,NIFTY BANK,23415.6
2017-06-06,ONGC,154.95
2017-06-06,TATAPOWER,79.3
2017-06-06,TATASTEEL,44.32
2017-06-06,TCS,1350.5
2017-06-06,TITAN,528.9
2017-06-06,WIPRO,100.6
2017-06-07,AXISBANK,514.45
2017-06-07,BAJFINANCE,140.0
2017-06-07,JSWSTEEL,213.0
2017-06-07,KOTAKBANK,191.7
2017-06-07,NIFTY 50,9668.95
2017-06-07,NIFTY BANK,23460.65
2017-06-07,ONGC,146.5
2017-06-07,TATAPOWER,81.95
2017-06-07,TATASTEEL,50.62
2017-06-07,TCS,1307.45
2017-06-07,TITAN,533.85
2017-06-07,WIPRO,92.15
2017-06-08,AXISBANK,515.0
2017-06-08,TCS,1260.0
2017-06-09,AXISBANK,513.1
2017-06-09,BAJFINANCE,186.0
2017-06-09,JSWSTEEL,263.15
2017-06-09,KOTAKBANK,199.0
2017-06-09,NIFTY 50,9915.15
2017-06-09,NIFTY BANK,24290.15
2017-06-09,ONGC,146.6
2017-06-09,TATAPOWER,78.05
2017-06-09,TATASTEEL,60.34
2017-06-09,TCS,1257.5
2017-06-09,TITAN,641.9
2017-06-09,WIPRO,106.85
2017-06-10,BAJFINANCE,192.5
2017-06-10,JSWSTEEL,257.9
2017-06-10,KOTAKBANK,207.6
2017-06-10,NIFTY 50,9987.2
2017-06-10,NIFTY BANK,24200.5
2017-06-10,ONGC,157.0
2017-06-10,TATAPOWER,80.7
2017-06-10,TATASTEEL,64.25
2017-06-10,TITAN,595.4
2017-06-10,WIPRO,102.95
2017-06-11,BAJFINANCE,182.0
2017-06-11,JSWSTEEL,267.85
2017-06-11,KOTAKBANK,202.5
2017-06-11,NIFTY 50,10435.8
2017-06-11,NIFTY BANK,25558.2
2017-06-11,ONGC,179.95
2017-06-11,TATAPOWER,85.25
2017-06-11,TATASTEEL,65.33
2017-06-11,TITAN,780.0
2017-06-11,WIPRO,108.1
2017-06-12,AXISBANK,507.05
2017-06-12,BAJFINANCE,167.5
2017-06-12,JSWSTEEL,242.15
2017-06-12,KOTAKBANK,200.4
2017-06-12,NIFTY 50,10039.65
2017-06-12,NIFTY BANK,24845.65
2017-06-12,ONGC,158.55
2017-06-12,TATAPOWER,87.4
2017-06-12,TATASTEEL,61.76
2017-06-12,TCS,1242.45
2017-06-12,TITAN,773.05
2017-06-12,WIPRO,101.55
2017-06-13,AXISBANK,507.0
2017-06-13,TCS,1225.0
2017-06-14,AXISBANK,508.85
2017-06-14,TCS,1232.7
2017-06-15,AXISBANK,507.4
2017-06-15,TCS,1205.0
2017-06-16,AXISBANK,509.15
2017-06-16,TCS,1197.5
2017-06-19,AXISBANK,518.0
2017-06-19,TCS,1216.0
2017-06-20,AXISBANK,512.2
2017-06-20,TCS,1221.8
2017-06-21,AXISBANK,507.35
2017-06-21,TCS,1203.38
2017-06-22,AXISBANK,508.0
2017-06-22,TCS,1195.73
2017-06-23,AXISBANK,505.0
2017-06-23,TCS,1179.9
2017-06-27,AXISBANK,494.0
2017-06-27,TCS,1174.0
2017-06-28,AXISBANK,496.45
2017-06-28,TCS,1173.13
2017-06-29,AXISBANK,510.7
2017-06-29,TCS,1164.48
2017-06-30,AXISBANK,519.0
2017-06-30,TCS,1181.18
2017-07-02,BAJFINANCE,106.0
2017-07-02,JSWSTEEL,189.0
2017-07-02,KOTAKBANK,154.5
2017-07-02,NIFTY 50,8770.75
2017-07-02,NIFTY BANK,20308.3
2017-07-02,ONGC,174.95
2017-07-02,TATAPOWER,81.3
2017-07-02,TATASTEEL,42.75
2017-07-02,TITAN,394.1
2017-07-02,WIPRO,82.4
2017-07-03,AXISBANK,517.0
2017-07-03,BAJFINANCE,105.0
2017-07-03,JSWSTEEL,181.25
2017-07-03,KOTAKBANK,163.4
2017-07-03,NIFTY 50,8944.95
2017-07-03,NIFTY BANK,20631.2
2017-07-03,ONGC,177.15
2017-07-03,TATAPOWER,82.9
2017-07-03,TATASTEEL,43.63
2017-07-03,TCS,1187.5
2017-07-03,TITAN,439.0
2017-07-03,WIPRO,88.55
2017-07-04,AXISBANK,507.7
2017-07-04,BAJFINANCE,120.5
2017-07-04,JSWSTEEL,198.0
2017-07-04,KOTAKBANK,174.6
2017-07-04,NIFTY 50,9196.9
2017-07-04,NIFTY BANK,21436.75
2017-07-04,ONGC,168.45
2017-07-04,TATAPOWER,87.45
2017-07-04,TATASTEEL,44.56
2017-07-04,TCS,1180.4
2017-07-04,TITAN,485.4
2017-07-04,WIPRO,92.15
2017-07-05,AXISBANK,515.0
2017-07-05,TCS,1179.0
2017-07-06,AXISBANK,509.45
2017-07-06,BAJFINANCE,134.0
2017-07-06,JSWSTEEL,195.5
2017-07-06,KOTAKBANK,193.8
2017-07-06,NIFTY 50,9662.15
2017-07-06,NIFTY BANK,23586.2
2017-07-06,ONGC,155.7
2017-07-06,TATAPOWER,79.75
2017-07-06,TATASTEEL,44.41
2017-07-06,TCS,1175.03
2017-07-06,TITAN,536.0
2017-07-06,WIPRO,98.65
2017-07-07,AXISBANK,504.5
2017-07-07,BAJFINANCE,139.0
2017-07-07,JSWSTEEL,216.05
2017-07-07,KOTAKBANK,192.8
2017-07-07,NIFTY 50,9665.35
2017-07-07,NIFTY BANK,23444.8
2017-07-07,ONGC,143.8
2017-07-07,TATAPOWER,81.65
2017-07-07,TATASTEEL,50.47
2017-07-07,TCS,1166.0
2017-07-07,TITAN,534.0
2017-07-07,WIPRO,92.35
2017-07-08,BAJFINANCE,180.0
2017-07-08,JSWSTEEL,229.3
2017-07-08,KOTAKBANK,199.4
2017-07-08,NIFTY 50,10049.6
2017-07-08,NIFTY BANK,24897.4
2017-07-08,ONGC,149.6
2017-07-08,TATAPOWER,80.0
2017-07-08,TATASTEEL,55.21
2017-07-08,TITAN,612.35
2017-07-08,WIPRO,103.5
2017-07-09,BAJFINANCE,196.0
2017-07-09,JSWSTEEL,263.85
2017-07-09,KOTAKBANK,198.2
2017-07-09,NIFTY 50,9924.0
2017-07-09,NIFTY BANK,24290.0
2017-07-09,ONGC,146.5
2017-07-09,TATAPOWER,77.4
2017-07-09,TATASTEEL,60.29
2017-07-09,TITAN,637.7
2017-07-09,WIPRO,107.45
2017-07-10,AXISBANK,510.0
2017-07-10,TCS,1217.5
2017-07-11,AXISBANK,507.8
2017-07-11,BAJFINANCE,180.0
2017-07-11,JSWSTEEL,264.5
2017-07-11,KOTAKBANK,202.0
2017-07-11,NIFTY 50,10351.4
2017-07-11,NIFTY BANK,25291.75
2017-07-11,ONGC,175.15
2017-07-11,TATAPOWER,83.1
2017-07-11,TATASTEEL,64.54
2017-07-11,TCS,1241.25
2017-07-11,TITAN,753.0
2017-07-11,WIPRO,108.65
2017-07-12,AXISBANK,507.3
2017-07-12,BAJFINANCE,167.0
2017-07-12,JSWSTEEL,251.95
2017-07-12,KOTAKBANK,201.2
2017-07-12,NIFTY 50,10172.7
2017-07-12,NIFTY BANK,25071.8
2017-07-12,ONGC,159.95
2017-07-12,TATAPOWER,90.7
2017-07-12,TATASTEEL,63.67
2017-07-12,TCS,1220.5
2017-07-12,TITAN,806.0
2017-07-12,WIPRO,100.9
2017-07-13,AXISBANK,511.75
2017-07-13,TCS,1219.5
2017-07-14,AXISBANK,512.75
2017-07-14,TCS,1199.55
2017-07-17,AXISBANK,510.05
2017-07-17,TCS,1200.0
2017-07-18,AXISBANK,516.55
2017-07-18,TCS,1207.55
2017-07-19,AXISBANK,520.55
2017-07-19,TCS,1224.63
2017-07-20,AXISBANK,539.55
2017-07-20,TCS,1218.5
2017-07-21,AXISBANK,540.4
2017-07-21,TCS,1248.0
2017-07-24,AXISBANK,535.45
2017-07-24,TCS,1267.5
2017-07-25,AXISBANK,547.4
2017-07-25,TCS,1288.65
2017-07-26,AXISBANK,526.9
2017-07-26,TCS,1276.7
2017-07-27,AXISBANK,523.6
2017-07-27,TCS,1238.5
2017-07-28,AXISBANK,514.55
2017-07-28,TCS,1240.0
2017-07-31,AXISBANK,520.5
2017-07-31,TCS,1247.48
2017-08-01,AXISBANK,515.3
2017-08-01,TCS,1247.58
2017-08-02,AXISBANK,513.6
2017-08-02,BAJFINANCE,105.0
2017-08-02,JSWSTEEL,189.3
2017-08-02,KOTAKBANK,153.6
2017-08-02,NIFTY 50,8775.8
2017-08-02,NIFTY BANK,20322.3
2017-08-02,ONGC,175.9
2017-08-02,TATAPOWER,81.7
2017-08-02,TATASTEEL,42.22
2017-08-02,TCS,1237.5
2017-08-02,TITAN,422.6
2017-08-02,WIPRO,82.6
2017-08-03,AXISBANK,505.4
2017-08-03,BAJFINANCE,108.0
2017-08-03,JSWSTEEL,177.8
2017-08-03,KOTAKBANK,164.9
2017-08-03,NIFTY 50,8923.85
2017-08-03,NIFTY BANK,20689.65
2017-08-03,ONGC,174.0
2017-08-03,TATAPOWER,82.1
2017-08-03,TATASTEEL,42.66
2017-08-03,TCS,1245.95
2017-08-03,TITAN,441.5
2017-08-03,WIPRO,88.85
2017-08-04,AXISBANK,508.0
2017-08-04,TCS,1262.5
2017-08-05,BAJFINANCE,127.5
2017-08-05,JSWSTEEL,191.5
2017-08-05,KOTAKBANK,182.0
2017-08-05,NIFTY 50,9310.75
2017-08-05,NIFTY BANK,22754.15
2017-08-05,ONGC,167.9
2017-08-05,TATAPOWER,83.2
2017-08-05,TATASTEEL,38.65
2017-08-05,TITAN,484.0
2017-08-05,WIPRO,90.25
2017-08-06,BAJFINANCE,136.0
2017-08-06,JSWSTEEL,198.95
2017-08-06,KOTAKBANK,195.8
2017-08-06,NIFTY 50,9642.7
2017-08-06,NIFTY BANK,23521.1
2017-08-06,ONGC,154.55
2017-08-06,TATAPOWER,79.05
2017-08-06,TATASTEEL,45.2
2017-08-06,TITAN,527.5
2017-08-06,WIPRO,98.45
2017-08-07,AXISBANK,505.55
2017-08-07,TCS,1253.7
2017-08-08,AXISBANK,498.7
2017-08-08,BAJFINANCE,178.0
2017-08-08,JSWSTEEL,231.5
2017-08-08,KOTAKBANK,197.4
2017-08-08,NIFTY 50,9977.1
2017-08-08,NIFTY BANK,24598.55
2017-08-08,ONGC,148.35
2017-08-08,TATAPOWER,78.15
2017-08-08,TATASTEEL,56.48
2017-08-08,TCS,1250.08
2017-08-08,TITAN,610.2
2017-08-08,WIPRO,103.15
2017-08-09,AXISBANK,487.05
2017-08-09,BAJFINANCE,189.0
2017-08-09,JSWSTEEL,262.15
2017-08-09,KOTAKBANK,200.8
2017-08-09,NIFTY 50,9924.4
2017-08-09,NIFTY BANK,24355.5
2017-08-09,ONGC,146.45
2017-08-09,TATAPOWER,76.95
2017-08-09,TATASTEEL,60.2
2017-08-09,TCS,1254.18
2017-08-09,TITAN,631.6
2017-08-09,WIPRO,108.2
2017-08-10,AXISBANK,488.0
2017-08-10,TCS,1260.0
2017-08-11,AXISBANK,488.1
2017-08-11,BAJFINANCE,178.0
2017-08-11,JSWSTEEL,264.0
2017-08-11,KOTAKBANK,202.0
2017-08-11,NIFTY 50,10313.8
2017-08-11,NIFTY BANK,25223.85
2017-08-11,ONGC,175.05
2017-08-11,TATAPOWER,83.15
2017-08-11,TATASTEEL,64.74
2017-08-11,TCS,1246.33
2017-08-11,TITAN,744.85
2017-08-11,WIPRO,108.65
2017-08-12,BAJFINANCE,170.5
2017-08-12,JSWSTEEL,251.5
2017-08-12,KOTAKBANK,202.1
2017-08-12,NIFTY 50,10267.85
2017-08-12,NIFTY BANK,25340.65
2017-08-12,ONGC,163.75
2017-08-12,TATAPOWER,91.5
2017-08-12,TATASTEEL,64.3
2017-08-12,TITAN,807.6
2017-08-12,WIPRO,101.55
2017-08-14,AXISBANK,491.3
2017-08-14,TCS,1234.0
2017-08-16,AXISBANK,501.45
2017-08-16,TCS,1245.08
2017-08-17,AXISBANK,496.65
2017-08-17,TCS,1242.78
2017-08-18,AXISBANK,490.5
2017-08-18,TCS,1257.5
2017-08-21,AXISBANK,494.7
2017-08-21,TCS,1256.6
2017-08-22,AXISBANK,499.7
2017-08-22,TCS,1250.0
2017-08-23,AXISBANK,501.6
2017-08-23,TCS,1245.8
2017-08-24,AXISBANK,507.0
2017-08-24,TCS,1249.03
2017-08-28,AXISBANK,510.85
2017-08-28,TCS,1245.5
2017-08-29,AXISBANK,503.7
2017-08-29,TCS,1237.53
2017-08-30,AXISBANK,503.95
2017-08-30,TCS,1242.5
2017-08-31,AXISBANK,500.0
2017-08-31,TCS,1249.0
2017-09-01,AXISBANK,507.9
2017-09-01,BAJFINANCE,88.0
2017-09-01,JSWSTEEL,175.95
2017-09-01,KOTAKBANK,142.0
2017-09-01,NIFTY 50,8234.55
2017-09-01,NIFTY BANK,18277.6
2017-09-01,ONGC,179.15
2017-09-01,TATAPOWER,76.35
2017-09-01,TATASTEEL,37.62
2017-09-01,TCS,1230.3
2017-09-01,TITAN,355.25
2017-09-01,WIPRO,84.75
2017-09-02,BAJFINANCE,104.0
2017-09-02,JSWSTEEL,193.95
2017-09-02,KOTAKBANK,154.1
2017-09-02,NIFTY 50,8786.55
2017-09-02,NIFTY BANK,20175.15
2017-09-02,ONGC,174.15
2017-09-02,TATAPOWER,81.65
2017-09-02,TATASTEEL,41.43
2017-09-02,TITAN,427.4
2017-09-02,WIPRO,83.85
2017-09-03,BAJFINANCE,108.0
2017-09-03,JSWSTEEL,176.2
2017-09-03,KOTAKBANK,165.1
2017-09-03,NIFTY 50,8927.8
2017-09-03,NIFTY BANK,20730.45
2017-09-03,ONGC,171.35
2017-09-03,TATAPOWER,82.4
2017-09-03,TATASTEEL,42.26
2017-09-03,TITAN,442.0
2017-09-03,WIPRO,87.05
2017-09-04,AXISBANK,502.0
2017-09-04,TCS,1228.5
2017-09-05,AXISBANK,501.6
2017-09-05,BAJFINANCE,129.0
2017-09-05,JSWSTEEL,192.1
2017-09-05,KOTAKBANK,181.6
2017-09-05,NIFTY 50,9317.3
2017-09-05,NIFTY BANK,22714.75
2017-09-05,ONGC,168.15
2017-09-05,TATAPOWER,83.15
2017-09-05,TATASTEEL,38.8
2017-09-05,TCS,1242.33
2017-09-05,TITAN,467.95
2017-09-05,WIPRO,91.4
2017-09-06,AXISBANK,492.75
2017-09-06,BAJFINANCE,137.0
2017-09-06,JSWSTEEL,201.5
2017-09-06,KOTAKBANK,197.2
2017-09-06,NIFTY 50,9666.65
2017-09-06,NIFTY BANK,23698.3
2017-09-06,ONGC,153.15
2017-09-06,TATAPOWER,77.8
2017-09-06,TATASTEEL,46.03
2017-09-06,TCS,1226.5
2017-09-06,TITAN,524.8
2017-09-06,WIPRO,96.5
2017-09-07,AXISBANK,496.5
2017-09-07,TCS,1230.0
2017-09-08,AXISBANK,493.7
2017-09-08,BAJFINANCE,169.0
2017-09-08,JSWSTEEL,229.5
2017-09-08,KOTAKBANK,198.6
2017-09-08,NIFTY 50,9900.3
2017-09-08,NIFTY BANK,24356.85
2017-09-08,ONGC,149.25
2017-09-08,TATAPOWER,77.95
2017-09-08,TATASTEEL,55.6
2017-09-08,TCS,1232.58
2017-09-08,TITAN,618.85
2017-09-08,WIPRO,103.0
2017-09-10,BAJFINANCE,194.0
2017-09-10,JSWSTEEL,258.4
2017-09-10,KOTAKBANK,210.0
2017-09-10,NIFTY 50,9987.95
2017-09-10,NIFTY BANK,24254.25
2017-09-10,ONGC,154.2
2017-09-10,TATAPOWER,81.5
2017-09-10,TATASTEEL,64.54
2017-09-10,TITAN,616.0
2017-09-10,WIPRO,103.15
2017-09-11,AXISBANK,494.2
2017-09-11,BAJFINANCE,175.0
2017-09-11,JSWSTEEL,264.3
2017-09-11,KOTAKBANK,201.0
2017-09-11,NIFTY 50,10324.6
2017-09-11,NIFTY BANK,25345.4
2017-09-11,ONGC,171.05
2017-09-11,TATAPOWER,83.7
2017-09-11,TATASTEEL,65.33
2017-09-11,TCS,1227.5
2017-09-11,TITAN,777.0
2017-09-11,WIPRO,109.05
2017-09-12,AXISBANK,496.1
2017-09-12,TCS,1248.5
2017-09-13,AXISBANK,499.0
2017-09-13,TCS,1246.35
2017-09-14,AXISBANK,519.45
2017-09-14,TCS,1242.5
2017-09-15,AXISBANK,517.6
2017-09-15,TCS,1252.0
2017-09-18,AXISBANK,523.1
2017-09-18,TCS,1252.5
2017-09-19,AXISBANK,521.0
2017-09-19,TCS,1249.0
2017-09-20,AXISBANK,519.4
2017-09-20,TCS,1248.0
2017-09-21,AXISBANK,512.4
2017-09-21,TCS,1262.5
2017-09-22,AXISBANK,504.4
2017-09-22,TCS,1254.98
2017-09-25,AXISBANK,504.0
2017-09-25,TCS,1255.0
2017-09-26,AXISBANK,512.7
2017-09-26,TCS,1237.5
2017-09-27,AXISBANK,507.0
2017-09-27,TCS,1247.55
2017-09-28,AXISBANK,508.0
2017-09-28,TCS,1236.38
2017-09-29,AXISBANK,510.2
2017-09-29,TCS,1218.8
2017-10-01,BAJFINANCE,90.0
2017-10-01,JSWSTEEL,178.8
2017-10-01,KOTAKBANK,142.5
2017-10-01,NIFTY 50,8290.3
2017-10-01,NIFTY BANK,18436.85
2017-10-01,ONGC,178.95
2017-10-01,TATAPOWER,76.85
2017-10-01,TATASTEEL,38.7
2017-10-01,TITAN,362.35
2017-10-01,WIPRO,85.7
2017-10-02,BAJFINANCE,106.0
2017-10-02,JSWSTEEL,192.25
2017-10-02,KOTAKBANK,155.8
2017-10-02,NIFTY 50,8794.05
2017-10-02,NIFTY BANK,20227.0
2017-10-02,ONGC,175.15
2017-10-02,TATAPOWER,82.0
2017-10-02,TATASTEEL,42.12
2017-10-02,TITAN,430.6
2017-10-02,WIPRO,83.95
2017-10-03,AXISBANK,506.9
2017-10-03,BAJFINANCE,109.0
2017-10-03,JSWSTEEL,175.65
2017-10-03,KOTAKBANK,165.7
2017-10-03,NIFTY 50,8936.85
2017-10-03,NIFTY BANK,20760.9
2017-10-03,ONGC,172.75
2017-10-03,TATAPOWER,81.85
2017-10-03,TATASTEEL,42.12
2017-10-03,TCS,1226.0
2017-10-03,TITAN,445.0
2017-10-03,WIPRO,87.4
2017-10-04,AXISBANK,505.9
2017-10-04,BAJFINANCE,124.5
2017-10-04,JSWSTEEL,204.5
2017-10-04,KOTAKBANK,175.3
2017-10-04,NIFTY 50,9176.8
2017-10-04,NIFTY BANK,21534.65
2017-10-04,ONGC,168.55
2017-10-04,TATAPOWER,87.0
2017-10-04,TATASTEEL,44.9
2017-10-04,TCS,1221.0
2017-10-04,TITAN,484.5
2017-10-04,WIPRO,90.5
2017-10-05,AXISBANK,501.05
2017-10-05,BAJFINANCE,133.0
2017-10-05,JSWSTEEL,198.3
2017-10-05,KOTAKBANK,185.8
2017-10-05,NIFTY 50,9412.45
2017-10-05,NIFTY BANK,22850.05
2017-10-05,ONGC,169.9
2017-10-05,TATAPOWER,81.7
2017-10-05,TATASTEEL,39.28
2017-10-05,TCS,1215.0
2017-10-05,TITAN,483.6
2017-10-05,WIPRO,89.8
2017-10-06,AXISBANK,503.4
2017-10-06,TCS,1225.5
2017-10-07,BAJFINANCE,141.0
2017-10-07,JSWSTEEL,217.7
2017-10-07,KOTAKBANK,192.5
2017-10-07,NIFTY 50,9762.2
2017-10-07,NIFTY BANK,23644.45
2017-10-07,ONGC,146.55
2017-10-07,TATAPOWER,83.4
2017-10-07,TATASTEEL,51.06
2017-10-07,TITAN,536.5
2017-10-07,WIPRO,96.5
2017-10-08,BAJFINANCE,165.0
2017-10-08,JSWSTEEL,224.05
2017-10-08,KOTAKBANK,198.8
2017-10-08,NIFTY 50,9850.0
2017-10-08,NIFTY BANK,24276.7
2017-10-08,ONGC,147.8
2017-10-08,TATAPOWER,77.0
2017-10-08,TATASTEEL,55.75
2017-10-08,TITAN,614.0
2017-10-08,WIPRO,103.9
2017-10-09,AXISBANK,505.5
2017-10-09,TCS,1224.55
2017-10-10,AXISBANK,513.65
2017-10-10,BAJFINANCE,195.0
2017-10-10,JSWSTEEL,260.15
2017-10-10,KOTAKBANK,210.6
2017-10-10,NIFTY 50,10013.8
2017-10-10,NIFTY BANK,24326.35
2017-10-10,ONGC,154.25
2017-10-10,TATAPOWER,81.55
2017-10-10,TATASTEEL,64.01
2017-10-10,TCS,1226.7
2017-10-10,TITAN,614.8
2017-10-10,WIPRO,103.5
2017-10-11,AXISBANK,514.7
2017-10-11,BAJFINANCE,174.0
2017-10-11,JSWSTEEL,272.2
2017-10-11,KOTAKBANK,198.0
2017-10-11,NIFTY 50,10334.4
2017-10-11,NIFTY BANK,25515.15
2017-10-11,ONGC,172.9
2017-10-11,TATAPOWER,83.2
2017-10-11,TATASTEEL,65.28
2017-10-11,TCS,1250.0
2017-10-11,TITAN,782.05
2017-10-11,WIPRO,108.8
2017-10-12,AXISBANK,524.75
2017-10-12,TCS,1272.23
2017-10-13,AXISBANK,528.0
2017-10-13,TCS,1280.0
2017-10-16,AXISBANK,518.9
2017-10-16,TCS,1295.0
2017-10-17,AXISBANK,511.5
2017-10-17,TCS,1295.0
2017-10-18,AXISBANK,465.0
2017-10-18,TCS,1296.0
2017-10-19,AXISBANK,459.4
2017-10-19,TCS,1291.63
2017-10-23,AXISBANK,449.8
2017-10-23,TCS,1295.0
2017-10-24,AXISBANK,450.95
2017-10-24,TCS,1287.5
2017-10-25,AXISBANK,474.0
2017-10-25,TCS,1280.0
2017-10-26,AXISBANK,484.25
2017-10-26,TCS,1265.85
2017-10-27,AXISBANK,487.25
2017-10-27,TCS,1290.0
2017-10-30,AXISBANK,485.45
2017-10-30,TCS,1310.0
2017-10-31,AXISBANK,525.0
2017-10-31,TCS,1309.38
2017-11-01,AXISBANK,536.0
2017-11-01,BAJFINANCE,89.0
2017-11-01,JSWSTEEL,187.1
2017-11-01,KOTAKBANK,145.5
2017-11-01,NIFTY 50,8374.3
2017-11-01,NIFTY BANK,18808.8
2017-11-01,ONGC,178.65
2017-11-01,TATAPOWER,76.9
2017-11-01,TATASTEEL,40.26
2017-11-01,TCS,1303.88
2017-11-01,TITAN,360.0
2017-11-01,WIPRO,85.55
2017-11-02,AXISBANK,536.65
2017-11-02,TCS,1311.53
2017-11-03,AXISBANK,540.3
2017-11-03,TCS,1311.0
2017-11-04,BAJFINANCE,125.5
2017-11-04,JSWSTEEL,198.85
2017-11-04,KOTAKBANK,176.0
2017-11-04,NIFTY 50,9233.8
2017-11-04,NIFTY BANK,21704.85
2017-11-04,ONGC,169.85
2017-11-04,TATAPOWER,85.5
2017-11-04,TATASTEEL,44.17
2017-11-04,TITAN,486.05
2017-11-04,WIPRO,91.7
2017-11-05,BAJFINANCE,133.5
2017-11-05,JSWSTEEL,194.2
2017-11-05,KOTAKBANK,186.7
2017-11-05,NIFTY 50,9412.4
2017-11-05,NIFTY BANK,22773.85
2017-11-05,ONGC,166.25
2017-11-05,TATAPOWER,83.05
2017-11-05,TATASTEEL,39.48
2017-11-05,TITAN,501.35
2017-11-05,WIPRO,90.8
2017-11-06,AXISBANK,535.3
2017-11-06,TCS,1330.08
2017-11-07,AXISBANK,526.25
2017-11-07,BAJFINANCE,142.0
2017-11-07,JSWSTEEL,214.55
2017-11-07,KOTAKBANK,191.0
2017-11-07,NIFTY 50,9786.4
2017-11-07,NIFTY BANK,23560.2
2017-11-07,ONGC,145.0
2017-11-07,TATAPOWER,83.0
2017-11-07,TATASTEEL,50.81
2017-11-07,TCS,1355.0
2017-11-07,TITAN,528.0
2017-11-07,WIPRO,94.85
2017-11-08,AXISBANK,547.75
2017-11-08,BAJFINANCE,170.5
2017-11-08,JSWSTEEL,225.0
2017-11-08,KOTAKBANK,198.0
2017-11-08,NIFTY 50,9712.95
2017-11-08,NIFTY BANK,23977.7
2017-11-08,ONGC,144.05
2017-11-08,TATAPOWER,76.6
2017-11-08,TATASTEEL,55.11
2017-11-08,TCS,1368.5
2017-11-08,TITAN,611.65
2017-11-08,WIPRO,104.05
2017-11-09,AXISBANK,538.2
2017-11-09,BAJFINANCE,192.0
2017-11-09,JSWSTEEL,266.2
2017-11-09,KOTAKBANK,201.6
2017-11-09,NIFTY 50,10005.95
2017-11-09,NIFTY BANK,24671.6
2017-11-09,ONGC,147.2
2017-11-09,TATAPOWER,80.9
2017-11-09,TATASTEEL,61.27
2017-11-09,TCS,1370.0
2017-11-09,TITAN,632.65
2017-11-09,WIPRO,108.4
2017-11-10,AXISBANK,547.25
2017-11-10,BAJFINANCE,192.0
2017-11-10,JSWSTEEL,256.2
2017-11-10,KOTAKBANK,207.7
2017-11-10,NIFTY 50,9970.1
2017-11-10,NIFTY BANK,24055.55
2017-11-10,ONGC,152.1
2017-11-10,TATAPOWER,80.75
2017-11-10,TATASTEEL,63.18
2017-11-10,TCS,1356.0
2017-11-10,TITAN,610.65
2017-11-10,WIPRO,104.55
2017-11-12,BAJFINANCE,171.0
2017-11-12,JSWSTEEL,250.85
2017-11-12,KOTAKBANK,201.2
2017-11-12,NIFTY 50,10326.05
2017-11-12,NIFTY BANK,25396.4
2017-11-12,ONGC,161.9
2017-11-12,TATAPOWER,93.25
2017-11-12,TATASTEEL,64.89
2017-11-12,TITAN,818.1
2017-11-12,WIPRO,103.7
2017-11-13,AXISBANK,535.0
2017-11-13,TCS,1378.28
2017-11-14,AXISBANK,547.6
2017-11-14,TCS,1355.0
2017-11-15,AXISBANK,543.5
2017-11-15,TCS,1355.0
2017-11-16,AXISBANK,542.95
2017-11-16,TCS,1369.95
2017-11-17,AXISBANK,542.25
2017-11-17,TCS,1354.1
2017-11-20,AXISBANK,545.0
2017-11-20,TCS,1348.95
2017-11-21,AXISBANK,546.15
2017-11-21,TCS,1335.13
2017-11-22,AXISBANK,540.5
2017-11-22,TCS,1340.7
2017-11-23,AXISBANK,544.5
2017-11-23,TCS,1338.28
2017-11-24,AXISBANK,546.0
2017-11-24,TCS,1344.1
2017-11-27,AXISBANK,559.9
2017-11-27,TCS,1341.53
2017-11-28,AXISBANK,562.2
2017-11-28,TCS,1340.53
2017-11-29,AXISBANK,548.5
2017-11-29,TCS,1326.83
2017-11-30,AXISBANK,537.3
2017-11-30,TCS,1317.5
2017-12-01,AXISBANK,533.75
2017-12-01,BAJFINANCE,89.0
2017-12-01,JSWSTEEL,188.45
2017-12-01,KOTAKBANK,145.4
2017-12-01,NIFTY 50,8409.15
2017-12-01,NIFTY BANK,18879.05
2017-12-01,ONGC,180.15
2017-12-01,TATAPOWER,79.15
2017-12-01,TATASTEEL,40.21
2017-12-01,TCS,1315.0
2017-12-01,TITAN,362.9
2017-12-01,WIPRO,86.8
2017-12-04,AXISBANK,537.0
2017-12-04,BAJFINANCE,127.0
2017-12-04,JSWSTEEL,196.7
2017-12-04,KOTAKBANK,175.4
2017-12-04,NIFTY 50,9201.05
2017-12-04,NIFTY BANK,21651.9
2017-12-04,ONGC,168.7
2017-12-04,TATAPOWER,85.65
2017-12-04,TATASTEEL,43.14
2017-12-04,TCS,1315.0
2017-12-04,TITAN,480.0
2017-12-04,WIPRO,89.85
2017-12-05,AXISBANK,533.3
2017-12-05,BAJFINANCE,131.0
2017-12-05,JSWSTEEL,197.45
2017-12-05,KOTAKBANK,190.9
2017-12-05,NIFTY 50,9408.55
2017-12-05,NIFTY BANK,22695.25
2017-12-05,ONGC,167.15
2017-12-05,TATAPOWER,82.25
2017-12-05,TATASTEEL,39.19
2017-12-05,TCS,1316.5
2017-12-05,TITAN,496.6
2017-12-05,WIPRO,91.15
2017-12-06,AXISBANK,530.95
2017-12-06,BAJFINANCE,137.0
2017-12-06,JSWSTEEL,198.4
2017-12-06,KOTAKBANK,195.6
2017-12-06,NIFTY 50,9618.1
2017-12-06,NIFTY BANK,23473.75
2017-12-06,ONGC,152.35
2017-12-06,TATAPOWER,78.9
2017-12-06,TATASTEEL,46.12
2017-12-06,TCS,1317.13
2017-12-06,TITAN,514.9
2017-12-06,WIPRO,94.3
2017-12-07,AXISBANK,537.9
2017-12-07,BAJFINANCE,145.0
2017-12-07,JSWSTEEL,214.15
2017-12-07,KOTAKBANK,191.4
2017-12-07,NIFTY 50,9822.85
2017-12-07,NIFTY BANK,23719.35
2017-12-07,ONGC,147.45
2017-12-07,TATAPOWER,83.05
2017-12-07,TATASTEEL,51.01
2017-12-07,TCS,1308.98
2017-12-07,TITAN,530.55
2017-12-07,WIPRO,94.6
2017-12-08,AXISBANK,543.5
2017-12-08,TCS,1300.0
2017-12-09,BAJFINANCE,189.5
2017-12-09,JSWSTEEL,269.25
2017-12-09,KOTAKBANK,204.2
2017-12-09,NIFTY 50,10087.6
2017-12-09,NIFTY BANK,24794.2
2017-12-09,ONGC,146.5
2017-12-09,TATAPOWER,80.8
2017-12-09,TATASTEEL,63.03
2017-12-09,TITAN,637.45
2017-12-09,WIPRO,107.05
2017-12-10,BAJFINANCE,195.0
2017-12-10,JSWSTEEL,256.6
2017-12-10,KOTAKBANK,210.9
2017-12-10,NIFTY 50,10098.0
2017-12-10,NIFTY BANK,24363.3
2017-12-10,ONGC,153.3
2017-12-10,TATAPOWER,81.7
2017-12-10,TATASTEEL,64.15
2017-12-10,TITAN,623.0
2017-12-10,WIPRO,105.25
2017-12-11,AXISBANK,545.2
2017-12-11,TCS,1335.0
2017-12-12,AXISBANK,538.65
2017-12-12,BAJFINANCE,170.0
2017-12-12,JSWSTEEL,250.6
2017-12-12,KOTAKBANK,200.3
2017-12-12,NIFTY 50,10241.75
2017-12-12,NIFTY BANK,25120.3
2017-12-12,ONGC,166.15
2017-12-12,TATAPOWER,90.7
2017-12-12,TATASTEEL,63.81
2017-12-12,TCS,1304.78
2017-12-12,TITAN,821.05
2017-12-12,WIPRO,103.1
2017-12-13,AXISBANK,535.6
2017-12-13,TCS,1316.75
2017-12-14,AXISBANK,542.55
2017-12-14,TCS,1279.1
2017-12-15,AXISBANK,549.0
2017-12-15,TCS,1271.98
2017-12-18,AXISBANK,548.7
2017-12-18,TCS,1288.3
2017-12-19,AXISBANK,554.0
2017-12-19,TCS,1288.7
2017-12-20,AXISBANK,554.95
2017-12-20,TCS,1296.0
2017-12-21,AXISBANK,548.05
2017-12-21,TCS,1293.4
2017-12-22,AXISBANK,553.6
2017-12-22,TCS,1320.03
2017-12-26,AXISBANK,555.5
2017-12-26,TCS,1325.18
2017-12-27,AXISBANK,553.6
2017-12-27,TCS,1307.5
2017-12-28,AXISBANK,547.95
2017-12-28,TCS,1315.5
2017-12-29,AXISBANK,562.05
2017-12-29,TCS,1350.0
2018-01-01,AXISBANK,562.95
2018-01-01,BAJFINANCE,173.0
2018-01-01,JSWSTEEL,266.0
2018-01-01,KOTAKBANK,199.4
2018-01-01,NIFTY 50,10432.45
2018-01-01,NIFTY BANK,25271.55
2018-01-01,ONGC,173.5
2018-01-01,TATAPOWER,97.2
2018-01-01,TATASTEEL,67.04
2018-01-01,TCS,1322.5
2018-01-01,TITAN,853.8
2018-01-01,WIPRO,113.05
2018-01-02,AXISBANK,558.4
2018-01-02,BAJFINANCE,174.0
2018-01-02,JSWSTEEL,303.0
2018-01-02,KOTAKBANK,224.1
2018-01-02,NIFTY 50,11020.6
2018-01-02,NIFTY BANK,27189.35
2018-01-02,ONGC,176.55
2018-01-02,TATAPOWER,89.65
2018-01-02,TATASTEEL,64.4
2018-01-02,TCS,1315.5
2018-01-02,TITAN,827.5
2018-01-02,WIPRO,108.35
2018-01-03,AXISBANK,559.75
2018-01-03,BAJFINANCE,166.0
2018-01-03,JSWSTEEL,304.15
2018-01-03,KOTAKBANK,219.0
2018-01-03,NIFTY 50,10449.95
2018-01-03,NIFTY BANK,24866.0
2018-01-03,ONGC,171.65
2018-01-03,TATAPOWER,84.5
2018-01-03,TATASTEEL,62.3
2018-01-03,TCS,1319.5
2018-01-03,TITAN,809.0
2018-01-03,WIPRO,104.95
2018-01-04,AXISBANK,559.2
2018-01-04,TCS,1325.0
2018-01-05,AXISBANK,564.3
2018-01-05,TCS,1345.75
2018-01-06,BAJFINANCE,208.0
2018-01-06,JSWSTEEL,332.0
2018-01-06,KOTAKBANK,263.6
2018-01-06,NIFTY 50,10686.45
2018-01-06,NIFTY BANK,26676.35
2018-01-06,ONGC,156.25
2018-01-06,TATAPOWER,79.55
2018-01-06,TATASTEEL,51.3
2018-01-06,TITAN,901.0
2018-01-06,WIPRO,93.65
2018-01-08,AXISBANK,563.45
2018-01-08,BAJFINANCE,271.0
2018-01-08,JSWSTEEL,325.8
2018-01-08,KOTAKBANK,261.7
2018-01-08,NIFTY 50,11321.35
2018-01-08,NIFTY BANK,27485.2
2018-01-08,ONGC,151.1
2018-01-08,TATAPOWER,72.8
2018-01-08,TATASTEEL,50.57
2018-01-08,TCS,1354.4
2018-01-08,TITAN,919.0
2018-01-08,WIPRO,99.75
2018-01-09,AXISBANK,564.1
2018-01-09,TCS,1354.48
2018-01-10,AXISBANK,563.2
2018-01-10,BAJFINANCE,222.0
2018-01-10,JSWSTEEL,380.9
2018-01-10,KOTAKBANK,224.0
2018-01-10,NIFTY 50,11014.6
2018-01-10,NIFTY BANK,25392.65
2018-01-10,ONGC,162.55
2018-01-10,TATAPOWER,67.75
2018-01-10,TATASTEEL,53.31
2018-01-10,TCS,1401.5
2018-01-10,TITAN,812.25
2018-01-10,WIPRO,118.85
2018-01-11,AXISBANK,559.5
2018-01-11,BAJFINANCE,242.0
2018-01-11,JSWSTEEL,344.2
2018-01-11,KOTAKBANK,221.4
2018-01-11,NIFTY 50,10381.15
2018-01-11,NIFTY BANK,25336.8
2018-01-11,ONGC,139.4
2018-01-11,TATAPOWER,76.15
2018-01-11,TATASTEEL,50.81
2018-01-11,TCS,1396.0
2018-01-11,TITAN,856.25
2018-01-11,WIPRO,118.25
2018-01-12,AXISBANK,556.5
2018-01-12,TCS,1384.95
2018-01-15,AXISBANK,561.2
2018-01-15,TCS,1368.7
2018-01-16,AXISBANK,561.2
2018-01-16,TCS,1430.0
2018-01-17,AXISBANK,587.55
2018-01-17,TCS,1447.5
2018-01-18,AXISBANK,584.0
2018-01-18,TCS,1463.28
2018-01-19,AXISBANK,591.55
2018-01-19,TCS,1487.43
2018-01-22,AXISBANK,611.3
2018-01-22,TCS,1545.0
2018-01-23,AXISBANK,621.8
2018-01-23,TCS,1548.85
2018-01-24,AXISBANK,608.0
2018-01-24,TCS,1587.48
2018-01-25,AXISBANK,614.75
2018-01-25,TCS,1565.5
2018-01-29,AXISBANK,605.6
2018-01-29,TCS,1599.63
2018-01-30,AXISBANK,595.0
2018-01-30,TCS,1577.5
2018-01-31,AXISBANK,593.85
2018-01-31,TCS,1555.58
2018-02-01,AXISBANK,592.45
2018-02-01,BAJFINANCE,172.0
2018-02-01,JSWSTEEL,264.4
2018-02-01,KOTAKBANK,200.4
2018-02-01,NIFTY 50,10439.55
2018-02-01,NIFTY BANK,25319.5
2018-02-01,ONGC,177.6
2018-02-01,TATAPOWER,99.6
2018-02-01,TATASTEEL,67.87
2018-02-01,TCS,1575.0
2018-02-01,TITAN,845.35
2018-02-01,WIPRO,113.95
2018-02-02,AXISBANK,565.0
2018-02-02,BAJFINANCE,163.0
2018-02-02,JSWSTEEL,298.3
2018-02-02,KOTAKBANK,216.4
2018-02-02,NIFTY 50,10737.5
2018-02-02,NIFTY BANK,26368.1
2018-02-02,ONGC,173.95
2018-02-02,TATAPOWER,84.8
2018-02-02,TATASTEEL,61.86
2018-02-02,TCS,1572.5
2018-02-02,TITAN,825.3
2018-02-02,WIPRO,107.8
2018-02-04,BAJFINANCE,182.0
2018-02-04,JSWSTEEL,296.55
2018-02-04,KOTAKBANK,219.0
2018-02-04,NIFTY 50,10217.0
2018-02-04,NIFTY BANK,24334.9
2018-02-04,ONGC,162.9
2018-02-04,TATAPOWER,81.75
2018-02-04,TATASTEEL,52.92
2018-02-04,TITAN,941.35
2018-02-04,WIPRO,103.95
2018-02-05,AXISBANK,566.5
2018-02-05,BAJFINANCE,190.5
2018-02-05,JSWSTEEL,316.05
2018-02-05,KOTAKBANK,252.0
2018-02-05,NIFTY 50,10716.8
2018-02-05,NIFTY BANK,25579.25
2018-02-05,ONGC,162.95
2018-02-05,TATAPOWER,87.0
2018-02-05,TATASTEEL,52.67
2018-02-05,TCS,1555.0
2018-02-05,TITAN,965.0
2018-02-05,WIPRO,99.1
2018-02-06,AXISBANK,565.05
2018-02-06,TCS,1500.0
2018-02-07,AXISBANK,558.65
2018-02-07,BAJFINANCE,230.0
2018-02-07,JSWSTEEL,313.75
2018-02-07,KOTAKBANK,267.9
2018-02-07,NIFTY 50,10651.75
2018-02-07,NIFTY BANK,26214.4
2018-02-07,ONGC,140.35
2018-02-07,TATAPOWER,72.25
2018-02-07,TATASTEEL,51.11
2018-02-07,TCS,1479.5
2018-02-07,TITAN,894.25
2018-02-07,WIPRO,93.8
2018-02-08,AXISBANK,570.0
2018-02-08,BAJFINANCE,268.0
2018-02-08,JSWSTEEL,331.55
2018-02-08,KOTAKBANK,255.8
2018-02-08,NIFTY 50,11238.15
2018-02-08,NIFTY BANK,27340.85
2018-02-08,ONGC,151.0
2018-02-08,TATAPOWER,71.85
2018-02-08,TATASTEEL,50.38
2018-02-08,TCS,1483.1
2018-02-08,TITAN,925.0
2018-02-08,WIPRO,100.2
2018-02-09,AXISBANK,558.05
2018-02-09,TCS,1490.0
2018-02-11,BAJFINANCE,239.0
2018-02-11,JSWSTEEL,352.6
2018-02-11,KOTAKBANK,226.4
2018-02-11,NIFTY 50,10557.2
2018-02-11,NIFTY BANK,25723.4
2018-02-11,ONGC,142.15
2018-02-11,TATAPOWER,75.95
2018-02-11,TATASTEEL,52.67
2018-02-11,TITAN,869.0
2018-02-11,WIPRO,114.4
2018-02-12,AXISBANK,562.6
2018-02-12,TCS,1480.08
2018-02-14,AXISBANK,542.5
2018-02-14,TCS,1450.0
2018-02-15,AXISBANK,543.7
2018-02-15,TCS,1461.0
2018-02-16,AXISBANK,538.75
2018-02-16,TCS,1465.5
2018-02-19,AXISBANK,541.75
2018-02-19,TCS,1461.83
2018-02-20,AXISBANK,530.7
2018-02-20,TCS,1471.5
2018-02-21,AXISBANK,536.8
2018-02-21,TCS,1520.5
2018-02-22,AXISBANK,529.2
2018-02-22,TCS,1520.03
2018-02-23,AXISBANK,537.5
2018-02-23,TCS,1543.35
2018-02-26,AXISBANK,549.9
2018-02-26,TCS,1512.8
2018-02-27,AXISBANK,539.5
2018-02-27,TCS,1521.0
2018-02-28,AXISBANK,526.7
2018-02-28,TCS,1516.7
2018-03-01,AXISBANK,526.65
2018-03-01,BAJFINANCE,171.5
2018-03-01,JSWSTEEL,269.2
2018-03-01,KOTAKBANK,199.7
2018-03-01,NIFTY 50,10446.75
2018-03-01,NIFTY BANK,25326.15
2018-03-01,ONGC,175.0
2018-03-01,TATAPOWER,100.5
2018-03-01,TATASTEEL,68.26
2018-03-01,TCS,1516.5
2018-03-01,TITAN,854.5
2018-03-01,WIPRO,111.35
2018-03-04,BAJFINANCE,183.0
2018-03-04,JSWSTEEL,304.1
2018-03-04,KOTAKBANK,221.0
2018-03-04,NIFTY 50,10244.4
2018-03-04,NIFTY BANK,24500.7
2018-03-04,ONGC,160.4
2018-03-04,TATAPOWER,84.45
2018-03-04,TATASTEEL,53.16
2018-03-04,TITAN,929.25
2018-03-04,WIPRO,102.1
2018-03-05,AXISBANK,524.55
2018-03-05,BAJFINANCE,188.0
2018-03-05,JSWSTEEL,319.0
2018-03-05,KOTAKBANK,246.4
2018-03-05,NIFTY 50,10669.8
2018-03-05,NIFTY BANK,25603.25
2018-03-05,ONGC,163.25
2018-03-05,TATAPOWER,86.85
2018-03-05,TATASTEEL,53.8
2018-03-05,TCS,1551.5
2018-03-05,TITAN,959.4
2018-03-05,WIPRO,97.55
2018-03-06,AXISBANK,513.8
2018-03-06,TCS,1520.5
2018-03-07,AXISBANK,515.2
2018-03-07,BAJFINANCE,233.0
2018-03-07,JSWSTEEL,312.6
2018-03-07,KOTAKBANK,271.0
2018-03-07,NIFTY 50,10707.85
2018-03-07,NIFTY BANK,26221.35
2018-03-07,ONGC,142.75
2018-03-07,TATAPOWER,72.3
2018-03-07,TATASTEEL,51.94
2018-03-07,TCS,1513.7
2018-03-07,TITAN,894.15
2018-03-07,WIPRO,94.15
2018-03-08,AXISBANK,521.15
2018-03-08,BAJFINANCE,268.0
2018-03-08,JSWSTEEL,338.0
2018-03-08,KOTAKBANK,261.6
2018-03-08,NIFTY 50,11362.25
2018-03-08,NIFTY BANK,27709.25
2018-03-08,ONGC,150.55
2018-03-08,TATAPOWER,72.3
2018-03-08,TATASTEEL,50.57
2018-03-08,TCS,1501.0
2018-03-08,TITAN,920.0
2018-03-08,WIPRO,99.85
2018-03-09,AXISBANK,507.0
2018-03-09,BAJFINANCE,272.0
2018-03-09,JSWSTEEL,396.8
2018-03-09,KOTAKBANK,253.4
2018-03-09,NIFTY 50,11571.05
2018-03-09,NIFTY BANK,27804.35
2018-03-09,ONGC,160.25
2018-03-09,TATAPOWER,78.5
2018-03-09,TATASTEEL,54.97
2018-03-09,TCS,1517.5
2018-03-09,TITAN,911.45
2018-03-09,WIPRO,111.05
2018-03-10,BAJFINANCE,222.0
2018-03-10,JSWSTEEL,381.4
2018-03-10,KOTAKBANK,221.0
2018-03-10,NIFTY 50,10850.45
2018-03-10,NIFTY BANK,25089.55
2018-03-10,ONGC,163.9
2018-03-10,TATAPOWER,67.5
2018-03-10,TATASTEEL,53.01
2018-03-10,TITAN,794.5
2018-03-10,WIPRO,117.85
2018-03-12,AXISBANK,518.6
2018-03-12,BAJFINANCE,251.0
2018-03-12,JSWSTEEL,316.1
2018-03-12,KOTAKBANK,245.4
2018-03-12,NIFTY 50,10889.8
2018-03-12,NIFTY BANK,26852.25
2018-03-12,ONGC,128.75
2018-03-12,TATAPOWER,82.15
2018-03-12,TATASTEEL,49.06
2018-03-12,TCS,1525.0
2018-03-12,TITAN,936.5
2018-03-12,WIPRO,117.8
2018-03-13,AXISBANK,531.2
2018-03-13,TCS,1443.05
2018-03-14,AXISBANK,537.45
2018-03-14,TCS,1443.93
2018-03-15,AXISBANK,530.0
2018-03-15,TCS,1433.45
2018-03-16,AXISBANK,524.75
2018-03-16,TCS,1414.5
2018-03-19,AXISBANK,522.0
2018-03-19,TCS,1414.38
2018-03-20,AXISBANK,523.0
2018-03-20,TCS,1435.48
2018-03-21,AXISBANK,525.8
2018-03-21,TCS,1428.05
2018-03-22,AXISBANK,518.5
2018-03-22,TCS,1412.0
2018-03-23,AXISBANK,498.25
2018-03-23,TCS,1404.6
2018-03-26,AXISBANK,508.05
2018-03-26,TCS,1408.5
2018-03-27,AXISBANK,514.95
2018-03-27,TCS,1421.9
2018-03-28,AXISBANK,510.55
2018-03-28,TCS,1424.68
2018-04-01,BAJFINANCE,175.0
2018-04-01,JSWSTEEL,277.2
2018-04-01,KOTAKBANK,200.4
2018-04-01,NIFTY 50,10505.35
2018-04-01,NIFTY BANK,25478.4
2018-04-01,ONGC,179.6
2018-04-01,TATAPOWER,99.5
2018-04-01,TATASTEEL,71.09
2018-04-01,TITAN,894.55
2018-04-01,WIPRO,111.6
2018-04-02,AXISBANK,499.3
2018-04-02,TCS,1451.5
2018-04-03,AXISBANK,502.0
2018-04-03,TCS,1454.28
2018-04-04,AXISBANK,491.95
2018-04-04,BAJFINANCE,185.0
2018-04-04,JSWSTEEL,295.5
2018-04-04,KOTAKBANK,215.6
2018-04-04,NIFTY 50,10119.9
2018-04-04,NIFTY BANK,24106.05
2018-04-04,ONGC,158.15
2018-04-04,TATAPOWER,82.7
2018-04-04,TATASTEEL,51.11
2018-04-04,TCS,1453.45
2018-04-04,TITAN,903.7
2018-04-04,WIPRO,100.95
2018-04-05,AXISBANK,502.9
2018-04-05,BAJFINANCE,186.5
2018-04-05,JSWSTEEL,317.9
2018-04-05,KOTAKBANK,246.7
2018-04-05,NIFTY 50,10614.85
2018-04-05,NIFTY BANK,25644.8
2018-04-05,ONGC,162.85
2018-04-05,TATAPOWER,84.45
2018-04-05,TATASTEEL,53.21
2018-04-05,TCS,1477.05
2018-04-05,TITAN,958.15
2018-04-05,WIPRO,97.1
2018-04-06,AXISBANK,498.75
2018-04-06,BAJFINANCE,206.0
2018-04-06,JSWSTEEL,333.1
2018-04-06,KOTAKBANK,260.8
2018-04-06,NIFTY 50,10624.55
2018-04-06,NIFTY BANK,26265.25
2018-04-06,ONGC,154.1
2018-04-06,TATAPOWER,77.25
2018-04-06,TATASTEEL,51.74
2018-04-06,TCS,1469.85
2018-04-06,TITAN,885.9
2018-04-06,WIPRO,93.45
2018-04-07,BAJFINANCE,233.0
2018-04-07,JSWSTEEL,312.8
2018-04-07,KOTAKBANK,272.9
2018-04-07,NIFTY 50,10771.65
2018-04-07,NIFTY BANK,26424.5
2018-04-07,ONGC,140.95
2018-04-07,TATAPOWER,72.0
2018-04-07,TATASTEEL,52.33
2018-04-07,TITAN,887.65
2018-04-07,WIPRO,94.15
2018-04-09,AXISBANK,517.4
2018-04-09,BAJFINANCE,275.0
2018-04-09,JSWSTEEL,392.45
2018-04-09,KOTAKBANK,251.8
2018-04-09,NIFTY 50,11523.15
2018-04-09,NIFTY BANK,27454.05
2018-04-09,ONGC,157.6
2018-04-09,TATAPOWER,74.0
2018-04-09,TATASTEEL,54.33
2018-04-09,TCS,1462.53
2018-04-09,TITAN,880.9
2018-04-09,WIPRO,113.1
2018-04-10,AXISBANK,547.5
2018-04-10,BAJFINANCE,217.0
2018-04-10,JSWSTEEL,375.05
2018-04-10,KOTAKBANK,213.8
2018-04-10,NIFTY 50,10552.7
2018-04-10,NIFTY BANK,24691.45
2018-04-10,ONGC,147.65
2018-04-10,TATAPOWER,66.85
2018-04-10,TATASTEEL,53.16
2018-04-10,TCS,1466.7
2018-04-10,TITAN,775.75
2018-04-10,WIPRO,116.95
2018-04-11,AXISBANK,539.85
2018-04-11,TCS,1505.0
2018-04-12,AXISBANK,546.1
2018-04-12,BAJFINANCE,254.0
2018-04-12,JSWSTEEL,312.8
2018-04-12,KOTAKBANK,245.2
2018-04-12,NIFTY 50,10869.7
2018-04-12,NIFTY BANK,26710.0
2018-04-12,ONGC,132.15
2018-04-12,TATAPOWER,81.15
2018-04-12,TATASTEEL,49.06
2018-04-12,TCS,1567.55
2018-04-12,TITAN,923.3
2018-04-12,WIPRO,120.25
2018-04-13,AXISBANK,543.5
2018-04-13,TCS,1572.75
2018-04-16,AXISBANK,542.9
2018-04-16,TCS,1592.75
2018-04-17,AXISBANK,532.45
2018-04-17,TCS,1581.8
2018-04-18,AXISBANK,517.75
2018-04-18,TCS,1579.65
2018-04-19,AXISBANK,514.4
2018-04-19,TCS,1595.58
2018-04-20,AXISBANK,506.9
2018-04-20,TCS,1707.0
2018-04-23,AXISBANK,506.85
2018-04-23,TCS,1699.18
2018-04-24,AXISBANK,507.75
2018-04-24,TCS,1689.75
2018-04-25,AXISBANK,497.85
2018-04-25,TCS,1732.88
2018-04-26,AXISBANK,490.9
2018-04-26,TCS,1761.98
2018-04-27,AXISBANK,540.0
2018-04-27,TCS,1729.0
2018-04-30,AXISBANK,518.5
2018-04-30,TCS,1764.5
2018-05-01,BAJFINANCE,182.0
2018-05-01,JSWSTEEL,285.05
2018-05-01,KOTAKBANK,200.6
2018-05-01,NIFTY 50,10561.35
2018-05-01,NIFTY BANK,25619.9
2018-05-01,ONGC,178.7
2018-05-01,TATAPOWER,99.4
2018-05-01,TATASTEEL,71.63
2018-05-01,TITAN,909.0
2018-05-01,WIPRO,111.4
2018-05-02,AXISBANK,524.85
2018-05-02,BAJFINANCE,161.5
2018-05-02,JSWSTEEL,293.1
2018-05-02,KOTAKBANK,212.6
2018-05-02,NIFTY 50,10690.75
2018-05-02,NIFTY BANK,26147.3
2018-05-02,ONGC,170.95
2018-05-02,TATAPOWER,85.05
2018-05-02,TATASTEEL,61.56
2018-05-02,TCS,1750.0
2018-05-02,TITAN,806.0
2018-05-02,WIPRO,107.25
2018-05-03,AXISBANK,533.1
2018-05-03,BAJFINANCE,163.0
2018-05-03,JSWSTEEL,292.7
2018-05-03,KOTAKBANK,219.6
2018-05-03,NIFTY 50,10357.3
2018-05-03,NIFTY BANK,24800.6
2018-05-03,ONGC,167.4
2018-05-03,TATAPOWER,82.35
2018-05-03,TATASTEEL,60.54
2018-05-03,TCS,1740.88
2018-05-03,TITAN,810.0
2018-05-03,WIPRO,104.3
2018-05-04,AXISBANK,522.25
2018-05-04,BAJFINANCE,191.5
2018-05-04,JSWSTEEL,307.9
2018-05-04,KOTAKBANK,223.2
2018-05-04,NIFTY 50,10327.65
2018-05-04,NIFTY BANK,24790.25
2018-05-04,ONGC,160.7
2018-05-04,TATAPOWER,83.35
2018-05-04,TATASTEEL,53.16
2018-05-04,TCS,1739.5
2018-05-04,TITAN,921.0
2018-05-04,WIPRO,102.85
2018-05-06,BAJFINANCE,211.5
2018-05-06,JSWSTEEL,330.75
2018-05-06,KOTAKBANK,261.0
2018-05-06,NIFTY 50,10605.75
2018-05-06,NIFTY BANK,26263.75
2018-05-06,ONGC,154.65
2018-05-06,TATAPOWER,78.7
2018-05-06,TATASTEEL,52.53
2018-05-06,TITAN,863.95
2018-05-06,WIPRO,92.05
2018-05-07,AXISBANK,536.1
2018-05-07,BAJFINANCE,233.0
2018-05-07,JSWSTEEL,310.25
2018-05-07,KOTAKBANK,273.0
2018-05-07,NIFTY 50,10753.4
2018-05-07,NIFTY BANK,26500.75
2018-05-07,ONGC,141.7
2018-05-07,TATAPOWER,71.25
2018-05-07,TATASTEEL,50.57
2018-05-07,TCS,1714.0
2018-05-07,TITAN,836.0
2018-05-07,WIPRO,94.8
2018-05-08,AXISBANK,543.15
2018-05-08,TCS,1720.2
2018-05-09,AXISBANK,548.5
2018-05-09,BAJFINANCE,270.5
2018-05-09,JSWSTEEL,399.55
2018-05-09,KOTAKBANK,247.4
2018-05-09,NIFTY 50,11471.3
2018-05-09,NIFTY BANK,27371.0
2018-05-09,ONGC,157.0
2018-05-09,TATAPOWER,75.15
2018-05-09,TATASTEEL,54.53
2018-05-09,TCS,1744.25
2018-05-09,TITAN,865.35
2018-05-09,WIPRO,114.9
2018-05-10,AXISBANK,546.05
2018-05-10,BAJFINANCE,196.5
2018-05-10,JSWSTEEL,362.0
2018-05-10,KOTAKBANK,209.4
2018-05-10,NIFTY 50,10263.55
2018-05-10,NIFTY BANK,24306.35
2018-05-10,ONGC,132.9
2018-05-10,TATAPOWER,62.4
2018-05-10,TATASTEEL,51.69
2018-05-10,TCS,1723.15
2018-05-10,TITAN,785.5
2018-05-10,WIPRO,115.75
2018-05-11,AXISBANK,556.0
2018-05-11,BAJFINANCE,236.0
2018-05-11,JSWSTEEL,354.0
2018-05-11,KOTAKBANK,226.0
2018-05-11,NIFTY 50,10526.15
2018-05-11,NIFTY BANK,25747.55
2018-05-11,ONGC,140.4
2018-05-11,TATAPOWER,75.7
2018-05-11,TATASTEEL,52.87
2018-05-11,TCS,1730.5
2018-05-11,TITAN,862.6
2018-05-11,WIPRO,116.45
2018-05-12,BAJFINANCE,251.0
2018-05-12,JSWSTEEL,304.2
2018-05-12,KOTAKBANK,242.7
2018-05-12,NIFTY 50,10790.35
2018-05-12,NIFTY BANK,26542.9
2018-05-12,ONGC,129.4
2018-05-12,TATAPOWER,80.5
2018-05-12,TATASTEEL,46.95
2018-05-12,TITAN,919.9
2018-05-12,WIPRO,120.85
2018-05-14,AXISBANK,551.1
2018-05-14,TCS,1720.0
2018-05-15,AXISBANK,549.1
2018-05-15,TCS,1743.5
2018-05-16,AXISBANK,548.95
2018-05-16,TCS,1748.5
2018-05-17,AXISBANK,537.25
2018-05-17,TCS,1740.4
2018-05-18,AXISBANK,535.0
2018-05-18,TCS,1747.5
2018-05-21,AXISBANK,528.0
2018-05-21,TCS,1775.0
2018-05-22,AXISBANK,522.8
2018-05-22,TCS,1757.2
2018-05-23,AXISBANK,519.8
2018-05-23,TCS,1749.48
2018-05-24,AXISBANK,535.45
2018-05-24,TCS,1805.38
2018-05-25,AXISBANK,541.2
2018-05-25,TCS,1794.95
2018-05-28,AXISBANK,547.0
2018-05-28,TCS,1749.68
2018-05-29,AXISBANK,547.0
2018-05-29,TCS,1759.98
2018-05-30,AXISBANK,540.85
2018-05-30,TCS,1753.75
2018-05-31,AXISBANK,544.1
2018-05-31,TCS,1746.0
2018-06-01,AXISBANK,538.5
2018-06-01,TCS,1732.15
2018-06-02,BAJFINANCE,166.5
2018-06-02,JSWSTEEL,281.3
2018-06-02,KOTAKBANK,207.4
2018-06-02,NIFTY 50,10520.35
2018-06-02,NIFTY BANK,25905.9
2018-06-02,ONGC,168.0
2018-06-02,TATAPOWER,82.7
2018-06-02,TATASTEEL,61.56
2018-06-02,TITAN,781.45
2018-06-02,WIPRO,105.9
2018-06-03,BAJFINANCE,163.0
2018-06-03,JSWSTEEL,293.35
2018-06-03,KOTAKBANK,215.9
2018-06-03,NIFTY 50,10223.6
2018-06-03,NIFTY BANK,24382.0
2018-06-03,ONGC,167.45
2018-06-03,TATAPOWER,81.55
2018-06-03,TATASTEEL,60.93
2018-06-03,TITAN,800.5
2018-06-03,WIPRO,103.5
2018-06-04,AXISBANK,537.55
2018-06-04,BAJFINANCE,193.5
2018-06-04,JSWSTEEL,307.55
2018-06-04,KOTAKBANK,222.5
2018-06-04,NIFTY 50,10320.95
2018-06-04,NIFTY BANK,24811.35
2018-06-04,ONGC,160.0
2018-06-04,TATAPOWER,84.0
2018-06-04,TATASTEEL,53.75
2018-06-04,TCS,1742.0
2018-06-04,TITAN,938.95
2018-06-04,WIPRO,102.05
2018-06-05,AXISBANK,530.65
2018-06-05,TCS,1723.0
2018-06-06,AXISBANK,532.0
2018-06-06,BAJFINANCE,217.0
2018-06-06,JSWSTEEL,338.5
2018-06-06,KOTAKBANK,263.6
2018-06-06,NIFTY 50,10687.85
2018-06-06,NIFTY BANK,26373.1
2018-06-06,ONGC,154.65
2018-06-06,TATAPOWER,78.3
2018-06-06,TATASTEEL,53.16
2018-06-06,TCS,1725.0
2018-06-06,TITAN,902.0
2018-06-06,WIPRO,93.35
2018-06-07,AXISBANK,542.75
2018-06-07,BAJFINANCE,234.5
2018-06-07,JSWSTEEL,309.3
2018-06-07,KOTAKBANK,274.2
2018-06-07,NIFTY 50,10770.0
2018-06-07,NIFTY BANK,26503.45
2018-06-07,ONGC,140.6
2018-06-07,TATAPOWER,71.7
2018-06-07,TATASTEEL,50.57
2018-06-07,TCS,1734.05
2018-06-07,TITAN,827.0
2018-06-07,WIPRO,94.3
2018-06-08,AXISBANK,536.7
2018-06-08,BAJFINANCE,269.5
2018-06-08,JSWSTEEL,337.7
2018-06-08,KOTAKBANK,256.8
2018-06-08,NIFTY 50,11389.25
2018-06-08,NIFTY BANK,27898.25
2018-06-08,ONGC,152.8
2018-06-08,TATAPOWER,71.85
2018-06-08,TATASTEEL,50.47
2018-06-08,TCS,1744.45
2018-06-08,TITAN,901.95
2018-06-08,WIPRO,99.3
2018-06-09,BAJFINANCE,267.0
2018-06-09,JSWSTEEL,398.1
2018-06-09,KOTAKBANK,251.7
2018-06-09,NIFTY 50,11519.15
2018-06-09,NIFTY BANK,27424.15
2018-06-09,ONGC,157.15
2018-06-09,TATAPOWER,74.7
2018-06-09,TATASTEEL,55.02
2018-06-09,TITAN,867.0
2018-06-09,WIPRO,115.05
2018-06-11,AXISBANK,542.35
2018-06-11,BAJFINANCE,233.5
2018-06-11,JSWSTEEL,349.0
2018-06-11,KOTAKBANK,225.6
2018-06-11,NIFTY 50,10520.4
2018-06-11,NIFTY BANK,25601.8
2018-06-11,ONGC,141.0
2018-06-11,TATAPOWER,75.5
2018-06-11,TATASTEEL,52.82
2018-06-11,TCS,1750.9
2018-06-11,TITAN,848.95
2018-06-11,WIPRO,116.2
2018-06-12,AXISBANK,537.6
2018-06-12,BAJFINANCE,242.5
2018-06-12,JSWSTEEL,306.0
2018-06-12,KOTAKBANK,236.9
2018-06-12,NIFTY 50,10593.95
2018-06-12,NIFTY BANK,26203.3
2018-06-12,ONGC,126.7
2018-06-12,TATAPOWER,79.05
2018-06-12,TATASTEEL,46.32
2018-06-12,TCS,1781.05
2018-06-12,TITAN,906.6
2018-06-12,WIPRO,118.6
2018-06-13,AXISBANK,540.5
2018-06-13,TCS,1824.0
2018-06-14,AXISBANK,531.7
2018-06-14,TCS,1785.0
2018-06-15,AXISBANK,531.2
2018-06-15,TCS,1840.0
2018-06-18,ADANIGREEN,31.5
2018-06-18,AXISBANK,522.5
2018-06-18,TCS,1824.0
2018-06-19,ADANIGREEN,33.05
2018-06-19,AXISBANK,517.4
2018-06-19,TCS,1823.0
2018-06-20,ADANIGREEN,31.0
2018-06-20,AXISBANK,519.05
2018-06-20,TCS,1820.0
2018-06-21,ADANIGREEN,29.45
2018-06-21,AXISBANK,513.0
2018-06-21,TCS,1820.0
2018-06-22,ADANIGREEN,29.7
2018-06-22,AXISBANK,524.55
2018-06-22,TCS,1809.0
2018-06-25,ADANIGREEN,28.8
2018-06-25,AXISBANK,516.8
2018-06-25,TCS,1817.75
2018-06-26,ADANIGREEN,29.0
2018-06-26,AXISBANK,513.05
2018-06-26,TCS,1852.05
2018-06-27,ADANIGREEN,27.4
2018-06-27,AXISBANK,509.0
2018-06-27,TCS,1857.0
2018-06-28,ADANIGREEN,26.05
2018-06-28,AXISBANK,502.65
2018-06-28,TCS,1844.1
2018-06-29,ADANIGREEN,27.35
2018-06-29,AXISBANK,508.15
2018-06-29,TCS,1845.0
2018-07-02,ADANIGREEN,25.45
2018-07-02,AXISBANK,511.2
2018-07-02,BAJFINANCE,163.0
2018-07-02,JSWSTEEL,289.7
2018-07-02,KOTAKBANK,206.6
2018-07-02,NIFTY 50,10459.5
2018-07-02,NIFTY BANK,25619.3
2018-07-02,ONGC,171.05
2018-07-02,TATAPOWER,84.15
2018-07-02,TATASTEEL,60.88
2018-07-02,TCS,1854.05
2018-07-02,TITAN,784.5
2018-07-02,WIPRO,103.95
2018-07-03,ADANIGREEN,26.6
2018-07-03,AXISBANK,512.0
2018-07-03,BAJFINANCE,162.5
2018-07-03,JSWSTEEL,289.8
2018-07-03,KOTAKBANK,217.6
2018-07-03,NIFTY 50,10163.55
2018-07-03,NIFTY BANK,24161.1
2018-07-03,ONGC,164.25
2018-07-03,TATAPOWER,79.05
2018-07-03,TATASTEEL,60.0
2018-07-03,TCS,1874.95
2018-07-03,TITAN,816.95
2018-07-03,WIPRO,102.3
2018-07-04,ADANIGREEN,29.8
2018-07-04,AXISBANK,515.1
2018-07-04,TCS,1866.95
2018-07-05,ADANIGREEN,29.75
2018-07-05,AXISBANK,511.8
2018-07-05,BAJFINANCE,189.0
2018-07-05,JSWSTEEL,326.7
2018-07-05,KOTAKBANK,248.6
2018-07-05,NIFTY 50,10722.75
2018-07-05,NIFTY BANK,25895.0
2018-07-05,ONGC,166.45
2018-07-05,TATAPOWER,84.85
2018-07-05,TATASTEEL,54.77
2018-07-05,TCS,1883.8
2018-07-05,TITAN,967.9
2018-07-05,WIPRO,98.55
2018-07-06,ADANIGREEN,30.5
2018-07-06,AXISBANK,511.8
2018-07-06,BAJFINANCE,217.0
2018-07-06,JSWSTEEL,343.5
2018-07-06,KOTAKBANK,262.3
2018-07-06,NIFTY 50,10762.2
2018-07-06,NIFTY BANK,26523.25
2018-07-06,ONGC,156.45
2018-07-06,TATAPOWER,78.6
2018-07-06,TATASTEEL,55.31
2018-07-06,TCS,1917.75
2018-07-06,TITAN,887.0
2018-07-06,WIPRO,95.05
2018-07-08,BAJFINANCE,275.0
2018-07-08,JSWSTEEL,340.3
2018-07-08,KOTAKBANK,256.8
2018-07-08,NIFTY 50,11389.1
2018-07-08,NIFTY BANK,27872.3
2018-07-08,ONGC,151.4
2018-07-08,TATAPOWER,70.2
2018-07-08,TATASTEEL,52.72
2018-07-08,TITAN,929.0
2018-07-08,WIPRO,99.7
2018-07-09,ADANIGREEN,30.65
2018-07-09,AXISBANK,523.9
2018-07-09,BAJFINANCE,275.0
2018-07-09,JSWSTEEL,406.55
2018-07-09,KOTAKBANK,248.7
2018-07-09,NIFTY 50,11586.05
2018-07-09,NIFTY BANK,27460.45
2018-07-09,ONGC,155.15
2018-07-09,TATAPOWER,75.5
2018-07-09,TATASTEEL,56.68
2018-07-09,TCS,1885.0
2018-07-09,TITAN,868.8
2018-07-09,WIPRO,116.2
2018-07-10,ADANIGREEN,31.0
2018-07-10,AXISBANK,531.95
2018-07-10,TCS,1875.55
2018-07-11,ADANIGREEN,31.85
2018-07-11,AXISBANK,537.4
2018-07-11,BAJFINANCE,235.0
2018-07-11,JSWSTEEL,352.0
2018-07-11,KOTAKBANK,226.6
2018-07-11,NIFTY 50,10600.25
2018-07-11,NIFTY BANK,25737.4
2018-07-11,ONGC,141.9
2018-07-11,TATAPOWER,75.85
2018-07-11,TATASTEEL,53.16
2018-07-11,TCS,1970.0
2018-07-11,TITAN,849.0
2018-07-11,WIPRO,116.75
2018-07-12,ADANIGREEN,31.15
2018-07-12,AXISBANK,536.3
2018-07-12,BAJFINANCE,249.0
2018-07-12,JSWSTEEL,301.45
2018-07-12,KOTAKBANK,256.9
2018-07-12,NIFTY 50,10702.2
2018-07-12,NIFTY BANK,26642.9
2018-07-12,ONGC,125.85
2018-07-12,TATAPOWER,79.1
2018-07-12,TATASTEEL,46.22
2018-07-12,TCS,1974.1
2018-07-12,TITAN,916.0
2018-07-12,WIPRO,119.75
2018-07-13,ADANIGREEN,31.3
2018-07-13,AXISBANK,523.5
2018-07-13,TCS,1977.05
2018-07-16,ADANIGREEN,31.25
2018-07-16,AXISBANK,519.0
2018-07-16,TCS,1988.85
2018-07-17,ADANIGREEN,31.5
2018-07-17,AXISBANK,537.8
2018-07-17,TCS,2000.0
2018-07-18,ADANIGREEN,29.7
2018-07-18,AXISBANK,527.1
2018-07-18,TCS,2000.0
2018-07-19,ADANIGREEN,30.15
2018-07-19,AXISBANK,526.55
2018-07-19,TCS,1986.0
2018-07-20,ADANIGREEN,35.6
2018-07-20,AXISBANK,533.7
2018-07-20,TCS,1998.1
2018-07-23,ADANIGREEN,42.45
2018-07-23,AXISBANK,539.5
2018-07-23,TCS,2001.1
2018-07-24,ADANIGREEN,46.65
2018-07-24,AXISBANK,548.1
2018-07-24,TCS,1996.45
2018-07-25,ADANIGREEN,51.3
2018-07-25,AXISBANK,532.45
2018-07-25,TCS,1977.5
2018-07-26,ADANIGREEN,53.2
2018-07-26,AXISBANK,542.85
2018-07-26,TCS,1956.0
2018-07-27,ADANIGREEN,52.25
2018-07-27,AXISBANK,551.35
2018-07-27,TCS,1943.75
2018-07-30,ADANIGREEN,57.55
2018-07-30,AXISBANK,569.25
2018-07-30,TCS,1944.3
2018-07-31,ADANIGREEN,60.4
2018-07-31,AXISBANK,549.35
2018-07-31,TCS,1944.1
2018-08-01,ADANIGREEN,63.4
2018-08-01,AXISBANK,542.3
2018-08-01,BAJFINANCE,183.0
2018-08-01,JSWSTEEL,285.5
2018-08-01,KOTAKBANK,201.1
2018-08-01,NIFTY 50,10617.85
2018-08-01,NIFTY BANK,25670.0
2018-08-01,ONGC,178.25
2018-08-01,TATAPOWER,100.0
2018-08-01,TATASTEEL,71.53
2018-08-01,TCS,1973.8
2018-08-01,TITAN,924.7
2018-08-01,WIPRO,112.0
2018-08-02,ADANIGREEN,66.55
2018-08-02,AXISBANK,545.0
2018-08-02,BAJFINANCE,165.5
2018-08-02,JSWSTEEL,306.2
2018-08-02,KOTAKBANK,209.9
2018-08-02,NIFTY 50,10579.3
2018-08-02,NIFTY BANK,25929.05
2018-08-02,ONGC,170.45
2018-08-02,TATAPOWER,84.9
2018-08-02,TATASTEEL,62.25
2018-08-02,TCS,1948.0
2018-08-02,TITAN,800.8
2018-08-02,WIPRO,104.15
2018-08-03,ADANIGREEN,69.85
2018-08-03,AXISBANK,575.0
2018-08-03,BAJFINANCE,163.0
2018-08-03,JSWSTEEL,289.5
2018-08-03,KOTAKBANK,216.6
2018-08-03,NIFTY 50,10236.35
2018-08-03,NIFTY BANK,24479.3
2018-08-03,ONGC,163.15
2018-08-03,TATAPOWER,79.45
2018-08-03,TATASTEEL,58.63
2018-08-03,TCS,1978.0
2018-08-03,TITAN,816.9
2018-08-03,WIPRO,102.4
2018-08-05,BAJFINANCE,187.5
2018-08-05,JSWSTEEL,323.05
2018-08-05,KOTAKBANK,248.4
2018-08-05,NIFTY 50,10714.3
2018-08-05,NIFTY BANK,26090.6
2018-08-05,ONGC,165.3
2018-08-05,TATAPOWER,83.95
2018-08-05,TATASTEEL,54.48
2018-08-05,TITAN,974.8
2018-08-05,WIPRO,98.1
2018-08-06,ADANIGREEN,73.3
2018-08-06,AXISBANK,595.9
2018-08-06,BAJFINANCE,221.0
2018-08-06,JSWSTEEL,343.3
2018-08-06,KOTAKBANK,263.0
2018-08-06,NIFTY 50,10759.35
2018-08-06,NIFTY BANK,26447.2
2018-08-06,ONGC,156.35
2018-08-06,TATAPOWER,77.9
2018-08-06,TATASTEEL,55.11
2018-08-06,TCS,1976.45
2018-08-06,TITAN,895.0
2018-08-06,WIPRO,94.85
2018-08-07,ADANIGREEN,69.65
2018-08-07,AXISBANK,591.8
2018-08-07,TCS,1969.0
2018-08-08,ADANIGREEN,66.2
2018-08-08,AXISBANK,595.8
2018-08-08,BAJFINANCE,281.0
2018-08-08,JSWSTEEL,343.0
2018-08-08,KOTAKBANK,257.8
2018-08-08,NIFTY 50,11455.2
2018-08-08,NIFTY BANK,28066.1
2018-08-08,ONGC,156.15
2018-08-08,TATAPOWER,69.5
2018-08-08,TATASTEEL,52.87
2018-08-08,TCS,1975.0
2018-08-08,TITAN,935.9
2018-08-08,WIPRO,99.85
2018-08-09,ADANIGREEN,62.9
2018-08-09,AXISBANK,621.05
2018-08-09,TCS,1978.0
2018-08-10,ADANIGREEN,66.0
2018-08-10,AXISBANK,616.75
2018-08-10,BAJFINANCE,196.0
2018-08-10,JSWSTEEL,379.0
2018-08-10,KOTAKBANK,220.6
2018-08-10,NIFTY 50,10352.75
2018-08-10,NIFTY BANK,24624.9
2018-08-10,ONGC,135.6
2018-08-10,TATAPOWER,61.75
2018-08-10,TATASTEEL,51.5
2018-08-10,TCS,1992.0
2018-08-10,TITAN,813.45
2018-08-10,WIPRO,114.05
2018-08-13,ADANIGREEN,62.7
2018-08-13,AXISBANK,605.5
2018-08-13,TCS,1999.5
2018-08-14,ADANIGREEN,59.6
2018-08-14,AXISBANK,618.45
2018-08-14,TCS,2000.0
2018-08-16,ADANIGREEN,56.65
2018-08-16,AXISBANK,625.3
2018-08-16,TCS,2009.1
2018-08-17,ADANIGREEN,54.9
2018-08-17,AXISBANK,627.1
2018-08-17,TCS,2010.0
2018-08-20,ADANIGREEN,57.4
2018-08-20,AXISBANK,624.1
2018-08-20,TCS,2014.15
2018-08-21,ADANIGREEN,57.05
2018-08-21,AXISBANK,637.0
2018-08-21,TCS,2015.0
2018-08-23,ADANIGREEN,57.3
2018-08-23,AXISBANK,633.5
2018-08-23,TCS,2033.9
2018-08-24,ADANIGREEN,55.0
2018-08-24,AXISBANK,638.7
2018-08-24,TCS,2042.0
2018-08-27,ADANIGREEN,55.1
2018-08-27,AXISBANK,648.0
2018-08-27,TCS,2050.05
2018-08-28,ADANIGREEN,58.25
2018-08-28,AXISBANK,659.35
2018-08-28,TCS,2069.95
2018-08-29,ADANIGREEN,61.15
2018-08-29,AXISBANK,655.5
2018-08-29,TCS,2073.25
2018-08-30,ADANIGREEN,59.2
2018-08-30,AXISBANK,649.55
2018-08-30,TCS,2083.0
2018-08-31,ADANIGREEN,57.15
2018-08-31,AXISBANK,649.3
2018-08-31,TCS,2078.0
2018-09-01,BAJFINANCE,181.0
2018-09-01,JSWSTEEL,283.5
2018-09-01,KOTAKBANK,202.0
2018-09-01,NIFTY 50,10628.3
2018-09-01,NIFTY BANK,25688.0
2018-09-01,ONGC,177.9
2018-09-01,TATAPOWER,98.9
2018-09-01,TATASTEEL,71.78
2018-09-01,TITAN,932.0
2018-09-01,WIPRO,113.45
2018-09-02,BAJFINANCE,164.0
2018-09-02,JSWSTEEL,308.95
2018-09-02,KOTAKBANK,207.2
2018-09-02,NIFTY 50,10466.8
2018-09-02,NIFTY BANK,25494.7
2018-09-02,ONGC,169.65
2018-09-02,TATAPOWER,85.05
2018-09-02,TATASTEEL,63.37
2018-09-02,TITAN,796.05
2018-09-02,WIPRO,102.5
2018-09-03,ADANIGREEN,56.2
2018-09-03,AXISBANK,630.7
2018-09-03,BAJFINANCE,166.0
2018-09-03,JSWSTEEL,292.8
2018-09-03,KOTAKBANK,216.0
2018-09-03,NIFTY 50,10229.8
2018-09-03,NIFTY BANK,24290.25
2018-09-03,ONGC,162.65
2018-09-03,TATAPOWER,80.0
2018-09-03,TATASTEEL,56.34
2018-09-03,TCS,2050.0
2018-09-03,TITAN,818.6
2018-09-03,WIPRO,102.55
2018-09-04,ADANIGREEN,53.9
2018-09-04,AXISBANK,642.75
2018-09-04,BAJFINANCE,194.0
2018-09-04,JSWSTEEL,309.4
2018-09-04,KOTAKBANK,223.2
2018-09-04,NIFTY 50,10373.35
2018-09-04,NIFTY BANK,25074.1
2018-09-04,ONGC,161.5
2018-09-04,TATAPOWER,85.0
2018-09-04,TATASTEEL,53.65
2018-09-04,TCS,2100.0
2018-09-04,TITAN,959.5
2018-09-04,WIPRO,102.2
2018-09-05,ADANIGREEN,52.4
2018-09-05,AXISBANK,637.0
2018-09-05,BAJFINANCE,185.0
2018-09-05,JSWSTEEL,321.8
2018-09-05,KOTAKBANK,250.7
2018-09-05,NIFTY 50,10748.55
2018-09-05,NIFTY BANK,26155.5
2018-09-05,ONGC,165.05
2018-09-05,TATAPOWER,82.95
2018-09-05,TATASTEEL,55.55
2018-09-05,TCS,2077.0
2018-09-05,TITAN,985.75
2018-09-05,WIPRO,97.35
2018-09-06,ADANIGREEN,54.85
2018-09-06,AXISBANK,637.5
2018-09-06,TCS,2074.5
2018-09-07,ADANIGREEN,55.75
2018-09-07,AXISBANK,644.7
2018-09-07,BAJFINANCE,234.5
2018-09-07,JSWSTEEL,312.1
2018-09-07,KOTAKBANK,276.8
2018-09-07,NIFTY 50,10851.05
2018-09-07,NIFTY BANK,26740.75
2018-09-07,ONGC,142.95
2018-09-07,TATAPOWER,73.6
2018-09-07,TATASTEEL,50.77
2018-09-07,TCS,2078.75
2018-09-07,TITAN,819.95
2018-09-07,WIPRO,95.2
2018-09-08,BAJFINANCE,282.5
2018-09-08,JSWSTEEL,342.8
2018-09-08,KOTAKBANK,255.6
2018-09-08,NIFTY 50,11471.1
2018-09-08,NIFTY BANK,28312.8
2018-09-08,ONGC,152.7
2018-09-08,TATAPOWER,69.85
2018-09-08,TATASTEEL,53.8
2018-09-08,TITAN,914.95
2018-09-08,WIPRO,100.05
2018-09-10,ADANIGREEN,54.2
2018-09-10,AXISBANK,651.95
2018-09-10,BAJFINANCE,206.0
2018-09-10,JSWSTEEL,370.0
2018-09-10,KOTAKBANK,222.3
2018-09-10,NIFTY 50,10291.8
2018-09-10,NIFTY BANK,24530.45
2018-09-10,ONGC,132.7
2018-09-10,TATAPOWER,61.2
2018-09-10,TATASTEEL,52.33
2018-09-10,TCS,2084.0
2018-09-10,TITAN,749.0
2018-09-10,WIPRO,115.35
2018-09-11,ADANIGREEN,53.15
2018-09-11,AXISBANK,650.5
2018-09-11,BAJFINANCE,237.5
2018-09-11,JSWSTEEL,346.7
2018-09-11,KOTAKBANK,227.6
2018-09-11,NIFTY 50,10581.55
2018-09-11,NIFTY BANK,25766.5
2018-09-11,ONGC,141.35
2018-09-11,TATAPOWER,75.95
2018-09-11,TATASTEEL,52.38
2018-09-11,TCS,2045.2
2018-09-11,TITAN,846.0
2018-09-11,WIPRO,116.45
2018-09-12,ADANIGREEN,52.5
2018-09-12,AXISBANK,636.5
2018-09-12,TCS,2045.0
2018-09-14,ADANIGREEN,55.25
2018-09-14,AXISBANK,636.65
2018-09-14,TCS,2066.0
2018-09-17,ADANIGREEN,54.2
2018-09-17,AXISBANK,624.6
2018-09-17,TCS,2072.45
2018-09-18,ADANIGREEN,53.35
2018-09-18,AXISBANK,609.0
2018-09-18,TCS,2074.0
2018-09-19,ADANIGREEN,51.7
2018-09-19,AXISBANK,610.45
2018-09-19,TCS,2076.7
2018-09-21,ADANIGREEN,49.25
2018-09-21,AXISBANK,593.4
2018-09-21,TCS,2111.9
2018-09-24,ADANIGREEN,46.8
2018-09-24,AXISBANK,596.4
2018-09-24,TCS,2208.5
2018-09-25,ADANIGREEN,44.9
2018-09-25,AXISBANK,614.0
2018-09-25,TCS,2183.1
2018-09-26,ADANIGREEN,45.3
2018-09-26,AXISBANK,617.65
2018-09-26,TCS,2147.15
2018-09-27,ADANIGREEN,42.95
2018-09-27,AXISBANK,601.1
2018-09-27,TCS,2185.0
2018-09-28,ADANIGREEN,40.85
2018-09-28,AXISBANK,616.4
2018-09-28,TCS,2186.0
2018-10-01,ADANIGREEN,38.85
2018-10-01,AXISBANK,592.85
2018-10-01,BAJFINANCE,180.0
2018-10-01,JSWSTEEL,282.1
2018-10-01,KOTAKBANK,200.4
2018-10-01,NIFTY 50,10625.4
2018-10-01,NIFTY BANK,25590.15
2018-10-01,ONGC,178.95
2018-10-01,TATAPOWER,98.3
2018-10-01,TATASTEEL,72.12
2018-10-01,TCS,2252.4
2018-10-01,TITAN,915.0
2018-10-01,WIPRO,117.25
2018-10-03,ADANIGREEN,37.25
2018-10-03,AXISBANK,571.95
2018-10-03,TCS,2157.0
2018-10-04,ADANIGREEN,35.4
2018-10-04,AXISBANK,583.85
2018-10-04,BAJFINANCE,192.0
2018-10-04,JSWSTEEL,311.8
2018-10-04,KOTAKBANK,222.8
2018-10-04,NIFTY 50,10401.35
2018-10-04,NIFTY BANK,25227.8
2018-10-04,ONGC,162.6
2018-10-04,TATAPOWER,86.85
2018-10-04,TATASTEEL,55.46
2018-10-04,TCS,2063.0
2018-10-04,TITAN,960.0
2018-10-04,WIPRO,102.7
2018-10-05,ADANIGREEN,33.65
2018-10-05,AXISBANK,570.65
2018-10-05,BAJFINANCE,183.5
2018-10-05,JSWSTEEL,320.0
2018-10-05,KOTAKBANK,249.0
2018-10-05,NIFTY 50,10710.35
2018-10-05,NIFTY BANK,26062.7
2018-10-05,ONGC,169.95
2018-10-05,TATAPOWER,81.6
2018-10-05,TATASTEEL,54.48
2018-10-05,TCS,2100.0
2018-10-05,TITAN,981.0
2018-10-05,WIPRO,97.25
2018-10-07,BAJFINANCE,236.5
2018-10-07,JSWSTEEL,317.2
2018-10-07,KOTAKBANK,274.2
2018-10-07,NIFTY 50,10947.1
2018-10-07,NIFTY BANK,26892.3
2018-10-07,ONGC,142.8
2018-10-07,TATAPOWER,72.95
2018-10-07,TATASTEEL,52.09
2018-10-07,TITAN,831.65
2018-10-07,WIPRO,97.55
2018-10-08,ADANIGREEN,32.0
2018-10-08,AXISBANK,556.7
2018-10-08,BAJFINANCE,281.5
2018-10-08,JSWSTEEL,340.25
2018-10-08,KOTAKBANK,257.6
2018-10-08,NIFTY 50,11421.3
2018-10-08,NIFTY BANK,28107.05
2018-10-08,ONGC,152.75
2018-10-08,TATAPOWER,69.25
2018-10-08,TATASTEEL,52.67
2018-10-08,TCS,2077.4
2018-10-08,TITAN,916.85
2018-10-08,WIPRO,100.0
2018-10-09,ADANIGREEN,30.4
2018-10-09,AXISBANK,549.8
2018-10-09,BAJFINANCE,261.0
2018-10-09,JSWSTEEL,399.5
2018-10-09,KOTAKBANK,245.6
2018-10-09,NIFTY 50,11439.5
2018-10-09,NIFTY BANK,27209.25
2018-10-09,ONGC,152.1
2018-10-09,TATAPOWER,73.95
2018-10-09,TATASTEEL,56.43
2018-10-09,TCS,2095.9
2018-10-09,TITAN,856.05
2018-10-09,WIPRO,116.8
2018-10-10,ADANIGREEN,31.9
2018-10-10,AXISBANK,588.8
2018-10-10,BAJFINANCE,226.0
2018-10-10,JSWSTEEL,376.4
2018-10-10,KOTAKBANK,228.0
2018-10-10,NIFTY 50,10462.7
2018-10-10,NIFTY BANK,25316.3
2018-10-10,ONGC,134.35
2018-10-10,TATAPOWER,65.2
2018-10-10,TATASTEEL,53.11
2018-10-10,TCS,2044.0
2018-10-10,TITAN,790.0
2018-10-10,WIPRO,113.9
2018-10-11,ADANIGREEN,33.45
2018-10-11,AXISBANK,582.3
2018-10-11,TCS,1995.0
2018-10-12,ADANIGREEN,35.1
2018-10-12,AXISBANK,584.6
2018-10-12,BAJFINANCE,239.5
2018-10-12,JSWSTEEL,292.5
2018-10-12,KOTAKBANK,240.3
2018-10-12,NIFTY 50,10477.3
2018-10-12,NIFTY BANK,26099.35
2018-10-12,ONGC,123.9
2018-10-12,TATAPOWER,77.8
2018-10-12,TATASTEEL,45.54
2018-10-12,TCS,1920.0
2018-10-12,TITAN,907.0
2018-10-12,WIPRO,116.85
2018-10-15,ADANIGREEN,36.85
2018-10-15,AXISBANK,577.0
2018-10-15,TCS,1954.6
2018-10-16,ADANIGREEN,38.65
2018-10-16,AXISBANK,587.0
2018-10-16,TCS,1963.05
2018-10-17,ADANIGREEN,39.6
2018-10-17,AXISBANK,576.0
2018-10-17,TCS,1930.0
2018-10-19,ADANIGREEN,37.4
2018-10-19,AXISBANK,562.55
2018-10-19,TCS,1915.7
2018-10-22,ADANIGREEN,35.7
2018-10-22,AXISBANK,562.0
2018-10-22,TCS,1900.25
2018-10-23,ADANIGREEN,35.5
2018-10-23,AXISBANK,566.3
2018-10-23,TCS,1847.75
2018-10-24,ADANIGREEN,37.0
2018-10-24,AXISBANK,565.4
2018-10-24,TCS,1865.5
2018-10-25,ADANIGREEN,36.75
2018-10-25,AXISBANK,561.2
2018-10-25,TCS,1844.15
2018-10-26,ADANIGREEN,36.05
2018-10-26,AXISBANK,535.75
2018-10-26,TCS,1796.0
2018-10-29,ADANIGREEN,38.0
2018-10-29,AXISBANK,565.0
2018-10-29,TCS,1866.0
2018-10-30,ADANIGREEN,38.95
2018-10-30,AXISBANK,565.0
2018-10-30,TCS,1894.8
2018-10-31,ADANIGREEN,39.55
2018-10-31,AXISBANK,579.5
2018-10-31,TCS,1934.6
2018-11-01,ADANIGREEN,40.9
2018-11-01,AXISBANK,605.35
2018-11-01,BAJFINANCE,178.0
2018-11-01,JSWSTEEL,282.0
2018-11-01,KOTAKBANK,203.6
2018-11-01,NIFTY 50,10650.4
2018-11-01,NIFTY BANK,25658.4
2018-11-01,ONGC,178.5
2018-11-01,TATAPOWER,99.65
2018-11-01,TATASTEEL,71.63
2018-11-01,TCS,1928.0
2018-11-01,TITAN,905.4
2018-11-01,WIPRO,115.2
2018-11-02,ADANIGREEN,41.3
2018-11-02,AXISBANK,617.3
2018-11-02,TCS,1912.4
2018-11-04,BAJFINANCE,192.0
2018-11-04,JSWSTEEL,311.5
2018-11-04,KOTAKBANK,224.6
2018-11-04,NIFTY 50,10414.05
2018-11-04,NIFTY BANK,25095.4
2018-11-04,ONGC,164.35
2018-11-04,TATAPOWER,87.05
2018-11-04,TATASTEEL,55.9
2018-11-04,TITAN,981.4
2018-11-04,WIPRO,102.8
2018-11-05,ADANIGREEN,43.35
2018-11-05,AXISBANK,623.1
2018-11-05,BAJFINANCE,186.0
2018-11-05,JSWSTEEL,323.65
2018-11-05,KOTAKBANK,253.0
2018-11-05,NIFTY 50,10798.55
2018-11-05,NIFTY BANK,26408.45
2018-11-05,ONGC,169.65
2018-11-05,TATAPOWER,81.3
2018-11-05,TATASTEEL,55.7
2018-11-05,TCS,1890.85
2018-11-05,TITAN,958.0
2018-11-05,WIPRO,97.9
2018-11-06,ADANIGREEN,43.5
2018-11-06,AXISBANK,608.1
2018-11-06,BAJFINANCE,225.0
2018-11-06,JSWSTEEL,341.55
2018-11-06,KOTAKBANK,265.0
2018-11-06,NIFTY 50,10781.95
2018-11-06,NIFTY BANK,26457.35
2018-11-06,ONGC,156.55
2018-11-06,TATAPOWER,78.3
2018-11-06,TATASTEEL,53.84
2018-11-06,TCS,1930.55
2018-11-06,TITAN,902.0
2018-11-06,WIPRO,95.15
2018-11-07,ADANIGREEN,45.25
2018-11-07,AXISBANK,605.0
2018-11-07,BAJFINANCE,235.5
2018-11-07,JSWSTEEL,313.65
2018-11-07,KOTAKBANK,277.6
2018-11-07,NIFTY 50,10942.2
2018-11-07,NIFTY BANK,26814.5
2018-11-07,ONGC,142.8
2018-11-07,TATAPOWER,71.9
2018-11-07,TATASTEEL,50.86
2018-11-07,TCS,1941.0
2018-11-07,TITAN,811.9
2018-11-07,WIPRO,97.75
2018-11-09,ADANIGREEN,45.05
2018-11-09,AXISBANK,611.65
2018-11-09,BAJFINANCE,260.0
2018-11-09,JSWSTEEL,394.05
2018-11-09,KOTAKBANK,241.1
2018-11-09,NIFTY 50,11282.0
2018-11-09,NIFTY BANK,26787.4
2018-11-09,ONGC,151.65
2018-11-09,TATAPOWER,74.25
2018-11-09,TATASTEEL,54.09
2018-11-09,TCS,1908.0
2018-11-09,TITAN,818.6
2018-11-09,WIPRO,116.45
2018-11-10,BAJFINANCE,217.0
2018-11-10,JSWSTEEL,360.9
2018-11-10,KOTAKBANK,223.6
2018-11-10,NIFTY 50,10248.3
2018-11-10,NIFTY BANK,24818.7
2018-11-10,ONGC,137.95
2018-11-10,TATAPOWER,62.4
2018-11-10,TATASTEEL,50.62
2018-11-10,TITAN,780.0
2018-11-10,WIPRO,112.65
2018-11-12,ADANIGREEN,43.0
2018-11-12,AXISBANK,607.95
2018-11-12,BAJFINANCE,243.0
2018-11-12,JSWSTEEL,301.7
2018-11-12,KOTAKBANK,247.7
2018-11-12,NIFTY 50,10557.9
2018-11-12,NIFTY BANK,26222.55
2018-11-12,ONGC,125.5
2018-11-12,TATAPOWER,79.2
2018-11-12,TATASTEEL,45.64
2018-11-12,TCS,1916.9
2018-11-12,TITAN,931.6
2018-11-12,WIPRO,118.2
2018-11-13,ADANIGREEN,42.1
2018-11-13,AXISBANK,619.0
2018-11-13,TCS,1936.2
2018-11-14,ADANIGREEN,42.6
2018-11-14,AXISBANK,610.6
2018-11-14,TCS,1880.7
2018-11-15,ADANIGREEN,43.6
2018-11-15,AXISBANK,623.95
2018-11-15,TCS,1877.0
2018-11-16,ADANIGREEN,42.2
2018-11-16,AXISBANK,617.55
2018-11-16,TCS,1889.0
2018-11-19,ADANIGREEN,41.2
2018-11-19,AXISBANK,617.6
2018-11-19,TCS,1902.0
2018-11-20,ADANIGREEN,41.45
2018-11-20,AXISBANK,610.0
2018-11-20,TCS,1879.7
2018-11-21,ADANIGREEN,43.5
2018-11-21,AXISBANK,625.75
2018-11-21,TCS,1813.0
2018-11-22,ADANIGREEN,45.65
2018-11-22,AXISBANK,614.55
2018-11-22,TCS,1816.2
2018-11-26,ADANIGREEN,47.9
2018-11-26,AXISBANK,632.0
2018-11-26,TCS,1846.0
2018-11-27,ADANIGREEN,49.5
2018-11-27,AXISBANK,624.0
2018-11-27,TCS,1895.5
2018-11-28,ADANIGREEN,49.05
2018-11-28,AXISBANK,626.6
2018-11-28,TCS,1985.0
2018-11-29,ADANIGREEN,47.7
2018-11-29,AXISBANK,629.5
2018-11-29,TCS,1969.0
2018-11-30,ADANIGREEN,46.4
2018-11-30,AXISBANK,624.8
2018-11-30,TCS,1974.8
2018-12-01,BAJFINANCE,176.5
2018-12-01,JSWSTEEL,286.85
2018-12-01,KOTAKBANK,203.5
2018-12-01,NIFTY 50,10667.3
2018-12-01,NIFTY BANK,25721.9
2018-12-01,ONGC,180.8
2018-12-01,TATAPOWER,98.8
2018-12-01,TATASTEEL,71.53
2018-12-01,TITAN,901.95
2018-12-01,WIPRO,115.0
2018-12-02,BAJFINANCE,164.0
2018-12-02,JSWSTEEL,311.3
2018-12-02,KOTAKBANK,208.6
2018-12-02,NIFTY 50,10535.1
2018-12-02,NIFTY BANK,25723.55
2018-12-02,ONGC,172.9
2018-12-02,TATAPOWER,86.6
2018-12-02,TATASTEEL,66.21
2018-12-02,TITAN,808.0
2018-12-02,WIPRO,103.85
2018-12-03,ADANIGREEN,45.7
2018-12-03,AXISBANK,625.0
2018-12-03,BAJFINANCE,166.5
2018-12-03,JSWSTEEL,299.1
2018-12-03,KOTAKBANK,219.5
2018-12-03,NIFTY 50,10423.55
2018-12-03,NIFTY BANK,24679.6
2018-12-03,ONGC,166.3
2018-12-03,TATAPOWER,80.65
2018-12-03,TATASTEEL,57.41
2018-12-03,TCS,1984.0
2018-12-03,TITAN,829.9
2018-12-03,WIPRO,104.5
2018-12-04,ADANIGREEN,45.0
2018-12-04,AXISBANK,623.8
2018-12-04,BAJFINANCE,193.0
2018-12-04,JSWSTEEL,307.75
2018-12-04,KOTAKBANK,227.1
2018-12-04,NIFTY 50,10454.15
2018-12-04,NIFTY BANK,25165.2
2018-12-04,ONGC,164.15
2018-12-04,TATAPOWER,87.6
2018-12-04,TATASTEEL,54.92
2018-12-04,TCS,2009.85
2018-12-04,TITAN,976.6
2018-12-04,WIPRO,103.65
2018-12-05,ADANIGREEN,47.0
2018-12-05,AXISBANK,614.9
2018-12-05,TCS,2003.9
2018-12-06,ADANIGREEN,45.25
2018-12-06,AXISBANK,599.0
2018-12-06,BAJFINANCE,226.0
2018-12-06,JSWSTEEL,340.65
2018-12-06,KOTAKBANK,266.1
2018-12-06,NIFTY 50,10852.35
2018-12-06,NIFTY BANK,26635.25
2018-12-06,ONGC,155.0
2018-12-06,TATAPOWER,77.7
2018-12-06,TATASTEEL,53.11
2018-12-06,TCS,1990.0
2018-12-06,TITAN,904.4
2018-12-06,WIPRO,95.95
2018-12-07,ADANIGREEN,44.2
2018-12-07,AXISBANK,604.5
2018-12-07,BAJFINANCE,242.0
2018-12-07,JSWSTEEL,316.7
2018-12-07,KOTAKBANK,277.7
2018-12-07,NIFTY 50,11015.3
2018-12-07,NIFTY BANK,26972.85
2018-12-07,ONGC,143.3
2018-12-07,TATAPOWER,69.5
2018-12-07,TATASTEEL,50.77
2018-12-07,TCS,1999.85
2018-12-07,TITAN,809.0
2018-12-07,WIPRO,100.15
2018-12-09,BAJFINANCE,259.0
2018-12-09,JSWSTEEL,400.0
2018-12-09,KOTAKBANK,246.4
2018-12-09,NIFTY 50,11370.2
2018-12-09,NIFTY BANK,26869.2
2018-12-09,ONGC,152.3
2018-12-09,TATAPOWER,73.9
2018-12-09,TATASTEEL,55.65
2018-12-09,TITAN,824.9
2018-12-09,WIPRO,117.95
2018-12-10,ADANIGREEN,41.35
2018-12-10,AXISBANK,590.55
2018-12-10,BAJFINANCE,228.5
2018-12-10,JSWSTEEL,380.0
2018-12-10,KOTAKBANK,233.2
2018-12-10,NIFTY 50,10465.2
2018-12-10,NIFTY BANK,25348.7
2018-12-10,ONGC,142.3
2018-12-10,TATAPOWER,69.55
2018-12-10,TATASTEEL,52.96
2018-12-10,TCS,1960.25
2018-12-10,TITAN,804.7
2018-12-10,WIPRO,113.65
2018-12-11,ADANIGREEN,43.95
2018-12-11,AXISBANK,603.9
2018-12-11,BAJFINANCE,228.0
2018-12-11,JSWSTEEL,343.85
2018-12-11,KOTAKBANK,230.6
2018-12-11,NIFTY 50,10479.55
2018-12-11,NIFTY BANK,25532.6
2018-12-11,ONGC,141.0
2018-12-11,TATAPOWER,74.25
2018-12-11,TATASTEEL,53.55
2018-12-11,TCS,1997.05
2018-12-11,TITAN,898.4
2018-12-11,WIPRO,116.65
2018-12-12,ADANIGREEN,45.0
2018-12-12,AXISBANK,622.0
2018-12-12,BAJFINANCE,248.5
2018-12-12,JSWSTEEL,302.6
2018-12-12,KOTAKBANK,246.8
2018-12-12,NIFTY 50,10736.9
2018-12-12,NIFTY BANK,26623.35
2018-12-12,ONGC,128.75
2018-12-12,TATAPOWER,78.85
2018-12-12,TATASTEEL,47.35
2018-12-12,TCS,2016.5
2018-12-12,TITAN,929.5
2018-12-12,WIPRO,118.8
2018-12-13,ADANIGREEN,44.3
2018-12-13,AXISBANK,618.9
2018-12-13,TCS,1981.95
2018-12-14,ADANIGREEN,44.3
2018-12-14,AXISBANK,620.3
2018-12-14,TCS,1989.0
2018-12-17,ADANIGREEN,44.65
2018-12-17,AXISBANK,616.5
2018-12-17,TCS,1992.9
2018-12-18,ADANIGREEN,44.35
2018-12-18,AXISBANK,618.8
2018-12-18,TCS,1987.9
2018-12-19,ADANIGREEN,44.05
2018-12-19,AXISBANK,640.0
2018-12-19,TCS,1970.8
2018-12-20,ADANIGREEN,44.0
2018-12-20,AXISBANK,633.3
2018-12-20,TCS,1955.0
2018-12-21,ADANIGREEN,42.5
2018-12-21,AXISBANK,621.65
2018-12-21,TCS,1905.0
2018-12-24,ADANIGREEN,42.15
2018-12-24,AXISBANK,614.2
2018-12-24,TCS,1922.0
2018-12-26,ADANIGREEN,41.35
2018-12-26,AXISBANK,619.5
2018-12-26,TCS,1892.0
2018-12-27,ADANIGREEN,41.9
2018-12-27,AXISBANK,616.4
2018-12-27,TCS,1909.1
2018-12-28,ADANIGREEN,41.75
2018-12-28,AXISBANK,625.8
2018-12-28,TCS,1897.0
2018-12-31,ADANIGREEN,41.95
2018-12-31,AXISBANK,619.9
2018-12-31,TCS,1894.75
2019-01-01,ADANIGREEN,41.25
2019-01-01,AXISBANK,627.9
2019-01-01,BAJFINANCE,265.0
2019-01-01,JSWSTEEL,303.35
2019-01-01,KOTAKBANK,249.8
2019-01-01,NIFTY 50,10913.95
2019-01-01,NIFTY BANK,27411.15
2019-01-01,ONGC,134.0
2019-01-01,TATAPOWER,76.75
2019-01-01,TATASTEEL,46.86
2019-01-01,TCS,1905.9
2019-01-01,TITAN,927.0
2019-01-01,WIPRO,118.1
2019-01-02,ADANIGREEN,40.9
2019-01-02,AXISBANK,619.45
2019-01-02,BAJFINANCE,263.0
2019-01-02,JSWSTEEL,274.5
2019-01-02,KOTAKBANK,251.5
2019-01-02,NIFTY 50,10892.75
2019-01-02,NIFTY BANK,27060.2
2019-01-02,ONGC,128.25
2019-01-02,TATAPOWER,71.5
2019-01-02,TATASTEEL,42.9
2019-01-02,TCS,1919.0
2019-01-02,TITAN,991.8
2019-01-02,WIPRO,133.55
2019-01-03,ADANIGREEN,40.75
2019-01-03,AXISBANK,609.0
2019-01-03,BAJFINANCE,266.0
2019-01-03,JSWSTEEL,282.15
2019-01-03,KOTAKBANK,244.9
2019-01-03,NIFTY 50,10861.65
2019-01-03,NIFTY BANK,27022.95
2019-01-03,ONGC,135.1
2019-01-03,TATAPOWER,67.2
2019-01-03,TATASTEEL,46.08
2019-01-03,TCS,1901.0
2019-01-03,TITAN,1022.0
2019-01-03,WIPRO,135.2
2019-01-04,ADANIGREEN,40.8
2019-01-04,AXISBANK,620.0
2019-01-04,BAJFINANCE,299.5
2019-01-04,JSWSTEEL,292.3
2019-01-04,KOTAKBANK,267.6
2019-01-04,NIFTY 50,11655.6
2019-01-04,NIFTY BANK,30241.75
2019-01-04,ONGC,142.7
2019-01-04,TATAPOWER,74.3
2019-01-04,TATASTEEL,48.67
2019-01-04,TCS,1882.0
2019-01-04,TITAN,1121.0
2019-01-04,WIPRO,125.0
2019-01-07,ADANIGREEN,41.2
2019-01-07,AXISBANK,637.4
2019-01-07,BAJFINANCE,369.0
2019-01-07,JSWSTEEL,274.8
2019-01-07,KOTAKBANK,296.7
2019-01-07,NIFTY 50,11864.55
2019-01-07,NIFTY BANK,31360.65
2019-01-07,ONGC,145.7
2019-01-07,TATAPOWER,71.0
2019-01-07,TATASTEEL,45.98
2019-01-07,TCS,1898.0
2019-01-07,TITAN,1323.2
2019-01-07,WIPRO,134.75
2019-01-08,ADANIGREEN,40.7
2019-01-08,AXISBANK,652.15
2019-01-08,BAJFINANCE,322.0
2019-01-08,JSWSTEEL,225.55
2019-01-08,KOTAKBANK,299.2
2019-01-08,NIFTY 50,10991.3
2019-01-08,NIFTY BANK,28412.25
2019-01-08,ONGC,123.65
2019-01-08,TATAPOWER,59.45
2019-01-08,TATASTEEL,37.52
2019-01-08,TCS,1891.0
2019-01-08,TITAN,1062.0
2019-01-08,WIPRO,129.45
2019-01-09,ADANIGREEN,40.75
2019-01-09,AXISBANK,671.2
2019-01-09,TCS,1884.6
2019-01-10,ADANIGREEN,40.5
2019-01-10,AXISBANK,665.1
2019-01-10,BAJFINANCE,399.0
2019-01-10,JSWSTEEL,223.2
2019-01-10,KOTAKBANK,329.6
2019-01-10,NIFTY 50,11367.35
2019-01-10,NIFTY BANK,28765.3
2019-01-10,ONGC,116.0
2019-01-10,TATAPOWER,59.4
2019-01-10,TATASTEEL,30.78
2019-01-10,TCS,1881.0
2019-01-10,TITAN,1281.0
2019-01-10,WIPRO,111.75
2019-01-11,ADANIGREEN,39.85
2019-01-11,AXISBANK,666.0
2019-01-11,BAJFINANCE,407.5
2019-01-11,JSWSTEEL,236.8
2019-01-11,KOTAKBANK,316.2
2019-01-11,NIFTY 50,11899.5
2019-01-11,NIFTY BANK,30360.95
2019-01-11,ONGC,130.65
2019-01-11,TATAPOWER,59.6
2019-01-11,TATASTEEL,35.23
2019-01-11,TCS,1843.45
2019-01-11,TITAN,1303.0
2019-01-11,WIPRO,123.7
2019-01-14,ADANIGREEN,39.65
2019-01-14,AXISBANK,658.35
2019-01-14,TCS,1815.0
2019-01-15,ADANIGREEN,39.0
2019-01-15,AXISBANK,660.5
2019-01-15,TCS,1866.0
2019-01-16,ADANIGREEN,39.2
2019-01-16,AXISBANK,662.75
2019-01-16,TCS,1873.95
2019-01-17,ADANIGREEN,39.7
2019-01-17,AXISBANK,675.0
2019-01-17,TCS,1895.0
2019-01-18,ADANIGREEN,38.75
2019-01-18,AXISBANK,664.25
2019-01-18,TCS,1899.5
2019-01-21,ADANIGREEN,37.8
2019-01-21,AXISBANK,658.85
2019-01-21,TCS,1903.5
2019-01-22,ADANIGREEN,37.75
2019-01-22,AXISBANK,659.4
2019-01-22,TCS,1896.7
2019-01-23,ADANIGREEN,37.9
2019-01-23,AXISBANK,659.85
2019-01-23,TCS,1881.0
2019-01-24,ADANIGREEN,37.2
2019-01-24,AXISBANK,663.25
2019-01-24,TCS,1902.0
2019-01-25,ADANIGREEN,35.15
2019-01-25,AXISBANK,668.25
2019-01-25,TCS,1919.7
2019-01-28,ADANIGREEN,32.5
2019-01-28,AXISBANK,658.5
2019-01-28,TCS,1960.0
2019-01-29,ADANIGREEN,35.35
2019-01-29,AXISBANK,669.35
2019-01-29,TCS,1983.35
2019-01-30,ADANIGREEN,37.55
2019-01-30,AXISBANK,691.0
2019-01-30,TCS,1984.15
2019-01-31,ADANIGREEN,35.15
2019-01-31,AXISBANK,720.6
2019-01-31,TCS,2004.5
2019-02-01,ADANIGREEN,35.9
2019-02-01,AXISBANK,717.3
2019-02-01,BAJFINANCE,261.5
2019-02-01,JSWSTEEL,287.4
2019-02-01,KOTAKBANK,248.2
2019-02-01,NIFTY 50,10781.9
2019-02-01,NIFTY BANK,27155.85
2019-02-01,ONGC,132.75
2019-02-01,TATAPOWER,74.5
2019-02-01,TATASTEEL,44.61
2019-02-01,TCS,2024.2
2019-02-01,TITAN,931.5
2019-02-01,WIPRO,116.95
2019-02-04,ADANIGREEN,34.15
2019-02-04,AXISBANK,721.5
2019-02-04,BAJFINANCE,307.0
2019-02-04,JSWSTEEL,287.35
2019-02-04,KOTAKBANK,268.6
2019-02-04,NIFTY 50,11724.95
2019-02-04,NIFTY BANK,30445.75
2019-02-04,ONGC,143.05
2019-02-04,TATAPOWER,74.3
2019-02-04,TATASTEEL,48.52
2019-02-04,TCS,2049.2
2019-02-04,TITAN,1114.0
2019-02-04,WIPRO,124.75
2019-02-05,ADANIGREEN,32.9
2019-02-05,AXISBANK,730.0
2019-02-05,BAJFINANCE,312.0
2019-02-05,JSWSTEEL,307.15
2019-02-05,KOTAKBANK,280.8
2019-02-05,NIFTY 50,11718.8
2019-02-05,NIFTY BANK,29689.9
2019-02-05,ONGC,153.3
2019-02-05,TATAPOWER,66.4
2019-02-05,TATASTEEL,50.67
2019-02-05,TCS,2051.0
2019-02-05,TITAN,1141.0
2019-02-05,WIPRO,140.5
2019-02-06,ADANIGREEN,33.0
2019-02-06,AXISBANK,726.0
2019-02-06,TCS,2070.0
2019-02-07,ADANIGREEN,34.65
2019-02-07,AXISBANK,730.0
2019-02-07,BAJFINANCE,371.0
2019-02-07,JSWSTEEL,275.3
2019-02-07,KOTAKBANK,293.8
2019-02-07,NIFTY 50,11907.5
2019-02-07,NIFTY BANK,31268.75
2019-02-07,ONGC,149.85
2019-02-07,TATAPOWER,73.25
2019-02-07,TATASTEEL,45.98
2019-02-07,TCS,2077.75
2019-02-07,TITAN,1324.8
2019-02-07,WIPRO,135.9
2019-02-08,ADANIGREEN,34.0
2019-02-08,AXISBANK,721.0
2019-02-08,BAJFINANCE,323.5
2019-02-08,JSWSTEEL,224.45
2019-02-08,KOTAKBANK,301.6
2019-02-08,NIFTY 50,11000.35
2019-02-08,NIFTY BANK,28231.95
2019-02-08,ONGC,121.1
2019-02-08,TATAPOWER,59.0
2019-02-08,TATASTEEL,36.3
2019-02-08,TCS,2055.65
2019-02-08,TITAN,1062.4
2019-02-08,WIPRO,126.1
2019-02-11,ADANIGREEN,33.0
2019-02-11,AXISBANK,713.3
2019-02-11,TCS,2065.6
2019-02-12,ADANIGREEN,32.5
2019-02-12,AXISBANK,703.45
2019-02-12,BAJFINANCE,395.0
2019-02-12,JSWSTEEL,268.1
2019-02-12,KOTAKBANK,326.2
2019-02-12,NIFTY 50,12048.25
2019-02-12,NIFTY BANK,31871.8
2019-02-12,ONGC,116.2
2019-02-12,TATAPOWER,56.5
2019-02-12,TATASTEEL,37.43
2019-02-12,TCS,2051.0
2019-02-12,TITAN,1153.15
2019-02-12,WIPRO,114.05
2019-02-13,ADANIGREEN,32.3
2019-02-13,AXISBANK,699.35
2019-02-13,TCS,2057.0
2019-02-14,ADANIGREEN,32.2
2019-02-14,AXISBANK,697.0
2019-02-14,TCS,2049.0
2019-02-15,ADANIGREEN,31.0
2019-02-15,AXISBANK,685.3
2019-02-15,TCS,2034.6
2019-02-18,ADANIGREEN,30.2
2019-02-18,AXISBANK,691.55
2019-02-18,TCS,1969.9
2019-02-19,ADANIGREEN,30.75
2019-02-19,AXISBANK,691.7
2019-02-19,TCS,1907.6
2019-02-20,ADANIGREEN,31.0
2019-02-20,AXISBANK,699.7
2019-02-20,TCS,1914.0
2019-02-21,ADANIGREEN,30.4
2019-02-21,AXISBANK,697.0
2019-02-21,TCS,1911.95
2019-02-22,ADANIGREEN,32.75
2019-02-22,AXISBANK,702.0
2019-02-22,TCS,1929.0
2019-02-25,ADANIGREEN,33.0
2019-02-25,AXISBANK,704.5
2019-02-25,TCS,1987.0
2019-02-26,ADANIGREEN,33.0
2019-02-26,AXISBANK,709.9
2019-02-26,TCS,2032.0
2019-02-27,ADANIGREEN,32.55
2019-02-27,AXISBANK,717.0
2019-02-27,TCS,2052.5
2019-02-28,ADANIGREEN,33.2
2019-02-28,AXISBANK,709.55
2019-02-28,TCS,1982.85
2019-03-01,ADANIGREEN,34.1
2019-03-01,AXISBANK,702.45
2019-03-01,BAJFINANCE,259.0
2019-03-01,JSWSTEEL,282.95
2019-03-01,KOTAKBANK,246.6
2019-03-01,NIFTY 50,10667.7
2019-03-01,NIFTY BANK,26930.55
2019-03-01,ONGC,128.4
2019-03-01,TATAPOWER,74.15
2019-03-01,TATASTEEL,43.44
2019-03-01,TCS,1995.0
2019-03-01,TITAN,935.0
2019-03-01,WIPRO,116.55
2019-03-04,BAJFINANCE,304.5
2019-03-04,JSWSTEEL,289.0
2019-03-04,KOTAKBANK,266.4
2019-03-04,NIFTY 50,11637.7
2019-03-04,NIFTY BANK,30081.0
2019-03-04,ONGC,140.0
2019-03-04,TATAPOWER,71.3
2019-03-04,TATASTEEL,48.71
2019-03-04,TITAN,1104.0
2019-03-04,WIPRO,124.75
2019-03-05,ADANIGREEN,36.35
2019-03-05,AXISBANK,733.85
2019-03-05,BAJFINANCE,311.0
2019-03-05,JSWSTEEL,308.9
2019-03-05,KOTAKBANK,283.4
2019-03-05,NIFTY 50,11709.9
2019-03-05,NIFTY BANK,29924.65
2019-03-05,ONGC,154.3
2019-03-05,TATAPOWER,66.95
2019-03-05,TATASTEEL,49.98
2019-03-05,TCS,1985.05
2019-03-05,TITAN,1145.0
2019-03-05,WIPRO,139.35
2019-03-06,ADANIGREEN,35.2
2019-03-06,AXISBANK,719.2
2019-03-06,BAJFINANCE,352.0
2019-03-06,JSWSTEEL,274.1
2019-03-06,KOTAKBANK,306.5
2019-03-06,NIFTY 50,12092.35
2019-03-06,NIFTY BANK,31650.8
2019-03-06,ONGC,156.45
2019-03-06,TATAPOWER,68.35
2019-03-06,TATASTEEL,45.1
2019-03-06,TCS,2004.5
2019-03-06,TITAN,1268.85
2019-03-06,WIPRO,139.4
2019-03-07,ADANIGREEN,35.7
2019-03-07,AXISBANK,734.25
2019-03-07,BAJFINANCE,371.0
2019-03-07,JSWSTEEL,278.0
2019-03-07,KOTAKBANK,294.9
2019-03-07,NIFTY 50,11913.55
2019-03-07,NIFTY BANK,31374.45
2019-03-07,ONGC,150.5
2019-03-07,TATAPOWER,73.6
2019-03-07,TATASTEEL,46.42
2019-03-07,TCS,2015.0
2019-03-07,TITAN,1329.05
2019-03-07,WIPRO,135.05
2019-03-08,ADANIGREEN,35.05
2019-03-08,AXISBANK,732.3
2019-03-08,TCS,2022.75
2019-03-09,BAJFINANCE,324.5
2019-03-09,JSWSTEEL,209.6
2019-03-09,KOTAKBANK,282.4
2019-03-09,NIFTY 50,10775.85
2019-03-09,NIFTY BANK,26752.5
2019-03-09,ONGC,106.2
2019-03-09,TATAPOWER,54.0
2019-03-09,TATASTEEL,28.68
2019-03-09,TITAN,1057.15
2019-03-09,WIPRO,121.1
2019-03-10,BAJFINANCE,396.0
2019-03-10,JSWSTEEL,220.2
2019-03-10,KOTAKBANK,322.6
2019-03-10,NIFTY 50,11313.1
2019-03-10,NIFTY BANK,28419.35
2019-03-10,ONGC,116.65
2019-03-10,TATAPOWER,59.4
2019-03-10,TATASTEEL,29.66
2019-03-10,TITAN,1294.3
2019-03-10,WIPRO,112.9
2019-03-11,ADANIGREEN,36.1
2019-03-11,AXISBANK,736.75
2019-03-11,TCS,2016.15
2019-03-12,ADANIGREEN,39.25
2019-03-12,AXISBANK,742.6
2019-03-12,BAJFINANCE,396.5
2019-03-12,JSWSTEEL,258.25
2019-03-12,KOTAKBANK,330.0
2019-03-12,NIFTY 50,12001.05
2019-03-12,NIFTY BANK,31633.1
2019-03-12,ONGC,115.0
2019-03-12,TATAPOWER,55.35
2019-03-12,TATASTEEL,35.47
2019-03-12,TCS,2009.1
2019-03-12,TITAN,1157.0
2019-03-12,WIPRO,113.65
2019-03-13,ADANIGREEN,39.65
2019-03-13,AXISBANK,738.25
2019-03-13,TCS,1995.0
2019-03-14,ADANIGREEN,38.6
2019-03-14,AXISBANK,741.3
2019-03-14,TCS,1990.4
2019-03-15,ADANIGREEN,37.65
2019-03-15,AXISBANK,736.5
2019-03-15,TCS,2036.0
2019-03-18,ADANIGREEN,37.4
2019-03-18,AXISBANK,754.4
2019-03-18,TCS,2023.85
2019-03-19,ADANIGREEN,37.15
2019-03-19,AXISBANK,761.7
2019-03-19,TCS,2028.5
2019-03-20,ADANIGREEN,36.5
2019-03-20,AXISBANK,754.5
2019-03-20,TCS,2000.25
2019-03-22,ADANIGREEN,36.0
2019-03-22,AXISBANK,760.5
2019-03-22,TCS,2010.0
2019-03-25,ADANIGREEN,35.3
2019-03-25,AXISBANK,745.35
2019-03-25,TCS,1980.8
2019-03-26,ADANIGREEN,36.15
2019-03-26,AXISBANK,760.7
2019-03-26,TCS,1979.3
2019-03-27,ADANIGREEN,35.35
2019-03-27,AXISBANK,760.5
2019-03-27,TCS,1964.85
2019-03-28,ADANIGREEN,35.95
2019-03-28,AXISBANK,775.8
2019-03-28,TCS,2009.0
2019-03-29,ADANIGREEN,37.1
2019-03-29,AXISBANK,775.1
2019-03-29,TCS,2000.0
2019-04-01,ADANIGREEN,38.75
2019-04-01,AXISBANK,762.5
2019-04-01,BAJFINANCE,258.0
2019-04-01,JSWSTEEL,289.4
2019-04-01,KOTAKBANK,249.0
2019-04-01,NIFTY 50,10730.7
2019-04-01,NIFTY BANK,27202.55
2019-04-01,ONGC,132.0
2019-04-01,TATAPOWER,75.1
2019-04-01,TATASTEEL,44.61
2019-04-01,TCS,2034.95
2019-04-01,TITAN,930.8
2019-04-01,WIPRO,116.45
2019-04-02,ADANIGREEN,37.9
2019-04-02,AXISBANK,769.6
2019-04-02,BAJFINANCE,259.5
2019-04-02,JSWSTEEL,272.0
2019-04-02,KOTAKBANK,254.8
2019-04-02,NIFTY 50,10909.05
2019-04-02,NIFTY BANK,27180.2
2019-04-02,ONGC,132.4
2019-04-02,TATAPOWER,70.75
2019-04-02,TATASTEEL,42.85
2019-04-02,TCS,2079.0
2019-04-02,TITAN,1024.5
2019-04-02,WIPRO,133.4
2019-04-03,ADANIGREEN,37.3
2019-04-03,AXISBANK,761.2
2019-04-03,TCS,2078.15
2019-04-04,ADANIGREEN,36.9
2019-04-04,AXISBANK,762.1
2019-04-04,BAJFINANCE,304.5
2019-04-04,JSWSTEEL,288.65
2019-04-04,KOTAKBANK,265.1
2019-04-04,NIFTY 50,11604.55
2019-04-04,NIFTY BANK,29937.75
2019-04-04,ONGC,139.9
2019-04-04,TATAPOWER,70.65
2019-04-04,TATASTEEL,48.27
2019-04-04,TCS,2017.0
2019-04-04,TITAN,1106.0
2019-04-04,WIPRO,123.85
2019-04-05,ADANIGREEN,36.8
2019-04-05,AXISBANK,764.0
2019-04-05,TCS,2051.0
2019-04-06,BAJFINANCE,353.5
2019-04-06,JSWSTEEL,273.9
2019-04-06,KOTAKBANK,306.8
2019-04-06,NIFTY 50,12036.2
2019-04-06,NIFTY BANK,31619.95
2019-04-06,ONGC,154.0
2019-04-06,TATAPOWER,66.8
2019-04-06,TATASTEEL,45.1
2019-04-06,TITAN,1250.0
2019-04-06,WIPRO,140.4
2019-04-07,BAJFINANCE,372.0
2019-04-07,JSWSTEEL,274.1
2019-04-07,KOTAKBANK,299.3
2019-04-07,NIFTY 50,11938.3
2019-04-07,NIFTY BANK,31434.65
2019-04-07,ONGC,151.0
2019-04-07,TATAPOWER,72.15
2019-04-07,TATASTEEL,44.81
2019-04-07,TITAN,1290.0
2019-04-07,WIPRO,135.55
2019-04-08,ADANIGREEN,36.25
2019-04-08,AXISBANK,755.0
2019-04-08,TCS,2073.6
2019-04-09,ADANIGREEN,36.75
2019-04-09,AXISBANK,765.55
2019-04-09,BAJFINANCE,325.5
2019-04-09,JSWSTEEL,215.7
2019-04-09,KOTAKBANK,284.8
2019-04-09,NIFTY 50,10836.85
2019-04-09,NIFTY BANK,27096.25
2019-04-09,ONGC,107.35
2019-04-09,TATAPOWER,54.05
2019-04-09,TATASTEEL,29.8
2019-04-09,TCS,2087.45
2019-04-09,TITAN,1036.15
2019-04-09,WIPRO,122.4
2019-04-10,ADANIGREEN,37.05
2019-04-10,AXISBANK,760.5
2019-04-10,BAJFINANCE,390.5
2019-04-10,JSWSTEEL,213.0
2019-04-10,KOTAKBANK,312.0
2019-04-10,NIFTY 50,11163.85
2019-04-10,NIFTY BANK,27682.15
2019-04-10,ONGC,116.9
2019-04-10,TATAPOWER,58.1
2019-04-10,TATASTEEL,28.88
2019-04-10,TCS,2043.65
2019-04-10,TITAN,1250.6
2019-04-10,WIPRO,113.75
2019-04-11,ADANIGREEN,35.85
2019-04-11,AXISBANK,751.25
2019-04-11,BAJFINANCE,412.5
2019-04-11,JSWSTEEL,249.5
2019-04-11,KOTAKBANK,313.6
2019-04-11,NIFTY 50,11945.15
2019-04-11,NIFTY BANK,30330.4
2019-04-11,ONGC,133.95
2019-04-11,TATAPOWER,59.55
2019-04-11,TATASTEEL,36.25
2019-04-11,TCS,2025.0
2019-04-11,TITAN,1298.55
2019-04-11,WIPRO,122.6
2019-04-12,ADANIGREEN,37.0
2019-04-12,AXISBANK,762.85
2019-04-12,BAJFINANCE,399.0
2019-04-12,JSWSTEEL,259.8
2019-04-12,KOTAKBANK,330.3
2019-04-12,NIFTY 50,12037.3
2019-04-12,NIFTY BANK,31968.35
2019-04-12,ONGC,117.65
2019-04-12,TATAPOWER,55.9
2019-04-12,TATASTEEL,36.55
2019-04-12,TCS,2013.05
2019-04-12,TITAN,1176.5
2019-04-12,WIPRO,115.65
2019-04-15,ADANIGREEN,37.6
2019-04-15,AXISBANK,763.2
2019-04-15,TCS,2112.25
2019-04-16,ADANIGREEN,44.4
2019-04-16,AXISBANK,775.0
2019-04-16,TCS,2137.0
2019-04-18,ADANIGREEN,44.55
2019-04-18,AXISBANK,771.0
2019-04-18,TCS,2149.3
2019-04-22,ADANIGREEN,44.9
2019-04-22,AXISBANK,755.05
2019-04-22,TCS,2160.3
2019-04-23,ADANIGREEN,44.2
2019-04-23,AXISBANK,753.1
2019-04-23,TCS,2163.0
2019-04-24,ADANIGREEN,44.85
2019-04-24,AXISBANK,750.9
2019-04-24,TCS,2168.6
2019-04-25,ADANIGREEN,43.85
2019-04-25,AXISBANK,741.3
2019-04-25,TCS,2203.0
2019-04-26,ADANIGREEN,42.95
2019-04-26,AXISBANK,757.95
2019-04-26,TCS,2231.1
2019-04-30,ADANIGREEN,39.85
2019-04-30,AXISBANK,765.0
2019-04-30,TCS,2256.25
2019-05-02,ADANIGREEN,42.05
2019-05-02,AXISBANK,751.95
2019-05-02,BAJFINANCE,260.0
2019-05-02,JSWSTEEL,273.3
2019-05-02,KOTAKBANK,255.4
2019-05-02,NIFTY 50,10935.65
2019-05-02,NIFTY BANK,27275.15
2019-05-02,ONGC,129.45
2019-05-02,TATAPOWER,69.45
2019-05-02,TATASTEEL,41.87
2019-05-02,TCS,2214.7
2019-05-02,TITAN,1068.5
2019-05-02,WIPRO,132.5
2019-05-03,ADANIGREEN,42.0
2019-05-03,AXISBANK,754.9
2019-05-03,BAJFINANCE,269.5
2019-05-03,JSWSTEEL,290.65
2019-05-03,KOTAKBANK,248.0
2019-05-03,NIFTY 50,10985.7
2019-05-03,NIFTY BANK,27527.3
2019-05-03,ONGC,140.2
2019-05-03,TATAPOWER,69.2
2019-05-03,TATASTEEL,47.3
2019-05-03,TCS,2138.65
2019-05-03,TITAN,1037.0
2019-05-03,WIPRO,130.45
2019-05-04,BAJFINANCE,312.0
2019-05-04,JSWSTEEL,295.35
2019-05-04,KOTAKBANK,267.4
2019-05-04,NIFTY 50,11684.1
2019-05-04,NIFTY BANK,30130.5
2019-05-04,ONGC,141.6
2019-05-04,TATAPOWER,72.4
2019-05-04,TATASTEEL,50.28
2019-05-04,TITAN,1109.0
2019-05-04,WIPRO,125.45
2019-05-06,ADANIGREEN,40.2
2019-05-06,AXISBANK,748.0
2019-05-06,TCS,2157.9
2019-05-07,ADANIGREEN,39.5
2019-05-07,AXISBANK,744.85
2019-05-07,BAJFINANCE,372.0
2019-05-07,JSWSTEEL,266.5
2019-05-07,KOTAKBANK,303.2
2019-05-07,NIFTY 50,11802.05
2019-05-07,NIFTY BANK,31424.85
2019-05-07,ONGC,144.95
2019-05-07,TATAPOWER,70.35
2019-05-07,TATASTEEL,43.14
2019-05-07,TCS,2154.0
2019-05-07,TITAN,1277.7
2019-05-07,WIPRO,129.9
2019-05-08,ADANIGREEN,38.1
2019-05-08,AXISBANK,735.1
2019-05-08,BAJFINANCE,317.0
2019-05-08,JSWSTEEL,218.6
2019-05-08,KOTAKBANK,292.0
2019-05-08,NIFTY 50,10858.65
2019-05-08,NIFTY BANK,27629.7
2019-05-08,ONGC,118.9
2019-05-08,TATAPOWER,58.0
2019-05-08,TATASTEEL,35.52
2019-05-08,TCS,2156.0
2019-05-08,TITAN,1036.1
2019-05-08,WIPRO,125.5
2019-05-09,ADANIGREEN,39.3
2019-05-09,AXISBANK,732.35
2019-05-09,BAJFINANCE,330.0
2019-05-09,JSWSTEEL,216.5
2019-05-09,KOTAKBANK,281.8
2019-05-09,NIFTY 50,10840.7
2019-05-09,NIFTY BANK,26897.25
2019-05-09,ONGC,113.25
2019-05-09,TATAPOWER,55.25
2019-05-09,TATASTEEL,30.15
2019-05-09,TCS,2171.2
2019-05-09,TITAN,1046.1
2019-05-09,WIPRO,122.15
2019-05-10,ADANIGREEN,39.25
2019-05-10,AXISBANK,732.65
2019-05-10,TCS,2130.3
2019-05-11,BAJFINANCE,425.0
2019-05-11,JSWSTEEL,246.9
2019-05-11,KOTAKBANK,311.3
2019-05-11,NIFTY 50,11918.6
2019-05-11,NIFTY BANK,30213.7
2019-05-11,ONGC,132.8
2019-05-11,TATAPOWER,58.6
2019-05-11,TATASTEEL,35.91
2019-05-11,TITAN,1284.4
2019-05-11,WIPRO,123.5
2019-05-12,BAJFINANCE,398.0
2019-05-12,JSWSTEEL,250.65
2019-05-12,KOTAKBANK,329.3
2019-05-12,NIFTY 50,12007.9
2019-05-12,NIFTY BANK,31677.0
2019-05-12,ONGC,116.5
2019-05-12,TATAPOWER,55.85
2019-05-12,TATASTEEL,35.47
2019-05-12,TITAN,1180.7
2019-05-12,WIPRO,116.5
2019-05-13,ADANIGREEN,38.0
2019-05-13,AXISBANK,732.0
2019-05-13,TCS,2134.0
2019-05-14,ADANIGREEN,37.9
2019-05-14,AXISBANK,732.2
2019-05-14,TCS,2095.0
2019-05-15,ADANIGREEN,37.85
2019-05-15,AXISBANK,717.35
2019-05-15,TCS,2090.1
2019-05-16,ADANIGREEN,37.0
2019-05-16,AXISBANK,733.55
2019-05-16,TCS,2111.5
2019-05-17,ADANIGREEN,37.7
2019-05-17,AXISBANK,750.3
2019-05-17,TCS,2094.0
2019-05-20,ADANIGREEN,43.5
2019-05-20,AXISBANK,782.5
2019-05-20,TCS,2148.0
2019-05-21,ADANIGREEN,43.5
2019-05-21,AXISBANK,773.7
2019-05-21,TCS,2106.5
2019-05-22,ADANIGREEN,44.1
2019-05-22,AXISBANK,778.0
2019-05-22,TCS,2090.0
2019-05-23,ADANIGREEN,43.25
2019-05-23,AXISBANK,777.0
2019-05-23,TCS,2057.0
2019-05-24,ADANIGREEN,42.6
2019-05-24,AXISBANK,791.65
2019-05-24,TCS,2050.0
2019-05-27,ADANIGREEN,43.25
2019-05-27,AXISBANK,814.0
2019-05-27,TCS,2058.0
2019-05-28,ADANIGREEN,45.0
2019-05-28,AXISBANK,808.0
2019-05-28,TCS,2068.0
2019-05-29,ADANIGREEN,45.0
2019-05-29,AXISBANK,802.65
2019-05-29,TCS,2116.95
2019-05-30,ADANIGREEN,44.7
2019-05-30,AXISBANK,808.75
2019-05-30,TCS,2146.3
2019-05-31,ADANIGREEN,43.3
2019-05-31,AXISBANK,811.0
2019-05-31,TCS,2200.0
2019-06-02,BAJFINANCE,272.0
2019-06-02,JSWSTEEL,279.5
2019-06-02,KOTAKBANK,256.0
2019-06-02,NIFTY 50,11068.45
2019-06-02,NIFTY BANK,27405.7
2019-06-02,ONGC,133.25
2019-06-02,TATAPOWER,70.65
2019-06-02,TATASTEEL,43.88
2019-06-02,TITAN,1059.3
2019-06-02,WIPRO,133.95
2019-06-03,ADANIGREEN,44.0
2019-06-03,AXISBANK,813.0
2019-06-03,BAJFINANCE,276.5
2019-06-03,JSWSTEEL,288.9
2019-06-03,KOTAKBANK,248.8
2019-06-03,NIFTY 50,11049.1
2019-06-03,NIFTY BANK,27610.7
2019-06-03,ONGC,140.1
2019-06-03,TATAPOWER,71.55
2019-06-03,TATASTEEL,47.25
2019-06-03,TCS,2240.95
2019-06-03,TITAN,1055.4
2019-06-03,WIPRO,132.95
2019-06-04,ADANIGREEN,45.15
2019-06-04,AXISBANK,823.8
2019-06-04,TCS,2189.0
2019-06-05,BAJFINANCE,304.0
2019-06-05,JSWSTEEL,296.35
2019-06-05,KOTAKBANK,281.5
2019-06-05,NIFTY 50,11592.25
2019-06-05,NIFTY BANK,29616.55
2019-06-05,ONGC,153.85
2019-06-05,TATAPOWER,65.8
2019-06-05,TATASTEEL,48.91
2019-06-05,TITAN,1082.4
2019-06-05,WIPRO,139.0
2019-06-06,ADANIGREEN,44.45
2019-06-06,AXISBANK,811.1
2019-06-06,BAJFINANCE,345.0
2019-06-06,JSWSTEEL,267.6
2019-06-06,KOTAKBANK,303.2
2019-06-06,NIFTY 50,11848.5
2019-06-06,NIFTY BANK,30895.8
2019-06-06,ONGC,153.2
2019-06-06,TATAPOWER,64.95
2019-06-06,TATASTEEL,43.78
2019-06-06,TCS,2166.0
2019-06-06,TITAN,1270.0
2019-06-06,WIPRO,139.45
2019-06-07,ADANIGREEN,43.05
2019-06-07,AXISBANK,804.0
2019-06-07,TCS,2179.8
2019-06-08,BAJFINANCE,327.5
2019-06-08,JSWSTEEL,216.7
2019-06-08,KOTAKBANK,296.9
2019-06-08,NIFTY 50,10931.4
2019-06-08,NIFTY BANK,27998.05
2019-06-08,ONGC,118.85
2019-06-08,TATAPOWER,59.25
2019-06-08,TATASTEEL,35.38
2019-06-08,TITAN,1039.35
2019-06-08,WIPRO,123.85
2019-06-09,BAJFINANCE,337.0
2019-06-09,JSWSTEEL,217.3
2019-06-09,KOTAKBANK,288.3
2019-06-09,NIFTY 50,10941.0
2019-06-09,NIFTY BANK,27235.85
2019-06-09,ONGC,115.0
2019-06-09,TATAPOWER,58.95
2019-06-09,TATASTEEL,31.37
2019-06-09,TITAN,1067.85
2019-06-09,WIPRO,120.35
2019-06-10,ADANIGREEN,42.95
2019-06-10,AXISBANK,815.0
2019-06-10,TCS,2229.1
2019-06-11,ADANIGREEN,42.5
2019-06-11,AXISBANK,815.2
2019-06-11,BAJFINANCE,419.0
2019-06-11,JSWSTEEL,248.15
2019-06-11,KOTAKBANK,314.5
2019-06-11,NIFTY 50,11961.0
2019-06-11,NIFTY BANK,30584.8
2019-06-11,ONGC,130.6
2019-06-11,TATAPOWER,58.8
2019-06-11,TATASTEEL,35.81
2019-06-11,TCS,2252.0
2019-06-11,TITAN,1154.3
2019-06-11,WIPRO,122.5
2019-06-12,ADANIGREEN,43.1
2019-06-12,AXISBANK,815.75
2019-06-12,BAJFINANCE,395.0
2019-06-12,JSWSTEEL,253.3
2019-06-12,KOTAKBANK,335.2
2019-06-12,NIFTY 50,11914.15
2019-06-12,NIFTY BANK,31319.45
2019-06-12,ONGC,114.3
2019-06-12,TATAPOWER,53.45
2019-06-12,TATASTEEL,35.77
2019-06-12,TCS,2265.75
2019-06-12,TITAN,1170.55
2019-06-12,WIPRO,115.4
2019-06-13,ADANIGREEN,43.2
2019-06-13,AXISBANK,822.25
2019-06-13,TCS,2244.2
2019-06-14,ADANIGREEN,42.55
2019-06-14,AXISBANK,801.0
2019-06-14,TCS,2249.8
2019-06-17,ADANIGREEN,41.55
2019-06-17,AXISBANK,780.1
2019-06-17,TCS,2244.0
2019-06-18,ADANIGREEN,40.7
2019-06-18,AXISBANK,775.1
2019-06-18,TCS,2253.5
2019-06-19,ADANIGREEN,39.5
2019-06-19,AXISBANK,773.2
2019-06-19,TCS,2261.2
2019-06-20,ADANIGREEN,40.95
2019-06-20,AXISBANK,771.5
2019-06-20,TCS,2282.95
2019-06-21,ADANIGREEN,41.05
2019-06-21,AXISBANK,770.0
2019-06-21,TCS,2252.05
2019-06-24,ADANIGREEN,41.25
2019-06-24,AXISBANK,762.6
2019-06-24,TCS,2277.0
2019-06-25,ADANIGREEN,41.3
2019-06-25,AXISBANK,780.1
2019-06-25,TCS,2263.0
2019-06-26,ADANIGREEN,41.55
2019-06-26,AXISBANK,787.8
2019-06-26,TCS,2253.05
2019-06-27,ADANIGREEN,43.05
2019-06-27,AXISBANK,800.05
2019-06-27,TCS,2256.2
2019-06-28,ADANIGREEN,44.8
2019-06-28,AXISBANK,810.5
2019-06-28,TCS,2228.0
2019-07-01,ADANIGREEN,45.65
2019-07-01,AXISBANK,808.05
2019-07-01,BAJFINANCE,255.0
2019-07-01,JSWSTEEL,289.8
2019-07-01,KOTAKBANK,248.8
2019-07-01,NIFTY 50,10770.65
2019-07-01,NIFTY BANK,27296.85
2019-07-01,ONGC,133.75
2019-07-01,TATAPOWER,74.8
2019-07-01,TATASTEEL,43.93
2019-07-01,TCS,2233.05
2019-07-01,TITAN,943.55
2019-07-01,WIPRO,116.45
2019-07-02,ADANIGREEN,50.2
2019-07-02,AXISBANK,802.55
2019-07-02,BAJFINANCE,269.5
2019-07-02,JSWSTEEL,272.75
2019-07-02,KOTAKBANK,256.4
2019-07-02,NIFTY 50,11054.4
2019-07-02,NIFTY BANK,27344.7
2019-07-02,ONGC,133.9
2019-07-02,TATAPOWER,69.35
2019-07-02,TATASTEEL,44.17
2019-07-02,TCS,2254.3
2019-07-02,TITAN,1058.8
2019-07-02,WIPRO,134.5
2019-07-03,ADANIGREEN,52.05
2019-07-03,AXISBANK,806.25
2019-07-03,BAJFINANCE,273.0
2019-07-03,JSWSTEEL,289.95
2019-07-03,KOTAKBANK,247.1
2019-07-03,NIFTY 50,11053.05
2019-07-03,NIFTY BANK,27754.7
2019-07-03,ONGC,137.35
2019-07-03,TATAPOWER,70.6
2019-07-03,TATASTEEL,47.44
2019-07-03,TCS,2234.0
2019-07-03,TITAN,1044.0
2019-07-03,WIPRO,128.7
2019-07-04,ADANIGREEN,51.0
2019-07-04,AXISBANK,807.9
2019-07-04,TCS,2241.0
2019-07-05,ADANIGREEN,47.45
2019-07-05,AXISBANK,806.25
2019-07-05,BAJFINANCE,302.0
2019-07-05,JSWSTEEL,287.85
2019-07-05,KOTAKBANK,280.4
2019-07-05,NIFTY 50,11495.45
2019-07-05,NIFTY BANK,29279.15
2019-07-05,ONGC,154.95
2019-07-05,TATAPOWER,64.45
2019-07-05,TATASTEEL,48.32
2019-07-05,TCS,2166.85
2019-07-05,TITAN,1090.0
2019-07-05,WIPRO,140.3
2019-07-06,BAJFINANCE,351.5
2019-07-06,JSWSTEEL,262.0
2019-07-06,KOTAKBANK,302.0
2019-07-06,NIFTY 50,11863.75
2019-07-06,NIFTY BANK,31072.6
2019-07-06,ONGC,151.45
2019-07-06,TATAPOWER,66.2
2019-07-06,TATASTEEL,43.58
2019-07-06,TITAN,1269.0
2019-07-06,WIPRO,140.9
2019-07-08,ADANIGREEN,45.0
2019-07-08,AXISBANK,784.45
2019-07-08,BAJFINANCE,327.0
2019-07-08,JSWSTEEL,210.85
2019-07-08,KOTAKBANK,295.0
2019-07-08,NIFTY 50,10838.75
2019-07-08,NIFTY BANK,27655.95
2019-07-08,ONGC,117.9
2019-07-08,TATAPOWER,59.0
2019-07-08,TATASTEEL,33.42
2019-07-08,TCS,2171.1
2019-07-08,TITAN,1035.7
2019-07-08,WIPRO,125.2
2019-07-09,ADANIGREEN,49.5
2019-07-09,AXISBANK,785.8
2019-07-09,TCS,2121.4
2019-07-10,ADANIGREEN,48.9
2019-07-10,AXISBANK,768.0
2019-07-10,BAJFINANCE,391.5
2019-07-10,JSWSTEEL,208.05
2019-07-10,KOTAKBANK,312.0
2019-07-10,NIFTY 50,11119.95
2019-07-10,NIFTY BANK,27739.5
2019-07-10,ONGC,113.65
2019-07-10,TATAPOWER,58.05
2019-07-10,TATASTEEL,28.34
2019-07-10,TCS,2105.3
2019-07-10,TITAN,1259.0
2019-07-10,WIPRO,113.3
2019-07-11,ADANIGREEN,49.25
2019-07-11,AXISBANK,765.4
2019-07-11,BAJFINANCE,422.5
2019-07-11,JSWSTEEL,253.1
2019-07-11,KOTAKBANK,317.2
2019-07-11,NIFTY 50,12016.1
2019-07-11,NIFTY BANK,30650.35
2019-07-11,ONGC,128.4
2019-07-11,TATAPOWER,58.75
2019-07-11,TATASTEEL,35.81
2019-07-11,TCS,2101.95
2019-07-11,TITAN,1165.8
2019-07-11,WIPRO,124.35
2019-07-12,ADANIGREEN,49.5
2019-07-12,AXISBANK,754.05
2019-07-12,TCS,2108.0
2019-07-15,ADANIGREEN,48.6
2019-07-15,AXISBANK,749.9
2019-07-15,TCS,2135.5
2019-07-16,ADANIGREEN,49.35
2019-07-16,AXISBANK,762.1
2019-07-16,TCS,2105.9
2019-07-17,ADANIGREEN,48.4
2019-07-17,AXISBANK,754.0
2019-07-17,TCS,2111.8
2019-07-18,ADANIGREEN,47.7
2019-07-18,AXISBANK,743.0
2019-07-18,TCS,2075.55
2019-07-19,ADANIGREEN,46.0
2019-07-19,AXISBANK,730.1
2019-07-19,TCS,2079.9
2019-07-22,ADANIGREEN,47.0
2019-07-22,AXISBANK,727.1
2019-07-22,TCS,2107.15
2019-07-23,ADANIGREEN,48.8
2019-07-23,AXISBANK,728.0
2019-07-23,TCS,2119.95
2019-07-24,ADANIGREEN,48.25
2019-07-24,AXISBANK,710.4
2019-07-24,TCS,2099.0
2019-07-25,ADANIGREEN,48.7
2019-07-25,AXISBANK,724.6
2019-07-25,TCS,2128.25
2019-07-26,ADANIGREEN,49.25
2019-07-26,AXISBANK,730.55
2019-07-26,TCS,2112.65
2019-07-29,ADANIGREEN,48.9
2019-07-29,AXISBANK,723.2
2019-07-29,TCS,2125.1
2019-07-30,ADANIGREEN,46.05
2019-07-30,AXISBANK,702.4
2019-07-30,TCS,2176.3
2019-07-31,ADANIGREEN,46.7
2019-07-31,AXISBANK,674.7
2019-07-31,TCS,2201.0
2019-08-01,ADANIGREEN,45.7
2019-08-01,AXISBANK,671.3
2019-08-01,BAJFINANCE,253.0
2019-08-01,JSWSTEEL,293.45
2019-08-01,KOTAKBANK,245.6
2019-08-01,NIFTY 50,10788.6
2019-08-01,NIFTY BANK,27499.05
2019-08-01,ONGC,132.9
2019-08-01,TATAPOWER,75.0
2019-08-01,TATASTEEL,44.46
2019-08-01,TCS,2178.3
2019-08-01,TITAN,946.5
2019-08-01,WIPRO,116.35
2019-08-02,ADANIGREEN,46.8
2019-08-02,AXISBANK,672.1
2019-08-02,BAJFINANCE,270.0
2019-08-02,JSWSTEEL,264.0
2019-08-02,KOTAKBANK,259.7
2019-08-02,NIFTY 50,10932.6
2019-08-02,NIFTY BANK,27261.5
2019-08-02,ONGC,129.35
2019-08-02,TATAPOWER,68.25
2019-08-02,TATASTEEL,42.26
2019-08-02,TCS,2206.55
2019-08-02,TITAN,1054.0
2019-08-02,WIPRO,133.8
2019-08-03,BAJFINANCE,276.0
2019-08-03,JSWSTEEL,287.4
2019-08-03,KOTAKBANK,247.6
2019-08-03,NIFTY 50,11036.6
2019-08-03,NIFTY BANK,27759.35
2019-08-03,ONGC,136.5
2019-08-03,TATAPOWER,70.15
2019-08-03,TATASTEEL,46.12
2019-08-03,TITAN,1053.9
2019-08-03,WIPRO,123.05
2019-08-04,BAJFINANCE,302.0
2019-08-04,JSWSTEEL,290.4
2019-08-04,KOTAKBANK,268.0
2019-08-04,NIFTY 50,11600.45
2019-08-04,NIFTY BANK,29846.35
2019-08-04,ONGC,142.6
2019-08-04,TATAPOWER,71.8
2019-08-04,TATASTEEL,50.03
2019-08-04,TITAN,1104.45
2019-08-04,WIPRO,126.0
2019-08-05,ADANIGREEN,45.7
2019-08-05,AXISBANK,660.35
2019-08-05,BAJFINANCE,291.0
2019-08-05,JSWSTEEL,288.65
2019-08-05,KOTAKBANK,280.4
2019-08-05,NIFTY 50,11361.6
2019-08-05,NIFTY BANK,29011.4
2019-08-05,ONGC,152.8
2019-08-05,TATAPOWER,64.65
2019-08-05,TATASTEEL,47.59
2019-08-05,TCS,2240.0
2019-08-05,TITAN,1097.0
2019-08-05,WIPRO,139.3
2019-08-06,ADANIGREEN,47.6
2019-08-06,AXISBANK,678.4
2019-08-06,TCS,2213.75
2019-08-07,ADANIGREEN,47.7
2019-08-07,AXISBANK,658.15
2019-08-07,BAJFINANCE,343.0
2019-08-07,JSWSTEEL,263.0
2019-08-07,KOTAKBANK,295.2
2019-08-07,NIFTY 50,11564.0
2019-08-07,NIFTY BANK,30642.5
2019-08-07,ONGC,137.8
2019-08-07,TATAPOWER,68.45
2019-08-07,TATASTEEL,42.41
2019-08-07,TCS,2218.8
2019-08-07,TITAN,1253.0
2019-08-07,WIPRO,127.8
2019-08-08,ADANIGREEN,47.2
2019-08-08,AXISBANK,661.4
2019-08-08,BAJFINANCE,335.0
2019-08-08,JSWSTEEL,222.85
2019-08-08,KOTAKBANK,301.6
2019-08-08,NIFTY 50,11048.0
2019-08-08,NIFTY BANK,28208.75
2019-08-08,ONGC,118.85
2019-08-08,TATAPOWER,58.5
2019-08-08,TATASTEEL,32.3
2019-08-08,TCS,2253.8
2019-08-08,TITAN,1055.0
2019-08-08,WIPRO,127.0
2019-08-09,ADANIGREEN,46.5
2019-08-09,AXISBANK,660.1
2019-08-09,TCS,2245.0
2019-08-11,BAJFINANCE,416.0
2019-08-11,JSWSTEEL,249.6
2019-08-11,KOTAKBANK,319.8
2019-08-11,NIFTY 50,11905.7
2019-08-11,NIFTY BANK,30754.1
2019-08-11,ONGC,124.7
2019-08-11,TATAPOWER,59.7
2019-08-11,TATASTEEL,35.33
2019-08-11,TITAN,1155.05
2019-08-11,WIPRO,122.65
2019-08-13,ADANIGREEN,46.4
2019-08-13,AXISBANK,646.7
2019-08-13,TCS,2200.0
2019-08-14,ADANIGREEN,46.6
2019-08-14,AXISBANK,660.95
2019-08-14,TCS,2205.3
2019-08-16,ADANIGREEN,46.8
2019-08-16,AXISBANK,675.05
2019-08-16,TCS,2162.0
2019-08-19,ADANIGREEN,46.3
2019-08-19,AXISBANK,685.2
2019-08-19,TCS,2166.0
2019-08-20,ADANIGREEN,45.9
2019-08-20,AXISBANK,674.0
2019-08-20,TCS,2190.0
2019-08-21,ADANIGREEN,44.35
2019-08-21,AXISBANK,667.5
2019-08-21,TCS,2183.0
2019-08-22,ADANIGREEN,43.85
2019-08-22,AXISBANK,661.15
2019-08-22,TCS,2207.3
2019-08-23,ADANIGREEN,43.75
2019-08-23,AXISBANK,664.1
2019-08-23,TCS,2250.0
2019-08-26,ADANIGREEN,43.6
2019-08-26,AXISBANK,683.55
2019-08-26,TCS,2267.0
2019-08-27,ADANIGREEN,45.0
2019-08-27,AXISBANK,684.9
2019-08-27,TCS,2241.5
2019-08-28,ADANIGREEN,43.8
2019-08-28,AXISBANK,677.5
2019-08-28,TCS,2238.35
2019-08-29,ADANIGREEN,43.4
2019-08-29,AXISBANK,663.2
2019-08-29,TCS,2232.0
2019-08-30,ADANIGREEN,45.75
2019-08-30,AXISBANK,665.5
2019-08-30,TCS,2259.0
2019-09-01,BAJFINANCE,252.0
2019-09-01,JSWSTEEL,290.55
2019-09-01,KOTAKBANK,247.3
2019-09-01,NIFTY 50,10849.8
2019-09-01,NIFTY BANK,27711.2
2019-09-01,ONGC,131.35
2019-09-01,TATAPOWER,74.25
2019-09-01,TATASTEEL,43.34
2019-09-01,TITAN,953.5
2019-09-01,WIPRO,117.95
2019-09-03,ADANIGREEN,44.6
2019-09-03,AXISBANK,644.2
2019-09-03,TCS,2246.0
2019-09-04,ADANIGREEN,43.95
2019-09-04,AXISBANK,646.1
2019-09-04,BAJFINANCE,301.0
2019-09-04,JSWSTEEL,292.0
2019-09-04,KOTAKBANK,268.8
2019-09-04,NIFTY 50,11677.2
2019-09-04,NIFTY BANK,30143.5
2019-09-04,ONGC,142.55
2019-09-04,TATAPOWER,72.95
2019-09-04,TATASTEEL,50.57
2019-09-04,TCS,2245.2
2019-09-04,TITAN,1099.85
2019-09-04,WIPRO,131.3
2019-09-05,ADANIGREEN,44.95
2019-09-05,AXISBANK,648.6
2019-09-05,BAJFINANCE,297.0
2019-09-05,JSWSTEEL,284.5
2019-09-05,KOTAKBANK,274.0
2019-09-05,NIFTY 50,11297.9
2019-09-05,NIFTY BANK,28871.3
2019-09-05,ONGC,152.7
2019-09-05,TATAPOWER,64.45
2019-09-05,TATASTEEL,47.3
2019-09-05,TCS,2215.95
2019-09-05,TITAN,1103.2
2019-09-05,WIPRO,138.95
2019-09-06,ADANIGREEN,45.05
2019-09-06,AXISBANK,670.55
2019-09-06,TCS,2198.0
2019-09-07,BAJFINANCE,360.5
2019-09-07,JSWSTEEL,262.65
2019-09-07,KOTAKBANK,292.4
2019-09-07,NIFTY 50,11552.7
2019-09-07,NIFTY BANK,30573.25
2019-09-07,ONGC,138.3
2019-09-07,TATAPOWER,68.4
2019-09-07,TATASTEEL,42.26
2019-09-07,TITAN,1099.0
2019-09-07,WIPRO,126.95
2019-09-08,BAJFINANCE,341.0
2019-09-08,JSWSTEEL,219.8
2019-09-08,KOTAKBANK,306.4
2019-09-08,NIFTY 50,11111.05
2019-09-08,NIFTY BANK,28444.65
2019-09-08,ONGC,118.1
2019-09-08,TATAPOWER,58.0
2019-09-08,TATASTEEL,31.81
2019-09-08,TITAN,1077.0
2019-09-08,WIPRO,126.0
2019-09-09,ADANIGREEN,45.5
2019-09-09,AXISBANK,671.2
2019-09-09,BAJFINANCE,343.0
2019-09-09,JSWSTEEL,219.35
2019-09-09,KOTAKBANK,294.1
2019-09-09,NIFTY 50,11004.3
2019-09-09,NIFTY BANK,27491.35
2019-09-09,ONGC,116.65
2019-09-09,TATAPOWER,61.5
2019-09-09,TATASTEEL,30.88
2019-09-09,TCS,2185.0
2019-09-09,TITAN,1086.75
2019-09-09,WIPRO,122.25
2019-09-10,BAJFINANCE,402.5
2019-09-10,JSWSTEEL,213.3
2019-09-10,KOTAKBANK,322.2
2019-09-10,NIFTY 50,11319.6
2019-09-10,NIFTY BANK,28797.2
2019-09-10,ONGC,113.85
2019-09-10,TATAPOWER,61.15
2019-09-10,TATASTEEL,29.51
2019-09-10,TITAN,1230.0
2019-09-10,WIPRO,113.75
2019-09-11,ADANIGREEN,48.5
2019-09-11,AXISBANK,677.3
2019-09-11,TCS,2151.6
2019-09-12,ADANIGREEN,48.6
2019-09-12,AXISBANK,662.8
2019-09-12,BAJFINANCE,395.0
2019-09-12,JSWSTEEL,258.55
2019-09-12,KOTAKBANK,332.0
2019-09-12,NIFTY 50,11936.95
2019-09-12,NIFTY BANK,31332.4
2019-09-12,ONGC,114.2
2019-09-12,TATAPOWER,52.5
2019-09-12,TATASTEEL,36.16
2019-09-12,TCS,2134.6
2019-09-12,TITAN,1175.5
2019-09-12,WIPRO,114.9
2019-09-13,ADANIGREEN,50.4
2019-09-13,AXISBANK,673.9
2019-09-13,TCS,2143.0
2019-09-16,ADANIGREEN,55.4
2019-09-16,AXISBANK,671.2
2019-09-16,TCS,2150.0
2019-09-17,ADANIGREEN,54.5
2019-09-17,AXISBANK,639.5
2019-09-17,TCS,2126.4
2019-09-18,ADANIGREEN,52.85
2019-09-18,AXISBANK,647.5
2019-09-18,TCS,2141.15
2019-09-19,ADANIGREEN,50.3
2019-09-19,AXISBANK,637.35
2019-09-19,TCS,2096.9
2019-09-20,ADANIGREEN,51.4
2019-09-20,AXISBANK,676.8
2019-09-20,TCS,2070.0
2019-09-23,ADANIGREEN,51.95
2019-09-23,AXISBANK,729.0
2019-09-23,TCS,2020.15
2019-09-24,ADANIGREEN,52.6
2019-09-24,AXISBANK,703.15
2019-09-24,TCS,2047.45
2019-09-25,ADANIGREEN,52.55
2019-09-25,AXISBANK,686.55
2019-09-25,TCS,2085.8
2019-09-26,ADANIGREEN,59.15
2019-09-26,AXISBANK,699.5
2019-09-26,TCS,2089.6
2019-09-27,ADANIGREEN,57.3
2019-09-27,AXISBANK,702.5
2019-09-27,TCS,2059.0
2019-09-30,ADANIGREEN,58.25
2019-09-30,AXISBANK,684.8
2019-09-30,TCS,2096.8
2019-10-01,ADANIGREEN,56.7
2019-10-01,AXISBANK,676.75
2019-10-01,BAJFINANCE,251.5
2019-10-01,JSWSTEEL,289.3
2019-10-01,KOTAKBANK,243.6
2019-10-01,NIFTY 50,10815.75
2019-10-01,NIFTY BANK,27526.25
2019-10-01,ONGC,129.55
2019-10-01,TATAPOWER,74.9
2019-10-01,TATASTEEL,43.34
2019-10-01,TCS,2060.3
2019-10-01,TITAN,968.0
2019-10-01,WIPRO,116.9
2019-10-03,ADANIGREEN,61.6
2019-10-03,AXISBANK,667.15
2019-10-03,TCS,2057.0
2019-10-04,ADANIGREEN,64.35
2019-10-04,AXISBANK,655.05
2019-10-04,BAJFINANCE,300.0
2019-10-04,JSWSTEEL,288.0
2019-10-04,KOTAKBANK,270.0
2019-10-04,NIFTY 50,11582.75
2019-10-04,NIFTY BANK,29788.85
2019-10-04,ONGC,142.8
2019-10-04,TATAPOWER,71.05
2019-10-04,TATASTEEL,49.64
2019-10-04,TCS,2078.0
2019-10-04,TITAN,1100.8
2019-10-04,WIPRO,134.4
2019-10-05,BAJFINANCE,292.5
2019-10-05,JSWSTEEL,285.55
2019-10-05,KOTAKBANK,278.6
2019-10-05,NIFTY 50,11256.8
2019-10-05,NIFTY BANK,28975.85
2019-10-05,ONGC,150.65
2019-10-05,TATAPOWER,63.8
2019-10-05,TATASTEEL,44.07
2019-10-05,TITAN,1129.45
2019-10-05,WIPRO,138.6
2019-10-06,BAJFINANCE,352.0
2019-10-06,JSWSTEEL,266.9
2019-10-06,KOTAKBANK,300.4
2019-10-06,NIFTY 50,11928.3
2019-10-06,NIFTY BANK,31062.45
2019-10-06,ONGC,149.1
2019-10-06,TATAPOWER,66.35
2019-10-06,TATASTEEL,44.02
2019-10-06,TITAN,1275.0
2019-10-06,WIPRO,141.95
2019-10-07,ADANIGREEN,68.0
2019-10-07,AXISBANK,668.7
2019-10-07,BAJFINANCE,342.0
2019-10-07,JSWSTEEL,255.2
2019-10-07,KOTAKBANK,294.1
2019-10-07,NIFTY 50,11494.0
2019-10-07,NIFTY BANK,30529.7
2019-10-07,ONGC,137.05
2019-10-07,TATAPOWER,66.3
2019-10-07,TATASTEEL,40.85
2019-10-07,TCS,2046.0
2019-10-07,TITAN,1102.0
2019-10-07,WIPRO,127.5
2019-10-09,ADANIGREEN,71.4
2019-10-09,AXISBANK,686.95
2019-10-09,TCS,2021.9
2019-10-10,ADANIGREEN,73.95
2019-10-10,AXISBANK,675.25
2019-10-10,BAJFINANCE,395.0
2019-10-10,JSWSTEEL,212.95
2019-10-10,KOTAKBANK,317.6
2019-10-10,NIFTY 50,11239.25
2019-10-10,NIFTY BANK,28064.5
2019-10-10,ONGC,113.65
2019-10-10,TATAPOWER,61.5
2019-10-10,TATASTEEL,28.68
2019-10-10,TCS,2002.8
2019-10-10,TITAN,1238.0
2019-10-10,WIPRO,114.05
2019-10-11,ADANIGREEN,79.0
2019-10-11,AXISBANK,672.1
2019-10-11,TCS,1989.3
2019-10-12,BAJFINANCE,399.5
2019-10-12,JSWSTEEL,251.0
2019-10-12,KOTAKBANK,332.8
2019-10-12,NIFTY 50,11861.25
2019-10-12,NIFTY BANK,31176.95
2019-10-12,ONGC,113.2
2019-10-12,TATAPOWER,51.4
2019-10-12,TATASTEEL,35.81
2019-10-12,TITAN,1180.0
2019-10-12,WIPRO,113.7
2019-10-14,ADANIGREEN,78.75
2019-10-14,AXISBANK,684.0
2019-10-14,TCS,2022.55
2019-10-15,ADANIGREEN,80.5
2019-10-15,AXISBANK,689.9
2019-10-15,TCS,2037.8
2019-10-16,ADANIGREEN,80.0
2019-10-16,AXISBANK,692.65
2019-10-16,TCS,2055.0
2019-10-17,ADANIGREEN,88.15
2019-10-17,AXISBANK,709.9
2019-10-17,TCS,2029.0
2019-10-18,ADANIGREEN,88.75
2019-10-18,AXISBANK,710.6
2019-10-18,TCS,2059.0
2019-10-22,ADANIGREEN,86.6
2019-10-22,AXISBANK,713.25
2019-10-22,TCS,2050.0
2019-10-23,ADANIGREEN,86.55
2019-10-23,AXISBANK,716.4
2019-10-23,TCS,2082.0
2019-10-24,ADANIGREEN,86.2
2019-10-24,AXISBANK,708.0
2019-10-24,TCS,2079.75
2019-10-25,ADANIGREEN,89.4
2019-10-25,AXISBANK,709.85
2019-10-25,TCS,2121.6
2019-10-27,ADANIGREEN,89.8
2019-10-27,AXISBANK,709.05
2019-10-27,TCS,2117.65
2019-10-29,ADANIGREEN,89.2
2019-10-29,AXISBANK,740.3
2019-10-29,TCS,2197.5
2019-10-30,ADANIGREEN,89.8
2019-10-30,AXISBANK,748.3
2019-10-30,TCS,2255.75
2019-10-31,ADANIGREEN,89.65
2019-10-31,AXISBANK,732.1
2019-10-31,TCS,2274.55
2019-11-01,ADANIGREEN,89.75
2019-11-01,AXISBANK,749.4
2019-11-01,BAJFINANCE,251.5
2019-11-01,JSWSTEEL,288.45
2019-11-01,KOTAKBANK,243.7
2019-11-01,NIFTY 50,10783.55
2019-11-01,NIFTY BANK,27420.4
2019-11-01,ONGC,130.45
2019-11-01,TATAPOWER,75.1
2019-11-01,TATASTEEL,42.75
2019-11-01,TCS,2207.0
2019-11-01,TITAN,958.8
2019-11-01,WIPRO,118.35
2019-11-02,BAJFINANCE,267.0
2019-11-02,JSWSTEEL,263.3
2019-11-02,KOTAKBANK,260.3
2019-11-02,NIFTY 50,10899.9
2019-11-02,NIFTY BANK,27259.95
2019-11-02,ONGC,125.0
2019-11-02,TATAPOWER,66.1
2019-11-02,TATASTEEL,43.34
2019-11-02,TITAN,1055.1
2019-11-02,WIPRO,134.4
2019-11-03,BAJFINANCE,279.0
2019-11-03,JSWSTEEL,293.8
2019-11-03,KOTAKBANK,250.4
2019-11-03,NIFTY 50,11175.85
2019-11-03,NIFTY BANK,27973.05
2019-11-03,ONGC,137.9
2019-11-03,TATAPOWER,71.8
2019-11-03,TATASTEEL,47.39
2019-11-03,TITAN,1069.5
2019-11-03,WIPRO,124.25
2019-11-04,ADANIGREEN,92.95
2019-11-04,AXISBANK,741.8
2019-11-04,BAJFINANCE,304.0
2019-11-04,JSWSTEEL,287.0
2019-11-04,KOTAKBANK,268.3
2019-11-04,NIFTY 50,11603.0
2019-11-04,NIFTY BANK,29781.7
2019-11-04,ONGC,143.95
2019-11-04,TATAPOWER,73.15
2019-11-04,TATASTEEL,49.06
2019-11-04,TCS,2194.1
2019-11-04,TITAN,1105.1
2019-11-04,WIPRO,134.5
2019-11-05,ADANIGREEN,90.7
2019-11-05,AXISBANK,735.8
2019-11-05,TCS,2198.0
2019-11-06,ADANIGREEN,90.2
2019-11-06,AXISBANK,745.55
2019-11-06,BAJFINANCE,356.0
2019-11-06,JSWSTEEL,273.9
2019-11-06,KOTAKBANK,300.9
2019-11-06,NIFTY 50,11962.85
2019-11-06,NIFTY BANK,31266.7
2019-11-06,ONGC,152.6
2019-11-06,TATAPOWER,66.3
2019-11-06,TATASTEEL,44.61
2019-11-06,TCS,2190.8
2019-11-06,TITAN,1286.55
2019-11-06,WIPRO,142.2
2019-11-07,ADANIGREEN,88.4
2019-11-07,AXISBANK,737.0
2019-11-07,BAJFINANCE,345.5
2019-11-07,JSWSTEEL,267.55
2019-11-07,KOTAKBANK,295.8
2019-11-07,NIFTY 50,11575.6
2019-11-07,NIFTY BANK,30675.15
2019-11-07,ONGC,138.3
2019-11-07,TATAPOWER,67.4
2019-11-07,TATASTEEL,41.53
2019-11-07,TCS,2185.0
2019-11-07,TITAN,1096.95
2019-11-07,WIPRO,128.1
2019-11-08,ADANIGREEN,86.8
2019-11-08,AXISBANK,725.4
2019-11-08,TCS,2129.95
2019-11-09,BAJFINANCE,339.0
2019-11-09,JSWSTEEL,227.8
2019-11-09,KOTAKBANK,295.2
2019-11-09,NIFTY 50,11018.95
2019-11-09,NIFTY BANK,27729.3
2019-11-09,ONGC,113.3
2019-11-09,TATAPOWER,61.35
2019-11-09,TATASTEEL,32.3
2019-11-09,TITAN,1101.0
2019-11-09,WIPRO,118.6
2019-11-10,BAJFINANCE,397.0
2019-11-10,JSWSTEEL,216.35
2019-11-10,KOTAKBANK,317.9
2019-11-10,NIFTY 50,11301.25
2019-11-10,NIFTY BANK,28038.65
2019-11-10,ONGC,116.95
2019-11-10,TATAPOWER,61.0
2019-11-10,TATASTEEL,29.56
2019-11-10,TITAN,1242.0
2019-11-10,WIPRO,114.4
2019-11-11,ADANIGREEN,94.1
2019-11-11,AXISBANK,733.35
2019-11-11,BAJFINANCE,417.0
2019-11-11,JSWSTEEL,251.6
2019-11-11,KOTAKBANK,323.6
2019-11-11,NIFTY 50,11912.75
2019-11-11,NIFTY BANK,31133.9
2019-11-11,ONGC,125.45
2019-11-11,TATAPOWER,57.25
2019-11-11,TATASTEEL,35.67
2019-11-11,TCS,2100.9
2019-11-11,TITAN,1153.65
2019-11-11,WIPRO,122.6
2019-11-12,BAJFINANCE,404.0
2019-11-12,JSWSTEEL,250.2
2019-11-12,KOTAKBANK,337.1
2019-11-12,NIFTY 50,11913.2
2019-11-12,NIFTY BANK,31285.35
2019-11-12,ONGC,115.7
2019-11-12,TATAPOWER,52.75
2019-11-12,TATASTEEL,36.25
2019-11-12,TITAN,1180.45
2019-11-12,WIPRO,114.45
2019-11-13,ADANIGREEN,95.6
2019-11-13,AXISBANK,710.65
2019-11-13,TCS,2179.0
2019-11-14,ADANIGREEN,95.2
2019-11-14,AXISBANK,716.25
2019-11-14,TCS,2190.0
2019-11-15,ADANIGREEN,95.85
2019-11-15,AXISBANK,715.55
2019-11-15,TCS,2171.5
2019-11-18,ADANIGREEN,93.9
2019-11-18,AXISBANK,724.1
2019-11-18,TCS,2151.0
2019-11-19,ADANIGREEN,96.2
2019-11-19,AXISBANK,749.8
2019-11-19,TCS,2109.3
2019-11-20,ADANIGREEN,98.25
2019-11-20,AXISBANK,748.4
2019-11-20,TCS,2108.0
2019-11-21,ADANIGREEN,97.25
2019-11-21,AXISBANK,735.95
2019-11-21,TCS,2117.4
2019-11-22,ADANIGREEN,106.7
2019-11-22,AXISBANK,730.6
2019-11-22,TCS,2067.15
2019-11-25,ADANIGREEN,113.8
2019-11-25,AXISBANK,755.0
2019-11-25,TCS,2083.5
2019-11-26,ADANIGREEN,115.0
2019-11-26,AXISBANK,755.3
2019-11-26,TCS,2046.0
2019-11-27,ADANIGREEN,126.65
2019-11-27,AXISBANK,749.1
2019-11-27,TCS,2055.0
2019-11-28,ADANIGREEN,132.15
2019-11-28,AXISBANK,750.5
2019-11-28,TCS,2075.9
2019-11-29,ADANIGREEN,137.15
2019-11-29,AXISBANK,738.6
2019-11-29,TCS,2051.65
2019-12-02,ADANIGREEN,132.25
2019-12-02,AXISBANK,744.55
2019-12-02,BAJFINANCE,262.0
2019-12-02,JSWSTEEL,272.0
2019-12-02,KOTAKBANK,259.6
2019-12-02,NIFTY 50,10828.4
2019-12-02,NIFTY BANK,26996.15
2019-12-02,ONGC,124.1
2019-12-02,TATAPOWER,66.5
2019-12-02,TATASTEEL,44.02
2019-12-02,TCS,2021.0
2019-12-02,TITAN,1066.0
2019-12-02,WIPRO,134.65
2019-12-03,ADANIGREEN,124.75
2019-12-03,AXISBANK,732.85
2019-12-03,BAJFINANCE,275.0
2019-12-03,JSWSTEEL,290.2
2019-12-03,KOTAKBANK,252.4
2019-12-03,NIFTY 50,11290.2
2019-12-03,NIFTY BANK,28422.65
2019-12-03,ONGC,137.15
2019-12-03,TATAPOWER,73.2
2019-12-03,TATASTEEL,47.59
2019-12-03,TCS,2050.65
2019-12-03,TITAN,1080.25
2019-12-03,WIPRO,124.75
2019-12-04,ADANIGREEN,127.9
2019-12-04,AXISBANK,740.0
2019-12-04,BAJFINANCE,301.5
2019-12-04,JSWSTEEL,286.1
2019-12-04,KOTAKBANK,269.0
2019-12-04,NIFTY 50,11631.55
2019-12-04,NIFTY BANK,29868.65
2019-12-04,ONGC,142.3
2019-12-04,TATAPOWER,72.8
2019-12-04,TATASTEEL,48.67
2019-12-04,TCS,2077.0
2019-12-04,TITAN,1095.8
2019-12-04,WIPRO,135.35
2019-12-05,ADANIGREEN,129.25
2019-12-05,AXISBANK,728.2
2019-12-05,TCS,2120.2
2019-12-06,ADANIGREEN,126.0
2019-12-06,AXISBANK,718.0
2019-12-06,BAJFINANCE,351.0
2019-12-06,JSWSTEEL,271.2
2019-12-06,KOTAKBANK,297.3
2019-12-06,NIFTY 50,11917.3
2019-12-06,NIFTY BANK,31016.55
2019-12-06,ONGC,154.45
2019-12-06,TATAPOWER,66.45
2019-12-06,TATASTEEL,45.93
2019-12-06,TCS,2123.65
2019-12-06,TITAN,1288.0
2019-12-06,WIPRO,142.35
2019-12-07,BAJFINANCE,338.0
2019-12-07,JSWSTEEL,267.4
2019-12-07,KOTAKBANK,296.6
2019-12-07,NIFTY 50,11547.65
2019-12-07,NIFTY BANK,30587.4
2019-12-07,ONGC,134.6
2019-12-07,TATAPOWER,68.1
2019-12-07,TATASTEEL,42.66
2019-12-07,TITAN,1102.0
2019-12-07,WIPRO,124.15
2019-12-09,ADANIGREEN,123.25
2019-12-09,AXISBANK,733.0
2019-12-09,BAJFINANCE,338.0
2019-12-09,JSWSTEEL,221.35
2019-12-09,KOTAKBANK,291.4
2019-12-09,NIFTY 50,10981.05
2019-12-09,NIFTY BANK,27793.75
2019-12-09,ONGC,113.7
2019-12-09,TATAPOWER,64.0
2019-12-09,TATASTEEL,32.2
2019-12-09,TCS,2060.0
2019-12-09,TITAN,1086.6
2019-12-09,WIPRO,116.7
2019-12-10,ADANIGREEN,126.75
2019-12-10,AXISBANK,714.5
2019-12-10,TCS,2016.25
2019-12-11,ADANIGREEN,133.2
2019-12-11,AXISBANK,715.8
2019-12-11,TCS,2040.0
2019-12-12,ADANIGREEN,131.2
2019-12-12,AXISBANK,720.75
2019-12-12,BAJFINANCE,405.0
2019-12-12,JSWSTEEL,255.55
2019-12-12,KOTAKBANK,343.0
2019-12-12,NIFTY 50,11968.7
2019-12-12,NIFTY BANK,31665.8
2019-12-12,ONGC,113.95
2019-12-12,TATAPOWER,53.3
2019-12-12,TATASTEEL,37.33
2019-12-12,TCS,2004.0
2019-12-12,TITAN,1188.0
2019-12-12,WIPRO,114.4
2019-12-13,ADANIGREEN,132.5
2019-12-13,AXISBANK,752.25
2019-12-13,TCS,2070.0
2019-12-16,ADANIGREEN,134.0
2019-12-16,AXISBANK,746.85
2019-12-16,TCS,2130.0
2019-12-17,ADANIGREEN,135.2
2019-12-17,AXISBANK,745.25
2019-12-17,TCS,2168.5
2019-12-18,ADANIGREEN,135.0
2019-12-18,AXISBANK,742.6
2019-12-18,TCS,2165.3
2019-12-19,ADANIGREEN,134.25
2019-12-19,AXISBANK,744.2
2019-12-19,TCS,2231.7
2019-12-20,ADANIGREEN,134.15
2019-12-20,AXISBANK,739.0
2019-12-20,TCS,2220.0
2019-12-23,ADANIGREEN,141.85
2019-12-23,AXISBANK,744.7
2019-12-23,TCS,2236.0
2019-12-24,ADANIGREEN,148.9
2019-12-24,AXISBANK,740.0
2019-12-24,TCS,2216.0
2019-12-26,ADANIGREEN,156.3
2019-12-26,AXISBANK,739.9
2019-12-26,TCS,2202.0
2019-12-27,ADANIGREEN,150.9
2019-12-27,AXISBANK,760.9
2019-12-27,TCS,2209.9
2019-12-30,ADANIGREEN,158.55
2019-12-30,AXISBANK,756.0
2019-12-30,TCS,2183.35
2019-12-31,ADANIGREEN,166.45
2019-12-31,AXISBANK,752.45
2019-12-31,TCS,2165.0
2020-01-01,ADANIGREEN,174.75
2020-01-01,AXISBANK,748.75
2020-01-01,BAJFINANCE,423.0
2020-01-01,JSWSTEEL,268.4
2020-01-01,KOTAKBANK,334.6
2020-01-01,NIFTY 50,12189.7
2020-01-01,NIFTY BANK,32128.9
2020-01-01,ONGC,114.8
2020-01-01,TATAPOWER,57.55
2020-01-01,TATASTEEL,42.17
2020-01-01,TCS,2170.0
2020-01-01,TITAN,1155.45
2020-01-01,WIPRO,118.35
2020-01-02,ADANIGREEN,183.45
2020-01-02,AXISBANK,756.0
2020-01-02,BAJFINANCE,427.5
2020-01-02,JSWSTEEL,245.25
2020-01-02,KOTAKBANK,330.4
2020-01-02,NIFTY 50,11643.65
2020-01-02,NIFTY BANK,29814.75
2020-01-02,ONGC,94.05
2020-01-02,TATAPOWER,55.1
2020-01-02,TATASTEEL,37.72
2020-01-02,TCS,2157.0
2020-01-02,TITAN,1173.25
2020-01-02,WIPRO,113.35
2020-01-03,ADANIGREEN,192.6
2020-01-03,AXISBANK,742.4
2020-01-03,TCS,2201.0
2020-01-04,BAJFINANCE,222.5
2020-01-04,JSWSTEEL,143.0
2020-01-04,KOTAKBANK,236.3
2020-01-04,NIFTY 50,8262.65
2020-01-04,NIFTY BANK,18207.35
2020-01-04,ONGC,59.55
2020-01-04,TATAPOWER,31.75
2020-01-04,TATASTEEL,22.52
2020-01-04,TITAN,934.9
2020-01-04,WIPRO,90.1
2020-01-06,ADANIGREEN,202.2
2020-01-06,AXISBANK,722.0
2020-01-06,BAJFINANCE,215.5
2020-01-06,JSWSTEEL,193.0
2020-01-06,KOTAKBANK,250.3
2020-01-06,NIFTY 50,9812.2
2020-01-06,NIFTY BANK,19917.7
2020-01-06,ONGC,76.2
2020-01-06,TATAPOWER,39.95
2020-01-06,TATASTEEL,27.31
2020-01-06,TCS,2201.35
2020-01-06,TITAN,958.5
2020-01-06,WIPRO,102.65
2020-01-07,ADANIGREEN,210.6
2020-01-07,AXISBANK,726.6
2020-01-07,BAJFINANCE,295.0
2020-01-07,JSWSTEEL,191.6
2020-01-07,KOTAKBANK,268.9
2020-01-07,NIFTY 50,10419.45
2020-01-07,NIFTY BANK,21892.55
2020-01-07,ONGC,73.1
2020-01-07,TATAPOWER,46.55
2020-01-07,TATASTEEL,28.14
2020-01-07,TCS,2205.0
2020-01-07,TITAN,948.0
2020-01-07,WIPRO,104.6
2020-01-08,ADANIGREEN,221.1
2020-01-08,AXISBANK,723.5
2020-01-08,TCS,2253.35
2020-01-09,ADANIGREEN,232.15
2020-01-09,AXISBANK,740.8
2020-01-09,BAJFINANCE,363.5
2020-01-09,JSWSTEEL,287.45
2020-01-09,KOTAKBANK,286.1
2020-01-09,NIFTY 50,11494.1
2020-01-09,NIFTY BANK,23847.4
2020-01-09,ONGC,71.9
2020-01-09,TATAPOWER,59.4
2020-01-09,TATASTEEL,38.7
2020-01-09,TCS,2220.0
2020-01-09,TITAN,1122.0
2020-01-09,WIPRO,130.1
2020-01-10,ADANIGREEN,220.55
2020-01-10,AXISBANK,739.5
2020-01-10,BAJFINANCE,344.5
2020-01-10,JSWSTEEL,282.2
2020-01-10,KOTAKBANK,261.2
2020-01-10,NIFTY 50,11422.4
2020-01-10,NIFTY BANK,22234.55
2020-01-10,ONGC,62.3
2020-01-10,TATAPOWER,54.25
2020-01-10,TATASTEEL,32.15
2020-01-10,TCS,2213.0
2020-01-10,TITAN,1196.55
2020-01-10,WIPRO,149.75
2020-01-12,BAJFINANCE,485.5
2020-01-12,JSWSTEEL,357.6
2020-01-12,KOTAKBANK,375.2
2020-01-12,NIFTY 50,13097.85
2020-01-12,NIFTY BANK,29786.35
2020-01-12,ONGC,73.55
2020-01-12,TATAPOWER,69.0
2020-01-12,TATASTEEL,53.6
2020-01-12,TITAN,1342.0
2020-01-12,WIPRO,169.05
2020-01-13,ADANIGREEN,209.55
2020-01-13,AXISBANK,737.8
2020-01-13,TCS,2193.0
2020-01-14,ADANIGREEN,199.1
2020-01-14,AXISBANK,746.05
2020-01-14,TCS,2210.0
2020-01-15,ADANIGREEN,189.15
2020-01-15,AXISBANK,745.25
2020-01-15,TCS,2224.0
2020-01-16,ADANIGREEN,179.7
2020-01-16,AXISBANK,737.4
2020-01-16,TCS,2240.0
2020-01-17,ADANIGREEN,188.65
2020-01-17,AXISBANK,737.7
2020-01-17,TCS,2220.0
2020-01-20,ADANIGREEN,198.05
2020-01-20,AXISBANK,727.1
2020-01-20,TCS,2173.9
2020-01-21,ADANIGREEN,200.2
2020-01-21,AXISBANK,717.7
2020-01-21,TCS,2172.35
2020-01-22,ADANIGREEN,197.6
2020-01-22,AXISBANK,710.15
2020-01-22,TCS,2209.8
2020-01-23,ADANIGREEN,191.55
2020-01-23,AXISBANK,723.9
2020-01-23,TCS,2188.0
2020-01-24,ADANIGREEN,189.25
2020-01-24,AXISBANK,737.1
2020-01-24,TCS,2185.0
2020-01-27,ADANIGREEN,190.7
2020-01-27,AXISBANK,738.7
2020-01-27,TCS,2168.3
2020-01-28,ADANIGREEN,189.95
2020-01-28,AXISBANK,735.4
2020-01-28,TCS,2183.0
2020-01-29,ADANIGREEN,186.05
2020-01-29,AXISBANK,735.5
2020-01-29,TCS,2154.0
2020-01-30,ADANIGREEN,180.6
2020-01-30,AXISBANK,730.9
2020-01-30,TCS,2134.65
2020-01-31,ADANIGREEN,189.45
2020-01-31,AXISBANK,731.0
2020-01-31,TCS,2082.4
2020-02-01,ADANIGREEN,185.75
2020-02-01,AXISBANK,707.0
2020-02-01,BAJFINANCE,424.5
2020-02-01,JSWSTEEL,276.9
2020-02-01,KOTAKBANK,334.3
2020-02-01,NIFTY 50,12282.35
2020-02-01,NIFTY BANK,32432.65
2020-02-01,ONGC,115.8
2020-02-01,TATAPOWER,58.0
2020-02-01,TATASTEEL,44.07
2020-02-01,TCS,2167.5
2020-02-01,TITAN,1156.0
2020-02-01,WIPRO,118.75
2020-02-03,ADANIGREEN,196.15
2020-02-03,AXISBANK,707.85
2020-02-03,BAJFINANCE,436.0
2020-02-03,JSWSTEEL,234.55
2020-02-03,KOTAKBANK,320.0
2020-02-03,NIFTY 50,11149.2
2020-02-03,NIFTY BANK,28913.4
2020-02-03,ONGC,80.5
2020-02-03,TATAPOWER,43.4
2020-02-03,TATASTEEL,32.05
2020-02-03,TCS,2110.0
2020-02-03,TITAN,1248.0
2020-02-03,WIPRO,105.45
2020-02-04,ADANIGREEN,198.2
2020-02-04,AXISBANK,715.2
2020-02-04,TCS,2111.95
2020-02-05,ADANIGREEN,192.4
2020-02-05,AXISBANK,724.7
2020-02-05,TCS,2147.5
2020-02-06,ADANIGREEN,202.9
2020-02-06,AXISBANK,736.3
2020-02-06,BAJFINANCE,234.0
2020-02-06,JSWSTEEL,192.0
2020-02-06,KOTAKBANK,268.8
2020-02-06,NIFTY 50,9995.1
2020-02-06,NIFTY BANK,20612.95
2020-02-06,ONGC,76.3
2020-02-06,TATAPOWER,42.6
2020-02-06,TATASTEEL,27.61
2020-02-06,TCS,2129.0
2020-02-06,TITAN,977.45
2020-02-06,WIPRO,103.45
2020-02-07,ADANIGREEN,213.0
2020-02-07,AXISBANK,746.3
2020-02-07,BAJFINANCE,295.0
2020-02-07,JSWSTEEL,194.5
2020-02-07,KOTAKBANK,270.7
2020-02-07,NIFTY 50,10563.6
2020-02-07,NIFTY BANK,21992.6
2020-02-07,ONGC,74.35
2020-02-07,TATAPOWER,49.65
2020-02-07,TATASTEEL,29.12
2020-02-07,TCS,2138.0
2020-02-07,TITAN,984.2
2020-02-07,WIPRO,106.85
2020-02-09,BAJFINANCE,367.0
2020-02-09,JSWSTEEL,292.5
2020-02-09,KOTAKBANK,284.2
2020-02-09,NIFTY 50,11543.1
2020-02-09,NIFTY BANK,23879.4
2020-02-09,ONGC,72.8
2020-02-09,TATAPOWER,60.8
2020-02-09,TATASTEEL,39.48
2020-02-09,TITAN,1121.0
2020-02-09,WIPRO,131.05
2020-02-10,ADANIGREEN,212.5
2020-02-10,AXISBANK,739.2
2020-02-10,TCS,2153.1
2020-02-11,ADANIGREEN,211.0
2020-02-11,AXISBANK,749.65
2020-02-11,BAJFINANCE,341.0
2020-02-11,JSWSTEEL,309.5
2020-02-11,KOTAKBANK,315.0
2020-02-11,NIFTY 50,11652.75
2020-02-11,NIFTY BANK,24845.25
2020-02-11,ONGC,59.35
2020-02-11,TATAPOWER,52.55
2020-02-11,TATASTEEL,35.77
2020-02-11,TCS,2152.7
2020-02-11,TITAN,1167.95
2020-02-11,WIPRO,159.85
2020-02-12,ADANIGREEN,208.0
2020-02-12,AXISBANK,753.8
2020-02-12,BAJFINANCE,481.5
2020-02-12,JSWSTEEL,367.5
2020-02-12,KOTAKBANK,362.6
2020-02-12,NIFTY 50,13104.15
2020-02-12,NIFTY BANK,29431.3
2020-02-12,ONGC,76.5
2020-02-12,TATAPOWER,67.9
2020-02-12,TATASTEEL,55.46
2020-02-12,TCS,2173.1
2020-02-12,TITAN,1386.25
2020-02-12,WIPRO,171.7
2020-02-13,ADANIGREEN,200.0
2020-02-13,AXISBANK,746.45
2020-02-13,TCS,2191.0
2020-02-14,ADANIGREEN,206.85
2020-02-14,AXISBANK,736.3
2020-02-14,TCS,2183.0
2020-02-17,ADANIGREEN,198.1
2020-02-17,AXISBANK,738.5
2020-02-17,TCS,2202.05
2020-02-18,ADANIGREEN,189.15
2020-02-18,AXISBANK,735.5
2020-02-18,TCS,2215.0
2020-02-19,ADANIGREEN,197.4
2020-02-19,AXISBANK,741.5
2020-02-19,TCS,2194.1
2020-02-20,ADANIGREEN,195.1
2020-02-20,AXISBANK,745.5
2020-02-20,TCS,2157.0
2020-02-24,ADANIGREEN,185.35
2020-02-24,AXISBANK,725.5
2020-02-24,TCS,2112.0
2020-02-25,ADANIGREEN,179.85
2020-02-25,AXISBANK,730.0
2020-02-25,TCS,2163.0
2020-02-26,ADANIGREEN,171.55
2020-02-26,AXISBANK,728.3
2020-02-26,TCS,2122.0
2020-02-27,ADANIGREEN,163.0
2020-02-27,AXISBANK,737.3
2020-02-27,TCS,2097.0
2020-02-28,ADANIGREEN,154.85
2020-02-28,AXISBANK,700.0
2020-02-28,TCS,2010.0
2020-03-01,BAJFINANCE,418.0
2020-03-01,JSWSTEEL,272.2
2020-03-01,KOTAKBANK,331.8
2020-03-01,NIFTY 50,12222.2
2020-03-01,NIFTY BANK,32077.8
2020-03-01,ONGC,115.8
2020-03-01,TATAPOWER,57.65
2020-03-01,TATASTEEL,43.73
2020-03-01,TITAN,1139.7
2020-03-01,WIPRO,119.95
2020-03-02,ADANIGREEN,159.0
2020-03-02,AXISBANK,688.0
2020-03-02,BAJFINANCE,437.5
2020-03-02,JSWSTEEL,252.3
2020-03-02,KOTAKBANK,335.3
2020-03-02,NIFTY 50,11724.6
2020-03-02,NIFTY BANK,30046.5
2020-03-02,ONGC,93.2
2020-03-02,TATAPOWER,54.95
2020-03-02,TATASTEEL,39.28
2020-03-02,TCS,2002.7
2020-03-02,TITAN,1184.0
2020-03-02,WIPRO,113.2
2020-03-03,ADANIGREEN,159.2
2020-03-03,AXISBANK,689.8
2020-03-03,BAJFINANCE,446.0
2020-03-03,JSWSTEEL,245.8
2020-03-03,KOTAKBANK,326.6
2020-03-03,NIFTY 50,11329.15
2020-03-03,NIFTY BANK,29240.7
2020-03-03,ONGC,84.0
2020-03-03,TATAPOWER,44.35
2020-03-03,TATASTEEL,34.45
2020-03-03,TCS,2041.0
2020-03-03,TITAN,1250.0
2020-03-03,WIPRO,106.7
2020-03-04,ADANIGREEN,151.55
2020-03-04,AXISBANK,681.0
2020-03-04,BAJFINANCE,221.0
2020-03-04,JSWSTEEL,142.0
2020-03-04,KOTAKBANK,232.2
2020-03-04,NIFTY 50,8106.45
2020-03-04,NIFTY BANK,17317.65
2020-03-04,ONGC,62.9
2020-03-04,TATAPOWER,30.4
2020-03-04,TATASTEEL,21.35
2020-03-04,TCS,2082.1
2020-03-04,TITAN,870.0
2020-03-04,WIPRO,86.15
2020-03-05,ADANIGREEN,152.0
2020-03-05,AXISBANK,677.75
2020-03-05,TCS,2129.0
2020-03-06,ADANIGREEN,144.9
2020-03-06,AXISBANK,658.2
2020-03-06,BAJFINANCE,242.0
2020-03-06,JSWSTEEL,193.25
2020-03-06,KOTAKBANK,277.0
2020-03-06,NIFTY 50,10068.05
2020-03-06,NIFTY BANK,20918.5
2020-03-06,ONGC,78.15
2020-03-06,TATAPOWER,42.15
2020-03-06,TATASTEEL,27.46
2020-03-06,TCS,2115.4
2020-03-06,TITAN,984.0
2020-03-06,WIPRO,101.35
2020-03-07,BAJFINANCE,293.0
2020-03-07,JSWSTEEL,191.0
2020-03-07,KOTAKBANK,270.2
2020-03-07,NIFTY 50,10602.7
2020-03-07,NIFTY BANK,21854.0
2020-03-07,ONGC,74.4
2020-03-07,TATAPOWER,49.7
2020-03-07,TATASTEEL,28.63
2020-03-07,TITAN,1003.0
2020-03-07,WIPRO,107.3
2020-03-08,BAJFINANCE,317.0
2020-03-08,JSWSTEEL,219.5
2020-03-08,KOTAKBANK,263.4
2020-03-08,NIFTY 50,10900.0
2020-03-08,NIFTY BANK,21132.6
2020-03-08,ONGC,68.5
2020-03-08,TATAPOWER,48.85
2020-03-08,TATASTEEL,32.83
2020-03-08,TITAN,1077.25
2020-03-08,WIPRO,134.5
2020-03-09,ADANIGREEN,137.7
2020-03-09,AXISBANK,623.6
2020-03-09,BAJFINANCE,362.0
2020-03-09,JSWSTEEL,293.0
2020-03-09,KOTAKBANK,280.0
2020-03-09,NIFTY 50,11535.7
2020-03-09,NIFTY BANK,23576.25
2020-03-09,ONGC,71.5
2020-03-09,TATAPOWER,60.6
2020-03-09,TATASTEEL,39.33
2020-03-09,TCS,1981.0
2020-03-09,TITAN,1185.3
2020-03-09,WIPRO,135.45
2020-03-11,ADANIGREEN,130.85
2020-03-11,AXISBANK,620.0
2020-03-11,BAJFINANCE,348.5
2020-03-11,JSWSTEEL,314.8
2020-03-11,KOTAKBANK,318.6
2020-03-11,NIFTY 50,11807.65
2020-03-11,NIFTY BANK,25674.35
2020-03-11,ONGC,60.0
2020-03-11,TATAPOWER,53.55
2020-03-11,TATASTEEL,36.16
2020-03-11,TCS,1952.75
2020-03-11,TITAN,1200.7
2020-03-11,WIPRO,160.35
2020-03-12,ADANIGREEN,124.35
2020-03-12,AXISBANK,546.0
2020-03-12,BAJFINANCE,486.5
2020-03-12,JSWSTEEL,370.8
2020-03-12,KOTAKBANK,365.0
2020-03-12,NIFTY 50,13136.6
2020-03-12,NIFTY BANK,29484.35
2020-03-12,ONGC,79.85
2020-03-12,TATAPOWER,69.4
2020-03-12,TATASTEEL,56.92
2020-03-12,TCS,1772.9
2020-03-12,TITAN,1416.9
2020-03-12,WIPRO,172.15
2020-03-13,ADANIGREEN,130.55
2020-03-13,AXISBANK,578.5
2020-03-13,TCS,1820.0
2020-03-16,ADANIGREEN,118.6
2020-03-16,AXISBANK,510.9
2020-03-16,TCS,1684.5
2020-03-17,ADANIGREEN,123.55
2020-03-17,AXISBANK,485.6
2020-03-17,TCS,1634.0
2020-03-18,ADANIGREEN,129.55
2020-03-18,AXISBANK,485.0
2020-03-18,TCS,1669.25
2020-03-19,ADANIGREEN,135.85
2020-03-19,AXISBANK,428.1
2020-03-19,TCS,1636.0
2020-03-20,ADANIGREEN,142.4
2020-03-20,AXISBANK,424.4
2020-03-20,TCS,1792.95
2020-03-23,ADANIGREEN,135.25
2020-03-23,AXISBANK,310.0
2020-03-23,TCS,1631.0
2020-03-24,ADANIGREEN,140.5
2020-03-24,AXISBANK,304.7
2020-03-24,TCS,1699.95
2020-03-25,ADANIGREEN,148.25
2020-03-25,AXISBANK,332.0
2020-03-25,TCS,1732.0
2020-03-26,ADANIGREEN,151.4
2020-03-26,AXISBANK,346.9
2020-03-26,TCS,1791.0
2020-03-27,ADANIGREEN,148.5
2020-03-27,AXISBANK,362.5
2020-03-27,TCS,1850.0
2020-03-30,ADANIGREEN,148.0
2020-03-30,AXISBANK,368.2
2020-03-30,TCS,1781.7
2020-03-31,ADANIGREEN,154.0
2020-03-31,AXISBANK,378.5
2020-03-31,TCS,1819.0
2020-04-01,ADANIGREEN,152.8
2020-04-01,AXISBANK,355.5
2020-04-01,TCS,1714.0
2020-04-02,BAJFINANCE,452.0
2020-04-02,JSWSTEEL,257.85
2020-04-02,KOTAKBANK,339.8
2020-04-02,NIFTY 50,11981.3
2020-04-02,NIFTY BANK,30679.8
2020-04-02,ONGC,96.05
2020-04-02,TATAPOWER,56.55
2020-04-02,TATASTEEL,40.7
2020-04-02,TITAN,1273.0
2020-04-02,WIPRO,115.0
2020-04-03,ADANIGREEN,151.5
2020-04-03,AXISBANK,326.9
2020-04-03,BAJFINANCE,428.0
2020-04-03,JSWSTEEL,245.5
2020-04-03,KOTAKBANK,322.6
2020-04-03,NIFTY 50,11256.3
2020-04-03,NIFTY BANK,28671.25
2020-04-03,ONGC,84.15
2020-04-03,TATAPOWER,44.45
2020-04-03,TATASTEEL,33.27
2020-04-03,TCS,1657.0
2020-04-03,TITAN,1252.9
2020-04-03,WIPRO,109.4
2020-04-05,BAJFINANCE,209.0
2020-04-05,JSWSTEEL,163.0
2020-04-05,KOTAKBANK,255.6
2020-04-05,NIFTY 50,9305.7
2020-04-05,NIFTY BANK,19813.25
2020-04-05,ONGC,69.0
2020-04-05,TATAPOWER,30.45
2020-04-05,TATASTEEL,23.11
2020-04-05,TITAN,893.95
2020-04-05,WIPRO,90.95
2020-04-06,BAJFINANCE,231.5
2020-04-06,JSWSTEEL,191.95
2020-04-06,KOTAKBANK,267.6
2020-04-06,NIFTY 50,10030.75
2020-04-06,NIFTY BANK,20379.35
2020-04-06,ONGC,76.8
2020-04-06,TATAPOWER,42.55
2020-04-06,TATASTEEL,27.75
2020-04-06,TITAN,971.0
2020-04-06,WIPRO,104.9
2020-04-07,ADANIGREEN,158.6
2020-04-07,AXISBANK,391.0
2020-04-07,TCS,1765.85
2020-04-08,ADANIGREEN,166.85
2020-04-08,AXISBANK,391.15
2020-04-08,BAJFINANCE,324.0
2020-04-08,JSWSTEEL,228.2
2020-04-08,KOTAKBANK,264.4
2020-04-08,NIFTY 50,11102.5
2020-04-08,NIFTY BANK,21487.2
2020-04-08,ONGC,68.95
2020-04-08,TATAPOWER,49.7
2020-04-08,TATASTEEL,32.83
2020-04-08,TCS,1710.0
2020-04-08,TITAN,1070.9
2020-04-08,WIPRO,134.4
2020-04-09,ADANIGREEN,174.75
2020-04-09,AXISBANK,420.0
2020-04-09,BAJFINANCE,362.0
2020-04-09,JSWSTEEL,283.1
2020-04-09,KOTAKBANK,276.8
2020-04-09,NIFTY 50,11358.35
2020-04-09,NIFTY BANK,23084.2
2020-04-09,ONGC,70.7
2020-04-09,TATAPOWER,58.9
2020-04-09,TATASTEEL,37.72
2020-04-09,TCS,1761.0
2020-04-09,TITAN,1162.0
2020-04-09,WIPRO,132.25
2020-04-11,BAJFINANCE,356.5
2020-04-11,JSWSTEEL,317.15
2020-04-11,KOTAKBANK,325.6
2020-04-11,NIFTY 50,11893.65
2020-04-11,NIFTY BANK,25656.35
2020-04-11,ONGC,60.1
2020-04-11,TATAPOWER,53.15
2020-04-11,TATASTEEL,35.86
2020-04-11,TITAN,1214.45
2020-04-11,WIPRO,164.05
2020-04-12,BAJFINANCE,488.0
2020-04-12,JSWSTEEL,370.8
2020-04-12,KOTAKBANK,370.8
2020-04-12,NIFTY 50,13270.7
2020-04-12,NIFTY BANK,30138.3
2020-04-12,ONGC,81.1
2020-04-12,TATAPOWER,71.55
2020-04-12,TATASTEEL,57.36
2020-04-12,TITAN,1432.85
2020-04-12,WIPRO,172.55
2020-04-13,ADANIGREEN,183.3
2020-04-13,AXISBANK,420.0
2020-04-13,TCS,1761.6
2020-04-15,ADANIGREEN,187.8
2020-04-15,AXISBANK,419.0
2020-04-15,TCS,1735.0
2020-04-16,ADANIGREEN,193.85
2020-04-16,AXISBANK,426.0
2020-04-16,TCS,1720.5
2020-04-17,ADANIGREEN,198.3
2020-04-17,AXISBANK,481.0
2020-04-17,TCS,1810.0
2020-04-20,ADANIGREEN,202.15
2020-04-20,AXISBANK,453.0
2020-04-20,TCS,1815.7
2020-04-21,ADANIGREEN,191.5
2020-04-21,AXISBANK,419.0
2020-04-21,TCS,1737.75
2020-04-22,ADANIGREEN,197.8
2020-04-22,AXISBANK,433.15
2020-04-22,TCS,1773.0
2020-04-23,ADANIGREEN,201.0
2020-04-23,AXISBANK,428.9
2020-04-23,TCS,1867.0
2020-04-24,ADANIGREEN,196.0
2020-04-24,AXISBANK,405.9
2020-04-24,TCS,1821.0
2020-04-27,ADANIGREEN,200.65
2020-04-27,AXISBANK,426.1
2020-04-27,TCS,1834.0
2020-04-28,ADANIGREEN,202.9
2020-04-28,AXISBANK,457.85
2020-04-28,TCS,1865.0
2020-04-29,ADANIGREEN,208.35
2020-04-29,AXISBANK,438.85
2020-04-29,TCS,1903.0
2020-04-30,ADANIGREEN,211.0
2020-04-30,AXISBANK,444.2
2020-04-30,TCS,2019.2
2020-05-02,BAJFINANCE,452.5
2020-05-02,JSWSTEEL,271.15
2020-05-02,KOTAKBANK,338.7
2020-05-02,NIFTY 50,12091.95
2020-05-02,NIFTY BANK,31018.0
2020-05-02,ONGC,96.4
2020-05-02,TATAPOWER,57.1
2020-05-02,TATASTEEL,43.19
2020-05-02,TITAN,1276.75
2020-05-02,WIPRO,115.85
2020-05-03,BAJFINANCE,433.0
2020-05-03,JSWSTEEL,247.0
2020-05-03,KOTAKBANK,330.1
2020-05-03,NIFTY 50,11258.0
2020-05-03,NIFTY BANK,28787.6
2020-05-03,ONGC,83.55
2020-05-03,TATAPOWER,44.2
2020-05-03,TATASTEEL,33.13
2020-05-03,TITAN,1255.5
2020-05-03,WIPRO,110.05
2020-05-04,ADANIGREEN,208.7
2020-05-04,AXISBANK,407.0
2020-05-04,TCS,1930.5
2020-05-05,ADANIGREEN,210.2
2020-05-05,AXISBANK,389.5
2020-05-05,BAJFINANCE,200.0
2020-05-05,JSWSTEEL,163.85
2020-05-05,KOTAKBANK,248.4
2020-05-05,NIFTY 50,9222.9
2020-05-05,NIFTY BANK,19333.35
2020-05-05,ONGC,71.0
2020-05-05,TATAPOWER,30.4
2020-05-05,TATASTEEL,23.26
2020-05-05,TCS,1932.75
2020-05-05,TITAN,886.5
2020-05-05,WIPRO,88.8
2020-05-06,ADANIGREEN,211.0
2020-05-06,AXISBANK,393.5
2020-05-06,BAJFINANCE,240.5
2020-05-06,JSWSTEEL,198.0
2020-05-06,KOTAKBANK,269.6
2020-05-06,NIFTY 50,10168.2
2020-05-06,NIFTY BANK,21177.4
2020-05-06,ONGC,78.75
2020-05-06,TATAPOWER,43.9
2020-05-06,TATASTEEL,29.71
2020-05-06,TCS,1909.0
2020-05-06,TITAN,995.0
2020-05-06,WIPRO,104.4
2020-05-07,ADANIGREEN,210.5
2020-05-07,AXISBANK,397.8
2020-05-07,TCS,1895.95
2020-05-08,ADANIGREEN,212.5
2020-05-08,AXISBANK,383.0
2020-05-08,BAJFINANCE,327.0
2020-05-08,JSWSTEEL,234.75
2020-05-08,KOTAKBANK,267.6
2020-05-08,NIFTY 50,11119.9
2020-05-08,NIFTY BANK,21556.3
2020-05-08,ONGC,69.75
2020-05-08,TATAPOWER,49.0
2020-05-08,TATASTEEL,35.28
2020-05-08,TCS,1897.0
2020-05-08,TITAN,1105.0
2020-05-08,WIPRO,132.9
2020-05-10,BAJFINANCE,338.0
2020-05-10,JSWSTEEL,291.0
2020-05-10,KOTAKBANK,262.6
2020-05-10,NIFTY 50,11508.45
2020-05-10,NIFTY BANK,22370.6
2020-05-10,ONGC,62.55
2020-05-10,TATAPOWER,53.7
2020-05-10,TATASTEEL,33.91
2020-05-10,TITAN,1189.9
2020-05-10,WIPRO,160.1
2020-05-11,ADANIGREEN,222.85
2020-05-11,AXISBANK,380.5
2020-05-11,BAJFINANCE,372.0
2020-05-11,JSWSTEEL,326.85
2020-05-11,KOTAKBANK,334.7
2020-05-11,NIFTY 50,12127.6
2020-05-11,NIFTY BANK,26316.75
2020-05-11,ONGC,61.05
2020-05-11,TATAPOWER,55.35
2020-05-11,TATASTEEL,37.96
2020-05-11,TCS,1936.0
2020-05-11,TITAN,1250.0
2020-05-11,WIPRO,165.4
2020-05-12,ADANIGREEN,224.85
2020-05-12,AXISBANK,386.2
2020-05-12,TCS,1948.0
2020-05-13,ADANIGREEN,229.55
2020-05-13,AXISBANK,413.7
2020-05-13,TCS,1944.5
2020-05-14,ADANIGREEN,226.85
2020-05-14,AXISBANK,402.75
2020-05-14,TCS,1902.0
2020-05-15,ADANIGREEN,230.0
2020-05-15,AXISBANK,388.8
2020-05-15,TCS,1903.0
2020-05-18,ADANIGREEN,229.75
2020-05-18,AXISBANK,361.0
2020-05-18,TCS,1940.05
2020-05-19,ADANIGREEN,232.25
2020-05-19,AXISBANK,355.5
2020-05-19,TCS,1948.1
2020-05-20,ADANIGREEN,235.0
2020-05-20,AXISBANK,365.0
2020-05-20,TCS,1953.55
2020-05-21,ADANIGREEN,236.4
2020-05-21,AXISBANK,357.2
2020-05-21,TCS,1990.1
2020-05-22,ADANIGREEN,239.1
2020-05-22,AXISBANK,338.5
2020-05-22,TCS,2015.15
2020-05-26,ADANIGREEN,238.6
2020-05-26,AXISBANK,341.9
2020-05-26,TCS,1948.95
2020-05-27,ADANIGREEN,242.75
2020-05-27,AXISBANK,389.9
2020-05-27,TCS,2008.0
2020-05-28,ADANIGREEN,246.0
2020-05-28,AXISBANK,389.9
2020-05-28,TCS,2006.25
2020-05-29,ADANIGREEN,247.0
2020-05-29,AXISBANK,381.9
2020-05-29,TCS,1980.0
2020-06-01,ADANIGREEN,261.0
2020-06-01,AXISBANK,396.45
2020-06-01,BAJFINANCE,400.5
2020-06-01,JSWSTEEL,264.3
2020-06-01,KOTAKBANK,330.8
2020-06-01,NIFTY 50,11988.1
2020-06-01,NIFTY BANK,31228.7
2020-06-01,ONGC,114.15
2020-06-01,TATAPOWER,56.85
2020-06-01,TATASTEEL,42.75
2020-06-01,TCS,2038.0
2020-06-01,TITAN,1157.0
2020-06-01,WIPRO,120.45
2020-06-02,ADANIGREEN,273.75
2020-06-02,AXISBANK,414.3
2020-06-02,BAJFINANCE,466.5
2020-06-02,JSWSTEEL,275.35
2020-06-02,KOTAKBANK,335.2
2020-06-02,NIFTY 50,12133.25
2020-06-02,NIFTY BANK,31286.7
2020-06-02,ONGC,97.15
2020-06-02,TATAPOWER,57.75
2020-06-02,TATASTEEL,43.09
2020-06-02,TCS,2049.0
2020-06-02,TITAN,1259.3
2020-06-02,WIPRO,116.45
2020-06-03,ADANIGREEN,277.95
2020-06-03,AXISBANK,407.9
2020-06-03,BAJFINANCE,424.0
2020-06-03,JSWSTEEL,238.45
2020-06-03,KOTAKBANK,326.8
2020-06-03,NIFTY 50,10981.0
2020-06-03,NIFTY BANK,27780.45
2020-06-03,ONGC,80.0
2020-06-03,TATAPOWER,43.0
2020-06-03,TATASTEEL,30.78
2020-06-03,TCS,2048.0
2020-06-03,TITAN,1241.9
2020-06-03,WIPRO,106.7
2020-06-04,ADANIGREEN,273.85
2020-06-04,AXISBANK,395.65
2020-06-04,TCS,2094.95
2020-06-05,ADANIGREEN,283.15
2020-06-05,AXISBANK,408.3
2020-06-05,BAJFINANCE,211.0
2020-06-05,JSWSTEEL,166.3
2020-06-05,KOTAKBANK,249.3
2020-06-05,NIFTY 50,9287.8
2020-06-05,NIFTY BANK,19762.3
2020-06-05,ONGC,71.6
2020-06-05,TATAPOWER,29.0
2020-06-05,TATASTEEL,23.7
2020-06-05,TCS,2051.9
2020-06-05,TITAN,880.0
2020-06-05,WIPRO,89.4
2020-06-07,BAJFINANCE,312.0
2020-06-07,JSWSTEEL,193.15
2020-06-07,KOTAKBANK,273.7
2020-06-07,NIFTY 50,10770.05
2020-06-07,NIFTY BANK,22204.4
2020-06-07,ONGC,75.7
2020-06-07,TATAPOWER,50.1
2020-06-07,TATASTEEL,29.61
2020-06-07,TITAN,1013.0
2020-06-07,WIPRO,106.6
2020-06-08,ADANIGREEN,298.4
2020-06-08,AXISBANK,431.9
2020-06-08,BAJFINANCE,334.5
2020-06-08,JSWSTEEL,239.65
2020-06-08,KOTAKBANK,268.0
2020-06-08,NIFTY 50,11206.8
2020-06-08,NIFTY BANK,21666.75
2020-06-08,ONGC,70.65
2020-06-08,TATAPOWER,49.45
2020-06-08,TATASTEEL,35.67
2020-06-08,TCS,2069.1
2020-06-08,TITAN,1122.55
2020-06-08,WIPRO,133.7
2020-06-09,ADANIGREEN,312.6
2020-06-09,AXISBANK,417.9
2020-06-09,TCS,2075.0
2020-06-10,ADANIGREEN,328.2
2020-06-10,AXISBANK,431.95
2020-06-10,BAJFINANCE,347.0
2020-06-10,JSWSTEEL,291.5
2020-06-10,KOTAKBANK,267.2
2020-06-10,NIFTY 50,11660.4
2020-06-10,NIFTY BANK,22836.8
2020-06-10,ONGC,62.7
2020-06-10,TATAPOWER,54.65
2020-06-10,TATASTEEL,33.42
2020-06-10,TCS,2109.0
2020-06-10,TITAN,1200.0
2020-06-10,WIPRO,157.55
2020-06-11,ADANIGREEN,332.9
2020-06-11,AXISBANK,414.25
2020-06-11,BAJFINANCE,377.0
2020-06-11,JSWSTEEL,324.5
2020-06-11,KOTAKBANK,342.8
2020-06-11,NIFTY 50,12261.35
2020-06-11,NIFTY BANK,26768.1
2020-06-11,ONGC,61.4
2020-06-11,TATAPOWER,54.7
2020-06-11,TATASTEEL,38.01
2020-06-11,TCS,2069.0
2020-06-11,TITAN,1255.5
2020-06-11,WIPRO,166.3
2020-06-12,ADANIGREEN,335.0
2020-06-12,AXISBANK,406.6
2020-06-12,TCS,2037.6
2020-06-15,ADANIGREEN,351.0
2020-06-15,AXISBANK,389.7
2020-06-15,TCS,2036.2
2020-06-16,ADANIGREEN,363.45
2020-06-16,AXISBANK,380.2
2020-06-16,TCS,2041.8
2020-06-17,ADANIGREEN,381.6
2020-06-17,AXISBANK,388.6
2020-06-17,TCS,2045.75
2020-06-18,ADANIGREEN,400.65
2020-06-18,AXISBANK,404.75
2020-06-18,TCS,2036.2
2020-06-19,ADANIGREEN,420.65
2020-06-19,AXISBANK,417.0
2020-06-19,TCS,2043.65
2020-06-22,ADANIGREEN,441.65
2020-06-22,AXISBANK,430.1
2020-06-22,TCS,2032.0
2020-06-23,ADANIGREEN,463.7
2020-06-23,AXISBANK,444.5
2020-06-23,TCS,2039.0
2020-06-24,ADANIGREEN,440.45
2020-06-24,AXISBANK,424.15
2020-06-24,TCS,2042.0
2020-06-25,ADANIGREEN,418.45
2020-06-25,AXISBANK,418.9
2020-06-25,TCS,2015.4
2020-06-26,ADANIGREEN,397.55
2020-06-26,AXISBANK,426.0
2020-06-26,TCS,2115.2
2020-06-29,ADANIGREEN,377.7
2020-06-29,AXISBANK,404.9
2020-06-29,TCS,2103.45
2020-06-30,ADANIGREEN,358.85
2020-06-30,AXISBANK,407.3
2020-06-30,TCS,2085.05
2020-07-01,ADANIGREEN,340.95
2020-07-01,AXISBANK,432.65
2020-07-01,BAJFINANCE,400.5
2020-07-01,JSWSTEEL,265.5
2020-07-01,KOTAKBANK,333.6
2020-07-01,NIFTY 50,12060.3
2020-07-01,NIFTY BANK,31400.95
2020-07-01,ONGC,113.65
2020-07-01,TATAPOWER,56.45
2020-07-01,TATASTEEL,42.9
2020-07-01,TCS,2095.0
2020-07-01,TITAN,1159.35
2020-07-01,WIPRO,121.85
2020-07-02,ADANIGREEN,357.95
2020-07-02,AXISBANK,424.5
2020-07-02,BAJFINANCE,465.0
2020-07-02,JSWSTEEL,279.0
2020-07-02,KOTAKBANK,331.0
2020-07-02,NIFTY 50,12086.6
2020-07-02,NIFTY BANK,31163.25
2020-07-02,ONGC,98.8
2020-07-02,TATAPOWER,57.95
2020-07-02,TATASTEEL,42.41
2020-07-02,TCS,2159.0
2020-07-02,TITAN,1271.85
2020-07-02,WIPRO,116.45
2020-07-03,ADANIGREEN,375.8
2020-07-03,AXISBANK,429.0
2020-07-03,TCS,2195.0
2020-07-04,BAJFINANCE,225.0
2020-07-04,JSWSTEEL,157.7
2020-07-04,KOTAKBANK,237.6
2020-07-04,NIFTY 50,8779.3
2020-07-04,NIFTY BANK,19055.45
2020-07-04,ONGC,65.6
2020-07-04,TATAPOWER,33.35
2020-07-04,TATASTEEL,23.45
2020-07-04,TITAN,940.0
2020-07-04,WIPRO,91.8
2020-07-05,BAJFINANCE,207.0
2020-07-05,JSWSTEEL,172.5
2020-07-05,KOTAKBANK,240.0
2020-07-05,NIFTY 50,9212.95
2020-07-05,NIFTY BANK,19528.4
2020-07-05,ONGC,68.7
2020-07-05,TATAPOWER,29.05
2020-07-05,TATASTEEL,23.45
2020-07-05,TITAN,848.0
2020-07-05,WIPRO,88.05
2020-07-06,ADANIGREEN,394.55
2020-07-06,AXISBANK,433.75
2020-07-06,TCS,2261.0
2020-07-07,ADANIGREEN,414.25
2020-07-07,AXISBANK,445.9
2020-07-07,BAJFINANCE,335.0
2020-07-07,JSWSTEEL,190.25
2020-07-07,KOTAKBANK,273.2
2020-07-07,NIFTY 50,10787.5
2020-07-07,NIFTY BANK,22570.55
2020-07-07,ONGC,74.05
2020-07-07,TATAPOWER,50.8
2020-07-07,TATASTEEL,28.83
2020-07-07,TCS,2269.9
2020-07-07,TITAN,1013.5
2020-07-07,WIPRO,107.15
2020-07-08,ADANIGREEN,393.1
2020-07-08,AXISBANK,444.0
2020-07-08,BAJFINANCE,347.0
2020-07-08,JSWSTEEL,239.45
2020-07-08,KOTAKBANK,268.9
2020-07-08,NIFTY 50,11216.9
2020-07-08,NIFTY BANK,21762.0
2020-07-08,ONGC,71.0
2020-07-08,TATAPOWER,49.8
2020-07-08,TATASTEEL,35.86
2020-07-08,TCS,2219.0
2020-07-08,TITAN,1092.15
2020-07-08,WIPRO,132.85
2020-07-09,ADANIGREEN,373.45
2020-07-09,AXISBANK,453.8
2020-07-09,BAJFINANCE,351.0
2020-07-09,JSWSTEEL,285.8
2020-07-09,KOTAKBANK,274.4
2020-07-09,NIFTY 50,11377.0
2020-07-09,NIFTY BANK,22979.8
2020-07-09,ONGC,69.15
2020-07-09,TATAPOWER,57.5
2020-07-09,TATASTEEL,37.67
2020-07-09,TCS,2212.5
2020-07-09,TITAN,1165.0
2020-07-09,WIPRO,133.2
2020-07-10,ADANIGREEN,373.45
2020-07-10,AXISBANK,439.3
2020-07-10,BAJFINANCE,333.0
2020-07-10,JSWSTEEL,291.5
2020-07-10,KOTAKBANK,265.0
2020-07-10,NIFTY 50,11748.7
2020-07-10,NIFTY BANK,22962.75
2020-07-10,ONGC,63.95
2020-07-10,TATAPOWER,56.0
2020-07-10,TATASTEEL,32.69
2020-07-10,TCS,2221.1
2020-07-10,TITAN,1252.5
2020-07-10,WIPRO,160.6
2020-07-12,BAJFINANCE,482.0
2020-07-12,JSWSTEEL,365.5
2020-07-12,KOTAKBANK,364.2
2020-07-12,NIFTY 50,13355.2
2020-07-12,NIFTY BANK,30189.2
2020-07-12,ONGC,83.8
2020-07-12,TATAPOWER,71.7
2020-07-12,TATASTEEL,56.63
2020-07-12,TITAN,1427.75
2020-07-12,WIPRO,171.45
2020-07-13,ADANIGREEN,364.0
2020-07-13,AXISBANK,441.0
2020-07-13,TCS,2222.25
2020-07-14,ADANIGREEN,347.2
2020-07-14,AXISBANK,418.55
2020-07-14,TCS,2175.2
2020-07-15,ADANIGREEN,356.15
2020-07-15,AXISBANK,429.0
2020-07-15,TCS,2236.8
2020-07-16,ADANIGREEN,348.0
2020-07-16,AXISBANK,432.0
2020-07-16,TCS,2233.0
2020-07-17,ADANIGREEN,347.9
2020-07-17,AXISBANK,434.5
2020-07-17,TCS,2207.9
2020-07-20,ADANIGREEN,350.45
2020-07-20,AXISBANK,434.7
2020-07-20,TCS,2214.0
2020-07-21,ADANIGREEN,347.9
2020-07-21,AXISBANK,445.85
2020-07-21,TCS,2228.6
2020-07-22,ADANIGREEN,337.4
2020-07-22,AXISBANK,475.55
2020-07-22,TCS,2190.0
2020-07-23,ADANIGREEN,320.3
2020-07-23,AXISBANK,461.0
2020-07-23,TCS,2174.2
2020-07-24,ADANIGREEN,336.3
2020-07-24,AXISBANK,445.95
2020-07-24,TCS,2158.8
2020-07-27,ADANIGREEN,343.2
2020-07-27,AXISBANK,431.9
2020-07-27,TCS,2205.0
2020-07-28,ADANIGREEN,338.0
2020-07-28,AXISBANK,436.15
2020-07-28,TCS,2310.2
2020-07-29,ADANIGREEN,336.6
2020-07-29,AXISBANK,441.5
2020-07-29,TCS,2279.0
2020-07-30,ADANIGREEN,341.3
2020-07-30,AXISBANK,427.0
2020-07-30,TCS,2281.0
2020-07-31,ADANIGREEN,341.7
2020-07-31,AXISBANK,432.9
2020-07-31,TCS,2290.9
2020-08-01,BAJFINANCE,405.0
2020-08-01,JSWSTEEL,262.7
2020-08-01,KOTAKBANK,330.5
2020-08-01,NIFTY 50,12021.6
2020-08-01,NIFTY BANK,31355.3
2020-08-01,ONGC,111.55
2020-08-01,TATAPOWER,56.2
2020-08-01,TATASTEEL,43.05
2020-08-01,TITAN,1143.1
2020-08-01,WIPRO,121.65
2020-08-03,ADANIGREEN,339.15
2020-08-03,AXISBANK,419.0
2020-08-03,TCS,2249.0
2020-08-04,ADANIGREEN,342.95
2020-08-04,AXISBANK,429.0
2020-08-04,BAJFINANCE,233.0
2020-08-04,JSWSTEEL,154.2
2020-08-04,KOTAKBANK,238.0
2020-08-04,NIFTY 50,8752.4
2020-08-04,NIFTY BANK,18936.2
2020-08-04,ONGC,67.35
2020-08-04,TATAPOWER,35.75
2020-08-04,TATASTEEL,23.21
2020-08-04,TCS,2249.95
2020-08-04,TITAN,912.0
2020-08-04,WIPRO,92.2
2020-08-05,ADANIGREEN,344.55
2020-08-05,AXISBANK,434.0
2020-08-05,BAJFINANCE,204.0
2020-08-05,JSWSTEEL,167.7
2020-08-05,KOTAKBANK,244.6
2020-08-05,NIFTY 50,9249.5
2020-08-05,NIFTY BANK,19360.7
2020-08-05,ONGC,68.35
2020-08-05,TATAPOWER,28.5
2020-08-05,TATASTEEL,23.11
2020-08-05,TCS,2257.0
2020-08-05,TITAN,834.0
2020-08-05,WIPRO,87.85
2020-08-06,ADANIGREEN,342.0
2020-08-06,AXISBANK,433.4
2020-08-06,BAJFINANCE,250.5
2020-08-06,JSWSTEEL,195.45
2020-08-06,KOTAKBANK,268.3
2020-08-06,NIFTY 50,10175.25
2020-08-06,NIFTY BANK,21223.75
2020-08-06,ONGC,82.4
2020-08-06,TATAPOWER,43.05
2020-08-06,TATASTEEL,29.17
2020-08-06,TCS,2309.85
2020-08-06,TITAN,1034.6
2020-08-06,WIPRO,107.8
2020-08-07,ADANIGREEN,375.75
2020-08-07,AXISBANK,433.2
2020-08-07,BAJFINANCE,320.0
2020-08-07,JSWSTEEL,195.25
2020-08-07,KOTAKBANK,270.4
2020-08-07,NIFTY 50,10696.15
2020-08-07,NIFTY BANK,22568.2
2020-08-07,ONGC,73.4
2020-08-07,TATAPOWER,52.05
2020-08-07,TATASTEEL,29.12
2020-08-07,TCS,2295.0
2020-08-07,TITAN,992.1
2020-08-07,WIPRO,106.95
2020-08-09,BAJFINANCE,349.5
2020-08-09,JSWSTEEL,278.75
2020-08-09,KOTAKBANK,270.0
2020-08-09,NIFTY 50,11294.3
2020-08-09,NIFTY BANK,22664.5
2020-08-09,ONGC,67.05
2020-08-09,TATAPOWER,54.8
2020-08-09,TATASTEEL,35.96
2020-08-09,TITAN,1159.65
2020-08-09,WIPRO,134.85
2020-08-10,ADANIGREEN,373.0
2020-08-10,AXISBANK,431.7
2020-08-10,BAJFINANCE,332.5
2020-08-10,JSWSTEEL,292.65
2020-08-10,KOTAKBANK,264.0
2020-08-10,NIFTY 50,11833.15
2020-08-10,NIFTY BANK,23171.95
2020-08-10,ONGC,61.95
2020-08-10,TATAPOWER,55.2
2020-08-10,TATASTEEL,33.03
2020-08-10,TCS,2283.0
2020-08-10,TITAN,1252.05
2020-08-10,WIPRO,172.05
2020-08-11,ADANIGREEN,360.8
2020-08-11,AXISBANK,448.05
2020-08-11,TCS,2282.5
2020-08-12,ADANIGREEN,361.6
2020-08-12,AXISBANK,450.0
2020-08-12,BAJFINANCE,479.0
2020-08-12,JSWSTEEL,362.6
2020-08-12,KOTAKBANK,366.8
2020-08-12,NIFTY 50,13389.3
2020-08-12,NIFTY BANK,30237.4
2020-08-12,ONGC,82.0
2020-08-12,TATAPOWER,71.9
2020-08-12,TATASTEEL,56.34
2020-08-12,TCS,2262.0
2020-08-12,TITAN,1427.05
2020-08-12,WIPRO,173.7
2020-08-13,ADANIGREEN,361.3
2020-08-13,AXISBANK,450.0
2020-08-13,TCS,2260.0
2020-08-14,ADANIGREEN,360.0
2020-08-14,AXISBANK,436.3
2020-08-14,TCS,2243.85
2020-08-17,ADANIGREEN,367.25
2020-08-17,AXISBANK,440.75
2020-08-17,TCS,2260.5
2020-08-18,ADANIGREEN,374.0
2020-08-18,AXISBANK,444.65
2020-08-18,TCS,2269.8
2020-08-19,ADANIGREEN,370.0
2020-08-19,AXISBANK,445.0
2020-08-19,TCS,2260.0
2020-08-20,ADANIGREEN,375.0
2020-08-20,AXISBANK,434.6
2020-08-20,TCS,2249.0
2020-08-21,ADANIGREEN,376.5
2020-08-21,AXISBANK,442.5
2020-08-21,TCS,2249.75
2020-08-24,ADANIGREEN,414.2
2020-08-24,AXISBANK,446.4
2020-08-24,TCS,2251.0
2020-08-25,ADANIGREEN,419.5
2020-08-25,AXISBANK,451.6
2020-08-25,TCS,2242.0
2020-08-26,ADANIGREEN,427.4
2020-08-26,AXISBANK,463.0
2020-08-26,TCS,2257.0
2020-08-27,ADANIGREEN,432.5
2020-08-27,AXISBANK,473.5
2020-08-27,TCS,2248.05
2020-08-28,ADANIGREEN,460.0
2020-08-28,AXISBANK,510.0
2020-08-28,TCS,2238.25
2020-08-31,ADANIGREEN,450.5
2020-08-31,AXISBANK,492.85
2020-08-31,TCS,2245.95
2020-09-01,ADANIGREEN,498.0
2020-09-01,AXISBANK,487.2
2020-09-01,BAJFINANCE,411.5
2020-09-01,JSWSTEEL,278.0
2020-09-01,KOTAKBANK,333.0
2020-09-01,NIFTY 50,12214.45
2020-09-01,NIFTY BANK,32071.55
2020-09-01,ONGC,112.0
2020-09-01,TATAPOWER,57.8
2020-09-01,TATASTEEL,43.53
2020-09-01,TCS,2250.0
2020-09-01,TITAN,1163.5
2020-09-01,WIPRO,121.85
2020-09-02,ADANIGREEN,544.1
2020-09-02,AXISBANK,484.5
2020-09-02,TCS,2263.75
2020-09-03,ADANIGREEN,571.3
2020-09-03,AXISBANK,477.0
2020-09-03,BAJFINANCE,403.0
2020-09-03,JSWSTEEL,229.0
2020-09-03,KOTAKBANK,317.3
2020-09-03,NIFTY 50,10457.6
2020-09-03,NIFTY BANK,26502.25
2020-09-03,ONGC,67.15
2020-09-03,TATAPOWER,39.1
2020-09-03,TATASTEEL,28.05
2020-09-03,TCS,2300.0
2020-09-03,TITAN,1208.0
2020-09-03,WIPRO,102.75
2020-09-04,ADANIGREEN,542.75
2020-09-04,AXISBANK,457.2
2020-09-04,BAJFINANCE,254.0
2020-09-04,JSWSTEEL,165.45
2020-09-04,KOTAKBANK,253.2
2020-09-04,NIFTY 50,9098.55
2020-09-04,NIFTY BANK,19876.45
2020-09-04,ONGC,69.95
2020-09-04,TATAPOWER,36.45
2020-09-04,TATASTEEL,24.23
2020-09-04,TCS,2297.65
2020-09-04,TITAN,1016.0
2020-09-04,WIPRO,93.95
2020-09-06,BAJFINANCE,244.0
2020-09-06,JSWSTEEL,189.0
2020-09-06,KOTAKBANK,260.6
2020-09-06,NIFTY 50,10026.25
2020-09-06,NIFTY BANK,20653.85
2020-09-06,ONGC,81.5
2020-09-06,TATAPOWER,42.65
2020-09-06,TATASTEEL,28.68
2020-09-06,TITAN,990.5
2020-09-06,WIPRO,104.25
2020-09-07,ADANIGREEN,554.9
2020-09-07,AXISBANK,459.9
2020-09-07,BAJFINANCE,333.0
2020-09-07,JSWSTEEL,197.95
2020-09-07,KOTAKBANK,274.0
2020-09-07,NIFTY 50,10833.45
2020-09-07,NIFTY BANK,22954.9
2020-09-07,ONGC,72.75
2020-09-07,TATAPOWER,52.55
2020-09-07,TATASTEEL,30.2
2020-09-07,TCS,2330.0
2020-09-07,TITAN,993.0
2020-09-07,WIPRO,106.05
2020-09-08,ADANIGREEN,564.5
2020-09-08,AXISBANK,442.5
2020-09-08,TCS,2342.8
2020-09-09,ADANIGREEN,592.6
2020-09-09,AXISBANK,432.2
2020-09-09,BAJFINANCE,343.0
2020-09-09,JSWSTEEL,286.75
2020-09-09,KOTAKBANK,265.3
2020-09-09,NIFTY 50,11285.75
2020-09-09,NIFTY BANK,22293.85
2020-09-09,ONGC,65.85
2020-09-09,TATAPOWER,56.0
2020-09-09,TATASTEEL,37.48
2020-09-09,TCS,2322.0
2020-09-09,TITAN,1159.0
2020-09-09,WIPRO,135.55
2020-09-10,ADANIGREEN,580.0
2020-09-10,AXISBANK,447.0
2020-09-10,BAJFINANCE,332.5
2020-09-10,JSWSTEEL,291.5
2020-09-10,KOTAKBANK,264.4
2020-09-10,NIFTY 50,11938.0
2020-09-10,NIFTY BANK,23885.4
2020-09-10,ONGC,63.15
2020-09-10,TATAPOWER,54.4
2020-09-10,TATASTEEL,32.79
2020-09-10,TCS,2329.1
2020-09-10,TITAN,1254.95
2020-09-10,WIPRO,179.5
2020-09-11,ADANIGREEN,608.6
2020-09-11,AXISBANK,448.25
2020-09-11,BAJFINANCE,387.0
2020-09-11,JSWSTEEL,331.4
2020-09-11,KOTAKBANK,345.5
2020-09-11,NIFTY 50,12468.15
2020-09-11,NIFTY BANK,27582.25
2020-09-11,ONGC,61.8
2020-09-11,TATAPOWER,55.15
2020-09-11,TATASTEEL,39.14
2020-09-11,TCS,2370.3
2020-09-11,TITAN,1284.45
2020-09-11,WIPRO,168.0
2020-09-12,BAJFINANCE,484.5
2020-09-12,JSWSTEEL,362.0
2020-09-12,KOTAKBANK,376.5
2020-09-12,NIFTY 50,13532.55
2020-09-12,NIFTY BANK,30695.2
2020-09-12,ONGC,82.4
2020-09-12,TATAPOWER,73.45
2020-09-12,TATASTEEL,55.95
2020-09-12,TITAN,1428.35
2020-09-12,WIPRO,172.25
2020-09-14,ADANIGREEN,639.05
2020-09-14,AXISBANK,439.15
2020-09-14,TCS,2485.85
2020-09-15,ADANIGREEN,670.8
2020-09-15,AXISBANK,451.0
2020-09-15,TCS,2489.45
2020-09-16,ADANIGREEN,675.0
2020-09-16,AXISBANK,444.95
2020-09-16,TCS,2502.0
2020-09-17,ADANIGREEN,665.55
2020-09-17,AXISBANK,441.95
2020-09-17,TCS,2468.0
2020-09-18,ADANIGREEN,672.0
2020-09-18,AXISBANK,445.5
2020-09-18,TCS,2457.5
2020-09-21,ADANIGREEN,649.0
2020-09-21,AXISBANK,422.3
2020-09-21,TCS,2467.0
2020-09-22,ADANIGREEN,619.2
2020-09-22,AXISBANK,412.6
2020-09-22,TCS,2527.0
2020-09-23,ADANIGREEN,588.25
2020-09-23,AXISBANK,422.4
2020-09-23,TCS,2463.0
2020-09-24,ADANIGREEN,617.65
2020-09-24,AXISBANK,403.75
2020-09-24,TCS,2332.9
2020-09-25,ADANIGREEN,647.75
2020-09-25,AXISBANK,413.25
2020-09-25,TCS,2417.75
2020-09-28,ADANIGREEN,680.1
2020-09-28,AXISBANK,438.95
2020-09-28,TCS,2429.0
2020-09-29,ADANIGREEN,714.1
2020-09-29,AXISBANK,427.0
2020-09-29,TCS,2486.75
2020-09-30,ADANIGREEN,738.45
2020-09-30,AXISBANK,424.0
2020-09-30,TCS,2483.0
2020-10-01,ADANIGREEN,747.0
2020-10-01,AXISBANK,442.2
2020-10-01,BAJFINANCE,414.5
2020-10-01,JSWSTEEL,277.65
2020-10-01,KOTAKBANK,337.2
2020-10-01,NIFTY 50,12256.5
2020-10-01,NIFTY BANK,32081.9
2020-10-01,ONGC,112.1
2020-10-01,TATAPOWER,58.95
2020-10-01,TATASTEEL,44.12
2020-10-01,TCS,2538.7
2020-10-01,TITAN,1153.9
2020-10-01,WIPRO,120.35
2020-10-02,BAJFINANCE,473.0
2020-10-02,JSWSTEEL,277.95
2020-10-02,KOTAKBANK,334.6
2020-10-02,NIFTY 50,12035.3
2020-10-02,NIFTY BANK,31066.3
2020-10-02,ONGC,96.3
2020-10-02,TATAPOWER,57.0
2020-10-02,TATASTEEL,39.77
2020-10-02,TITAN,1257.2
2020-10-02,WIPRO,115.25
2020-10-05,ADANIGREEN,748.0
2020-10-05,AXISBANK,444.0
2020-10-05,TCS,2713.95
2020-10-06,ADANIGREEN,732.9
2020-10-06,AXISBANK,449.65
2020-10-06,BAJFINANCE,246.0
2020-10-06,JSWSTEEL,191.85
2020-10-06,KOTAKBANK,267.7
2020-10-06,NIFTY 50,10139.4
2020-10-06,NIFTY BANK,21240.25
2020-10-06,ONGC,79.95
2020-10-06,TATAPOWER,42.85
2020-10-06,TATASTEEL,28.24
2020-10-06,TCS,2719.15
2020-10-06,TITAN,974.45
2020-10-06,WIPRO,103.45
2020-10-07,ADANIGREEN,699.15
2020-10-07,AXISBANK,452.2
2020-10-07,BAJFINANCE,330.5
2020-10-07,JSWSTEEL,193.45
2020-10-07,KOTAKBANK,270.6
2020-10-07,NIFTY 50,10771.2
2020-10-07,NIFTY BANK,22401.7
2020-10-07,ONGC,71.05
2020-10-07,TATAPOWER,50.25
2020-10-07,TATASTEEL,29.56
2020-10-07,TCS,2752.8
2020-10-07,TITAN,965.0
2020-10-07,WIPRO,106.1
2020-10-08,ADANIGREEN,695.8
2020-10-08,AXISBANK,452.5
2020-10-08,BAJFINANCE,343.5
2020-10-08,JSWSTEEL,246.0
2020-10-08,KOTAKBANK,272.2
2020-10-08,NIFTY 50,11274.65
2020-10-08,NIFTY BANK,21927.15
2020-10-08,ONGC,71.5
2020-10-08,TATAPOWER,51.6
2020-10-08,TATASTEEL,36.55
2020-10-08,TCS,2818.1
2020-10-08,TITAN,1103.2
2020-10-08,WIPRO,132.5
2020-10-09,ADANIGREEN,682.35
2020-10-09,AXISBANK,468.95
2020-10-09,BAJFINANCE,349.0
2020-10-09,JSWSTEEL,285.1
2020-10-09,KOTAKBANK,264.1
2020-10-09,NIFTY 50,11454.35
2020-10-09,NIFTY BANK,22490.7
2020-10-09,ONGC,66.75
2020-10-09,TATAPOWER,55.55
2020-10-09,TATASTEEL,36.35
2020-10-09,TCS,2810.0
2020-10-09,TITAN,1156.0
2020-10-09,WIPRO,136.2
2020-10-11,BAJFINANCE,421.0
2020-10-11,JSWSTEEL,335.85
2020-10-11,KOTAKBANK,351.0
2020-10-11,NIFTY 50,12640.25
2020-10-11,NIFTY BANK,28603.5
2020-10-11,ONGC,64.05
2020-10-11,TATAPOWER,56.95
2020-10-11,TATASTEEL,39.67
2020-10-11,TITAN,1305.15
2020-10-11,WIPRO,163.95
2020-10-12,ADANIGREEN,671.0
2020-10-12,AXISBANK,467.0
2020-10-12,BAJFINANCE,480.0
2020-10-12,JSWSTEEL,362.25
2020-10-12,KOTAKBANK,380.6
2020-10-12,NIFTY 50,13481.55
2020-10-12,NIFTY BANK,30514.9
2020-10-12,ONGC,82.75
2020-10-12,TATAPOWER,72.7
2020-10-12,TATASTEEL,56.39
2020-10-12,TCS,2828.0
2020-10-12,TITAN,1423.0
2020-10-12,WIPRO,170.3
2020-10-13,ADANIGREEN,705.1
2020-10-13,AXISBANK,460.05
2020-10-13,TCS,2830.5
2020-10-14,ADANIGREEN,730.1
2020-10-14,AXISBANK,472.0
2020-10-14,TCS,2810.0
2020-10-15,ADANIGREEN,703.7
2020-10-15,AXISBANK,460.2
2020-10-15,TCS,2736.75
2020-10-16,ADANIGREEN,705.0
2020-10-16,AXISBANK,471.15
2020-10-16,TCS,2757.0
2020-10-19,ADANIGREEN,701.5
2020-10-19,AXISBANK,492.25
2020-10-19,TCS,2715.0
2020-10-20,ADANIGREEN,689.9
2020-10-20,AXISBANK,492.75
2020-10-20,TCS,2740.0
2020-10-21,ADANIGREEN,693.0
2020-10-21,AXISBANK,503.15
2020-10-21,TCS,2677.5
2020-10-22,ADANIGREEN,726.95
2020-10-22,AXISBANK,510.05
2020-10-22,TCS,2672.9
2020-10-23,ADANIGREEN,718.0
2020-10-23,AXISBANK,507.15
2020-10-23,TCS,2687.4
2020-10-26,ADANIGREEN,705.5
2020-10-26,AXISBANK,493.0
2020-10-26,TCS,2690.1
2020-10-27,ADANIGREEN,739.9
2020-10-27,AXISBANK,507.2
2020-10-27,TCS,2634.45
2020-10-28,ADANIGREEN,776.85
2020-10-28,AXISBANK,505.9
2020-10-28,TCS,2617.05
2020-10-29,ADANIGREEN,815.65
2020-10-29,AXISBANK,493.25
2020-10-29,TCS,2635.45
2020-10-30,ADANIGREEN,856.4
2020-10-30,AXISBANK,491.0
2020-10-30,TCS,2663.55
2020-11-02,ADANIGREEN,859.0
2020-11-02,AXISBANK,521.9
2020-11-02,BAJFINANCE,475.5
2020-11-02,JSWSTEEL,288.65
2020-11-02,KOTAKBANK,335.9
2020-11-02,NIFTY 50,12110.45
2020-11-02,NIFTY BANK,31299.95
2020-11-02,ONGC,96.25
2020-11-02,TATAPOWER,57.8
2020-11-02,TATASTEEL,39.97
2020-11-02,TCS,2608.0
2020-11-02,TITAN,1269.8
2020-11-02,WIPRO,115.25
2020-11-03,ADANIGREEN,834.4
2020-11-03,AXISBANK,533.0
2020-11-03,BAJFINANCE,404.0
2020-11-03,JSWSTEEL,222.8
2020-11-03,KOTAKBANK,318.0
2020-11-03,NIFTY 50,10454.1
2020-11-03,NIFTY BANK,26458.25
2020-11-03,ONGC,64.65
2020-11-03,TATAPOWER,37.9
2020-11-03,TATASTEEL,25.55
2020-11-03,TCS,2629.0
2020-11-03,TITAN,1185.95
2020-11-03,WIPRO,101.75
2020-11-04,ADANIGREEN,840.25
2020-11-04,AXISBANK,520.35
2020-11-04,TCS,2656.0
2020-11-05,ADANIGREEN,854.0
2020-11-05,AXISBANK,537.75
2020-11-05,BAJFINANCE,202.0
2020-11-05,JSWSTEEL,174.2
2020-11-05,KOTAKBANK,237.3
2020-11-05,NIFTY 50,9247.2
2020-11-05,NIFTY BANK,18974.8
2020-11-05,ONGC,69.6
2020-11-05,TATAPOWER,27.25
2020-11-05,TATASTEEL,23.5
2020-11-05,TCS,2688.0
2020-11-05,TITAN,836.25
2020-11-05,WIPRO,88.4
2020-11-06,ADANIGREEN,859.35
2020-11-06,AXISBANK,540.0
2020-11-06,BAJFINANCE,234.0
2020-11-06,JSWSTEEL,185.75
2020-11-06,KOTAKBANK,259.8
2020-11-06,NIFTY 50,9910.15
2020-11-06,NIFTY BANK,20534.4
2020-11-06,ONGC,78.55
2020-11-06,TATAPOWER,41.4
2020-11-06,TATASTEEL,27.17
2020-11-06,TCS,2711.0
2020-11-06,TITAN,953.8
2020-11-06,WIPRO,101.75
2020-11-08,BAJFINANCE,345.5
2020-11-08,JSWSTEEL,254.85
2020-11-08,KOTAKBANK,272.6
2020-11-08,NIFTY 50,11332.0
2020-11-08,NIFTY BANK,22244.7
2020-11-08,ONGC,70.9
2020-11-08,TATAPOWER,51.95
2020-11-08,TATASTEEL,37.28
2020-11-08,TITAN,1068.0
2020-11-08,WIPRO,133.8
2020-11-09,ADANIGREEN,903.0
2020-11-09,AXISBANK,567.6
2020-11-09,BAJFINANCE,354.0
2020-11-09,JSWSTEEL,285.3
2020-11-09,KOTAKBANK,266.5
2020-11-09,NIFTY 50,11454.85
2020-11-09,NIFTY BANK,22509.35
2020-11-09,ONGC,66.5
2020-11-09,TATAPOWER,56.65
2020-11-09,TATASTEEL,36.16
2020-11-09,TCS,2725.35
2020-11-09,TITAN,1164.45
2020-11-09,WIPRO,139.85
2020-11-10,ADANIGREEN,854.4
2020-11-10,AXISBANK,581.9
2020-11-10,TCS,2654.0
2020-11-11,ADANIGREEN,897.55
2020-11-11,AXISBANK,606.65
2020-11-11,BAJFINANCE,427.5
2020-11-11,JSWSTEEL,343.95
2020-11-11,KOTAKBANK,361.0
2020-11-11,NIFTY 50,12757.2
2020-11-11,NIFTY BANK,28886.8
2020-11-11,ONGC,65.65
2020-11-11,TATAPOWER,57.15
2020-11-11,TATASTEEL,43.0
2020-11-11,TCS,2687.5
2020-11-11,TITAN,1277.6
2020-11-11,WIPRO,165.6
2020-11-12,ADANIGREEN,941.0
2020-11-12,AXISBANK,598.1
2020-11-12,BAJFINANCE,484.0
2020-11-12,JSWSTEEL,359.05
2020-11-12,KOTAKBANK,383.9
2020-11-12,NIFTY 50,13505.55
2020-11-12,NIFTY BANK,30600.8
2020-11-12,ONGC,87.35
2020-11-12,TATAPOWER,72.65
2020-11-12,TATASTEEL,57.26
2020-11-12,TCS,2674.75
2020-11-12,TITAN,1447.6
2020-11-12,WIPRO,168.95
2020-11-13,ADANIGREEN,989.0
2020-11-13,AXISBANK,610.3
2020-11-13,TCS,2661.0
2020-11-14,ADANIGREEN,1006.0
2020-11-14,AXISBANK,607.9
2020-11-14,TCS,2673.25
2020-11-17,ADANIGREEN,1059.0
2020-11-17,AXISBANK,629.0
2020-11-17,TCS,2661.25
2020-11-18,ADANIGREEN,1076.0
2020-11-18,AXISBANK,634.15
2020-11-18,TCS,2626.4
2020-11-19,ADANIGREEN,1083.0
2020-11-19,AXISBANK,610.2
2020-11-19,TCS,2640.25
2020-11-20,ADANIGREEN,1137.5
2020-11-20,AXISBANK,604.45
2020-11-20,TCS,2657.8
2020-11-23,ADANIGREEN,1174.0
2020-11-23,AXISBANK,596.9
2020-11-23,TCS,2727.25
2020-11-24,ADANIGREEN,1200.0
2020-11-24,AXISBANK,619.5
2020-11-24,TCS,2726.0
2020-11-25,ADANIGREEN,1144.9
2020-11-25,AXISBANK,598.35
2020-11-25,TCS,2699.9
2020-11-26,ADANIGREEN,1100.05
2020-11-26,AXISBANK,611.5
2020-11-26,TCS,2727.0
2020-11-27,ADANIGREEN,1078.8
2020-11-27,AXISBANK,605.1
2020-11-27,TCS,2678.0
2020-12-01,ADANIGREEN,1133.0
2020-12-01,AXISBANK,603.9
2020-12-01,TCS,2729.0
2020-12-02,ADANIGREEN,1145.0
2020-12-02,AXISBANK,608.85
2020-12-02,BAJFINANCE,478.0
2020-12-02,JSWSTEEL,293.7
2020-12-02,KOTAKBANK,342.7
2020-12-02,NIFTY 50,12203.9
2020-12-02,NIFTY BANK,31482.65
2020-12-02,ONGC,96.5
2020-12-02,TATAPOWER,55.85
2020-12-02,TATASTEEL,40.31
2020-12-02,TCS,2745.5
2020-12-02,TITAN,1268.1
2020-12-02,WIPRO,116.95
2020-12-03,ADANIGREEN,1145.0
2020-12-03,AXISBANK,602.85
2020-12-03,BAJFINANCE,373.0
2020-12-03,JSWSTEEL,203.0
2020-12-03,KOTAKBANK,293.5
2020-12-03,NIFTY 50,9630.65
2020-12-03,NIFTY BANK,24162.5
2020-12-03,ONGC,57.1
2020-12-03,TATAPOWER,41.15
2020-12-03,TATASTEEL,24.97
2020-12-03,TCS,2711.0
2020-12-03,TITAN,1085.05
2020-12-03,WIPRO,95.6
2020-12-04,ADANIGREEN,1129.9
2020-12-04,AXISBANK,615.8
2020-12-04,TCS,2724.0
2020-12-05,BAJFINANCE,207.5
2020-12-05,JSWSTEEL,178.5
2020-12-05,KOTAKBANK,231.6
2020-12-05,NIFTY 50,9209.65
2020-12-05,NIFTY BANK,18888.85
2020-12-05,ONGC,69.1
2020-12-05,TATAPOWER,28.55
2020-12-05,TATASTEEL,23.4
2020-12-05,TITAN,848.0
2020-12-05,WIPRO,89.15
2020-12-06,BAJFINANCE,245.0
2020-12-06,JSWSTEEL,188.0
2020-12-06,KOTAKBANK,256.0
2020-12-06,NIFTY 50,9958.15
2020-12-06,NIFTY BANK,20600.05
2020-12-06,ONGC,75.85
2020-12-06,TATAPOWER,41.75
2020-12-06,TATASTEEL,27.7
2020-12-06,TITAN,976.4
2020-12-06,WIPRO,99.45
2020-12-07,ADANIGREEN,1101.0
2020-12-07,AXISBANK,614.7
2020-12-07,TCS,2741.0
2020-12-08,ADANIGREEN,1096.0
2020-12-08,AXISBANK,620.05
2020-12-08,BAJFINANCE,342.0
2020-12-08,JSWSTEEL,257.5
2020-12-08,KOTAKBANK,267.3
2020-12-08,NIFTY 50,11310.75
2020-12-08,NIFTY BANK,22244.45
2020-12-08,ONGC,70.8
2020-12-08,TATAPOWER,53.3
2020-12-08,TATASTEEL,37.04
2020-12-08,TCS,2799.8
2020-12-08,TITAN,1058.5
2020-12-08,WIPRO,131.9
2020-12-09,ADANIGREEN,1079.0
2020-12-09,AXISBANK,634.0
2020-12-09,TCS,2812.05
2020-12-10,ADANIGREEN,1034.9
2020-12-10,AXISBANK,625.9
2020-12-10,BAJFINANCE,333.0
2020-12-10,JSWSTEEL,284.0
2020-12-10,KOTAKBANK,262.6
2020-12-10,NIFTY 50,11936.2
2020-12-10,NIFTY BANK,23706.9
2020-12-10,ONGC,62.6
2020-12-10,TATAPOWER,52.8
2020-12-10,TATASTEEL,32.69
2020-12-10,TCS,2781.1
2020-12-10,TITAN,1257.55
2020-12-10,WIPRO,181.1
2020-12-11,ADANIGREEN,1038.15
2020-12-11,AXISBANK,611.95
2020-12-11,BAJFINANCE,430.0
2020-12-11,JSWSTEEL,337.05
2020-12-11,KOTAKBANK,351.5
2020-12-11,NIFTY 50,12693.0
2020-12-11,NIFTY BANK,28285.9
2020-12-11,ONGC,64.8
2020-12-11,TATAPOWER,55.6
2020-12-11,TATASTEEL,42.46
2020-12-11,TCS,2782.0
2020-12-11,TITAN,1277.1
2020-12-11,WIPRO,165.6
2020-12-14,ADANIGREEN,1009.0
2020-12-14,AXISBANK,616.0
2020-12-14,TCS,2796.55
2020-12-15,ADANIGREEN,1013.0
2020-12-15,AXISBANK,607.2
2020-12-15,TCS,2763.95
2020-12-16,ADANIGREEN,1011.5
2020-12-16,AXISBANK,606.0
2020-12-16,TCS,2811.0
2020-12-17,ADANIGREEN,1043.1
2020-12-17,AXISBANK,605.5
2020-12-17,TCS,2848.1
2020-12-18,ADANIGREEN,1005.05
2020-12-18,AXISBANK,608.5
2020-12-18,TCS,2851.95
2020-12-21,ADANIGREEN,1004.2
2020-12-21,AXISBANK,578.55
2020-12-21,TCS,2810.0
2020-12-22,ADANIGREEN,1022.2
2020-12-22,AXISBANK,593.0
2020-12-22,TCS,2870.65
2020-12-23,ADANIGREEN,1047.0
2020-12-23,AXISBANK,594.0
2020-12-23,TCS,2907.15
2020-12-24,ADANIGREEN,1032.0
2020-12-24,AXISBANK,609.25
2020-12-24,TCS,2908.95
2020-12-28,ADANIGREEN,1035.0
2020-12-28,AXISBANK,617.25
2020-12-28,TCS,2932.1
2020-12-29,ADANIGREEN,1041.0
2020-12-29,AXISBANK,630.4
2020-12-29,TCS,2935.0
2020-12-30,ADANIGREEN,1054.0
2020-12-30,AXISBANK,624.0
2020-12-30,TCS,2910.0
2020-12-31,ADANIGREEN,1049.0
2020-12-31,AXISBANK,619.0
2020-12-31,TCS,2864.95
2021-01-01,ADANIGREEN,1064.45
2021-01-01,AXISBANK,623.4
2021-01-01,BAJFINANCE,527.0
2021-01-01,JSWSTEEL,388.5
2021-01-01,KOTAKBANK,398.6
2021-01-01,NIFTY 50,14014.8
2021-01-01,NIFTY BANK,31211.1
2021-01-01,ONGC,84.4
2021-01-01,TATAPOWER,77.45
2021-01-01,TATASTEEL,59.17
2021-01-01,TCS,2930.5
2021-01-01,TITAN,1558.0
2021-01-01,WIPRO,185.2
2021-01-02,BAJFINANCE,507.5
2021-01-02,JSWSTEEL,381.0
2021-01-02,KOTAKBANK,361.6
2021-01-02,NIFTY 50,14335.45
2021-01-02,NIFTY BANK,33269.1
2021-01-02,ONGC,82.2
2021-01-02,TATAPOWER,81.0
2021-01-02,TATASTEEL,58.83
2021-01-02,TITAN,1505.75
2021-01-02,WIPRO,202.2
2021-01-03,BAJFINANCE,527.0
2021-01-03,JSWSTEEL,406.5
2021-01-03,KOTAKBANK,369.3
2021-01-03,NIFTY 50,14784.15
2021-01-03,NIFTY BANK,35339.25
2021-01-03,ONGC,106.2
2021-01-03,TATAPOWER,98.2
2021-01-03,TATASTEEL,67.92
2021-01-03,TITAN,1454.0
2021-01-03,WIPRO,198.8
2021-01-04,ADANIGREEN,1080.1
2021-01-04,AXISBANK,625.75
2021-01-04,BAJFINANCE,525.5
2021-01-04,JSWSTEEL,505.5
2021-01-04,KOTAKBANK,360.8
2021-01-04,NIFTY 50,14865.95
2021-01-04,NIFTY BANK,33905.35
2021-01-04,ONGC,94.2
2021-01-04,TATAPOWER,105.0
2021-01-04,TATASTEEL,80.42
2021-01-04,TCS,3042.7
2021-01-04,TITAN,1553.0
2021-01-04,WIPRO,199.15
2021-01-05,ADANIGREEN,1092.1
2021-01-05,AXISBANK,664.5
2021-01-05,TCS,3092.0
2021-01-06,ADANIGREEN,1107.7
2021-01-06,AXISBANK,651.55
2021-01-06,BAJFINANCE,577.5
2021-01-06,JSWSTEEL,695.0
2021-01-06,KOTAKBANK,359.0
2021-01-06,NIFTY 50,15568.05
2021-01-06,NIFTY BANK,35333.75
2021-01-06,ONGC,106.25
2021-01-06,TATAPOWER,104.9
2021-01-06,TATASTEEL,103.98
2021-01-06,TCS,3053.0
2021-01-06,TITAN,1590.95
2021-01-06,WIPRO,259.75
2021-01-07,ADANIGREEN,1051.9
2021-01-07,AXISBANK,670.1
2021-01-07,BAJFINANCE,597.5
2021-01-07,JSWSTEEL,680.6
2021-01-07,KOTAKBANK,343.6
2021-01-07,NIFTY 50,15693.25
2021-01-07,NIFTY BANK,34726.25
2021-01-07,ONGC,107.45
2021-01-07,TATAPOWER,121.6
2021-01-07,TATASTEEL,110.13
2021-01-07,TCS,3049.5
2021-01-07,TITAN,1742.9
2021-01-07,WIPRO,257.9
2021-01-08,ADANIGREEN,1014.9
2021-01-08,AXISBANK,672.95
2021-01-08,TCS,3122.7
2021-01-09,BAJFINANCE,750.0
2021-01-09,JSWSTEEL,677.3
2021-01-09,KOTAKBANK,349.2
2021-01-09,NIFTY 50,17058.75
2021-01-09,NIFTY BANK,36512.8
2021-01-09,ONGC,108.1
2021-01-09,TATAPOWER,133.3
2021-01-09,TATASTEEL,134.37
2021-01-09,TITAN,1943.95
2021-01-09,WIPRO,306.25
2021-01-10,BAJFINANCE,752.5
2021-01-10,JSWSTEEL,673.95
2021-01-10,KOTAKBANK,398.0
2021-01-10,NIFTY 50,17526.35
2021-01-10,NIFTY BANK,37229.05
2021-01-10,ONGC,132.0
2021-01-10,TATAPOWER,163.45
2021-01-10,TATASTEEL,122.93
2021-01-10,TITAN,2160.0
2021-01-10,WIPRO,303.95
2021-01-11,ADANIGREEN,969.2
2021-01-11,AXISBANK,666.9
2021-01-11,BAJFINANCE,741.5
2021-01-11,JSWSTEEL,687.7
2021-01-11,KOTAKBANK,416.9
2021-01-11,NIFTY 50,17945.25
2021-01-11,NIFTY BANK,39834.75
2021-01-11,ONGC,138.35
2021-01-11,TATAPOWER,224.35
2021-01-11,TATASTEEL,129.58
2021-01-11,TCS,3168.6
2021-01-11,TITAN,2407.8
2021-01-11,WIPRO,312.7
2021-01-12,ADANIGREEN,925.0
2021-01-12,AXISBANK,674.9
2021-01-12,BAJFINANCE,705.0
2021-01-12,JSWSTEEL,638.5
2021-01-12,KOTAKBANK,391.0
2021-01-12,NIFTY 50,17185.95
2021-01-12,NIFTY BANK,36385.9
2021-01-12,ONGC,128.55
2021-01-12,TATAPOWER,227.25
2021-01-12,TATASTEEL,102.22
2021-01-12,TCS,3169.95
2021-01-12,TITAN,2364.0
2021-01-12,WIPRO,303.75
2021-01-13,ADANIGREEN,919.05
2021-01-13,AXISBANK,686.05
2021-01-13,TCS,3158.0
2021-01-14,ADANIGREEN,968.25
2021-01-14,AXISBANK,676.8
2021-01-14,TCS,3244.35
2021-01-15,ADANIGREEN,949.0
2021-01-15,AXISBANK,674.75
2021-01-15,TCS,3225.0
2021-01-18,ADANIGREEN,955.95
2021-01-18,AXISBANK,652.0
2021-01-18,TCS,3215.0
2021-01-19,ADANIGREEN,997.2
2021-01-19,AXISBANK,670.35
2021-01-19,TCS,3269.0
2021-01-20,ADANIGREEN,1016.0
2021-01-20,AXISBANK,673.9
2021-01-20,TCS,3305.0
2021-01-21,ADANIGREEN,1054.0
2021-01-21,AXISBANK,680.0
2021-01-21,TCS,3274.05
2021-01-22,ADANIGREEN,1047.0
2021-01-22,AXISBANK,645.0
2021-01-22,TCS,3292.2
2021-01-25,ADANIGREEN,1030.0
2021-01-25,AXISBANK,658.0
2021-01-25,TCS,3298.0
2021-01-27,ADANIGREEN,1030.3
2021-01-27,AXISBANK,633.55
2021-01-27,TCS,3263.95
2021-01-28,ADANIGREEN,1035.6
2021-01-28,AXISBANK,668.0
2021-01-28,TCS,3202.95
2021-01-29,ADANIGREEN,1028.0
2021-01-29,AXISBANK,666.45
2021-01-29,TCS,3123.9
2021-02-01,ADANIGREEN,1028.0
2021-02-01,AXISBANK,714.0
2021-02-01,TCS,3150.0
2021-02-02,ADANIGREEN,1034.9
2021-02-02,AXISBANK,718.5
2021-02-02,BAJFINANCE,517.5
2021-02-02,JSWSTEEL,389.0
2021-02-02,KOTAKBANK,373.0
2021-02-02,NIFTY 50,14671.2
2021-02-02,NIFTY BANK,34315.3
2021-02-02,ONGC,84.25
2021-02-02,TATAPOWER,83.7
2021-02-02,TATASTEEL,59.27
2021-02-02,TCS,3195.0
2021-02-02,TITAN,1488.0
2021-02-02,WIPRO,204.45
2021-02-03,ADANIGREEN,1025.0
2021-02-03,AXISBANK,731.3
2021-02-03,BAJFINANCE,531.5
2021-02-03,JSWSTEEL,412.25
2021-02-03,KOTAKBANK,370.2
2021-02-03,NIFTY 50,14941.8
2021-02-03,NIFTY BANK,35473.95
2021-02-03,ONGC,103.05
2021-02-03,TATAPOWER,100.75
2021-02-03,TATASTEEL,68.36
2021-02-03,TCS,3200.0
2021-02-03,TITAN,1469.65
2021-02-03,WIPRO,206.95
2021-02-04,ADANIGREEN,1078.0
2021-02-04,AXISBANK,743.0
2021-02-04,TCS,3185.5
2021-02-05,ADANIGREEN,1078.0
2021-02-05,AXISBANK,722.0
2021-02-05,TCS,3161.0
2021-02-06,BAJFINANCE,581.0
2021-02-06,JSWSTEEL,707.0
2021-02-06,KOTAKBANK,357.2
2021-02-06,NIFTY 50,15590.0
2021-02-06,NIFTY BANK,35397.4
2021-02-06,ONGC,106.2
2021-02-06,TATAPOWER,108.0
2021-02-06,TATASTEEL,106.86
2021-02-06,TITAN,1586.0
2021-02-06,WIPRO,259.0
2021-02-07,BAJFINANCE,600.0
2021-02-07,JSWSTEEL,672.1
2021-02-07,KOTAKBANK,343.2
2021-02-07,NIFTY 50,15729.0
2021-02-07,NIFTY BANK,34829.15
2021-02-07,ONGC,107.4
2021-02-07,TATAPOWER,121.2
2021-02-07,TATASTEEL,107.69
2021-02-07,TITAN,1750.0
2021-02-07,WIPRO,257.4
2021-02-08,ADANIGREEN,1059.0
2021-02-08,AXISBANK,736.5
2021-02-08,BAJFINANCE,620.0
2021-02-08,JSWSTEEL,746.6
2021-02-08,KOTAKBANK,333.6
2021-02-08,NIFTY 50,15887.5
2021-02-08,NIFTY BANK,34726.05
2021-02-08,ONGC,106.15
2021-02-08,TATAPOWER,133.4
2021-02-08,TATASTEEL,134.56
2021-02-08,TCS,3219.0
2021-02-08,TITAN,1776.0
2021-02-08,WIPRO,284.35
2021-02-09,ADANIGREEN,1092.05
2021-02-09,AXISBANK,740.0
2021-02-09,BAJFINANCE,750.0
2021-02-09,JSWSTEEL,685.7
2021-02-09,KOTAKBANK,357.4
2021-02-09,NIFTY 50,17233.85
2021-02-09,NIFTY BANK,36875.35
2021-02-09,ONGC,107.2
2021-02-09,TATAPOWER,133.6
2021-02-09,TATASTEEL,135.69
2021-02-09,TCS,3178.4
2021-02-09,TITAN,1964.95
2021-02-09,WIPRO,311.6
2021-02-10,ADANIGREEN,1075.05
2021-02-10,AXISBANK,736.1
2021-02-10,TCS,3215.5
2021-02-11,ADANIGREEN,1059.8
2021-02-11,AXISBANK,740.55
2021-02-11,BAJFINANCE,746.0
2021-02-11,JSWSTEEL,674.0
2021-02-11,KOTAKBANK,414.8
2021-02-11,NIFTY 50,17889.15
2021-02-11,NIFTY BANK,39897.15
2021-02-11,ONGC,137.9
2021-02-11,TATAPOWER,228.7
2021-02-11,TATASTEEL,125.18
2021-02-11,TCS,3203.0
2021-02-11,TITAN,2451.0
2021-02-11,WIPRO,313.45
2021-02-12,ADANIGREEN,1059.0
2021-02-12,AXISBANK,749.9
2021-02-12,BAJFINANCE,719.0
2021-02-12,JSWSTEEL,646.25
2021-02-12,KOTAKBANK,393.3
2021-02-12,NIFTY 50,17401.5
2021-02-12,NIFTY BANK,36535.65
2021-02-12,ONGC,130.15
2021-02-12,TATAPOWER,226.0
2021-02-12,TATASTEEL,105.25
2021-02-12,TCS,3188.25
2021-02-12,TITAN,2388.0
2021-02-12,WIPRO,308.95
2021-02-15,ADANIGREEN,1038.15
2021-02-15,AXISBANK,797.0
2021-02-15,TCS,3148.0
2021-02-16,ADANIGREEN,1069.5
2021-02-16,AXISBANK,776.55
2021-02-16,TCS,3113.0
2021-02-17,ADANIGREEN,1090.0
2021-02-17,AXISBANK,775.5
2021-02-17,TCS,3073.25
2021-02-18,ADANIGREEN,1106.0
2021-02-18,AXISBANK,775.9
2021-02-18,TCS,3055.0
2021-02-19,ADANIGREEN,1116.5
2021-02-19,AXISBANK,750.6
2021-02-19,TCS,3078.0
2021-02-22,ADANIGREEN,1139.6
2021-02-22,AXISBANK,720.5
2021-02-22,TCS,2955.5
2021-02-23,ADANIGREEN,1198.5
2021-02-23,AXISBANK,717.95
2021-02-23,TCS,2985.1
2021-02-24,ADANIGREEN,1161.5
2021-02-24,AXISBANK,754.8
2021-02-24,TCS,2946.85
2021-02-25,ADANIGREEN,1131.0
2021-02-25,AXISBANK,769.0
2021-02-25,TCS,2985.05
2021-02-26,ADANIGREEN,1148.0
2021-02-26,AXISBANK,725.35
2021-02-26,TCS,2905.0
2021-03-01,ADANIGREEN,1144.8
2021-03-01,AXISBANK,730.45
2021-03-01,TCS,2935.0
2021-03-02,ADANIGREEN,1172.0
2021-03-02,AXISBANK,730.6
2021-03-02,BAJFINANCE,525.0
2021-03-02,JSWSTEEL,393.0
2021-03-02,KOTAKBANK,370.8
2021-03-02,NIFTY 50,14783.6
2021-03-02,NIFTY BANK,34696.45
2021-03-02,ONGC,84.6
2021-03-02,TATAPOWER,84.4
2021-03-02,TATASTEEL,60.15
2021-03-02,TCS,3018.0
2021-03-02,TITAN,1520.1
2021-03-02,WIPRO,207.9
2021-03-03,ADANIGREEN,1171.0
2021-03-03,AXISBANK,751.9
2021-03-03,BAJFINANCE,554.5
2021-03-03,JSWSTEEL,426.8
2021-03-03,KOTAKBANK,379.0
2021-03-03,NIFTY 50,15240.5
2021-03-03,NIFTY BANK,36347.1
2021-03-03,ONGC,103.15
2021-03-03,TATAPOWER,105.3
2021-03-03,TATASTEEL,72.22
2021-03-03,TCS,3058.0
2021-03-03,TITAN,1470.0
2021-03-03,WIPRO,207.8
2021-03-04,ADANIGREEN,1182.8
2021-03-04,AXISBANK,736.85
2021-03-04,TCS,3042.9
2021-03-05,ADANIGREEN,1169.7
2021-03-05,AXISBANK,734.35
2021-03-05,BAJFINANCE,554.5
2021-03-05,JSWSTEEL,723.0
2021-03-05,KOTAKBANK,346.1
2021-03-05,NIFTY 50,14644.35
2021-03-05,NIFTY BANK,32535.55
2021-03-05,ONGC,97.2
2021-03-05,TATAPOWER,99.9
2021-03-05,TATASTEEL,100.75
2021-03-05,TCS,3025.0
2021-03-05,TITAN,1423.7
2021-03-05,WIPRO,232.5
2021-03-06,BAJFINANCE,589.0
2021-03-06,JSWSTEEL,711.8
2021-03-06,KOTAKBANK,362.9
2021-03-06,NIFTY 50,15688.9
2021-03-06,NIFTY BANK,35653.7
2021-03-06,ONGC,111.75
2021-03-06,TATAPOWER,108.5
2021-03-06,TATASTEEL,105.69
2021-03-06,TITAN,1694.0
2021-03-06,WIPRO,257.6
2021-03-08,ADANIGREEN,1171.8
2021-03-08,AXISBANK,744.0
2021-03-08,BAJFINANCE,631.5
2021-03-08,JSWSTEEL,740.85
2021-03-08,KOTAKBANK,337.6
2021-03-08,NIFTY 50,16123.4
2021-03-08,NIFTY BANK,35199.5
2021-03-08,ONGC,106.3
2021-03-08,TATAPOWER,132.5
2021-03-08,TATASTEEL,133.98
2021-03-08,TCS,3008.7
2021-03-08,TITAN,1842.15
2021-03-08,WIPRO,285.85
2021-03-09,ADANIGREEN,1169.0
2021-03-09,AXISBANK,744.6
2021-03-09,BAJFINANCE,752.0
2021-03-09,JSWSTEEL,690.3
2021-03-09,KOTAKBANK,358.6
2021-03-09,NIFTY 50,17320.55
2021-03-09,NIFTY BANK,36763.25
2021-03-09,ONGC,111.55
2021-03-09,TATAPOWER,133.7
2021-03-09,TATASTEEL,137.2
2021-03-09,TCS,3060.5
2021-03-09,TITAN,2021.0
2021-03-09,WIPRO,312.75
2021-03-10,ADANIGREEN,1184.05
2021-03-10,AXISBANK,759.2
2021-03-10,TCS,3070.0
2021-03-11,BAJFINANCE,753.0
2021-03-11,JSWSTEEL,680.0
2021-03-11,KOTAKBANK,407.4
2021-03-11,NIFTY 50,17833.0
2021-03-11,NIFTY BANK,39416.45
2021-03-11,ONGC,137.35
2021-03-11,TATAPOWER,229.85
2021-03-11,TATASTEEL,126.06
2021-03-11,TITAN,2421.0
2021-03-11,WIPRO,311.7
2021-03-12,ADANIGREEN,1163.0
2021-03-12,AXISBANK,749.1
2021-03-12,BAJFINANCE,708.5
2021-03-12,JSWSTEEL,646.0
2021-03-12,KOTAKBANK,384.0
2021-03-12,NIFTY 50,17210.3
2021-03-12,NIFTY BANK,36213.6
2021-03-12,ONGC,131.55
2021-03-12,TATAPOWER,225.3
2021-03-12,TATASTEEL,105.39
2021-03-12,TCS,3054.95
2021-03-12,TITAN,2376.45
2021-03-12,WIPRO,306.05
2021-03-15,ADANIGREEN,1205.0
2021-03-15,AXISBANK,745.0
2021-03-15,TCS,3062.05
2021-03-16,ADANIGREEN,1220.0
2021-03-16,AXISBANK,737.6
2021-03-16,TCS,3106.0
2021-03-17,ADANIGREEN,1163.0
2021-03-17,AXISBANK,724.75
2021-03-17,TCS,3107.4
2021-03-18,ADANIGREEN,1142.0
2021-03-18,AXISBANK,718.35
2021-03-18,TCS,3042.0
2021-03-19,ADANIGREEN,1192.6
2021-03-19,AXISBANK,725.2
2021-03-19,TCS,3054.8
2021-03-22,ADANIGREEN,1252.2
2021-03-22,AXISBANK,717.0
2021-03-22,TCS,3128.0
2021-03-23,ADANIGREEN,1306.0
2021-03-23,AXISBANK,731.0
2021-03-23,TCS,3142.0
2021-03-24,ADANIGREEN,1293.0
2021-03-24,AXISBANK,709.05
2021-03-24,TCS,3125.0
2021-03-25,ADANIGREEN,1226.8
2021-03-25,AXISBANK,692.45
2021-03-25,TCS,3074.5
2021-03-26,ADANIGREEN,1213.0
2021-03-26,AXISBANK,701.75
2021-03-26,TCS,3067.0
2021-03-30,ADANIGREEN,1151.75
2021-03-30,AXISBANK,696.8
2021-03-30,TCS,3172.0
2021-03-31,ADANIGREEN,1099.8
2021-03-31,AXISBANK,698.2
2021-03-31,TCS,3175.0
2021-04-01,ADANIGREEN,1160.05
2021-04-01,AXISBANK,712.0
2021-04-01,BAJFINANCE,522.0
2021-04-01,JSWSTEEL,403.65
2021-04-01,KOTAKBANK,394.0
2021-04-01,NIFTY 50,14143.65
2021-04-01,NIFTY BANK,31275.15
2021-04-01,ONGC,87.7
2021-04-01,TATAPOWER,79.4
2021-04-01,TATASTEEL,64.45
2021-04-01,TCS,3167.0
2021-04-01,TITAN,1549.1
2021-04-01,WIPRO,189.6
2021-04-02,BAJFINANCE,550.5
2021-04-02,JSWSTEEL,400.9
2021-04-02,KOTAKBANK,382.6
2021-04-02,NIFTY 50,14889.5
2021-04-02,NIFTY BANK,35322.35
2021-04-02,ONGC,88.4
2021-04-02,TATAPOWER,90.0
2021-04-02,TATASTEEL,60.68
2021-04-02,TITAN,1512.0
2021-04-02,WIPRO,205.55
2021-04-03,BAJFINANCE,549.0
2021-04-03,JSWSTEEL,415.5
2021-04-03,KOTAKBANK,379.4
2021-04-03,NIFTY 50,15087.15
2021-04-03,NIFTY BANK,35834.15
2021-04-03,ONGC,102.1
2021-04-03,TATAPOWER,109.25
2021-04-03,TATASTEEL,70.51
2021-04-03,TITAN,1469.0
2021-04-03,WIPRO,210.05
2021-04-05,ADANIGREEN,1169.0
2021-04-05,AXISBANK,687.0
2021-04-05,BAJFINANCE,559.5
2021-04-05,JSWSTEEL,716.0
2021-04-05,KOTAKBANK,346.6
2021-04-05,NIFTY 50,14506.85
2021-04-05,NIFTY BANK,32293.75
2021-04-05,ONGC,98.7
2021-04-05,TATAPOWER,101.6
2021-04-05,TATASTEEL,100.75
2021-04-05,TCS,3241.0
2021-04-05,TITAN,1403.5
2021-04-05,WIPRO,230.7
2021-04-06,ADANIGREEN,1203.0
2021-04-06,AXISBANK,678.5
2021-04-06,BAJFINANCE,598.0
2021-04-06,JSWSTEEL,719.8
2021-04-06,KOTAKBANK,362.8
2021-04-06,NIFTY 50,15670.65
2021-04-06,NIFTY BANK,35339.55
2021-04-06,ONGC,113.05
2021-04-06,TATAPOWER,108.1
2021-04-06,TATASTEEL,105.93
2021-04-06,TCS,3266.5
2021-04-06,TITAN,1684.0
2021-04-06,WIPRO,258.75
2021-04-07,ADANIGREEN,1195.0
2021-04-07,AXISBANK,686.95
2021-04-07,TCS,3271.0
2021-04-08,ADANIGREEN,1161.0
2021-04-08,AXISBANK,682.45
2021-04-08,BAJFINANCE,635.5
2021-04-08,JSWSTEEL,745.6
2021-04-08,KOTAKBANK,350.4
2021-04-08,NIFTY 50,16253.0
2021-04-08,NIFTY BANK,35994.5
2021-04-08,ONGC,106.1
2021-04-08,TATAPOWER,131.9
2021-04-08,TATASTEEL,134.81
2021-04-08,TCS,3315.0
2021-04-08,TITAN,1799.95
2021-04-08,WIPRO,285.1
2021-04-09,ADANIGREEN,1141.95
2021-04-09,AXISBANK,668.05
2021-04-09,TCS,3325.0
2021-04-10,BAJFINANCE,769.5
2021-04-10,JSWSTEEL,682.0
2021-04-10,KOTAKBANK,398.6
2021-04-10,NIFTY 50,17700.5
2021-04-10,NIFTY BANK,37602.7
2021-04-10,ONGC,133.6
2021-04-10,TATAPOWER,168.4
2021-04-10,TATASTEEL,125.67
2021-04-10,TITAN,2155.0
2021-04-10,WIPRO,307.3
2021-04-11,BAJFINANCE,751.5
2021-04-11,JSWSTEEL,679.0
2021-04-11,KOTAKBANK,412.0
2021-04-11,NIFTY 50,17918.9
2021-04-11,NIFTY BANK,39564.1
2021-04-11,ONGC,137.55
2021-04-11,TATAPOWER,231.25
2021-04-11,TATASTEEL,126.11
2021-04-11,TITAN,2435.0
2021-04-11,WIPRO,311.6
2021-04-12,ADANIGREEN,1085.65
2021-04-12,AXISBANK,639.7
2021-04-12,TCS,3249.8
2021-04-13,ADANIGREEN,1105.0
2021-04-13,AXISBANK,660.0
2021-04-13,TCS,3120.0
2021-04-15,ADANIGREEN,1119.0
2021-04-15,AXISBANK,668.85
2021-04-15,TCS,3227.0
2021-04-16,ADANIGREEN,1104.95
2021-04-16,AXISBANK,667.8
2021-04-16,TCS,3186.1
2021-04-19,ADANIGREEN,1053.2
2021-04-19,AXISBANK,647.85
2021-04-19,TCS,3159.15
2021-04-20,ADANIGREEN,1042.0
2021-04-20,AXISBANK,651.7
2021-04-20,TCS,3140.0
2021-04-22,ADANIGREEN,1027.0
2021-04-22,AXISBANK,656.9
2021-04-22,TCS,3121.55
2021-04-23,ADANIGREEN,1053.5
2021-04-23,AXISBANK,665.0
2021-04-23,TCS,3112.0
2021-04-26,ADANIGREEN,1051.0
2021-04-26,AXISBANK,699.0
2021-04-26,TCS,3101.0
2021-04-27,ADANIGREEN,1056.2
2021-04-27,AXISBANK,701.05
2021-04-27,TCS,3132.75
2021-04-28,ADANIGREEN,1054.0
2021-04-28,AXISBANK,705.95
2021-04-28,TCS,3123.0
2021-04-29,ADANIGREEN,1056.25
2021-04-29,AXISBANK,717.15
2021-04-29,TCS,3114.45
2021-04-30,ADANIGREEN,1023.95
2021-04-30,AXISBANK,711.5
2021-04-30,TCS,3040.5
2021-05-01,BAJFINANCE,513.0
2021-05-01,JSWSTEEL,395.55
2021-05-01,KOTAKBANK,392.0
2021-05-01,NIFTY 50,14199.3
2021-05-01,NIFTY BANK,31705.6
2021-05-01,ONGC,85.95
2021-05-01,TATAPOWER,80.95
2021-05-01,TATASTEEL,63.03
2021-05-01,TITAN,1574.0
2021-05-01,WIPRO,193.95
2021-05-02,BAJFINANCE,552.0
2021-05-02,JSWSTEEL,402.85
2021-05-02,KOTAKBANK,398.0
2021-05-02,NIFTY 50,14940.85
2021-05-02,NIFTY BANK,35753.85
2021-05-02,ONGC,88.35
2021-05-02,TATAPOWER,87.5
2021-05-02,TATASTEEL,63.76
2021-05-02,TITAN,1512.65
2021-05-02,WIPRO,203.85
2021-05-03,ADANIGREEN,1039.5
2021-05-03,AXISBANK,703.5
2021-05-03,BAJFINANCE,545.0
2021-05-03,JSWSTEEL,407.85
2021-05-03,KOTAKBANK,384.0
2021-05-03,NIFTY 50,14963.15
2021-05-03,NIFTY BANK,35333.8
2021-05-03,ONGC,104.35
2021-05-03,TATAPOWER,107.55
2021-05-03,TATASTEEL,68.31
2021-05-03,TCS,3036.0
2021-05-03,TITAN,1474.0
2021-05-03,WIPRO,201.7
2021-05-04,ADANIGREEN,1047.35
2021-05-04,AXISBANK,700.5
2021-05-04,BAJFINANCE,497.0
2021-05-04,JSWSTEEL,519.5
2021-05-04,KOTAKBANK,352.2
2021-05-04,NIFTY 50,14649.05
2021-05-04,NIFTY BANK,32714.45
2021-05-04,ONGC,93.35
2021-05-04,TATAPOWER,103.5
2021-05-04,TATASTEEL,81.26
2021-05-04,TCS,3052.85
2021-05-04,TITAN,1535.95
2021-05-04,WIPRO,203.55
2021-05-05,ADANIGREEN,1064.0
2021-05-05,AXISBANK,718.6
2021-05-05,BAJFINANCE,552.0
2021-05-05,JSWSTEEL,718.5
2021-05-05,KOTAKBANK,355.1
2021-05-05,NIFTY 50,14635.0
2021-05-05,NIFTY BANK,32851.55
2021-05-05,ONGC,100.6
2021-05-05,TATAPOWER,101.9
2021-05-05,TATASTEEL,101.14
2021-05-05,TCS,3096.7
2021-05-05,TITAN,1429.65
2021-05-05,WIPRO,234.55
2021-05-06,ADANIGREEN,1102.5
2021-05-06,AXISBANK,716.35
2021-05-06,TCS,3115.9
2021-05-07,ADANIGREEN,1103.2
2021-05-07,AXISBANK,715.3
2021-05-07,BAJFINANCE,607.0
2021-05-07,JSWSTEEL,673.8
2021-05-07,KOTAKBANK,346.2
2021-05-07,NIFTY 50,15838.4
2021-05-07,NIFTY BANK,35218.6
2021-05-07,ONGC,109.6
2021-05-07,TATAPOWER,125.65
2021-05-07,TATASTEEL,109.69
2021-05-07,TCS,3131.0
2021-05-07,TITAN,1751.0
2021-05-07,WIPRO,256.4
2021-05-08,BAJFINANCE,625.0
2021-05-08,JSWSTEEL,763.7
2021-05-08,KOTAKBANK,353.7
2021-05-08,NIFTY 50,16281.8
2021-05-08,NIFTY BANK,35799.65
2021-05-08,ONGC,105.35
2021-05-08,TATAPOWER,134.8
2021-05-08,TATASTEEL,138.08
2021-05-08,TITAN,1800.0
2021-05-08,WIPRO,287.4
2021-05-10,ADANIGREEN,1100.0
2021-05-10,AXISBANK,716.6
2021-05-10,BAJFINANCE,775.0
2021-05-10,JSWSTEEL,679.5
2021-05-10,KOTAKBANK,396.8
2021-05-10,NIFTY 50,17829.3
2021-05-10,NIFTY BANK,37742.7
2021-05-10,ONGC,147.85
2021-05-10,TATAPOWER,179.65
2021-05-10,TATASTEEL,125.23
2021-05-10,TCS,3147.0
2021-05-10,TITAN,2197.35
2021-05-10,WIPRO,309.4
2021-05-11,ADANIGREEN,1076.1
2021-05-11,AXISBANK,706.95
2021-05-11,TCS,3121.0
2021-05-12,ADANIGREEN,1050.0
2021-05-12,AXISBANK,691.2
2021-05-12,TCS,3085.8
2021-05-14,ADANIGREEN,1088.7
2021-05-14,AXISBANK,685.3
2021-05-14,TCS,3052.0
2021-05-17,ADANIGREEN,1142.45
2021-05-17,AXISBANK,708.65
2021-05-17,TCS,3072.75
2021-05-18,ADANIGREEN,1199.55
2021-05-18,AXISBANK,712.0
2021-05-18,TCS,3089.0
2021-05-19,ADANIGREEN,1241.6
2021-05-19,AXISBANK,714.1
2021-05-19,TCS,3084.9
2021-05-20,ADANIGREEN,1270.0
2021-05-20,AXISBANK,706.15
2021-05-20,TCS,3060.65
2021-05-21,ADANIGREEN,1314.95
2021-05-21,AXISBANK,732.5
2021-05-21,TCS,3080.0
2021-05-24,ADANIGREEN,1364.15
2021-05-24,AXISBANK,738.65
2021-05-24,TCS,3082.4
2021-05-25,ADANIGREEN,1316.0
2021-05-25,AXISBANK,732.7
2021-05-25,TCS,3115.0
2021-05-26,ADANIGREEN,1272.0
2021-05-26,AXISBANK,734.65
2021-05-26,TCS,3158.0
2021-05-27,ADANIGREEN,1260.0
2021-05-27,AXISBANK,749.7
2021-05-27,TCS,3198.0
2021-05-28,ADANIGREEN,1242.0
2021-05-28,AXISBANK,744.3
2021-05-28,TCS,3146.0
2021-05-31,ADANIGREEN,1270.15
2021-05-31,AXISBANK,748.75
2021-05-31,TCS,3163.5
2021-06-01,ADANIGREEN,1265.0
2021-06-01,AXISBANK,745.3
2021-06-01,BAJFINANCE,502.0
2021-06-01,JSWSTEEL,400.5
2021-06-01,KOTAKBANK,394.0
2021-06-01,NIFTY 50,14134.05
2021-06-01,NIFTY BANK,31739.4
2021-06-01,ONGC,87.7
2021-06-01,TATAPOWER,82.35
2021-06-01,TATASTEEL,63.32
2021-06-01,TCS,3153.9
2021-06-01,TITAN,1569.1
2021-06-01,WIPRO,194.0
2021-06-02,ADANIGREEN,1298.0
2021-06-02,AXISBANK,737.7
2021-06-02,TCS,3135.0
2021-06-03,ADANIGREEN,1288.0
2021-06-03,AXISBANK,752.25
2021-06-03,TCS,3144.9
2021-06-04,ADANIGREEN,1280.95
2021-06-04,AXISBANK,742.8
2021-06-04,BAJFINANCE,499.5
2021-06-04,JSWSTEEL,538.0
2021-06-04,KOTAKBANK,352.9
2021-06-04,NIFTY 50,14700.8
2021-06-04,NIFTY BANK,32540.9
2021-06-04,ONGC,93.75
2021-06-04,TATAPOWER,104.8
2021-06-04,TATASTEEL,80.72
2021-06-04,TCS,3138.5
2021-06-04,TITAN,1535.0
2021-06-04,WIPRO,204.1
2021-06-05,BAJFINANCE,553.0
2021-06-05,JSWSTEEL,731.05
2021-06-05,KOTAKBANK,358.6
2021-06-05,NIFTY 50,14733.2
2021-06-05,NIFTY BANK,32875.7
2021-06-05,ONGC,99.65
2021-06-05,TATAPOWER,102.85
2021-06-05,TATASTEEL,104.22
2021-06-05,TITAN,1441.0
2021-06-05,WIPRO,244.7
2021-06-07,ADANIGREEN,1265.0
2021-06-07,AXISBANK,749.9
2021-06-07,BAJFINANCE,620.5
2021-06-07,JSWSTEEL,672.95
2021-06-07,KOTAKBANK,351.0
2021-06-07,NIFTY 50,15816.4
2021-06-07,NIFTY BANK,35530.45
2021-06-07,ONGC,109.85
2021-06-07,TATAPOWER,123.25
2021-06-07,TATASTEEL,110.42
2021-06-07,TCS,3185.35
2021-06-07,TITAN,1760.9
2021-06-07,WIPRO,254.9
2021-06-08,ADANIGREEN,1267.1
2021-06-08,AXISBANK,745.45
2021-06-08,BAJFINANCE,622.5
2021-06-08,JSWSTEEL,756.0
2021-06-08,KOTAKBANK,355.9
2021-06-08,NIFTY 50,16254.7
2021-06-08,NIFTY BANK,35882.1
2021-06-08,ONGC,105.35
2021-06-08,TATAPOWER,135.5
2021-06-08,TATASTEEL,136.03
2021-06-08,TCS,3202.0
2021-06-08,TITAN,1789.0
2021-06-08,WIPRO,286.55
2021-06-09,ADANIGREEN,1244.55
2021-06-09,AXISBANK,737.0
2021-06-09,BAJFINANCE,751.5
2021-06-09,JSWSTEEL,686.0
2021-06-09,KOTAKBANK,355.4
2021-06-09,NIFTY 50,17379.65
2021-06-09,NIFTY BANK,36588.25
2021-06-09,ONGC,109.9
2021-06-09,TATAPOWER,132.1
2021-06-09,TATASTEEL,136.76
2021-06-09,TCS,3199.7
2021-06-09,TITAN,2020.0
2021-06-09,WIPRO,328.55
2021-06-10,ADANIGREEN,1225.0
2021-06-10,AXISBANK,742.6
2021-06-10,BAJFINANCE,773.0
2021-06-10,JSWSTEEL,657.55
2021-06-10,KOTAKBANK,390.7
2021-06-10,NIFTY 50,17626.45
2021-06-10,NIFTY BANK,37479.4
2021-06-10,ONGC,151.2
2021-06-10,TATAPOWER,175.8
2021-06-10,TATASTEEL,120.98
2021-06-10,TCS,3216.0
2021-06-10,TITAN,2148.9
2021-06-10,WIPRO,303.65
2021-06-11,ADANIGREEN,1220.0
2021-06-11,AXISBANK,737.5
2021-06-11,TCS,3281.85
2021-06-12,BAJFINANCE,695.0
2021-06-12,JSWSTEEL,641.65
2021-06-12,KOTAKBANK,377.2
2021-06-12,NIFTY 50,16909.3
2021-06-12,NIFTY BANK,35736.65
2021-06-12,ONGC,129.8
2021-06-12,TATAPOWER,220.95
2021-06-12,TATASTEEL,104.66
2021-06-12,TITAN,2333.0
2021-06-12,WIPRO,298.5
2021-06-14,ADANIGREEN,1229.0
2021-06-14,AXISBANK,735.5
2021-06-14,TCS,3277.85
2021-06-15,ADANIGREEN,1200.0
2021-06-15,AXISBANK,748.5
2021-06-15,TCS,3262.0
2021-06-16,ADANIGREEN,1165.0
2021-06-16,AXISBANK,747.0
2021-06-16,TCS,3269.7
2021-06-17,ADANIGREEN,1123.65
2021-06-17,AXISBANK,737.0
2021-06-17,TCS,3328.45
2021-06-18,ADANIGREEN,1067.5
2021-06-18,AXISBANK,738.0
2021-06-18,TCS,3303.0
2021-06-21,ADANIGREEN,1120.9
2021-06-21,AXISBANK,737.9
2021-06-21,TCS,3273.0
2021-06-22,ADANIGREEN,1165.0
2021-06-22,AXISBANK,738.9
2021-06-22,TCS,3305.0
2021-06-23,ADANIGREEN,1169.0
2021-06-23,AXISBANK,732.4
2021-06-23,TCS,3264.0
2021-06-24,ADANIGREEN,1132.4
2021-06-24,AXISBANK,739.5
2021-06-24,TCS,3370.0
2021-06-25,ADANIGREEN,1158.0
2021-06-25,AXISBANK,760.6
2021-06-25,TCS,3371.2
2021-06-28,ADANIGREEN,1120.0
2021-06-28,AXISBANK,763.1
2021-06-28,TCS,3342.0
2021-06-29,ADANIGREEN,1120.0
2021-06-29,AXISBANK,753.0
2021-06-29,TCS,3335.25
2021-06-30,ADANIGREEN,1115.0
2021-06-30,AXISBANK,748.5
2021-06-30,TCS,3351.0
2021-07-01,ADANIGREEN,1068.7
2021-07-01,AXISBANK,746.9
2021-07-01,BAJFINANCE,508.0
2021-07-01,JSWSTEEL,404.45
2021-07-01,KOTAKBANK,390.7
2021-07-01,NIFTY 50,14148.45
2021-07-01,NIFTY BANK,31971.5
2021-07-01,ONGC,88.55
2021-07-01,TATAPOWER,82.0
2021-07-01,TATASTEEL,66.84
2021-07-01,TCS,3338.0
2021-07-01,TITAN,1544.65
2021-07-01,WIPRO,194.75
2021-07-02,ADANIGREEN,1015.3
2021-07-02,AXISBANK,751.0
2021-07-02,TCS,3326.9
2021-07-04,BAJFINANCE,507.0
2021-07-04,JSWSTEEL,566.0
2021-07-04,KOTAKBANK,358.0
2021-07-04,NIFTY 50,14808.85
2021-07-04,NIFTY BANK,32958.6
2021-07-04,ONGC,94.6
2021-07-04,TATAPOWER,104.4
2021-07-04,TATASTEEL,82.13
2021-07-04,TITAN,1517.5
2021-07-04,WIPRO,208.95
2021-07-05,ADANIGREEN,964.55
2021-07-05,AXISBANK,760.45
2021-07-05,BAJFINANCE,548.0
2021-07-05,JSWSTEEL,754.4
2021-07-05,KOTAKBANK,355.8
2021-07-05,NIFTY 50,14810.8
2021-07-05,NIFTY BANK,32888.25
2021-07-05,ONGC,100.85
2021-07-05,TATAPOWER,102.5
2021-07-05,TATASTEEL,112.13
2021-07-05,TCS,3328.0
2021-07-05,TITAN,1440.95
2021-07-05,WIPRO,246.15
2021-07-06,ADANIGREEN,1012.75
2021-07-06,AXISBANK,757.0
2021-07-06,BAJFINANCE,572.5
2021-07-06,JSWSTEEL,715.6
2021-07-06,KOTAKBANK,363.0
2021-07-06,NIFTY 50,15747.0
2021-07-06,NIFTY BANK,35403.05
2021-07-06,ONGC,113.35
2021-07-06,TATAPOWER,113.75
2021-07-06,TATASTEEL,106.76
2021-07-06,TCS,3273.65
2021-07-06,TITAN,1682.95
2021-07-06,WIPRO,261.9
2021-07-07,ADANIGREEN,1026.85
2021-07-07,AXISBANK,763.2
2021-07-07,BAJFINANCE,619.0
2021-07-07,JSWSTEEL,691.5
2021-07-07,KOTAKBANK,352.0
2021-07-07,NIFTY 50,15878.65
2021-07-07,NIFTY BANK,35754.65
2021-07-07,ONGC,108.55
2021-07-07,TATAPOWER,124.1
2021-07-07,TATASTEEL,116.19
2021-07-07,TCS,3275.85
2021-07-07,TITAN,1726.8
2021-07-07,WIPRO,254.8
2021-07-08,ADANIGREEN,1037.8
2021-07-08,AXISBANK,753.95
2021-07-08,TCS,3253.0
2021-07-09,ADANIGREEN,1017.0
2021-07-09,AXISBANK,747.35
2021-07-09,BAJFINANCE,745.0
2021-07-09,JSWSTEEL,684.5
2021-07-09,KOTAKBANK,353.0
2021-07-09,NIFTY 50,17357.45
2021-07-09,NIFTY BANK,36465.0
2021-07-09,ONGC,108.7
2021-07-09,TATAPOWER,129.9
2021-07-09,TATASTEEL,135.54
2021-07-09,TCS,3211.0
2021-07-09,TITAN,2030.85
2021-07-09,WIPRO,322.55
2021-07-10,BAJFINANCE,775.5
2021-07-10,JSWSTEEL,666.5
2021-07-10,KOTAKBANK,390.7
2021-07-10,NIFTY 50,17797.15
2021-07-10,NIFTY BANK,37756.0
2021-07-10,ONGC,145.15
2021-07-10,TATAPOWER,178.35
2021-07-10,TATASTEEL,122.4
2021-07-10,TITAN,2374.0
2021-07-10,WIPRO,307.75
2021-07-12,ADANIGREEN,1003.3
2021-07-12,AXISBANK,753.0
2021-07-12,BAJFINANCE,710.0
2021-07-12,JSWSTEEL,661.6
2021-07-12,KOTAKBANK,386.9
2021-07-12,NIFTY 50,17180.5
2021-07-12,NIFTY BANK,36621.4
2021-07-12,ONGC,132.1
2021-07-12,TATAPOWER,226.8
2021-07-12,TATASTEEL,109.15
2021-07-12,TCS,3198.4
2021-07-12,TITAN,2384.7
2021-07-12,WIPRO,302.75
2021-07-13,ADANIGREEN,995.0
2021-07-13,AXISBANK,771.0
2021-07-13,TCS,3190.4
2021-07-14,ADANIGREEN,979.0
2021-07-14,AXISBANK,770.25
2021-07-14,TCS,3214.4
2021-07-15,ADANIGREEN,983.0
2021-07-15,AXISBANK,773.3
2021-07-15,TCS,3201.9
2021-07-16,ADANIGREEN,1012.55
2021-07-16,AXISBANK,771.15
2021-07-16,TCS,3195.0
2021-07-19,ADANIGREEN,972.0
2021-07-19,AXISBANK,754.0
2021-07-19,TCS,3184.9
2021-07-20,ADANIGREEN,940.2
2021-07-20,AXISBANK,745.95
2021-07-20,TCS,3201.3
2021-07-22,ADANIGREEN,992.35
2021-07-22,AXISBANK,747.15
2021-07-22,TCS,3214.7
2021-07-23,ADANIGREEN,969.5
2021-07-23,AXISBANK,755.3
2021-07-23,TCS,3210.0
2021-07-26,ADANIGREEN,940.45
2021-07-26,AXISBANK,754.55
2021-07-26,TCS,3200.35
2021-07-27,ADANIGREEN,925.45
2021-07-27,AXISBANK,731.65
2021-07-27,TCS,3187.95
2021-07-28,ADANIGREEN,952.0
2021-07-28,AXISBANK,722.0
2021-07-28,TCS,3199.9
2021-07-29,ADANIGREEN,917.0
2021-07-29,AXISBANK,717.1
2021-07-29,TCS,3194.0
2021-07-30,ADANIGREEN,878.85
2021-07-30,AXISBANK,709.3
2021-07-30,TCS,3166.35
2021-08-01,BAJFINANCE,508.0
2021-08-01,JSWSTEEL,402.1
2021-08-01,KOTAKBANK,394.0
2021-08-01,NIFTY 50,14343.9
2021-08-01,NIFTY BANK,32078.15
2021-08-01,ONGC,90.75
2021-08-01,TATAPOWER,82.85
2021-08-01,TATASTEEL,66.11
2021-08-01,TITAN,1548.55
2021-08-01,WIPRO,204.35
2021-08-02,ADANIGREEN,879.95
2021-08-02,AXISBANK,720.35
2021-08-02,BAJFINANCE,549.5
2021-08-02,JSWSTEEL,416.55
2021-08-02,KOTAKBANK,391.6
2021-08-02,NIFTY 50,15129.45
2021-08-02,NIFTY BANK,35995.5
2021-08-02,ONGC,89.95
2021-08-02,TATAPOWER,89.9
2021-08-02,TATASTEEL,65.23
2021-08-02,TCS,3220.0
2021-08-02,TITAN,1544.95
2021-08-02,WIPRO,208.5
2021-08-03,ADANIGREEN,907.0
2021-08-03,AXISBANK,737.7
2021-08-03,BAJFINANCE,533.0
2021-08-03,JSWSTEEL,407.65
2021-08-03,KOTAKBANK,382.8
2021-08-03,NIFTY 50,14962.85
2021-08-03,NIFTY BANK,35307.05
2021-08-03,ONGC,107.3
2021-08-03,TATAPOWER,108.9
2021-08-03,TATASTEEL,68.36
2021-08-03,TCS,3278.95
2021-08-03,TITAN,1455.0
2021-08-03,WIPRO,199.35
2021-08-04,ADANIGREEN,885.0
2021-08-04,AXISBANK,752.0
2021-08-04,BAJFINANCE,503.0
2021-08-04,JSWSTEEL,617.0
2021-08-04,KOTAKBANK,356.8
2021-08-04,NIFTY 50,14877.5
2021-08-04,NIFTY BANK,32798.4
2021-08-04,ONGC,93.65
2021-08-04,TATAPOWER,105.15
2021-08-04,TATASTEEL,86.58
2021-08-04,TCS,3275.0
2021-08-04,TITAN,1568.9
2021-08-04,WIPRO,211.15
2021-08-05,ADANIGREEN,890.1
2021-08-05,AXISBANK,748.0
2021-08-05,TCS,3282.15
2021-08-06,ADANIGREEN,907.0
2021-08-06,AXISBANK,743.1
2021-08-06,BAJFINANCE,575.0
2021-08-06,JSWSTEEL,706.5
2021-08-06,KOTAKBANK,358.4
2021-08-06,NIFTY 50,15741.85
2021-08-06,NIFTY BANK,35083.5
2021-08-06,ONGC,112.95
2021-08-06,TATAPOWER,117.45
2021-08-06,TATASTEEL,104.95
2021-08-06,TCS,3311.9
2021-08-06,TITAN,1710.0
2021-08-06,WIPRO,263.5
2021-08-07,BAJFINANCE,612.0
2021-08-07,JSWSTEEL,669.3
2021-08-07,KOTAKBANK,346.5
2021-08-07,NIFTY 50,15728.0
2021-08-07,NIFTY BANK,35282.95
2021-08-07,ONGC,105.85
2021-08-07,TATAPOWER,123.1
2021-08-07,TATASTEEL,112.77
2021-08-07,TITAN,1725.0
2021-08-07,WIPRO,254.05
2021-08-09,ADANIGREEN,902.05
2021-08-09,AXISBANK,754.6
2021-08-09,BAJFINANCE,745.0
2021-08-09,JSWSTEEL,687.05
2021-08-09,KOTAKBANK,365.4
2021-08-09,NIFTY 50,17370.7
2021-08-09,NIFTY BANK,36850.9
2021-08-09,ONGC,107.55
2021-08-09,TATAPOWER,133.3
2021-08-09,TATASTEEL,136.03
2021-08-09,TCS,3321.0
2021-08-09,TITAN,2059.9
2021-08-09,WIPRO,316.85
2021-08-10,ADANIGREEN,905.0
2021-08-10,AXISBANK,760.0
2021-08-10,BAJFINANCE,773.0
2021-08-10,JSWSTEEL,665.3
2021-08-10,KOTAKBANK,387.8
2021-08-10,NIFTY 50,17907.5
2021-08-10,NIFTY BANK,37835.3
2021-08-10,ONGC,145.6
2021-08-10,TATAPOWER,177.5
2021-08-10,TATASTEEL,123.76
2021-08-10,TCS,3330.5
2021-08-10,TITAN,2355.45
2021-08-10,WIPRO,316.4
2021-08-11,ADANIGREEN,900.0
2021-08-11,AXISBANK,758.95
2021-08-11,BAJFINANCE,769.0
2021-08-11,JSWSTEEL,684.1
2021-08-11,KOTAKBANK,425.2
2021-08-11,NIFTY 50,18080.7
2021-08-11,NIFTY BANK,39487.05
2021-08-11,ONGC,140.3
2021-08-11,TATAPOWER,234.8
2021-08-11,TATASTEEL,127.53
2021-08-11,TCS,3347.0
2021-08-11,TITAN,2537.0
2021-08-11,WIPRO,314.75
2021-08-12,ADANIGREEN,909.0
2021-08-12,AXISBANK,758.0
2021-08-12,BAJFINANCE,736.0
2021-08-12,JSWSTEEL,673.0
2021-08-12,KOTAKBANK,384.4
2021-08-12,NIFTY 50,17467.85
2021-08-12,NIFTY BANK,37268.3
2021-08-12,ONGC,134.25
2021-08-12,TATAPOWER,229.65
2021-08-12,TATASTEEL,111.26
2021-08-12,TCS,3347.0
2021-08-12,TITAN,2405.0
2021-08-12,WIPRO,306.9
2021-08-13,ADANIGREEN,915.25
2021-08-13,AXISBANK,760.0
2021-08-13,TCS,3456.05
2021-08-16,ADANIGREEN,923.0
2021-08-16,AXISBANK,760.0
2021-08-16,TCS,3464.75
2021-08-17,ADANIGREEN,934.0
2021-08-17,AXISBANK,757.75
2021-08-17,TCS,3548.0
2021-08-18,ADANIGREEN,939.0
2021-08-18,AXISBANK,751.2
2021-08-18,TCS,3559.8
2021-08-20,ADANIGREEN,934.0
2021-08-20,AXISBANK,739.05
2021-08-20,TCS,3551.6
2021-08-23,ADANIGREEN,930.0
2021-08-23,AXISBANK,735.5
2021-08-23,TCS,3637.0
2021-08-24,ADANIGREEN,950.0
2021-08-24,AXISBANK,745.95
2021-08-24,TCS,3615.05
2021-08-25,ADANIGREEN,997.15
2021-08-25,AXISBANK,739.05
2021-08-25,TCS,3665.0
2021-08-26,ADANIGREEN,1047.0
2021-08-26,AXISBANK,746.05
2021-08-26,TCS,3660.0
2021-08-27,ADANIGREEN,1045.05
2021-08-27,AXISBANK,752.3
2021-08-27,TCS,3717.0
2021-08-30,ADANIGREEN,1056.35
2021-08-30,AXISBANK,782.95
2021-08-30,TCS,3709.0
2021-08-31,ADANIGREEN,1067.1
2021-08-31,AXISBANK,785.55
2021-08-31,TCS,3797.9
2021-09-01,ADANIGREEN,1077.0
2021-09-01,AXISBANK,798.0
2021-09-01,TCS,3715.0
2021-09-02,ADANIGREEN,1083.05
2021-09-02,AXISBANK,802.0
2021-09-02,BAJFINANCE,541.0
2021-09-02,JSWSTEEL,408.0
2021-09-02,KOTAKBANK,390.0
2021-09-02,NIFTY 50,15109.5
2021-09-02,NIFTY BANK,35996.65
2021-09-02,ONGC,91.4
2021-09-02,TATAPOWER,87.5
2021-09-02,TATASTEEL,65.03
2021-09-02,TCS,3827.9
2021-09-02,TITAN,1563.6
2021-09-02,WIPRO,211.0
2021-09-03,ADANIGREEN,1080.1
2021-09-03,AXISBANK,799.0
2021-09-03,BAJFINANCE,541.5
2021-09-03,JSWSTEEL,401.5
2021-09-03,KOTAKBANK,395.0
2021-09-03,NIFTY 50,15098.7
2021-09-03,NIFTY BANK,35841.3
2021-09-03,ONGC,105.7
2021-09-03,TATAPOWER,107.25
2021-09-03,TATASTEEL,65.72
2021-09-03,TCS,3835.0
2021-09-03,TITAN,1457.35
2021-09-03,WIPRO,201.95
2021-09-04,BAJFINANCE,488.0
2021-09-04,JSWSTEEL,621.0
2021-09-04,KOTAKBANK,358.9
2021-09-04,NIFTY 50,14838.05
2021-09-04,NIFTY BANK,32446.55
2021-09-04,ONGC,94.0
2021-09-04,TATAPOWER,104.0
2021-09-04,TATASTEEL,84.33
2021-09-04,TITAN,1594.6
2021-09-04,WIPRO,215.5
2021-09-06,ADANIGREEN,1126.0
2021-09-06,AXISBANK,800.3
2021-09-06,BAJFINANCE,567.0
2021-09-06,JSWSTEEL,698.5
2021-09-06,KOTAKBANK,356.2
2021-09-06,NIFTY 50,15640.25
2021-09-06,NIFTY BANK,34808.7
2021-09-06,ONGC,112.5
2021-09-06,TATAPOWER,125.0
2021-09-06,TATASTEEL,103.98
2021-09-06,TCS,3847.9
2021-09-06,TITAN,1730.0
2021-09-06,WIPRO,260.6
2021-09-07,ADANIGREEN,1105.55
2021-09-07,AXISBANK,787.6
2021-09-07,BAJFINANCE,613.0
2021-09-07,JSWSTEEL,681.25
2021-09-07,KOTAKBANK,344.1
2021-09-07,NIFTY 50,15697.05
2021-09-07,NIFTY BANK,35090.4
2021-09-07,ONGC,106.7
2021-09-07,TATAPOWER,124.5
2021-09-07,TATASTEEL,117.66
2021-09-07,TCS,3823.85
2021-09-07,TITAN,1719.95
2021-09-07,WIPRO,253.1
2021-09-08,ADANIGREEN,1165.55
2021-09-08,AXISBANK,796.0
2021-09-08,BAJFINANCE,619.0
2021-09-08,JSWSTEEL,745.0
2021-09-08,KOTAKBANK,356.2
2021-09-08,NIFTY 50,16254.1
2021-09-08,NIFTY BANK,36014.8
2021-09-08,ONGC,103.95
2021-09-08,TATAPOWER,132.15
2021-09-08,TATASTEEL,134.12
2021-09-08,TCS,3776.0
2021-09-08,TITAN,1800.5
2021-09-08,WIPRO,285.45
2021-09-09,ADANIGREEN,1216.2
2021-09-09,AXISBANK,789.5
2021-09-09,BAJFINANCE,743.0
2021-09-09,JSWSTEEL,689.0
2021-09-09,KOTAKBANK,363.6
2021-09-09,NIFTY 50,17358.1
2021-09-09,NIFTY BANK,36670.3
2021-09-09,ONGC,110.4
2021-09-09,TATAPOWER,132.4
2021-09-09,TATASTEEL,137.88
2021-09-09,TCS,3793.0
2021-09-09,TITAN,2035.0
2021-09-09,WIPRO,316.6
2021-09-11,BAJFINANCE,757.0
2021-09-11,JSWSTEEL,677.4
2021-09-11,KOTAKBANK,420.0
2021-09-11,NIFTY 50,18050.85
2021-09-11,NIFTY BANK,39401.7
2021-09-11,ONGC,141.45
2021-09-11,TATAPOWER,242.2
2021-09-11,TATASTEEL,127.18
2021-09-11,TITAN,2516.5
2021-09-11,WIPRO,314.5
2021-09-12,BAJFINANCE,743.5
2021-09-12,JSWSTEEL,673.65
2021-09-12,KOTAKBANK,383.8
2021-09-12,NIFTY 50,17502.65
2021-09-12,NIFTY BANK,37049.95
2021-09-12,ONGC,133.25
2021-09-12,TATAPOWER,227.9
2021-09-12,TATASTEEL,111.4
2021-09-12,TITAN,2373.0
2021-09-12,WIPRO,308.1
2021-09-13,ADANIGREEN,1183.9
2021-09-13,AXISBANK,787.5
2021-09-13,TCS,3841.5
2021-09-14,ADANIGREEN,1148.5
2021-09-14,AXISBANK,793.0
2021-09-14,TCS,3880.1
2021-09-15,ADANIGREEN,1126.75
2021-09-15,AXISBANK,792.0
2021-09-15,TCS,3950.0
2021-09-16,ADANIGREEN,1165.0
2021-09-16,AXISBANK,803.05
2021-09-16,TCS,3903.05
2021-09-17,ADANIGREEN,1153.0
2021-09-17,AXISBANK,811.5
2021-09-17,TCS,3826.55
2021-09-20,ADANIGREEN,1121.95
2021-09-20,AXISBANK,793.05
2021-09-20,TCS,3820.05
2021-09-21,ADANIGREEN,1117.0
2021-09-21,AXISBANK,793.7
2021-09-21,TCS,3861.95
2021-09-22,ADANIGREEN,1139.95
2021-09-22,AXISBANK,788.4
2021-09-22,TCS,3856.75
2021-09-23,ADANIGREEN,1136.7
2021-09-23,AXISBANK,813.4
2021-09-23,TCS,3872.0
2021-09-24,ADANIGREEN,1147.0
2021-09-24,AXISBANK,796.65
2021-09-24,TCS,3878.75
2021-09-27,ADANIGREEN,1150.0
2021-09-27,AXISBANK,797.45
2021-09-27,TCS,3839.0
2021-09-28,ADANIGREEN,1134.0
2021-09-28,AXISBANK,789.0
2021-09-28,TCS,3777.05
2021-09-29,ADANIGREEN,1129.05
2021-09-29,AXISBANK,780.5
2021-09-29,TCS,3790.8
2021-09-30,ADANIGREEN,1144.9
2021-09-30,AXISBANK,766.9
2021-09-30,TCS,3778.7
2021-10-01,ADANIGREEN,1147.5
2021-10-01,AXISBANK,767.8
2021-10-01,TCS,3728.65
2021-10-02,BAJFINANCE,549.0
2021-10-02,JSWSTEEL,408.6
2021-10-02,KOTAKBANK,391.0
2021-10-02,NIFTY 50,15137.8
2021-10-02,NIFTY BANK,35901.65
2021-10-02,ONGC,90.45
2021-10-02,TATAPOWER,88.35
2021-10-02,TATASTEEL,64.06
2021-10-02,TITAN,1585.0
2021-10-02,WIPRO,210.1
2021-10-03,BAJFINANCE,554.0
2021-10-03,JSWSTEEL,413.8
2021-10-03,KOTAKBANK,392.2
2021-10-03,NIFTY 50,15168.15
2021-10-03,NIFTY BANK,35945.15
2021-10-03,ONGC,103.55
2021-10-03,TATAPOWER,107.5
2021-10-03,TATASTEEL,67.18
2021-10-03,TITAN,1472.0
2021-10-03,WIPRO,203.5
2021-10-04,ADANIGREEN,1178.0
2021-10-04,AXISBANK,780.0
2021-10-04,TCS,3779.0
2021-10-05,ADANIGREEN,1222.0
2021-10-05,AXISBANK,782.25
2021-10-05,BAJFINANCE,550.0
2021-10-05,JSWSTEEL,759.5
2021-10-05,KOTAKBANK,362.4
2021-10-05,NIFTY 50,14949.4
2021-10-05,NIFTY BANK,33191.5
2021-10-05,ONGC,103.05
2021-10-05,TATAPOWER,110.5
2021-10-05,TATASTEEL,115.51
2021-10-05,TCS,3839.1
2021-10-05,TITAN,1453.25
2021-10-05,WIPRO,250.9
2021-10-06,ADANIGREEN,1211.0
2021-10-06,AXISBANK,777.0
2021-10-06,BAJFINANCE,611.0
2021-10-06,JSWSTEEL,707.15
2021-10-06,KOTAKBANK,360.4
2021-10-06,NIFTY 50,15745.15
2021-10-06,NIFTY BANK,35146.0
2021-10-06,ONGC,112.1
2021-10-06,TATAPOWER,127.5
2021-10-06,TATASTEEL,105.44
2021-10-06,TCS,3813.8
2021-10-06,TITAN,1736.0
2021-10-06,WIPRO,264.9
2021-10-07,ADANIGREEN,1208.1
2021-10-07,AXISBANK,777.3
2021-10-07,TCS,3898.0
2021-10-08,ADANIGREEN,1183.05
2021-10-08,AXISBANK,781.7
2021-10-08,BAJFINANCE,617.0
2021-10-08,JSWSTEEL,720.5
2021-10-08,KOTAKBANK,362.0
2021-10-08,NIFTY 50,16268.3
2021-10-08,NIFTY BANK,36009.55
2021-10-08,ONGC,103.95
2021-10-08,TATAPOWER,130.15
2021-10-08,TATASTEEL,130.56
2021-10-08,TCS,3943.0
2021-10-08,TITAN,1804.9
2021-10-08,WIPRO,288.65
2021-10-11,ADANIGREEN,1161.7
2021-10-11,AXISBANK,787.4
2021-10-11,BAJFINANCE,757.0
2021-10-11,JSWSTEEL,661.9
2021-10-11,KOTAKBANK,415.5
2021-10-11,NIFTY 50,18010.1
2021-10-11,NIFTY BANK,39022.8
2021-10-11,ONGC,142.65
2021-10-11,TATAPOWER,237.5
2021-10-11,TATASTEEL,123.32
2021-10-11,TCS,3687.95
2021-10-11,TITAN,2484.0
2021-10-11,WIPRO,312.1
2021-10-12,ADANIGREEN,1208.95
2021-10-12,AXISBANK,796.3
2021-10-12,BAJFINANCE,744.0
2021-10-12,JSWSTEEL,679.0
2021-10-12,KOTAKBANK,379.4
2021-10-12,NIFTY 50,17499.2
2021-10-12,NIFTY BANK,37104.0
2021-10-12,ONGC,133.45
2021-10-12,TATAPOWER,227.65
2021-10-12,TATASTEEL,111.6
2021-10-12,TCS,3658.0
2021-10-12,TITAN,2336.85
2021-10-12,WIPRO,305.1
2021-10-13,ADANIGREEN,1193.95
2021-10-13,AXISBANK,793.5
2021-10-13,TCS,3658.05
2021-10-14,ADANIGREEN,1204.4
2021-10-14,AXISBANK,801.0
2021-10-14,TCS,3614.55
2021-10-18,ADANIGREEN,1203.0
2021-10-18,AXISBANK,814.35
2021-10-18,TCS,3649.5
2021-10-19,ADANIGREEN,1183.2
2021-10-19,AXISBANK,800.0
2021-10-19,TCS,3634.45
2021-10-20,ADANIGREEN,1184.95
2021-10-20,AXISBANK,804.15
2021-10-20,TCS,3607.95
2021-10-21,ADANIGREEN,1202.5
2021-10-21,AXISBANK,812.2
2021-10-21,TCS,3532.95
2021-10-22,ADANIGREEN,1202.95
2021-10-22,AXISBANK,818.0
2021-10-22,TCS,3501.85
2021-10-25,ADANIGREEN,1203.8
2021-10-25,AXISBANK,845.0
2021-10-25,TCS,3491.0
2021-10-26,ADANIGREEN,1175.5
2021-10-26,AXISBANK,844.65
2021-10-26,TCS,3485.95
2021-10-27,ADANIGREEN,1202.0
2021-10-27,AXISBANK,787.35
2021-10-27,TCS,3488.45
2021-10-28,ADANIGREEN,1154.75
2021-10-28,AXISBANK,759.5
2021-10-28,TCS,3423.0
2021-10-29,ADANIGREEN,1155.0
2021-10-29,AXISBANK,745.5
2021-10-29,TCS,3404.0
2021-11-01,ADANIGREEN,1169.0
2021-11-01,AXISBANK,755.25
2021-11-01,BAJFINANCE,498.0
2021-11-01,JSWSTEEL,399.7
2021-11-01,KOTAKBANK,387.9
2021-11-01,NIFTY 50,14483.05
2021-11-01,NIFTY BANK,32016.05
2021-11-01,ONGC,92.5
2021-11-01,TATAPOWER,83.35
2021-11-01,TATASTEEL,64.4
2021-11-01,TCS,3478.0
2021-11-01,TITAN,1562.1
2021-11-01,WIPRO,213.85
2021-11-02,ADANIGREEN,1183.95
2021-11-02,AXISBANK,755.0
2021-11-02,BAJFINANCE,557.0
2021-11-02,JSWSTEEL,407.8
2021-11-02,KOTAKBANK,392.0
2021-11-02,NIFTY 50,15176.65
2021-11-02,NIFTY BANK,35789.05
2021-11-02,ONGC,89.85
2021-11-02,TATAPOWER,87.75
2021-11-02,TATASTEEL,64.25
2021-11-02,TCS,3484.0
2021-11-02,TITAN,1524.9
2021-11-02,WIPRO,210.35
2021-11-03,ADANIGREEN,1215.15
2021-11-03,AXISBANK,749.3
2021-11-03,TCS,3488.0
2021-11-04,ADANIGREEN,1202.0
2021-11-04,AXISBANK,753.7
2021-11-04,TCS,3508.65
2021-11-05,BAJFINANCE,542.0
2021-11-05,JSWSTEEL,733.4
2021-11-05,KOTAKBANK,351.1
2021-11-05,NIFTY 50,14845.5
2021-11-05,NIFTY BANK,32836.25
2021-11-05,ONGC,106.65
2021-11-05,TATAPOWER,109.0
2021-11-05,TATASTEEL,116.68
2021-11-05,TITAN,1436.4
2021-11-05,WIPRO,249.2
2021-11-06,BAJFINANCE,611.5
2021-11-06,JSWSTEEL,732.75
2021-11-06,KOTAKBANK,358.6
2021-11-06,NIFTY 50,15805.1
2021-11-06,NIFTY BANK,35055.4
2021-11-06,ONGC,111.7
2021-11-06,TATAPOWER,125.6
2021-11-06,TATASTEEL,110.23
2021-11-06,TITAN,1729.5
2021-11-06,WIPRO,265.25
2021-11-08,ADANIGREEN,1223.0
2021-11-08,AXISBANK,752.5
2021-11-08,BAJFINANCE,616.0
2021-11-08,JSWSTEEL,747.3
2021-11-08,KOTAKBANK,355.3
2021-11-08,NIFTY 50,16275.1
2021-11-08,NIFTY BANK,35780.35
2021-11-08,ONGC,105.9
2021-11-08,TATAPOWER,129.9
2021-11-08,TATASTEEL,136.08
2021-11-08,TCS,3506.0
2021-11-08,TITAN,1789.95
2021-11-08,WIPRO,287.6
2021-11-09,ADANIGREEN,1219.1
2021-11-09,AXISBANK,745.7
2021-11-09,TCS,3503.0
2021-11-10,ADANIGREEN,1222.0
2021-11-10,AXISBANK,749.95
2021-11-10,BAJFINANCE,783.0
2021-11-10,JSWSTEEL,673.45
2021-11-10,KOTAKBANK,395.5
2021-11-10,NIFTY 50,17953.7
2021-11-10,NIFTY BANK,38290.05
2021-11-10,ONGC,149.75
2021-11-10,TATAPOWER,191.7
2021-11-10,TATASTEEL,124.79
2021-11-10,TCS,3484.5
2021-11-10,TITAN,2369.95
2021-11-10,WIPRO,312.2
2021-11-11,ADANIGREEN,1231.0
2021-11-11,AXISBANK,737.5
2021-11-11,BAJFINANCE,744.5
2021-11-11,JSWSTEEL,666.55
2021-11-11,KOTAKBANK,411.1
2021-11-11,NIFTY 50,17885.65
2021-11-11,NIFTY BANK,38571.6
2021-11-11,ONGC,138.9
2021-11-11,TATAPOWER,239.9
2021-11-11,TATASTEEL,123.52
2021-11-11,TCS,3505.0
2021-11-11,TITAN,2526.6
2021-11-11,WIPRO,307.3
2021-11-12,ADANIGREEN,1292.3
2021-11-12,AXISBANK,735.0
2021-11-12,TCS,3524.0
2021-11-15,ADANIGREEN,1306.8
2021-11-15,AXISBANK,732.2
2021-11-15,TCS,3550.0
2021-11-16,ADANIGREEN,1304.0
2021-11-16,AXISBANK,723.45
2021-11-16,TCS,3552.0
2021-11-17,ADANIGREEN,1297.0
2021-11-17,AXISBANK,711.95
2021-11-17,TCS,3520.8
2021-11-18,ADANIGREEN,1344.0
2021-11-18,AXISBANK,705.5
2021-11-18,TCS,3471.95
2021-11-22,ADANIGREEN,1327.05
2021-11-22,AXISBANK,688.75
2021-11-22,TCS,3463.75
2021-11-23,ADANIGREEN,1407.95
2021-11-23,AXISBANK,684.05
2021-11-23,TCS,3472.0
2021-11-24,ADANIGREEN,1381.1
2021-11-24,AXISBANK,683.5
2021-11-24,TCS,3430.0
2021-11-25,ADANIGREEN,1404.55
2021-11-25,AXISBANK,679.8
2021-11-25,TCS,3450.0
2021-11-26,ADANIGREEN,1366.0
2021-11-26,AXISBANK,661.0
2021-11-26,TCS,3439.2
2021-11-29,ADANIGREEN,1345.0
2021-11-29,AXISBANK,649.8
2021-11-29,TCS,3504.0
2021-11-30,ADANIGREEN,1285.15
2021-11-30,AXISBANK,651.95
2021-11-30,TCS,3535.0
2021-12-01,ADANIGREEN,1322.1
2021-12-01,AXISBANK,680.0
2021-12-01,BAJFINANCE,504.0
2021-12-01,JSWSTEEL,398.6
2021-12-01,KOTAKBANK,381.2
2021-12-01,NIFTY 50,14574.75
2021-12-01,NIFTY BANK,32353.85
2021-12-01,ONGC,93.5
2021-12-01,TATAPOWER,86.1
2021-12-01,TATASTEEL,64.54
2021-12-01,TCS,3580.9
2021-12-01,TITAN,1530.0
2021-12-01,WIPRO,219.9
2021-12-02,ADANIGREEN,1349.45
2021-12-02,AXISBANK,676.45
2021-12-02,BAJFINANCE,557.5
2021-12-02,JSWSTEEL,403.05
2021-12-02,KOTAKBANK,390.1
2021-12-02,NIFTY 50,15164.7
2021-12-02,NIFTY BANK,36124.2
2021-12-02,ONGC,87.75
2021-12-02,TATAPOWER,87.3
2021-12-02,TATASTEEL,62.93
2021-12-02,TCS,3637.0
2021-12-02,TITAN,1495.0
2021-12-02,WIPRO,211.1
2021-12-03,ADANIGREEN,1389.9
2021-12-03,AXISBANK,672.75
2021-12-03,BAJFINANCE,554.0
2021-12-03,JSWSTEEL,417.75
2021-12-03,KOTAKBANK,386.2
2021-12-03,NIFTY 50,15023.95
2021-12-03,NIFTY BANK,35453.0
2021-12-03,ONGC,104.1
2021-12-03,TATAPOWER,113.1
2021-12-03,TATASTEEL,66.89
2021-12-03,TCS,3641.0
2021-12-03,TITAN,1483.0
2021-12-03,WIPRO,203.55
2021-12-04,BAJFINANCE,452.0
2021-12-04,JSWSTEEL,605.0
2021-12-04,KOTAKBANK,348.0
2021-12-04,NIFTY 50,14349.6
2021-12-04,NIFTY BANK,30904.95
2021-12-04,ONGC,88.85
2021-12-04,TATAPOWER,92.7
2021-12-04,TATASTEEL,80.13
2021-12-04,TITAN,1513.0
2021-12-04,WIPRO,207.5
2021-12-05,BAJFINANCE,536.0
2021-12-05,JSWSTEEL,708.95
2021-12-05,KOTAKBANK,343.8
2021-12-05,NIFTY 50,14698.75
2021-12-05,NIFTY BANK,32454.6
2021-12-05,ONGC,104.05
2021-12-05,TATAPOWER,107.6
2021-12-05,TATASTEEL,111.3
2021-12-05,TITAN,1459.0
2021-12-05,WIPRO,242.0
2021-12-06,ADANIGREEN,1386.05
2021-12-06,AXISBANK,663.0
2021-12-06,TCS,3533.8
2021-12-07,ADANIGREEN,1388.0
2021-12-07,AXISBANK,686.9
2021-12-07,BAJFINANCE,614.5
2021-12-07,JSWSTEEL,692.3
2021-12-07,KOTAKBANK,346.0
2021-12-07,NIFTY 50,15689.5
2021-12-07,NIFTY BANK,35192.5
2021-12-07,ONGC,107.05
2021-12-07,TATAPOWER,123.6
2021-12-07,TATASTEEL,116.19
2021-12-07,TCS,3590.0
2021-12-07,TITAN,1720.0
2021-12-07,WIPRO,251.85
2021-12-08,ADANIGREEN,1391.0
2021-12-08,AXISBANK,695.9
2021-12-08,BAJFINANCE,619.0
2021-12-08,JSWSTEEL,748.0
2021-12-08,KOTAKBANK,358.0
2021-12-08,NIFTY 50,16361.35
2021-12-08,NIFTY BANK,35991.75
2021-12-08,ONGC,105.2
2021-12-08,TATAPOWER,133.65
2021-12-08,TATASTEEL,136.57
2021-12-08,TCS,3624.0
2021-12-08,TITAN,1825.0
2021-12-08,WIPRO,289.45
2021-12-09,ADANIGREEN,1390.0
2021-12-09,AXISBANK,692.05
2021-12-09,TCS,3600.0
2021-12-10,ADANIGREEN,1386.0
2021-12-10,AXISBANK,687.5
2021-12-10,BAJFINANCE,786.5
2021-12-10,JSWSTEEL,673.55
2021-12-10,KOTAKBANK,399.0
2021-12-10,NIFTY 50,18005.35
2021-12-10,NIFTY BANK,38516.05
2021-12-10,ONGC,147.9
2021-12-10,TATAPOWER,196.0
2021-12-10,TATASTEEL,126.21
2021-12-10,TCS,3630.0
2021-12-10,TITAN,2506.0
2021-12-10,WIPRO,315.2
2021-12-11,BAJFINANCE,758.0
2021-12-11,JSWSTEEL,671.45
2021-12-11,KOTAKBANK,415.6
2021-12-11,NIFTY 50,18098.65
2021-12-11,NIFTY BANK,38751.85
2021-12-11,ONGC,139.9
2021-12-11,TATAPOWER,239.9
2021-12-11,TATASTEEL,122.2
2021-12-11,TITAN,2536.5
2021-12-11,WIPRO,315.9
2021-12-13,ADANIGREEN,1372.95
2021-12-13,AXISBANK,704.5
2021-12-13,TCS,3615.0
2021-12-14,ADANIGREEN,1440.0
2021-12-14,AXISBANK,713.9
2021-12-14,TCS,3619.95
2021-12-15,ADANIGREEN,1440.0
2021-12-15,AXISBANK,711.3
2021-12-15,TCS,3571.0
2021-12-16,ADANIGREEN,1398.8
2021-12-16,AXISBANK,709.55
2021-12-16,TCS,3585.0
2021-12-17,ADANIGREEN,1414.5
2021-12-17,AXISBANK,692.5
2021-12-17,TCS,3574.9
2021-12-20,ADANIGREEN,1372.0
2021-12-20,AXISBANK,673.2
2021-12-20,TCS,3559.3
2021-12-21,ADANIGREEN,1389.65
2021-12-21,AXISBANK,667.0
2021-12-21,TCS,3611.0
2021-12-22,ADANIGREEN,1410.0
2021-12-22,AXISBANK,671.8
2021-12-22,TCS,3630.0
2021-12-23,ADANIGREEN,1430.0
2021-12-23,AXISBANK,677.0
2021-12-23,TCS,3660.65
2021-12-24,ADANIGREEN,1382.1
2021-12-24,AXISBANK,668.0
2021-12-24,TCS,3671.0
2021-12-27,ADANIGREEN,1377.7
2021-12-27,AXISBANK,673.2
2021-12-27,TCS,3696.0
2021-12-28,ADANIGREEN,1397.95
2021-12-28,AXISBANK,675.5
2021-12-28,TCS,3706.95
2021-12-29,ADANIGREEN,1393.95
2021-12-29,AXISBANK,668.4
2021-12-29,TCS,3688.05
2021-12-30,ADANIGREEN,1310.0
2021-12-30,AXISBANK,671.3
2021-12-30,TCS,3737.0
2021-12-31,ADANIGREEN,1330.0
2021-12-31,AXISBANK,679.85
2021-12-31,TCS,3740.0
2022-01-02,BAJFINANCE,708.0
2022-01-02,JSWSTEEL,654.5
2022-01-02,KOTAKBANK,377.6
2022-01-02,NIFTY 50,17604.65
2022-01-02,NIFTY BANK,38569.4
2022-01-02,ONGC,153.95
2022-01-02,TATAPOWER,249.8
2022-01-02,TATASTEEL,110.62
2022-01-02,TITAN,2436.05
2022-01-02,WIPRO,275.95
2022-01-03,ADANIGREEN,1345.6
2022-01-03,AXISBANK,697.95
2022-01-03,TCS,3815.0
2022-01-04,ADANIGREEN,1370.0
2022-01-04,AXISBANK,709.5
2022-01-04,BAJFINANCE,743.0
2022-01-04,JSWSTEEL,732.45
2022-01-04,KOTAKBANK,356.0
2022-01-04,NIFTY 50,17688.35
2022-01-04,NIFTY BANK,37158.9
2022-01-04,ONGC,151.8
2022-01-04,TATAPOWER,245.8
2022-01-04,TATASTEEL,125.18
2022-01-04,TCS,3878.7
2022-01-04,TITAN,2526.0
2022-01-04,WIPRO,288.05
2022-01-05,ADANIGREEN,1404.0
2022-01-05,AXISBANK,726.0
2022-01-05,TCS,3856.0
2022-01-06,ADANIGREEN,1415.05
2022-01-06,AXISBANK,729.0
2022-01-06,BAJFINANCE,601.5
2022-01-06,JSWSTEEL,571.25
2022-01-06,KOTAKBANK,374.2
2022-01-06,NIFTY 50,16540.8
2022-01-06,NIFTY BANK,35679.7
2022-01-06,ONGC,135.6
2022-01-06,TATAPOWER,233.5
2022-01-06,TATASTEEL,100.16
2022-01-06,TCS,3809.95
2022-01-06,TITAN,2195.0
2022-01-06,WIPRO,225.45
2022-01-07,ADANIGREEN,1425.2
2022-01-07,AXISBANK,730.85
2022-01-07,BAJFINANCE,562.0
2022-01-07,JSWSTEEL,577.5
2022-01-07,KOTAKBANK,335.3
2022-01-07,NIFTY 50,15764.0
2022-01-07,NIFTY BANK,33605.35
2022-01-07,ONGC,118.75
2022-01-07,TATAPOWER,207.2
2022-01-07,TATASTEEL,81.65
2022-01-07,TCS,3858.9
2022-01-07,TITAN,1943.55
2022-01-07,WIPRO,201.7
2022-01-08,BAJFINANCE,726.0
2022-01-08,JSWSTEEL,640.2
2022-01-08,KOTAKBANK,371.2
2022-01-08,NIFTY 50,17332.3
2022-01-08,NIFTY BANK,37867.15
2022-01-08,ONGC,124.9
2022-01-08,TATAPOWER,230.8
2022-01-08,TATASTEEL,102.31
2022-01-08,TITAN,2375.6
2022-01-08,WIPRO,205.75
2022-01-09,BAJFINANCE,719.0
2022-01-09,JSWSTEEL,661.95
2022-01-09,KOTAKBANK,381.8
2022-01-09,NIFTY 50,17563.25
2022-01-09,NIFTY BANK,39345.8
2022-01-09,ONGC,121.95
2022-01-09,TATAPOWER,237.1
2022-01-09,TATASTEEL,100.65
2022-01-09,TITAN,2625.0
2022-01-09,WIPRO,196.35
2022-01-10,ADANIGREEN,1438.25
2022-01-10,AXISBANK,742.35
2022-01-10,TCS,3884.0
2022-01-11,ADANIGREEN,1582.75
2022-01-11,AXISBANK,743.0
2022-01-11,BAJFINANCE,720.5
2022-01-11,JSWSTEEL,684.5
2022-01-11,KOTAKBANK,382.1
2022-01-11,NIFTY 50,18142.75
2022-01-11,NIFTY BANK,41268.6
2022-01-11,ONGC,122.05
2022-01-11,TATAPOWER,230.6
2022-01-11,TATASTEEL,95.38
2022-01-11,TCS,3916.9
2022-01-11,TITAN,2755.0
2022-01-11,WIPRO,187.7
2022-01-12,ADANIGREEN,1639.0
2022-01-12,AXISBANK,745.5
2022-01-12,BAJFINANCE,675.0
2022-01-12,JSWSTEEL,746.0
2022-01-12,KOTAKBANK,386.8
2022-01-12,NIFTY 50,18800.95
2022-01-12,NIFTY BANK,43219.75
2022-01-12,ONGC,126.55
2022-01-12,TATAPOWER,224.7
2022-01-12,TATASTEEL,104.56
2022-01-12,TCS,3856.75
2022-01-12,TITAN,2636.95
2022-01-12,WIPRO,197.75
2022-01-13,ADANIGREEN,1647.0
2022-01-13,AXISBANK,740.45
2022-01-13,TCS,3898.0
2022-01-14,ADANIGREEN,1690.0
2022-01-14,AXISBANK,721.25
2022-01-14,TCS,3965.9
2022-01-17,ADANIGREEN,1827.0
2022-01-17,AXISBANK,712.6
2022-01-17,TCS,4024.0
2022-01-18,ADANIGREEN,1916.9
2022-01-18,AXISBANK,725.35
2022-01-18,TCS,3993.95
2022-01-19,ADANIGREEN,1944.0
2022-01-19,AXISBANK,731.15
2022-01-19,TCS,3919.5
2022-01-20,ADANIGREEN,1969.0
2022-01-20,AXISBANK,729.05
2022-01-20,TCS,3833.15
2022-01-21,ADANIGREEN,1949.05
2022-01-21,AXISBANK,714.9
2022-01-21,TCS,3842.0
2022-01-24,ADANIGREEN,1837.85
2022-01-24,AXISBANK,703.8
2022-01-24,TCS,3769.95
2022-01-25,ADANIGREEN,1929.7
2022-01-25,AXISBANK,750.6
2022-01-25,TCS,3764.1
2022-01-27,ADANIGREEN,1903.0
2022-01-27,AXISBANK,776.9
2022-01-27,TCS,3652.4
2022-01-28,ADANIGREEN,1936.0
2022-01-28,AXISBANK,764.0
2022-01-28,TCS,3698.0
2022-01-31,ADANIGREEN,1871.0
2022-01-31,AXISBANK,771.05
2022-01-31,TCS,3744.95
2022-02-01,ADANIGREEN,1909.65
2022-02-01,AXISBANK,783.0
2022-02-01,TCS,3805.0
2022-02-02,ADANIGREEN,1917.0
2022-02-02,AXISBANK,802.2
2022-02-02,BAJFINANCE,725.0
2022-02-02,JSWSTEEL,658.8
2022-02-02,KOTAKBANK,388.8
2022-02-02,NIFTY 50,17791.6
2022-02-02,NIFTY BANK,39338.2
2022-02-02,ONGC,154.55
2022-02-02,TATAPOWER,250.5
2022-02-02,TATASTEEL,110.62
2022-02-02,TCS,3863.9
2022-02-02,TITAN,2468.0
2022-02-02,WIPRO,281.6
2022-02-03,ADANIGREEN,1912.1
2022-02-03,AXISBANK,795.0
2022-02-03,BAJFINANCE,683.0
2022-02-03,JSWSTEEL,641.15
2022-02-03,KOTAKBANK,361.8
2022-02-03,NIFTY 50,16625.85
2022-02-03,NIFTY BANK,35475.8
2022-02-03,ONGC,147.3
2022-02-03,TATAPOWER,225.65
2022-02-03,TATASTEEL,122.54
2022-02-03,TCS,3819.0
2022-02-03,TITAN,2590.0
2022-02-03,WIPRO,266.25
2022-02-04,ADANIGREEN,1950.95
2022-02-04,AXISBANK,796.9
2022-02-04,TCS,3817.0
2022-02-05,BAJFINANCE,662.0
2022-02-05,JSWSTEEL,731.0
2022-02-05,KOTAKBANK,354.3
2022-02-05,NIFTY 50,17064.7
2022-02-05,NIFTY BANK,36138.45
2022-02-05,ONGC,142.0
2022-02-05,TATAPOWER,248.6
2022-02-05,TATASTEEL,123.23
2022-02-05,TITAN,2386.0
2022-02-05,WIPRO,236.9
2022-02-06,BAJFINANCE,608.0
2022-02-06,JSWSTEEL,573.0
2022-02-06,KOTAKBANK,371.0
2022-02-06,NIFTY 50,16637.4
2022-02-06,NIFTY BANK,35608.25
2022-02-06,ONGC,137.75
2022-02-06,TATAPOWER,234.0
2022-02-06,TATASTEEL,102.12
2022-02-06,TITAN,2225.0
2022-02-06,WIPRO,226.8
2022-02-07,ADANIGREEN,2019.0
2022-02-07,AXISBANK,790.0
2022-02-07,TCS,3781.8
2022-02-08,ADANIGREEN,1914.0
2022-02-08,AXISBANK,796.7
2022-02-08,BAJFINANCE,733.0
2022-02-08,JSWSTEEL,648.0
2022-02-08,KOTAKBANK,375.6
2022-02-08,NIFTY 50,17294.85
2022-02-08,NIFTY BANK,37876.3
2022-02-08,ONGC,123.2
2022-02-08,TATAPOWER,232.0
2022-02-08,TATASTEEL,100.99
2022-02-08,TCS,3738.0
2022-02-08,TITAN,2381.0
2022-02-08,WIPRO,204.75
2022-02-09,ADANIGREEN,1918.0
2022-02-09,AXISBANK,803.65
2022-02-09,BAJFINANCE,719.0
2022-02-09,JSWSTEEL,661.0
2022-02-09,KOTAKBANK,384.0
2022-02-09,NIFTY 50,17527.85
2022-02-09,NIFTY BANK,39375.0
2022-02-09,ONGC,119.85
2022-02-09,TATAPOWER,234.75
2022-02-09,TATASTEEL,99.68
2022-02-09,TCS,3761.4
2022-02-09,TITAN,2615.0
2022-02-09,WIPRO,194.8
2022-02-10,ADANIGREEN,1894.8
2022-02-10,AXISBANK,807.95
2022-02-10,TCS,3764.8
2022-02-11,ADANIGREEN,1906.7
2022-02-11,AXISBANK,802.0
2022-02-11,BAJFINANCE,715.0
2022-02-11,JSWSTEEL,682.5
2022-02-11,KOTAKBANK,381.6
2022-02-11,NIFTY 50,18072.1
2022-02-11,NIFTY BANK,41107.75
2022-02-11,ONGC,123.4
2022-02-11,TATAPOWER,229.0
2022-02-11,TATASTEEL,95.28
2022-02-11,TCS,3693.0
2022-02-11,TITAN,2734.0
2022-02-11,WIPRO,188.2
2022-02-12,BAJFINANCE,667.0
2022-02-12,JSWSTEEL,745.0
2022-02-12,KOTAKBANK,386.6
2022-02-12,NIFTY 50,18705.2
2022-02-12,NIFTY BANK,43098.6
2022-02-12,ONGC,127.2
2022-02-12,TATAPOWER,225.1
2022-02-12,TATASTEEL,105.78
2022-02-12,TITAN,2618.0
2022-02-12,WIPRO,196.9
2022-02-14,ADANIGREEN,1852.5
2022-02-14,AXISBANK,772.0
2022-02-14,TCS,3729.05
2022-02-15,ADANIGREEN,1887.0
2022-02-15,AXISBANK,795.9
2022-02-15,TCS,3834.55
2022-02-16,ADANIGREEN,1914.0
2022-02-16,AXISBANK,794.15
2022-02-16,TCS,3810.0
2022-02-17,ADANIGREEN,2048.05
2022-02-17,AXISBANK,781.0
2022-02-17,TCS,3783.85
2022-02-18,ADANIGREEN,2050.0
2022-02-18,AXISBANK,787.1
2022-02-18,TCS,3799.15
2022-02-21,ADANIGREEN,1948.7
2022-02-21,AXISBANK,790.2
2022-02-21,TCS,3718.95
2022-02-22,ADANIGREEN,1970.0
2022-02-22,AXISBANK,779.05
2022-02-22,TCS,3591.0
2022-02-23,ADANIGREEN,1994.0
2022-02-23,AXISBANK,777.2
2022-02-23,TCS,3571.9
2022-02-24,ADANIGREEN,1815.0
2022-02-24,AXISBANK,727.5
2022-02-24,TCS,3400.5
2022-02-25,ADANIGREEN,1922.0
2022-02-25,AXISBANK,760.2
2022-02-25,TCS,3523.0
2022-02-28,ADANIGREEN,1842.0
2022-02-28,AXISBANK,741.8
2022-02-28,TCS,3551.0
2022-03-01,BAJFINANCE,722.5
2022-03-01,JSWSTEEL,670.95
2022-03-01,KOTAKBANK,364.8
2022-03-01,NIFTY 50,17635.35
2022-03-01,NIFTY BANK,36467.65
2022-03-01,ONGC,129.25
2022-03-01,TATAPOWER,223.8
2022-03-01,TATASTEEL,108.96
2022-03-01,TITAN,2529.75
2022-03-01,WIPRO,343.65
2022-03-02,ADANIGREEN,1879.9
2022-03-02,AXISBANK,753.25
2022-03-02,BAJFINANCE,710.5
2022-03-02,JSWSTEEL,650.0
2022-03-02,KOTAKBANK,379.8
2022-03-02,NIFTY 50,17520.25
2022-03-02,NIFTY BANK,38880.6
2022-03-02,ONGC,150.2
2022-03-02,TATAPOWER,251.8
2022-03-02,TATASTEEL,110.13
2022-03-02,TCS,3549.0
2022-03-02,TITAN,2464.0
2022-03-02,WIPRO,276.1
2022-03-03,ADANIGREEN,1951.0
2022-03-03,AXISBANK,736.0
2022-03-03,BAJFINANCE,674.0
2022-03-03,JSWSTEEL,654.6
2022-03-03,KOTAKBANK,358.4
2022-03-03,NIFTY 50,16508.75
2022-03-03,NIFTY BANK,34959.45
2022-03-03,ONGC,153.95
2022-03-03,TATAPOWER,226.9
2022-03-03,TATASTEEL,123.81
2022-03-03,TCS,3544.95
2022-03-03,TITAN,2571.7
2022-03-03,WIPRO,272.6
2022-03-04,ADANIGREEN,1891.95
2022-03-04,AXISBANK,713.75
2022-03-04,TCS,3518.0
2022-03-06,BAJFINANCE,602.0
2022-03-06,JSWSTEEL,562.9
2022-03-06,KOTAKBANK,371.2
2022-03-06,NIFTY 50,16583.6
2022-03-06,NIFTY BANK,35277.4
2022-03-06,ONGC,136.85
2022-03-06,TATAPOWER,231.1
2022-03-06,TATASTEEL,100.7
2022-03-06,TITAN,2212.0
2022-03-06,WIPRO,227.55
2022-03-07,ADANIGREEN,1812.0
2022-03-07,AXISBANK,669.05
2022-03-07,TCS,3481.1
2022-03-08,ADANIGREEN,1791.0
2022-03-08,AXISBANK,670.5
2022-03-08,BAJFINANCE,730.0
2022-03-08,JSWSTEEL,652.9
2022-03-08,KOTAKBANK,370.0
2022-03-08,NIFTY 50,17392.9
2022-03-08,NIFTY BANK,37999.7
2022-03-08,ONGC,122.35
2022-03-08,TATAPOWER,232.15
2022-03-08,TATASTEEL,101.14
2022-03-08,TCS,3594.0
2022-03-08,TITAN,2418.75
2022-03-08,WIPRO,206.95
2022-03-09,ADANIGREEN,1828.8
2022-03-09,AXISBANK,677.0
2022-03-09,TCS,3638.0
2022-03-10,ADANIGREEN,1891.5
2022-03-10,AXISBANK,694.95
2022-03-10,BAJFINANCE,716.0
2022-03-10,JSWSTEEL,623.5
2022-03-10,KOTAKBANK,355.8
2022-03-10,NIFTY 50,16876.0
2022-03-10,NIFTY BANK,37974.9
2022-03-10,ONGC,119.85
2022-03-10,TATAPOWER,213.9
2022-03-10,TATASTEEL,92.54
2022-03-10,TCS,3621.05
2022-03-10,TITAN,2577.3
2022-03-10,WIPRO,188.4
2022-03-11,ADANIGREEN,1854.0
2022-03-11,AXISBANK,691.0
2022-03-11,BAJFINANCE,712.0
2022-03-11,JSWSTEEL,680.6
2022-03-11,KOTAKBANK,380.3
2022-03-11,NIFTY 50,18048.05
2022-03-11,NIFTY BANK,41304.65
2022-03-11,ONGC,123.0
2022-03-11,TATAPOWER,227.5
2022-03-11,TATASTEEL,96.11
2022-03-11,TCS,3603.0
2022-03-11,TITAN,2766.6
2022-03-11,WIPRO,185.9
2022-03-14,ADANIGREEN,1830.0
2022-03-14,AXISBANK,711.45
2022-03-14,TCS,3645.0
2022-03-15,ADANIGREEN,1804.95
2022-03-15,AXISBANK,695.5
2022-03-15,TCS,3598.0
2022-03-16,ADANIGREEN,1840.0
2022-03-16,AXISBANK,722.95
2022-03-16,TCS,3662.9
2022-03-17,ADANIGREEN,1935.0
2022-03-17,AXISBANK,737.5
2022-03-17,TCS,3676.0
2022-03-21,ADANIGREEN,1869.1
2022-03-21,AXISBANK,726.1
2022-03-21,TCS,3620.0
2022-03-22,ADANIGREEN,1875.0
2022-03-22,AXISBANK,735.5
2022-03-22,TCS,3705.0
2022-03-23,ADANIGREEN,1918.1
2022-03-23,AXISBANK,725.15
2022-03-23,TCS,3711.0
2022-03-24,ADANIGREEN,1913.9
2022-03-24,AXISBANK,721.85
2022-03-24,TCS,3741.0
2022-03-25,ADANIGREEN,1928.1
2022-03-25,AXISBANK,724.55
2022-03-25,TCS,3710.0
2022-03-28,ADANIGREEN,1935.2
2022-03-28,AXISBANK,736.5
2022-03-28,TCS,3700.0
2022-03-29,ADANIGREEN,1926.0
2022-03-29,AXISBANK,738.8
2022-03-29,TCS,3702.75
2022-03-30,ADANIGREEN,1829.0
2022-03-30,AXISBANK,754.5
2022-03-30,TCS,3730.0
2022-03-31,ADANIGREEN,1927.0
2022-03-31,AXISBANK,761.15
2022-03-31,TCS,3742.85
2022-04-01,ADANIGREEN,1957.0
2022-04-01,AXISBANK,773.5
2022-04-01,BAJFINANCE,736.0
2022-04-01,JSWSTEEL,670.1
2022-04-01,KOTAKBANK,370.5
2022-04-01,NIFTY 50,17807.35
2022-04-01,NIFTY BANK,36856.75
2022-04-01,ONGC,134.05
2022-04-01,TATAPOWER,226.55
2022-04-01,TATASTEEL,108.76
2022-04-01,TCS,3758.0
2022-04-01,TITAN,2582.0
2022-04-01,WIPRO,345.05
2022-04-02,BAJFINANCE,715.0
2022-04-02,JSWSTEEL,657.0
2022-04-02,KOTAKBANK,376.8
2022-04-02,NIFTY 50,17503.0
2022-04-02,NIFTY BANK,38735.55
2022-04-02,ONGC,153.3
2022-04-02,TATAPOWER,254.35
2022-04-02,TATASTEEL,111.26
2022-04-02,TITAN,2465.1
2022-04-02,WIPRO,273.75
2022-04-03,BAJFINANCE,654.0
2022-04-03,JSWSTEEL,632.15
2022-04-03,KOTAKBANK,350.0
2022-04-03,NIFTY 50,16243.55
2022-04-03,NIFTY BANK,34376.35
2022-04-03,ONGC,149.85
2022-04-03,TATAPOWER,221.5
2022-04-03,TATASTEEL,121.27
2022-04-03,TITAN,2441.0
2022-04-03,WIPRO,274.1
2022-04-04,ADANIGREEN,2136.65
2022-04-04,AXISBANK,784.0
2022-04-04,BAJFINANCE,747.5
2022-04-04,JSWSTEEL,732.25
2022-04-04,KOTAKBANK,366.9
2022-04-04,NIFTY 50,18036.05
2022-04-04,NIFTY BANK,38600.85
2022-04-04,ONGC,151.85
2022-04-04,TATAPOWER,251.9
2022-04-04,TATASTEEL,127.53
2022-04-04,TCS,3772.0
2022-04-04,TITAN,2514.95
2022-04-04,WIPRO,289.65
2022-04-05,ADANIGREEN,2187.6
2022-04-05,AXISBANK,781.0
2022-04-05,BAJFINANCE,635.0
2022-04-05,JSWSTEEL,711.6
2022-04-05,KOTAKBANK,355.2
2022-04-05,NIFTY 50,16694.7
2022-04-05,NIFTY BANK,35317.55
2022-04-05,ONGC,146.7
2022-04-05,TATAPOWER,246.0
2022-04-05,TATASTEEL,120.2
2022-04-05,TCS,3812.5
2022-04-05,TITAN,2280.0
2022-04-05,WIPRO,235.25
2022-04-06,ADANIGREEN,2192.9
2022-04-06,AXISBANK,773.75
2022-04-06,TCS,3752.0
2022-04-07,ADANIGREEN,2170.0
2022-04-07,AXISBANK,791.9
2022-04-07,BAJFINANCE,563.0
2022-04-07,JSWSTEEL,551.25
2022-04-07,KOTAKBANK,334.5
2022-04-07,NIFTY 50,15829.15
2022-04-07,NIFTY BANK,33964.75
2022-04-07,ONGC,114.0
2022-04-07,TATAPOWER,212.75
2022-04-07,TATASTEEL,80.03
2022-04-07,TCS,3682.95
2022-04-07,TITAN,1961.0
2022-04-07,WIPRO,200.7
2022-04-08,ADANIGREEN,2340.0
2022-04-08,AXISBANK,796.1
2022-04-08,BAJFINANCE,730.0
2022-04-08,JSWSTEEL,664.0
2022-04-08,KOTAKBANK,366.4
2022-04-08,NIFTY 50,17364.0
2022-04-08,NIFTY BANK,37687.95
2022-04-08,ONGC,123.1
2022-04-08,TATAPOWER,227.4
2022-04-08,TATASTEEL,101.58
2022-04-08,TCS,3690.05
2022-04-08,TITAN,2419.5
2022-04-08,WIPRO,207.9
2022-04-10,BAJFINANCE,748.0
2022-04-10,JSWSTEEL,644.7
2022-04-10,KOTAKBANK,365.1
2022-04-10,NIFTY 50,17277.45
2022-04-10,NIFTY BANK,39121.85
2022-04-10,ONGC,121.1
2022-04-10,TATAPOWER,219.5
2022-04-10,TATASTEEL,95.57
2022-04-10,TITAN,2579.0
2022-04-10,WIPRO,193.85
2022-04-11,ADANIGREEN,2786.2
2022-04-11,AXISBANK,788.65
2022-04-11,BAJFINANCE,721.0
2022-04-11,JSWSTEEL,702.6
2022-04-11,KOTAKBANK,380.1
2022-04-11,NIFTY 50,18127.9
2022-04-11,NIFTY BANK,41297.15
2022-04-11,ONGC,124.65
2022-04-11,TATAPOWER,228.4
2022-04-11,TATASTEEL,99.04
2022-04-11,TCS,3698.0
2022-04-11,TITAN,2770.0
2022-04-11,WIPRO,187.05
2022-04-12,ADANIGREEN,2800.0
2022-04-12,AXISBANK,798.5
2022-04-12,TCS,3686.7
2022-04-13,ADANIGREEN,2869.95
2022-04-13,AXISBANK,792.0
2022-04-13,TCS,3664.0
2022-04-18,ADANIGREEN,2972.6
2022-04-18,AXISBANK,798.55
2022-04-18,TCS,3530.7
2022-04-19,ADANIGREEN,2890.0
2022-04-19,AXISBANK,789.55
2022-04-19,TCS,3460.0
2022-04-20,ADANIGREEN,2838.0
2022-04-20,AXISBANK,796.2
2022-04-20,TCS,3558.0
2022-04-21,ADANIGREEN,2822.15
2022-04-21,AXISBANK,803.0
2022-04-21,TCS,3621.0
2022-04-22,ADANIGREEN,2859.0
2022-04-22,AXISBANK,779.5
2022-04-22,TCS,3613.0
2022-04-25,ADANIGREEN,2823.0
2022-04-25,AXISBANK,783.55
2022-04-25,TCS,3546.7
2022-04-26,ADANIGREEN,2964.0
2022-04-26,AXISBANK,776.7
2022-04-26,TCS,3544.0
2022-04-27,ADANIGREEN,2835.3
2022-04-27,AXISBANK,770.4
2022-04-27,TCS,3560.0
2022-04-28,ADANIGREEN,2916.0
2022-04-28,AXISBANK,776.5
2022-04-28,TCS,3580.0
2022-04-29,ADANIGREEN,2878.0
2022-04-29,AXISBANK,730.0
2022-04-29,TCS,3548.0
2022-05-01,BAJFINANCE,766.5
2022-05-01,JSWSTEEL,693.0
2022-05-01,KOTAKBANK,383.3
2022-05-01,NIFTY 50,17907.7
2022-05-01,NIFTY BANK,37644.9
2022-05-01,ONGC,135.55
2022-05-01,TATAPOWER,223.3
2022-05-01,TATASTEEL,111.4
2022-05-01,TITAN,2574.0
2022-05-01,WIPRO,341.05
2022-05-02,ADANIGREEN,2833.0
2022-05-02,AXISBANK,728.05
2022-05-02,TCS,3538.7
2022-05-04,ADANIGREEN,2661.5
2022-05-04,AXISBANK,708.0
2022-05-04,BAJFINANCE,738.0
2022-05-04,JSWSTEEL,733.65
2022-05-04,KOTAKBANK,359.4
2022-05-04,NIFTY 50,17930.75
2022-05-04,NIFTY BANK,37968.0
2022-05-04,ONGC,154.8
2022-05-04,TATAPOWER,273.95
2022-05-04,TATASTEEL,127.82
2022-05-04,TCS,3483.0
2022-05-04,TITAN,2548.0
2022-05-04,WIPRO,286.25
2022-05-05,ADANIGREEN,2870.0
2022-05-05,AXISBANK,700.65
2022-05-05,BAJFINANCE,630.0
2022-05-05,JSWSTEEL,705.75
2022-05-05,KOTAKBANK,358.4
2022-05-05,NIFTY 50,16669.2
2022-05-05,NIFTY BANK,35160.1
2022-05-05,ONGC,148.95
2022-05-05,TATAPOWER,247.45
2022-05-05,TATASTEEL,122.35
2022-05-05,TCS,3508.75
2022-05-05,TITAN,2260.0
2022-05-05,WIPRO,239.35
2022-05-06,ADANIGREEN,2857.1
2022-05-06,AXISBANK,673.95
2022-05-06,TCS,3441.0
2022-05-07,BAJFINANCE,565.5
2022-05-07,JSWSTEEL,553.35
2022-05-07,KOTAKBANK,332.4
2022-05-07,NIFTY 50,15799.95
2022-05-07,NIFTY BANK,33769.4
2022-05-07,ONGC,115.15
2022-05-07,TATAPOWER,212.5
2022-05-07,TATASTEEL,80.52
2022-05-07,TITAN,1958.0
2022-05-07,WIPRO,197.85
2022-05-08,BAJFINANCE,730.0
2022-05-08,JSWSTEEL,669.85
2022-05-08,KOTAKBANK,366.0
2022-05-08,NIFTY 50,17389.05
2022-05-08,NIFTY BANK,37907.25
2022-05-08,ONGC,123.2
2022-05-08,TATAPOWER,231.2
2022-05-08,TATASTEEL,101.39
2022-05-08,TITAN,2428.0
2022-05-08,WIPRO,210.25
2022-05-09,ADANIGREEN,2690.0
2022-05-09,AXISBANK,664.25
2022-05-09,BAJFINANCE,719.0
2022-05-09,JSWSTEEL,682.0
2022-05-09,KOTAKBANK,387.0
2022-05-09,NIFTY 50,17653.9
2022-05-09,NIFTY BANK,39754.45
2022-05-09,ONGC,120.65
2022-05-09,TATAPOWER,236.75
2022-05-09,TATASTEEL,100.95
2022-05-09,TCS,3445.05
2022-05-09,TITAN,2620.0
2022-05-09,WIPRO,193.95
2022-05-10,ADANIGREEN,2495.0
2022-05-10,AXISBANK,659.0
2022-05-10,TCS,3439.5
2022-05-11,ADANIGREEN,2680.5
2022-05-11,AXISBANK,675.85
2022-05-11,TCS,3422.25
2022-05-12,ADANIGREEN,2432.95
2022-05-12,AXISBANK,648.15
2022-05-12,BAJFINANCE,666.0
2022-05-12,JSWSTEEL,754.1
2022-05-12,KOTAKBANK,386.8
2022-05-12,NIFTY 50,18694.05
2022-05-12,NIFTY BANK,43321.3
2022-05-12,ONGC,129.9
2022-05-12,TATAPOWER,225.0
2022-05-12,TATASTEEL,109.3
2022-05-12,TCS,3414.25
2022-05-12,TITAN,2614.8
2022-05-12,WIPRO,197.4
2022-05-13,ADANIGREEN,2181.0
2022-05-13,AXISBANK,635.95
2022-05-13,TCS,3409.0
2022-05-16,ADANIGREEN,2300.0
2022-05-16,AXISBANK,639.2
2022-05-16,TCS,3385.0
2022-05-17,ADANIGREEN,2297.0
2022-05-17,AXISBANK,654.75
2022-05-17,TCS,3466.75
2022-05-18,ADANIGREEN,2406.1
2022-05-18,AXISBANK,659.95
2022-05-18,TCS,3455.0
2022-05-19,ADANIGREEN,2325.0
2022-05-19,AXISBANK,649.75
2022-05-19,TCS,3271.0
2022-05-20,ADANIGREEN,2279.0
2022-05-20,AXISBANK,674.0
2022-05-20,TCS,3299.0
2022-05-23,ADANIGREEN,2250.0
2022-05-23,AXISBANK,671.8
2022-05-23,TCS,3317.1
2022-05-24,ADANIGREEN,2140.0
2022-05-24,AXISBANK,664.0
2022-05-24,TCS,3290.55
2022-05-25,ADANIGREEN,2187.0
2022-05-25,AXISBANK,665.0
2022-05-25,TCS,3165.25
2022-05-26,ADANIGREEN,2198.0
2022-05-26,AXISBANK,684.25
2022-05-26,TCS,3229.95
2022-05-27,ADANIGREEN,2160.0
2022-05-27,AXISBANK,687.95
2022-05-27,TCS,3266.7
2022-05-30,ADANIGREEN,2144.0
2022-05-30,AXISBANK,693.35
2022-05-30,TCS,3380.0
2022-05-31,ADANIGREEN,1849.95
2022-05-31,AXISBANK,684.1
2022-05-31,TCS,3365.0
2022-06-01,ADANIGREEN,1846.0
2022-06-01,AXISBANK,688.0
2022-06-01,BAJFINANCE,773.0
2022-06-01,JSWSTEEL,673.75
2022-06-01,KOTAKBANK,377.4
2022-06-01,NIFTY 50,17746.0
2022-06-01,NIFTY BANK,37470.45
2022-06-01,ONGC,136.05
2022-06-01,TATAPOWER,229.05
2022-06-01,TATASTEEL,109.94
2022-06-01,TCS,3359.15
2022-06-01,TITAN,2595.95
2022-06-01,WIPRO,337.8
2022-06-02,ADANIGREEN,1927.0
2022-06-02,AXISBANK,691.25
2022-06-02,TCS,3425.0
2022-06-03,ADANIGREEN,1846.0
2022-06-03,AXISBANK,679.65
2022-06-03,TCS,3439.5
2022-06-04,BAJFINANCE,734.0
2022-06-04,JSWSTEEL,737.95
2022-06-04,KOTAKBANK,356.0
2022-06-04,NIFTY 50,17799.3
2022-06-04,NIFTY BANK,37591.55
2022-06-04,ONGC,156.15
2022-06-04,TATAPOWER,288.95
2022-06-04,TATASTEEL,130.36
2022-06-04,TITAN,2529.95
2022-06-04,WIPRO,283.6
2022-06-05,BAJFINANCE,600.0
2022-06-05,JSWSTEEL,692.55
2022-06-05,KOTAKBANK,355.6
2022-06-05,NIFTY 50,16438.25
2022-06-05,NIFTY BANK,34681.5
2022-06-05,ONGC,150.65
2022-06-05,TATAPOWER,246.95
2022-06-05,TATASTEEL,122.15
2022-06-05,TITAN,2215.15
2022-06-05,WIPRO,232.4
2022-06-06,ADANIGREEN,1812.2
2022-06-06,AXISBANK,672.35
2022-06-06,BAJFINANCE,602.0
2022-06-06,JSWSTEEL,577.6
2022-06-06,KOTAKBANK,374.4
2022-06-06,NIFTY 50,16563.65
2022-06-06,NIFTY BANK,35314.05
2022-06-06,ONGC,139.1
2022-06-06,TATAPOWER,232.1
2022-06-06,TATASTEEL,101.87
2022-06-06,TCS,3432.95
2022-06-06,TITAN,2198.0
2022-06-06,WIPRO,226.45
2022-06-07,ADANIGREEN,1835.2
2022-06-07,AXISBANK,665.6
2022-06-07,BAJFINANCE,593.0
2022-06-07,JSWSTEEL,556.1
2022-06-07,KOTAKBANK,341.8
2022-06-07,NIFTY 50,16007.85
2022-06-07,NIFTY BANK,34355.55
2022-06-07,ONGC,109.7
2022-06-07,TATAPOWER,214.15
2022-06-07,TATASTEEL,80.42
2022-06-07,TCS,3360.0
2022-06-07,TITAN,2020.0
2022-06-07,WIPRO,199.1
2022-06-08,ADANIGREEN,1810.05
2022-06-08,AXISBANK,658.55
2022-06-08,TCS,3390.4
2022-06-09,ADANIGREEN,1810.05
2022-06-09,AXISBANK,661.85
2022-06-09,BAJFINANCE,712.0
2022-06-09,JSWSTEEL,685.6
2022-06-09,KOTAKBANK,383.6
2022-06-09,NIFTY 50,17651.6
2022-06-09,NIFTY BANK,39673.3
2022-06-09,ONGC,119.45
2022-06-09,TATAPOWER,247.5
2022-06-09,TATASTEEL,102.56
2022-06-09,TCS,3434.9
2022-06-09,TITAN,2623.95
2022-06-09,WIPRO,193.6
2022-06-10,ADANIGREEN,1782.0
2022-06-10,AXISBANK,660.0
2022-06-10,BAJFINANCE,740.5
2022-06-10,JSWSTEEL,675.0
2022-06-10,KOTAKBANK,363.2
2022-06-10,NIFTY 50,17317.0
2022-06-10,NIFTY BANK,39239.25
2022-06-10,ONGC,119.9
2022-06-10,TATAPOWER,221.85
2022-06-10,TATASTEEL,97.53
2022-06-10,TCS,3357.75
2022-06-10,TITAN,2588.0
2022-06-10,WIPRO,195.7
2022-06-12,BAJFINANCE,669.0
2022-06-12,JSWSTEEL,747.0
2022-06-12,KOTAKBANK,386.6
2022-06-12,NIFTY 50,18647.8
2022-06-12,NIFTY BANK,43143.15
2022-06-12,ONGC,128.6
2022-06-12,TATAPOWER,228.6
2022-06-12,TATASTEEL,106.91
2022-06-12,TITAN,2611.1
2022-06-12,WIPRO,196.45
2022-06-13,ADANIGREEN,1796.0
2022-06-13,AXISBANK,650.9
2022-06-13,TCS,3225.0
2022-06-14,ADANIGREEN,1785.1
2022-06-14,AXISBANK,650.6
2022-06-14,TCS,3215.0
2022-06-15,ADANIGREEN,1756.1
2022-06-15,AXISBANK,651.1
2022-06-15,TCS,3205.0
2022-06-16,ADANIGREEN,1713.2
2022-06-16,AXISBANK,634.35
2022-06-16,TCS,3145.0
2022-06-17,ADANIGREEN,1691.1
2022-06-17,AXISBANK,636.95
2022-06-17,TCS,3103.0
2022-06-20,ADANIGREEN,1752.0
2022-06-20,AXISBANK,630.0
2022-06-20,TCS,3134.95
2022-06-21,ADANIGREEN,1803.95
2022-06-21,AXISBANK,635.75
2022-06-21,TCS,3215.0
2022-06-22,ADANIGREEN,1731.0
2022-06-22,AXISBANK,627.4
2022-06-22,TCS,3225.0
2022-06-23,ADANIGREEN,1795.0
2022-06-23,AXISBANK,630.45
2022-06-23,TCS,3312.95
2022-06-24,ADANIGREEN,1846.0
2022-06-24,AXISBANK,634.0
2022-06-24,TCS,3295.05
2022-06-27,ADANIGREEN,1912.0
2022-06-27,AXISBANK,637.5
2022-06-27,TCS,3320.95
2022-06-28,ADANIGREEN,1907.5
2022-06-28,AXISBANK,643.5
2022-06-28,TCS,3318.25
2022-06-29,ADANIGREEN,1899.0
2022-06-29,AXISBANK,624.25
2022-06-29,TCS,3287.0
2022-06-30,ADANIGREEN,1930.0
2022-06-30,AXISBANK,634.9
2022-06-30,TCS,3264.5
2022-07-01,ADANIGREEN,1963.25
2022-07-01,AXISBANK,644.0
2022-07-01,BAJFINANCE,765.5
2022-07-01,JSWSTEEL,672.1
2022-07-01,KOTAKBANK,381.2
2022-07-01,NIFTY 50,17818.2
2022-07-01,NIFTY BANK,37755.1
2022-07-01,ONGC,141.7
2022-07-01,TATAPOWER,229.5
2022-07-01,TATASTEEL,109.64
2022-07-01,TCS,3331.0
2022-07-01,TITAN,2571.0
2022-07-01,WIPRO,338.7
2022-07-02,BAJFINANCE,692.0
2022-07-02,JSWSTEEL,652.3
2022-07-02,KOTAKBANK,365.6
2022-07-02,NIFTY 50,17210.0
2022-07-02,NIFTY BANK,37990.2
2022-07-02,ONGC,155.25
2022-07-02,TATAPOWER,251.5
2022-07-02,TATASTEEL,112.28
2022-07-02,TITAN,2404.85
2022-07-02,WIPRO,266.55
2022-07-03,BAJFINANCE,614.5
2022-07-03,JSWSTEEL,634.15
2022-07-03,KOTAKBANK,343.5
2022-07-03,NIFTY 50,15881.05
2022-07-03,NIFTY BANK,32914.55
2022-07-03,ONGC,168.65
2022-07-03,TATAPOWER,216.8
2022-07-03,TATASTEEL,122.84
2022-07-03,TITAN,2390.0
2022-07-03,WIPRO,273.4
2022-07-04,ADANIGREEN,1883.0
2022-07-04,AXISBANK,654.7
2022-07-04,BAJFINANCE,729.0
2022-07-04,JSWSTEEL,728.55
2022-07-04,KOTAKBANK,353.6
2022-07-04,NIFTY 50,17655.15
2022-07-04,NIFTY BANK,37599.3
2022-07-04,ONGC,152.6
2022-07-04,TATAPOWER,278.5
2022-07-04,TATASTEEL,128.75
2022-07-04,TCS,3234.7
2022-07-04,TITAN,2457.0
2022-07-04,WIPRO,278.15
2022-07-05,ADANIGREEN,1887.65
2022-07-05,AXISBANK,647.25
2022-07-05,TCS,3217.0
2022-07-06,ADANIGREEN,1906.05
2022-07-06,AXISBANK,656.85
2022-07-06,BAJFINANCE,587.0
2022-07-06,JSWSTEEL,571.1
2022-07-06,KOTAKBANK,370.8
2022-07-06,NIFTY 50,16404.45
2022-07-06,NIFTY BANK,34972.05
2022-07-06,ONGC,145.85
2022-07-06,TATAPOWER,235.2
2022-07-06,TATASTEEL,100.95
2022-07-06,TCS,3265.0
2022-07-06,TITAN,2100.05
2022-07-06,WIPRO,223.3
2022-07-07,ADANIGREEN,1902.0
2022-07-07,AXISBANK,659.5
2022-07-07,BAJFINANCE,586.0
2022-07-07,JSWSTEEL,576.25
2022-07-07,KOTAKBANK,348.5
2022-07-07,NIFTY 50,16136.85
2022-07-07,NIFTY BANK,34935.45
2022-07-07,ONGC,111.6
2022-07-07,TATAPOWER,214.5
2022-07-07,TATASTEEL,85.02
2022-07-07,TCS,3294.0
2022-07-07,TITAN,2129.95
2022-07-07,WIPRO,201.2
2022-07-08,ADANIGREEN,1918.5
2022-07-08,AXISBANK,670.5
2022-07-08,TCS,3266.5
2022-07-09,BAJFINANCE,717.0
2022-07-09,JSWSTEEL,684.35
2022-07-09,KOTAKBANK,381.6
2022-07-09,NIFTY 50,17629.5
2022-07-09,NIFTY BANK,39457.65
2022-07-09,ONGC,119.95
2022-07-09,TATAPOWER,247.7
2022-07-09,TATASTEEL,101.63
2022-07-09,TITAN,2639.5
2022-07-09,WIPRO,194.95
2022-07-10,BAJFINANCE,734.5
2022-07-10,JSWSTEEL,667.0
2022-07-10,KOTAKBANK,364.4
2022-07-10,NIFTY 50,17316.15
2022-07-10,NIFTY BANK,39199.4
2022-07-10,ONGC,121.1
2022-07-10,TATAPOWER,222.25
2022-07-10,TATASTEEL,97.38
2022-07-10,TITAN,2729.5
2022-07-10,WIPRO,194.7
2022-07-11,ADANIGREEN,2224.0
2022-07-11,AXISBANK,680.25
2022-07-11,BAJFINANCE,719.0
2022-07-11,JSWSTEEL,707.15
2022-07-11,KOTAKBANK,377.0
2022-07-11,NIFTY 50,18203.35
2022-07-11,NIFTY BANK,41721.6
2022-07-11,ONGC,125.25
2022-07-11,TATAPOWER,229.0
2022-07-11,TATASTEEL,100.7
2022-07-11,TCS,3111.9
2022-07-11,TITAN,2735.0
2022-07-11,WIPRO,187.25
2022-07-12,ADANIGREEN,2275.0
2022-07-12,AXISBANK,673.5
2022-07-12,BAJFINANCE,662.5
2022-07-12,JSWSTEEL,737.95
2022-07-12,KOTAKBANK,382.8
2022-07-12,NIFTY 50,18550.75
2022-07-12,NIFTY BANK,43108.8
2022-07-12,ONGC,126.95
2022-07-12,TATAPOWER,226.0
2022-07-12,TATASTEEL,105.15
2022-07-12,TCS,3084.5
2022-07-12,TITAN,2594.5
2022-07-12,WIPRO,193.8
2022-07-13,ADANIGREEN,2124.25
2022-07-13,AXISBANK,677.15
2022-07-13,TCS,3041.15
2022-07-14,ADANIGREEN,2100.0
2022-07-14,AXISBANK,668.85
2022-07-14,TCS,3003.0
2022-07-15,ADANIGREEN,2073.0
2022-07-15,AXISBANK,662.5
2022-07-15,TCS,2995.05
2022-07-18,ADANIGREEN,2089.9
2022-07-18,AXISBANK,683.5
2022-07-18,TCS,3065.9
2022-07-19,ADANIGREEN,2108.0
2022-07-19,AXISBANK,699.75
2022-07-19,TCS,3074.0
2022-07-20,ADANIGREEN,2079.0
2022-07-20,AXISBANK,703.95
2022-07-20,TCS,3160.0
2022-07-21,ADANIGREEN,2124.0
2022-07-21,AXISBANK,715.5
2022-07-21,TCS,3178.95
2022-07-22,ADANIGREEN,2118.1
2022-07-22,AXISBANK,731.0
2022-07-22,TCS,3171.15
2022-07-25,ADANIGREEN,2137.5
2022-07-25,AXISBANK,726.65
2022-07-25,TCS,3165.0
2022-07-26,ADANIGREEN,2098.0
2022-07-26,AXISBANK,706.4
2022-07-26,TCS,3118.0
2022-07-27,ADANIGREEN,2105.0
2022-07-27,AXISBANK,720.0
2022-07-27,TCS,3188.0
2022-07-28,ADANIGREEN,2141.95
2022-07-28,AXISBANK,725.5
2022-07-28,TCS,3262.0
2022-07-29,ADANIGREEN,2162.0
2022-07-29,AXISBANK,724.5
2022-07-29,TCS,3300.0
2022-08-01,ADANIGREEN,2274.0
2022-08-01,AXISBANK,730.4
2022-08-01,TCS,3298.65
2022-08-02,ADANIGREEN,2285.0
2022-08-02,AXISBANK,727.5
2022-08-02,BAJFINANCE,704.0
2022-08-02,JSWSTEEL,659.9
2022-08-02,KOTAKBANK,363.0
2022-08-02,NIFTY 50,17240.35
2022-08-02,NIFTY BANK,37942.65
2022-08-02,ONGC,151.15
2022-08-02,TATAPOWER,233.3
2022-08-02,TATASTEEL,115.65
2022-08-02,TCS,3284.0
2022-08-02,TITAN,2442.0
2022-08-02,WIPRO,267.6
2022-08-03,ADANIGREEN,2217.0
2022-08-03,AXISBANK,731.0
2022-08-03,BAJFINANCE,617.5
2022-08-03,JSWSTEEL,628.55
2022-08-03,KOTAKBANK,345.0
2022-08-03,NIFTY 50,16014.65
2022-08-03,NIFTY BANK,33206.9
2022-08-03,ONGC,161.5
2022-08-03,TATAPOWER,226.85
2022-08-03,TATASTEEL,120.2
2022-08-03,TCS,3337.0
2022-08-03,TITAN,2388.0
2022-08-03,WIPRO,280.6
2022-08-04,ADANIGREEN,2188.0
2022-08-04,AXISBANK,720.9
2022-08-04,BAJFINANCE,737.0
2022-08-04,JSWSTEEL,756.3
2022-08-04,KOTAKBANK,357.6
2022-08-04,NIFTY 50,17800.3
2022-08-04,NIFTY BANK,37803.1
2022-08-04,ONGC,154.3
2022-08-04,TATAPOWER,278.6
2022-08-04,TATASTEEL,129.97
2022-08-04,TCS,3355.0
2022-08-04,TITAN,2506.95
2022-08-04,WIPRO,279.1
2022-08-05,ADANIGREEN,2099.0
2022-08-05,AXISBANK,728.75
2022-08-05,TCS,3363.8
2022-08-06,BAJFINANCE,594.0
2022-08-06,JSWSTEEL,573.0
2022-08-06,KOTAKBANK,368.8
2022-08-06,NIFTY 50,16335.4
2022-08-06,NIFTY BANK,34888.75
2022-08-06,ONGC,147.8
2022-08-06,TATAPOWER,232.9
2022-08-06,TATASTEEL,102.61
2022-08-06,TITAN,2130.0
2022-08-06,WIPRO,224.6
2022-08-07,BAJFINANCE,586.5
2022-08-07,JSWSTEEL,566.0
2022-08-07,KOTAKBANK,349.5
2022-08-07,NIFTY 50,16217.5
2022-08-07,NIFTY BANK,35125.55
2022-08-07,ONGC,109.9
2022-08-07,TATAPOWER,219.55
2022-08-07,TATASTEEL,83.01
2022-08-07,TITAN,2143.0
2022-08-07,WIPRO,200.7
2022-08-08,ADANIGREEN,2174.0
2022-08-08,AXISBANK,746.0
2022-08-08,BAJFINANCE,735.0
2022-08-08,JSWSTEEL,670.2
2022-08-08,KOTAKBANK,369.4
2022-08-08,NIFTY 50,17527.85
2022-08-08,NIFTY BANK,38251.2
2022-08-08,ONGC,123.35
2022-08-08,TATAPOWER,228.5
2022-08-08,TATASTEEL,101.34
2022-08-08,TCS,3375.85
2022-08-08,TITAN,2447.5
2022-08-08,WIPRO,208.55
2022-08-09,BAJFINANCE,726.5
2022-08-09,JSWSTEEL,684.0
2022-08-09,KOTAKBANK,386.8
2022-08-09,NIFTY 50,17800.1
2022-08-09,NIFTY BANK,40242.1
2022-08-09,ONGC,119.2
2022-08-09,TATAPOWER,245.0
2022-08-09,TATASTEEL,100.02
2022-08-09,TITAN,2629.0
2022-08-09,WIPRO,197.0
2022-08-10,ADANIGREEN,2164.0
2022-08-10,AXISBANK,738.5
2022-08-10,TCS,3351.8
2022-08-11,ADANIGREEN,2166.0
2022-08-11,AXISBANK,758.9
2022-08-11,TCS,3415.0
2022-08-12,ADANIGREEN,2173.65
2022-08-12,AXISBANK,760.0
2022-08-12,BAJFINANCE,658.5
2022-08-12,JSWSTEEL,744.75
2022-08-12,KOTAKBANK,379.7
2022-08-12,NIFTY 50,18614.4
2022-08-12,NIFTY BANK,43629.4
2022-08-12,ONGC,129.0
2022-08-12,TATAPOWER,225.1
2022-08-12,TATASTEEL,105.83
2022-08-12,TCS,3402.0
2022-08-12,TITAN,2581.95
2022-08-12,WIPRO,192.95
2022-08-16,ADANIGREEN,2213.0
2022-08-16,AXISBANK,763.5
2022-08-16,TCS,3393.0
2022-08-17,ADANIGREEN,2218.15
2022-08-17,AXISBANK,771.4
2022-08-17,TCS,3393.35
2022-08-18,ADANIGREEN,2282.0
2022-08-18,AXISBANK,765.5
2022-08-18,TCS,3381.0
2022-08-19,ADANIGREEN,2422.5
2022-08-19,AXISBANK,754.6
2022-08-19,TCS,3386.95
2022-08-22,ADANIGREEN,2544.05
2022-08-22,AXISBANK,744.65
2022-08-22,TCS,3354.0
2022-08-23,ADANIGREEN,2402.0
2022-08-23,AXISBANK,750.0
2022-08-23,TCS,3301.15
2022-08-24,ADANIGREEN,2340.0
2022-08-24,AXISBANK,750.85
2022-08-24,TCS,3254.1
2022-08-25,ADANIGREEN,2381.0
2022-08-25,AXISBANK,740.8
2022-08-25,TCS,3220.0
2022-08-26,ADANIGREEN,2390.0
2022-08-26,AXISBANK,746.0
2022-08-26,TCS,3223.95
2022-08-29,ADANIGREEN,2331.65
2022-08-29,AXISBANK,729.7
2022-08-29,TCS,3138.0
2022-08-30,ADANIGREEN,2450.0
2022-08-30,AXISBANK,751.5
2022-08-30,TCS,3209.1
2022-09-01,ADANIGREEN,2393.9
2022-09-01,AXISBANK,744.65
2022-09-01,TCS,3136.0
2022-09-02,ADANIGREEN,2381.9
2022-09-02,AXISBANK,750.2
2022-09-02,BAJFINANCE,711.0
2022-09-02,JSWSTEEL,662.65
2022-09-02,KOTAKBANK,367.1
2022-09-02,NIFTY 50,17471.6
2022-09-02,NIFTY BANK,38602.4
2022-09-02,ONGC,148.5
2022-09-02,TATAPOWER,238.45
2022-09-02,TATASTEEL,115.6
2022-09-02,TCS,3127.45
2022-09-02,TITAN,2487.0
2022-09-02,WIPRO,272.15
2022-09-03,BAJFINANCE,648.5
2022-09-03,JSWSTEEL,627.75
2022-09-03,KOTAKBANK,349.2
2022-09-03,NIFTY 50,16366.9
2022-09-03,NIFTY BANK,33891.25
2022-09-03,ONGC,157.85
2022-09-03,TATAPOWER,229.45
2022-09-03,TATASTEEL,119.22
2022-09-03,TITAN,2435.0
2022-09-03,WIPRO,280.45
2022-09-05,ADANIGREEN,2354.0
2022-09-05,AXISBANK,755.1
2022-09-05,BAJFINANCE,604.0
2022-09-05,JSWSTEEL,678.85
2022-09-05,KOTAKBANK,354.4
2022-09-05,NIFTY 50,16308.4
2022-09-05,NIFTY BANK,34321.05
2022-09-05,ONGC,148.9
2022-09-05,TATAPOWER,230.0
2022-09-05,TATASTEEL,118.73
2022-09-05,TCS,3140.0
2022-09-05,TITAN,2189.0
2022-09-05,WIPRO,231.25
2022-09-06,ADANIGREEN,2378.0
2022-09-06,AXISBANK,750.45
2022-09-06,BAJFINANCE,590.0
2022-09-06,JSWSTEEL,572.0
2022-09-06,KOTAKBANK,373.8
2022-09-06,NIFTY 50,16481.8
2022-09-06,NIFTY BANK,35116.8
2022-09-06,ONGC,149.1
2022-09-06,TATAPOWER,233.0
2022-09-06,TATASTEEL,98.6
2022-09-06,TCS,3127.0
2022-09-06,TITAN,2139.2
2022-09-06,WIPRO,227.3
2022-09-07,ADANIGREEN,2349.0
2022-09-07,AXISBANK,754.0
2022-09-07,TCS,3153.0
2022-09-08,ADANIGREEN,2338.0
2022-09-08,AXISBANK,781.65
2022-09-08,TCS,3164.4
2022-09-09,ADANIGREEN,2316.0
2022-09-09,AXISBANK,783.7
2022-09-09,BAJFINANCE,718.5
2022-09-09,JSWSTEEL,687.0
2022-09-09,KOTAKBANK,385.0
2022-09-09,NIFTY 50,17829.3
2022-09-09,NIFTY BANK,40385.0
2022-09-09,ONGC,120.95
2022-09-09,TATAPOWER,242.5
2022-09-09,TATASTEEL,99.92
2022-09-09,TCS,3221.0
2022-09-09,TITAN,2600.8
2022-09-09,WIPRO,199.25
2022-09-11,BAJFINANCE,714.0
2022-09-11,JSWSTEEL,705.2
2022-09-11,KOTAKBANK,376.8
2022-09-11,NIFTY 50,18121.05
2022-09-11,NIFTY BANK,41690.65
2022-09-11,ONGC,125.35
2022-09-11,TATAPOWER,231.0
2022-09-11,TATASTEEL,99.87
2022-09-11,TITAN,2711.95
2022-09-11,WIPRO,186.95
2022-09-12,ADANIGREEN,2358.1
2022-09-12,AXISBANK,800.2
2022-09-12,BAJFINANCE,651.0
2022-09-12,JSWSTEEL,740.6
2022-09-12,KOTAKBANK,377.7
2022-09-12,NIFTY 50,18493.25
2022-09-12,NIFTY BANK,43627.5
2022-09-12,ONGC,126.85
2022-09-12,TATAPOWER,219.75
2022-09-12,TATASTEEL,104.32
2022-09-12,TCS,3238.0
2022-09-12,TITAN,2609.25
2022-09-12,WIPRO,188.55
2022-09-13,ADANIGREEN,2333.95
2022-09-13,AXISBANK,807.15
2022-09-13,TCS,3233.5
2022-09-14,ADANIGREEN,2295.0
2022-09-14,AXISBANK,799.75
2022-09-14,TCS,3125.0
2022-09-15,ADANIGREEN,2323.0
2022-09-15,AXISBANK,789.85
2022-09-15,TCS,3105.5
2022-09-16,ADANIGREEN,2315.0
2022-09-16,AXISBANK,788.7
2022-09-16,TCS,3015.0
2022-09-19,ADANIGREEN,2340.0
2022-09-19,AXISBANK,798.9
2022-09-19,TCS,3027.95
2022-09-20,ADANIGREEN,2391.7
2022-09-20,AXISBANK,812.5
2022-09-20,TCS,3033.0
2022-09-21,ADANIGREEN,2364.95
2022-09-21,AXISBANK,806.95
2022-09-21,TCS,3001.9
2022-09-22,ADANIGREEN,2350.0
2022-09-22,AXISBANK,789.8
2022-09-22,TCS,3008.35
2022-09-23,ADANIGREEN,2312.0
2022-09-23,AXISBANK,768.5
2022-09-23,TCS,2986.65
2022-09-26,ADANIGREEN,2188.0
2022-09-26,AXISBANK,744.05
2022-09-26,TCS,3000.0
2022-09-27,ADANIGREEN,2152.0
2022-09-27,AXISBANK,741.05
2022-09-27,TCS,3024.4
2022-09-28,ADANIGREEN,2062.0
2022-09-28,AXISBANK,713.5
2022-09-28,TCS,3028.25
2022-09-29,ADANIGREEN,1989.0
2022-09-29,AXISBANK,717.0
2022-09-29,TCS,3010.0
2022-09-30,ADANIGREEN,2253.3
2022-09-30,AXISBANK,735.5
2022-09-30,TCS,3008.0
2022-10-01,BAJFINANCE,771.0
2022-10-01,JSWSTEEL,672.85
2022-10-01,KOTAKBANK,389.9
2022-10-01,NIFTY 50,18005.45
2022-10-01,NIFTY BANK,38344.95
2022-10-01,ONGC,143.8
2022-10-01,TATAPOWER,231.6
2022-10-01,TATASTEEL,110.62
2022-10-01,TITAN,2653.6
2022-10-01,WIPRO,332.1
2022-10-02,BAJFINANCE,713.5
2022-10-02,JSWSTEEL,672.0
2022-10-02,KOTAKBANK,372.7
2022-10-02,NIFTY 50,17586.95
2022-10-02,NIFTY BANK,38962.25
2022-10-02,ONGC,153.65
2022-10-02,TATAPOWER,241.05
2022-10-02,TATASTEEL,118.34
2022-10-02,TITAN,2485.3
2022-10-02,WIPRO,274.25
2022-10-03,ADANIGREEN,2087.85
2022-10-03,AXISBANK,722.3
2022-10-03,BAJFINANCE,658.0
2022-10-03,JSWSTEEL,649.5
2022-10-03,KOTAKBANK,349.8
2022-10-03,NIFTY 50,16566.3
2022-10-03,NIFTY BANK,34400.7
2022-10-03,ONGC,157.65
2022-10-03,TATAPOWER,231.95
2022-10-03,TATASTEEL,124.45
2022-10-03,TCS,2987.6
2022-10-03,TITAN,2463.0
2022-10-03,WIPRO,280.75
2022-10-04,ADANIGREEN,2120.0
2022-10-04,AXISBANK,742.0
2022-10-04,TCS,3095.0
2022-10-05,BAJFINANCE,591.5
2022-10-05,JSWSTEEL,643.45
2022-10-05,KOTAKBANK,359.2
2022-10-05,NIFTY 50,16207.75
2022-10-05,NIFTY BANK,34418.2
2022-10-05,ONGC,138.45
2022-10-05,TATAPOWER,221.4
2022-10-05,TATASTEEL,110.13
2022-10-05,TITAN,2130.0
2022-10-05,WIPRO,228.1
2022-10-06,ADANIGREEN,2208.05
2022-10-06,AXISBANK,752.6
2022-10-06,BAJFINANCE,566.0
2022-10-06,JSWSTEEL,572.25
2022-10-06,KOTAKBANK,358.2
2022-10-06,NIFTY 50,16191.45
2022-10-06,NIFTY BANK,34479.4
2022-10-06,ONGC,148.75
2022-10-06,TATAPOWER,230.05
2022-10-06,TATASTEEL,96.35
2022-10-06,TCS,3093.0
2022-10-06,TITAN,2139.1
2022-10-06,WIPRO,220.4
2022-10-07,ADANIGREEN,2206.0
2022-10-07,AXISBANK,756.95
2022-10-07,TCS,3067.0
2022-10-08,BAJFINANCE,715.0
2022-10-08,JSWSTEEL,670.3
2022-10-08,KOTAKBANK,366.1
2022-10-08,NIFTY 50,17523.75
2022-10-08,NIFTY BANK,38277.0
2022-10-08,ONGC,121.0
2022-10-08,TATAPOWER,228.6
2022-10-08,TATASTEEL,103.19
2022-10-08,TITAN,2426.85
2022-10-08,WIPRO,205.9
2022-10-10,ADANIGREEN,2157.0
2022-10-10,AXISBANK,778.7
2022-10-10,BAJFINANCE,729.5
2022-10-10,JSWSTEEL,665.2
2022-10-10,KOTAKBANK,361.4
2022-10-10,NIFTY 50,17252.45
2022-10-10,NIFTY BANK,39113.7
2022-10-10,ONGC,120.45
2022-10-10,TATAPOWER,220.55
2022-10-10,TATASTEEL,97.28
2022-10-10,TCS,3124.0
2022-10-10,TITAN,2683.95
2022-10-10,WIPRO,197.35
2022-10-11,ADANIGREEN,2124.0
2022-10-11,AXISBANK,785.0
2022-10-11,BAJFINANCE,699.0
2022-10-11,JSWSTEEL,701.15
2022-10-11,KOTAKBANK,382.7
2022-10-11,NIFTY 50,18036.8
2022-10-11,NIFTY BANK,41593.6
2022-10-11,ONGC,126.45
2022-10-11,TATAPOWER,229.4
2022-10-11,TATASTEEL,98.94
2022-10-11,TCS,3064.0
2022-10-11,TITAN,2647.5
2022-10-11,WIPRO,186.15
2022-10-12,ADANIGREEN,2104.95
2022-10-12,AXISBANK,807.8
2022-10-12,TCS,3099.0
2022-10-13,ADANIGREEN,2090.0
2022-10-13,AXISBANK,805.0
2022-10-13,TCS,3100.0
2022-10-14,ADANIGREEN,2044.1
2022-10-14,AXISBANK,800.95
2022-10-14,TCS,3102.0
2022-10-17,ADANIGREEN,2173.0
2022-10-17,AXISBANK,816.5
2022-10-17,TCS,3111.0
2022-10-18,ADANIGREEN,2161.0
2022-10-18,AXISBANK,815.95
2022-10-18,TCS,3137.0
2022-10-19,ADANIGREEN,2122.9
2022-10-19,AXISBANK,831.25
2022-10-19,TCS,3117.3
2022-10-20,ADANIGREEN,2142.0
2022-10-20,AXISBANK,824.2
2022-10-20,TCS,3157.95
2022-10-21,ADANIGREEN,2106.9
2022-10-21,AXISBANK,904.0
2022-10-21,TCS,3138.0
2022-10-24,ADANIGREEN,2128.0
2022-10-24,AXISBANK,907.0
2022-10-24,TCS,3158.0
2022-10-25,ADANIGREEN,2083.0
2022-10-25,AXISBANK,900.05
2022-10-25,TCS,3160.15
2022-10-27,ADANIGREEN,2115.25
2022-10-27,AXISBANK,916.0
2022-10-27,TCS,3162.05
2022-10-28,ADANIGREEN,2098.5
2022-10-28,AXISBANK,904.5
2022-10-28,TCS,3155.0
2022-10-31,ADANIGREEN,2105.95
2022-10-31,AXISBANK,906.0
2022-10-31,TCS,3183.5
2022-11-01,ADANIGREEN,2120.0
2022-11-01,AXISBANK,871.5
2022-11-01,BAJFINANCE,766.0
2022-11-01,JSWSTEEL,649.2
2022-11-01,KOTAKBANK,388.0
2022-11-01,NIFTY 50,18059.0
2022-11-01,NIFTY BANK,38433.55
2022-11-01,ONGC,145.4
2022-11-01,TATAPOWER,233.0
2022-11-01,TATASTEEL,107.4
2022-11-01,TCS,3259.0
2022-11-01,TITAN,2652.0
2022-11-01,WIPRO,332.1
2022-11-02,ADANIGREEN,2132.0
2022-11-02,AXISBANK,864.0
2022-11-02,BAJFINANCE,699.5
2022-11-02,JSWSTEEL,668.45
2022-11-02,KOTAKBANK,365.0
2022-11-02,NIFTY 50,17345.55
2022-11-02,NIFTY BANK,38434.35
2022-11-02,ONGC,151.6
2022-11-02,TATAPOWER,231.5
2022-11-02,TATASTEEL,118.83
2022-11-02,TCS,3239.0
2022-11-02,TITAN,2438.65
2022-11-02,WIPRO,268.45
2022-11-03,ADANIGREEN,2103.0
2022-11-03,AXISBANK,864.95
2022-11-03,BAJFINANCE,661.5
2022-11-03,JSWSTEEL,667.8
2022-11-03,KOTAKBANK,352.2
2022-11-03,NIFTY 50,16620.5
2022-11-03,NIFTY BANK,34546.7
2022-11-03,ONGC,158.55
2022-11-03,TATAPOWER,233.2
2022-11-03,TATASTEEL,123.32
2022-11-03,TCS,3207.0
2022-11-03,TITAN,2493.0
2022-11-03,WIPRO,280.45
2022-11-04,ADANIGREEN,2118.95
2022-11-04,AXISBANK,868.15
2022-11-04,BAJFINANCE,733.0
2022-11-04,JSWSTEEL,766.0
2022-11-04,KOTAKBANK,357.6
2022-11-04,NIFTY 50,17679.65
2022-11-04,NIFTY BANK,37645.75
2022-11-04,ONGC,154.65
2022-11-04,TATAPOWER,283.25
2022-11-04,TATASTEEL,128.85
2022-11-04,TCS,3220.0
2022-11-04,TITAN,2490.0
2022-11-04,WIPRO,273.1
2022-11-05,BAJFINANCE,582.0
2022-11-05,JSWSTEEL,649.6
2022-11-05,KOTAKBANK,362.8
2022-11-05,NIFTY 50,16202.25
2022-11-05,NIFTY BANK,34776.25
2022-11-05,ONGC,143.9
2022-11-05,TATAPOWER,227.4
2022-11-05,TATASTEEL,111.11
2022-11-05,TITAN,2122.75
2022-11-05,WIPRO,227.5
2022-11-07,ADANIGREEN,2151.2
2022-11-07,AXISBANK,872.1
2022-11-07,BAJFINANCE,587.0
2022-11-07,JSWSTEEL,576.1
2022-11-07,KOTAKBANK,347.4
2022-11-07,NIFTY 50,16199.05
2022-11-07,NIFTY BANK,35442.2
2022-11-07,ONGC,113.4
2022-11-07,TATAPOWER,220.2
2022-11-07,TATASTEEL,85.7
2022-11-07,TCS,3230.8
2022-11-07,TITAN,2155.65
2022-11-07,WIPRO,196.55
2022-11-08,BAJFINANCE,731.0
2022-11-08,JSWSTEEL,672.0
2022-11-08,KOTAKBANK,370.5
2022-11-08,NIFTY 50,17638.65
2022-11-08,NIFTY BANK,38835.1
2022-11-08,ONGC,120.0
2022-11-08,TATAPOWER,229.55
2022-11-08,TATASTEEL,103.0
2022-11-08,TITAN,2472.0
2022-11-08,WIPRO,209.55
2022-11-09,ADANIGREEN,2208.0
2022-11-09,AXISBANK,870.7
2022-11-09,TCS,3210.0
2022-11-10,ADANIGREEN,2174.0
2022-11-10,AXISBANK,841.5
2022-11-10,BAJFINANCE,718.0
2022-11-10,JSWSTEEL,640.4
2022-11-10,KOTAKBANK,357.3
2022-11-10,NIFTY 50,16964.15
2022-11-10,NIFTY BANK,38646.45
2022-11-10,ONGC,118.5
2022-11-10,TATAPOWER,217.0
2022-11-10,TATASTEEL,94.2
2022-11-10,TCS,3205.0
2022-11-10,TITAN,2621.0
2022-11-10,WIPRO,192.6
2022-11-11,ADANIGREEN,2185.0
2022-11-11,AXISBANK,851.5
2022-11-11,BAJFINANCE,705.0
2022-11-11,JSWSTEEL,719.5
2022-11-11,KOTAKBANK,380.1
2022-11-11,NIFTY 50,18355.3
2022-11-11,NIFTY BANK,42149.7
2022-11-11,ONGC,127.05
2022-11-11,TATAPOWER,229.6
2022-11-11,TATASTEEL,101.58
2022-11-11,TCS,3316.0
2022-11-11,TITAN,2656.0
2022-11-11,WIPRO,191.2
2022-11-14,ADANIGREEN,2176.0
2022-11-14,AXISBANK,851.5
2022-11-14,TCS,3332.0
2022-11-15,ADANIGREEN,2195.0
2022-11-15,AXISBANK,859.15
2022-11-15,TCS,3338.9
2022-11-16,ADANIGREEN,2112.8
2022-11-16,AXISBANK,854.3
2022-11-16,TCS,3360.0
2022-11-17,ADANIGREEN,2109.0
2022-11-17,AXISBANK,858.35
2022-11-17,TCS,3345.0
2022-11-18,ADANIGREEN,2084.0
2022-11-18,AXISBANK,859.5
2022-11-18,TCS,3344.15
2022-11-21,ADANIGREEN,2004.95
2022-11-21,AXISBANK,869.3
2022-11-21,TCS,3282.8
2022-11-22,ADANIGREEN,1983.95
2022-11-22,AXISBANK,869.8
2022-11-22,TCS,3311.0
2022-11-23,ADANIGREEN,2038.6
2022-11-23,AXISBANK,874.75
2022-11-23,TCS,3306.0
2022-11-24,ADANIGREEN,2038.0
2022-11-24,AXISBANK,880.8
2022-11-24,TCS,3381.7
2022-11-25,ADANIGREEN,2028.8
2022-11-25,AXISBANK,887.0
2022-11-25,TCS,3384.0
2022-11-28,ADANIGREEN,1990.35
2022-11-28,AXISBANK,892.9
2022-11-28,TCS,3392.0
2022-11-29,ADANIGREEN,2022.0
2022-11-29,AXISBANK,891.2
2022-11-29,TCS,3390.0
2022-11-30,ADANIGREEN,2123.05
2022-11-30,AXISBANK,899.5
2022-11-30,TCS,3401.0
2022-12-01,ADANIGREEN,2109.65
2022-12-01,AXISBANK,901.0
2022-12-01,BAJFINANCE,777.5
2022-12-01,JSWSTEEL,656.15
2022-12-01,KOTAKBANK,391.5
2022-12-01,NIFTY 50,18197.6
2022-12-01,NIFTY BANK,38708.85
2022-12-01,ONGC,148.5
2022-12-01,TATAPOWER,237.5
2022-12-01,TATASTEEL,108.67
2022-12-01,TCS,3473.2
2022-12-01,TITAN,2611.0
2022-12-01,WIPRO,330.2
2022-12-02,ADANIGREEN,2062.0
2022-12-02,AXISBANK,905.05
2022-12-02,TCS,3437.1
2022-12-04,BAJFINANCE,727.5
2022-12-04,JSWSTEEL,754.5
2022-12-04,KOTAKBANK,361.0
2022-12-04,NIFTY 50,17519.95
2022-12-04,NIFTY BANK,37747.85
2022-12-04,ONGC,152.5
2022-12-04,TATAPOWER,275.65
2022-12-04,TATASTEEL,125.67
2022-12-04,TITAN,2485.0
2022-12-04,WIPRO,267.0
2022-12-05,ADANIGREEN,2039.0
2022-12-05,AXISBANK,898.85
2022-12-05,BAJFINANCE,559.0
2022-12-05,JSWSTEEL,624.6
2022-12-05,KOTAKBANK,353.0
2022-12-05,NIFTY 50,15826.45
2022-12-05,NIFTY BANK,33559.55
2022-12-05,ONGC,141.65
2022-12-05,TATAPOWER,219.5
2022-12-05,TATASTEEL,105.83
2022-12-05,TCS,3425.0
2022-12-05,TITAN,2054.55
2022-12-05,WIPRO,227.25
2022-12-06,ADANIGREEN,2055.0
2022-12-06,AXISBANK,906.4
2022-12-06,TCS,3385.0
2022-12-07,ADANIGREEN,2034.95
2022-12-07,AXISBANK,913.0
2022-12-07,BAJFINANCE,587.0
2022-12-07,JSWSTEEL,572.1
2022-12-07,KOTAKBANK,342.8
2022-12-07,NIFTY 50,16037.75
2022-12-07,NIFTY BANK,35054.05
2022-12-07,ONGC,112.05
2022-12-07,TATAPOWER,220.9
2022-12-07,TATASTEEL,84.63
2022-12-07,TCS,3370.0
2022-12-07,TITAN,2131.0
2022-12-07,WIPRO,195.2
2022-12-08,ADANIGREEN,2048.0
2022-12-08,AXISBANK,940.0
2022-12-08,BAJFINANCE,730.0
2022-12-08,JSWSTEEL,678.0
2022-12-08,KOTAKBANK,368.3
2022-12-08,NIFTY 50,17698.65
2022-12-08,NIFTY BANK,39052.35
2022-12-08,ONGC,126.1
2022-12-08,TATAPOWER,232.7
2022-12-08,TATASTEEL,106.71
2022-12-08,TCS,3355.0
2022-12-08,TITAN,2472.6
2022-12-08,WIPRO,208.65
2022-12-09,ADANIGREEN,2052.95
2022-12-09,AXISBANK,931.5
2022-12-09,BAJFINANCE,728.5
2022-12-09,JSWSTEEL,685.05
2022-12-09,KOTAKBANK,384.9
2022-12-09,NIFTY 50,17931.6
2022-12-09,NIFTY BANK,40561.5
2022-12-09,ONGC,121.05
2022-12-09,TATAPOWER,243.0
2022-12-09,TATASTEEL,101.63
2022-12-09,TCS,3290.0
2022-12-09,TITAN,2668.0
2022-12-09,WIPRO,201.5
2022-12-10,BAJFINANCE,722.5
2022-12-10,JSWSTEEL,652.0
2022-12-10,KOTAKBANK,362.6
2022-12-10,NIFTY 50,17129.05
2022-12-10,NIFTY BANK,39128.6
2022-12-10,ONGC,118.7
2022-12-10,TATAPOWER,217.9
2022-12-10,TATASTEEL,94.84
2022-12-10,TITAN,2619.95
2022-12-10,WIPRO,195.3
2022-12-12,ADANIGREEN,2024.15
2022-12-12,AXISBANK,936.2
2022-12-12,BAJFINANCE,650.0
2022-12-12,JSWSTEEL,742.0
2022-12-12,KOTAKBANK,373.0
2022-12-12,NIFTY 50,18494.7
2022-12-12,NIFTY BANK,43675.1
2022-12-12,ONGC,128.5
2022-12-12,TATAPOWER,217.75
2022-12-12,TATASTEEL,105.88
2022-12-12,TCS,3285.0
2022-12-12,TITAN,2584.9
2022-12-12,WIPRO,189.85
2022-12-13,ADANIGREEN,2018.0
2022-12-13,AXISBANK,943.8
2022-12-13,TCS,3335.0
2022-12-14,ADANIGREEN,2013.8
2022-12-14,AXISBANK,942.0
2022-12-14,TCS,3363.0
2022-12-15,ADANIGREEN,2020.0
2022-12-15,AXISBANK,934.35
2022-12-15,TCS,3303.9
2022-12-16,ADANIGREEN,2059.0
2022-12-16,AXISBANK,935.05
2022-12-16,TCS,3235.95
2022-12-19,ADANIGREEN,2058.1
2022-12-19,AXISBANK,948.0
2022-12-19,TCS,3205.25
2022-12-20,ADANIGREEN,2053.9
2022-12-20,AXISBANK,952.0
2022-12-20,TCS,3242.0
2022-12-21,ADANIGREEN,1977.0
2022-12-21,AXISBANK,931.45
2022-12-21,TCS,3262.25
2022-12-22,ADANIGREEN,1971.0
2022-12-22,AXISBANK,917.65
2022-12-22,TCS,3259.85
2022-12-23,ADANIGREEN,1804.0
2022-12-23,AXISBANK,908.0
2022-12-23,TCS,3231.0
2022-12-26,ADANIGREEN,1875.0
2022-12-26,AXISBANK,929.2
2022-12-26,TCS,3254.0
2022-12-27,ADANIGREEN,1911.0
2022-12-27,AXISBANK,933.0
2022-12-27,TCS,3262.0
2022-12-28,ADANIGREEN,1891.0
2022-12-28,AXISBANK,922.3
2022-12-28,TCS,3258.0
2022-12-29,ADANIGREEN,1917.1
2022-12-29,AXISBANK,940.1
2022-12-29,TCS,3271.25
2022-12-30,ADANIGREEN,1922.0
2022-12-30,AXISBANK,934.9
2022-12-30,TCS,3254.6
2023-01-02,ADANIGREEN,1894.0
2023-01-02,AXISBANK,944.95
2023-01-02,BAJFINANCE,583.5
2023-01-02,JSWSTEEL,731.45
2023-01-02,KOTAKBANK,348.6
2023-01-02,NIFTY 50,17605.4
2023-01-02,NIFTY BANK,40499.25
2023-01-02,ONGC,130.4
2023-01-02,TATAPOWER,205.9
2023-01-02,TATASTEEL,115.7
2023-01-02,TCS,3263.0
2023-01-02,TITAN,2345.0
2023-01-02,WIPRO,192.15
2023-01-03,ADANIGREEN,1891.0
2023-01-03,AXISBANK,961.75
2023-01-03,BAJFINANCE,615.5
2023-01-03,JSWSTEEL,677.9
2023-01-03,KOTAKBANK,349.2
2023-01-03,NIFTY 50,17457.85
2023-01-03,NIFTY BANK,40703.45
2023-01-03,ONGC,139.75
2023-01-03,TATAPOWER,204.7
2023-01-03,TATASTEEL,99.77
2023-01-03,TCS,3312.0
2023-01-03,TITAN,2383.5
2023-01-03,WIPRO,187.15
2023-01-04,ADANIGREEN,1862.0
2023-01-04,AXISBANK,958.6
2023-01-04,TCS,3313.1
2023-01-05,ADANIGREEN,1859.9
2023-01-05,AXISBANK,949.0
2023-01-05,TCS,3302.65
2023-01-06,ADANIGREEN,1841.7
2023-01-06,AXISBANK,941.0
2023-01-06,BAJFINANCE,703.5
2023-01-06,JSWSTEEL,692.95
2023-01-06,KOTAKBANK,385.8
2023-01-06,NIFTY 50,18486.1
2023-01-06,NIFTY BANK,43790.0
2023-01-06,ONGC,139.15
2023-01-06,TATAPOWER,215.05
2023-01-06,TATASTEEL,100.07
2023-01-06,TCS,3213.9
2023-01-06,TITAN,2820.0
2023-01-06,WIPRO,194.65
2023-01-08,BAJFINANCE,726.5
2023-01-08,JSWSTEEL,820.95
2023-01-08,KOTAKBANK,370.0
2023-01-08,NIFTY 50,19736.1
2023-01-08,NIFTY BANK,45598.05
2023-01-08,ONGC,159.8
2023-01-08,TATAPOWER,244.35
2023-01-08,TATASTEEL,116.87
2023-01-08,TITAN,3005.0
2023-01-08,WIPRO,194.25
2023-01-09,ADANIGREEN,1886.0
2023-01-09,AXISBANK,957.1
2023-01-09,BAJFINANCE,730.0
2023-01-09,JSWSTEEL,807.0
2023-01-09,KOTAKBANK,354.5
2023-01-09,NIFTY 50,19423.35
2023-01-09,NIFTY BANK,44403.7
2023-01-09,ONGC,163.8
2023-01-09,TATAPOWER,255.5
2023-01-09,TATASTEEL,120.39
2023-01-09,TCS,3310.0
2023-01-09,TITAN,3116.0
2023-01-09,WIPRO,199.15
2023-01-10,ADANIGREEN,1883.0
2023-01-10,AXISBANK,953.0
2023-01-10,TCS,3283.0
2023-01-11,ADANIGREEN,1877.8
2023-01-11,AXISBANK,949.3
2023-01-11,BAJFINANCE,748.0
2023-01-11,JSWSTEEL,724.35
2023-01-11,KOTAKBANK,344.8
2023-01-11,NIFTY 50,18990.4
2023-01-11,NIFTY BANK,42734.15
2023-01-11,ONGC,168.2
2023-01-11,TATAPOWER,236.95
2023-01-11,TATASTEEL,109.99
2023-01-11,TCS,3328.0
2023-01-11,TITAN,3171.15
2023-01-11,WIPRO,182.1
2023-01-12,ADANIGREEN,1890.0
2023-01-12,AXISBANK,935.0
2023-01-12,BAJFINANCE,725.0
2023-01-12,JSWSTEEL,808.0
2023-01-12,KOTAKBANK,349.9
2023-01-12,NIFTY 50,20255.75
2023-01-12,NIFTY BANK,44815.7
2023-01-12,ONGC,181.0
2023-01-12,TATAPOWER,274.75
2023-01-12,TATASTEEL,123.57
2023-01-12,TCS,3337.55
2023-01-12,TITAN,3483.0
2023-01-12,WIPRO,194.65
2023-01-13,ADANIGREEN,1909.95
2023-01-13,AXISBANK,933.9
2023-01-13,TCS,3375.0
2023-01-16,ADANIGREEN,2103.0
2023-01-16,AXISBANK,912.85
2023-01-16,TCS,3335.0
2023-01-17,ADANIGREEN,2165.0
2023-01-17,AXISBANK,918.6
2023-01-17,TCS,3380.9
2023-01-18,ADANIGREEN,2085.85
2023-01-18,AXISBANK,925.45
2023-01-18,TCS,3392.4
2023-01-19,ADANIGREEN,1954.0
2023-01-19,AXISBANK,929.25
2023-01-19,TCS,3374.0
2023-01-20,ADANIGREEN,1972.0
2023-01-20,AXISBANK,929.5
2023-01-20,TCS,3370.0
2023-01-23,ADANIGREEN,1938.0
2023-01-23,AXISBANK,930.0
2023-01-23,TCS,3411.65
2023-01-24,ADANIGREEN,1910.45
2023-01-24,AXISBANK,910.3
2023-01-24,TCS,3432.1
2023-01-25,ADANIGREEN,1872.0
2023-01-25,AXISBANK,892.45
2023-01-25,TCS,3432.1
2023-01-27,ADANIGREEN,1486.25
2023-01-27,AXISBANK,874.0
2023-01-27,TCS,3410.0
2023-01-30,ADANIGREEN,1189.0
2023-01-30,AXISBANK,873.1
2023-01-30,TCS,3432.0
2023-01-31,ADANIGREEN,1222.0
2023-01-31,AXISBANK,874.5
2023-01-31,TCS,3358.5
2023-02-01,ADANIGREEN,1163.75
2023-02-01,AXISBANK,857.0
2023-02-01,BAJFINANCE,656.0
2023-02-01,JSWSTEEL,776.15
2023-02-01,KOTAKBANK,366.0
2023-02-01,NIFTY 50,18207.1
2023-02-01,NIFTY BANK,43234.3
2023-02-01,ONGC,136.15
2023-02-01,TATAPOWER,212.0
2023-02-01,TATASTEEL,112.87
2023-02-01,TCS,3398.0
2023-02-01,TITAN,2565.35
2023-02-01,WIPRO,187.85
2023-02-02,ADANIGREEN,1039.85
2023-02-02,AXISBANK,869.45
2023-02-02,BAJFINANCE,571.0
2023-02-02,JSWSTEEL,725.0
2023-02-02,KOTAKBANK,352.4
2023-02-02,NIFTY 50,17611.75
2023-02-02,NIFTY BANK,40722.4
2023-02-02,ONGC,129.5
2023-02-02,TATAPOWER,206.85
2023-02-02,TATASTEEL,113.75
2023-02-02,TCS,3461.0
2023-02-02,TITAN,2325.0
2023-02-02,WIPRO,195.95
2023-02-03,ADANIGREEN,935.9
2023-02-03,AXISBANK,881.95
2023-02-03,BAJFINANCE,608.0
2023-02-03,JSWSTEEL,674.15
2023-02-03,KOTAKBANK,344.0
2023-02-03,NIFTY 50,17318.65
2023-02-03,NIFTY BANK,40332.7
2023-02-03,ONGC,139.15
2023-02-03,TATAPOWER,205.45
2023-02-03,TATASTEEL,98.94
2023-02-03,TCS,3475.0
2023-02-03,TITAN,2360.0
2023-02-03,WIPRO,185.3
2023-02-05,BAJFINANCE,624.0
2023-02-05,JSWSTEEL,735.95
2023-02-05,KOTAKBANK,383.8
2023-02-05,NIFTY 50,18136.05
2023-02-05,NIFTY BANK,43309.65
2023-02-05,ONGC,148.5
2023-02-05,TATAPOWER,201.85
2023-02-05,TATASTEEL,104.37
2023-02-05,TITAN,2664.95
2023-02-05,WIPRO,185.4
2023-02-06,ADANIGREEN,889.1
2023-02-06,AXISBANK,882.15
2023-02-06,BAJFINANCE,702.5
2023-02-06,JSWSTEEL,706.5
2023-02-06,KOTAKBANK,387.2
2023-02-06,NIFTY 50,18525.85
2023-02-06,NIFTY BANK,43880.75
2023-02-06,ONGC,139.8
2023-02-06,TATAPOWER,215.5
2023-02-06,TATASTEEL,102.07
2023-02-06,TCS,3462.95
2023-02-06,TITAN,2858.0
2023-02-06,WIPRO,193.75
2023-02-07,ADANIGREEN,844.65
2023-02-07,AXISBANK,879.4
2023-02-07,TCS,3467.0
2023-02-08,ADANIGREEN,802.45
2023-02-08,AXISBANK,871.8
2023-02-08,BAJFINANCE,720.5
2023-02-08,JSWSTEEL,802.25
2023-02-08,KOTAKBANK,364.7
2023-02-08,NIFTY 50,19514.8
2023-02-08,NIFTY BANK,44989.4
2023-02-08,ONGC,158.5
2023-02-08,TATAPOWER,235.9
2023-02-08,TATASTEEL,112.97
2023-02-08,TCS,3520.0
2023-02-08,TITAN,2961.0
2023-02-08,WIPRO,192.45
2023-02-09,ADANIGREEN,762.35
2023-02-09,AXISBANK,867.3
2023-02-09,TCS,3542.0
2023-02-10,ADANIGREEN,724.25
2023-02-10,AXISBANK,866.0
2023-02-10,TCS,3528.15
2023-02-11,BAJFINANCE,747.0
2023-02-11,JSWSTEEL,733.35
2023-02-11,KOTAKBANK,347.2
2023-02-11,NIFTY 50,19144.85
2023-02-11,NIFTY BANK,43033.5
2023-02-11,ONGC,168.45
2023-02-11,TATAPOWER,244.85
2023-02-11,TATASTEEL,112.28
2023-02-11,TITAN,3208.95
2023-02-11,WIPRO,183.5
2023-02-13,ADANIGREEN,688.05
2023-02-13,AXISBANK,858.0
2023-02-13,TCS,3484.0
2023-02-14,ADANIGREEN,653.65
2023-02-14,AXISBANK,869.1
2023-02-14,TCS,3500.0
2023-02-15,ADANIGREEN,621.0
2023-02-15,AXISBANK,868.5
2023-02-15,TCS,3523.95
2023-02-16,ADANIGREEN,621.0
2023-02-16,AXISBANK,862.7
2023-02-16,TCS,3550.0
2023-02-17,ADANIGREEN,628.9
2023-02-17,AXISBANK,856.5
2023-02-17,TCS,3499.0
2023-02-20,ADANIGREEN,597.25
2023-02-20,AXISBANK,844.8
2023-02-20,TCS,3492.0
2023-02-21,ADANIGREEN,567.4
2023-02-21,AXISBANK,843.4
2023-02-21,TCS,3452.0
2023-02-22,ADANIGREEN,539.05
2023-02-22,AXISBANK,831.5
2023-02-22,TCS,3410.0
2023-02-23,ADANIGREEN,512.1
2023-02-23,AXISBANK,846.5
2023-02-23,TCS,3409.1
2023-02-24,ADANIGREEN,486.5
2023-02-24,AXISBANK,849.8
2023-02-24,TCS,3390.0
2023-02-27,ADANIGREEN,462.2
2023-02-27,AXISBANK,854.0
2023-02-27,TCS,3335.0
2023-02-28,ADANIGREEN,485.3
2023-02-28,AXISBANK,845.9
2023-02-28,TCS,3328.6
2023-03-01,ADANIGREEN,509.55
2023-03-01,AXISBANK,864.4
2023-03-01,BAJFINANCE,660.0
2023-03-01,JSWSTEEL,767.5
2023-03-01,KOTAKBANK,367.2
2023-03-01,NIFTY 50,18234.3
2023-03-01,NIFTY BANK,43448.35
2023-03-01,ONGC,135.15
2023-03-01,TATAPOWER,211.5
2023-03-01,TATASTEEL,112.53
2023-03-01,TCS,3386.45
2023-03-01,TITAN,2618.8
2023-03-01,WIPRO,189.85
2023-03-02,ADANIGREEN,535.0
2023-03-02,AXISBANK,844.0
2023-03-02,BAJFINANCE,600.0
2023-03-02,JSWSTEEL,731.85
2023-03-02,KOTAKBANK,355.4
2023-03-02,NIFTY 50,17830.8
2023-03-02,NIFTY BANK,41480.75
2023-03-02,ONGC,131.05
2023-03-02,TATAPOWER,205.5
2023-03-02,TATASTEEL,113.75
2023-03-02,TCS,3324.0
2023-03-02,TITAN,2458.3
2023-03-02,WIPRO,194.65
2023-03-03,ADANIGREEN,561.75
2023-03-03,AXISBANK,854.9
2023-03-03,BAJFINANCE,609.5
2023-03-03,JSWSTEEL,682.7
2023-03-03,KOTAKBANK,350.4
2023-03-03,NIFTY 50,17592.3
2023-03-03,NIFTY BANK,41236.85
2023-03-03,ONGC,139.25
2023-03-03,TATAPOWER,207.7
2023-03-03,TATASTEEL,101.48
2023-03-03,TCS,3340.0
2023-03-03,TITAN,2400.0
2023-03-03,WIPRO,186.65
2023-03-04,BAJFINANCE,571.5
2023-03-04,JSWSTEEL,682.2
2023-03-04,KOTAKBANK,349.0
2023-03-04,NIFTY 50,17399.7
2023-03-04,NIFTY BANK,40815.1
2023-03-04,ONGC,139.0
2023-03-04,TATAPOWER,194.05
2023-03-04,TATASTEEL,98.36
2023-03-04,TITAN,2536.0
2023-03-04,WIPRO,175.95
2023-03-05,BAJFINANCE,617.5
2023-03-05,JSWSTEEL,735.0
2023-03-05,KOTAKBANK,385.4
2023-03-05,NIFTY 50,18082.7
2023-03-05,NIFTY BANK,43292.0
2023-03-05,ONGC,145.5
2023-03-05,TATAPOWER,203.75
2023-03-05,TATASTEEL,103.73
2023-03-05,TITAN,2651.0
2023-03-05,WIPRO,184.1
2023-03-06,ADANIGREEN,589.8
2023-03-06,AXISBANK,859.95
2023-03-06,TCS,3377.95
2023-03-07,BAJFINANCE,734.0
2023-03-07,JSWSTEEL,794.95
2023-03-07,KOTAKBANK,368.9
2023-03-07,NIFTY 50,19330.65
2023-03-07,NIFTY BANK,45176.35
2023-03-07,ONGC,147.25
2023-03-07,TATAPOWER,222.1
2023-03-07,TATASTEEL,107.05
2023-03-07,TITAN,3042.0
2023-03-07,WIPRO,187.45
2023-03-08,ADANIGREEN,619.25
2023-03-08,AXISBANK,861.3
2023-03-08,BAJFINANCE,710.5
2023-03-08,JSWSTEEL,808.0
2023-03-08,KOTAKBANK,364.8
2023-03-08,NIFTY 50,19394.45
2023-03-08,NIFTY BANK,44582.05
2023-03-08,ONGC,155.25
2023-03-08,TATAPOWER,235.4
2023-03-08,TATASTEEL,112.38
2023-03-08,TCS,3391.85
2023-03-08,TITAN,2906.0
2023-03-08,WIPRO,191.1
2023-03-09,ADANIGREEN,650.2
2023-03-09,AXISBANK,865.0
2023-03-09,TCS,3333.0
2023-03-10,ADANIGREEN,682.7
2023-03-10,AXISBANK,850.6
2023-03-10,BAJFINANCE,797.0
2023-03-10,JSWSTEEL,770.0
2023-03-10,KOTAKBANK,346.0
2023-03-10,NIFTY 50,19522.95
2023-03-10,NIFTY BANK,44395.3
2023-03-10,ONGC,166.85
2023-03-10,TATAPOWER,264.35
2023-03-10,TATASTEEL,121.66
2023-03-10,TCS,3335.0
2023-03-10,TITAN,3191.0
2023-03-10,WIPRO,193.85
2023-03-11,BAJFINANCE,740.0
2023-03-11,JSWSTEEL,744.05
2023-03-11,KOTAKBANK,346.6
2023-03-11,NIFTY 50,19226.05
2023-03-11,NIFTY BANK,43306.95
2023-03-11,ONGC,171.55
2023-03-11,TATAPOWER,244.45
2023-03-11,TATASTEEL,111.21
2023-03-11,TITAN,3277.0
2023-03-11,WIPRO,183.4
2023-03-13,ADANIGREEN,716.8
2023-03-13,AXISBANK,832.0
2023-03-13,TCS,3286.0
2023-03-14,ADANIGREEN,711.0
2023-03-14,AXISBANK,834.3
2023-03-14,TCS,3221.7
2023-03-15,ADANIGREEN,741.4
2023-03-15,AXISBANK,822.9
2023-03-15,TCS,3199.0
2023-03-16,ADANIGREEN,777.4
2023-03-16,AXISBANK,832.5
2023-03-16,TCS,3184.65
2023-03-17,ADANIGREEN,816.25
2023-03-17,AXISBANK,839.75
2023-03-17,TCS,3175.0
2023-03-20,ADANIGREEN,845.55
2023-03-20,AXISBANK,837.0
2023-03-20,TCS,3146.0
2023-03-21,ADANIGREEN,891.05
2023-03-21,AXISBANK,854.65
2023-03-21,TCS,3110.4
2023-03-22,ADANIGREEN,935.6
2023-03-22,AXISBANK,849.8
2023-03-22,TCS,3129.8
2023-03-23,ADANIGREEN,982.35
2023-03-23,AXISBANK,847.0
2023-03-23,TCS,3130.0
2023-03-24,ADANIGREEN,1031.45
2023-03-24,AXISBANK,840.0
2023-03-24,TCS,3112.5
2023-03-27,ADANIGREEN,977.9
2023-03-27,AXISBANK,832.0
2023-03-27,TCS,3124.0
2023-03-28,ADANIGREEN,935.65
2023-03-28,AXISBANK,833.65
2023-03-28,TCS,3117.0
2023-03-29,ADANIGREEN,897.9
2023-03-29,AXISBANK,846.1
2023-03-29,TCS,3148.0
2023-03-31,ADANIGREEN,890.0
2023-03-31,AXISBANK,857.1
2023-03-31,TCS,3204.0
2023-04-01,BAJFINANCE,656.0
2023-04-01,JSWSTEEL,735.95
2023-04-01,KOTAKBANK,365.0
2023-04-01,NIFTY 50,18036.85
2023-04-01,NIFTY BANK,42979.6
2023-04-01,ONGC,132.35
2023-04-01,TATAPOWER,208.0
2023-04-01,TATASTEEL,109.3
2023-04-01,TITAN,2592.0
2023-04-01,WIPRO,186.1
2023-04-03,ADANIGREEN,837.1
2023-04-03,AXISBANK,865.35
2023-04-03,TCS,3202.0
2023-04-05,ADANIGREEN,825.4
2023-04-05,AXISBANK,860.0
2023-04-05,BAJFINANCE,638.0
2023-04-05,JSWSTEEL,736.8
2023-04-05,KOTAKBANK,388.0
2023-04-05,NIFTY 50,18238.6
2023-04-05,NIFTY BANK,43635.9
2023-04-05,ONGC,145.35
2023-04-05,TATAPOWER,203.75
2023-04-05,TATASTEEL,104.95
2023-04-05,TCS,3234.3
2023-04-05,TITAN,2666.2
2023-04-05,WIPRO,183.3
2023-04-06,ADANIGREEN,856.35
2023-04-06,AXISBANK,851.25
2023-04-06,TCS,3219.0
2023-04-07,BAJFINANCE,787.0
2023-04-07,JSWSTEEL,798.0
2023-04-07,KOTAKBANK,372.2
2023-04-07,NIFTY 50,19385.55
2023-04-07,NIFTY BANK,45283.6
2023-04-07,ONGC,145.8
2023-04-07,TATAPOWER,220.85
2023-04-07,TATASTEEL,106.32
2023-04-07,TITAN,3079.0
2023-04-07,WIPRO,189.25
2023-04-08,BAJFINANCE,714.0
2023-04-08,JSWSTEEL,802.8
2023-04-08,KOTAKBANK,367.4
2023-04-08,NIFTY 50,19510.05
2023-04-08,NIFTY BANK,44858.5
2023-04-08,ONGC,156.45
2023-04-08,TATAPOWER,235.5
2023-04-08,TATASTEEL,112.77
2023-04-08,TITAN,2902.75
2023-04-08,WIPRO,195.35
2023-04-09,BAJFINANCE,728.0
2023-04-09,JSWSTEEL,809.4
2023-04-09,KOTAKBANK,352.9
2023-04-09,NIFTY 50,19535.4
2023-04-09,NIFTY BANK,44584.25
2023-04-09,ONGC,165.3
2023-04-09,TATAPOWER,259.05
2023-04-09,TATASTEEL,125.33
2023-04-09,TITAN,3107.0
2023-04-09,WIPRO,207.6
2023-04-10,ADANIGREEN,899.15
2023-04-10,AXISBANK,845.5
2023-04-10,BAJFINANCE,786.0
2023-04-10,JSWSTEEL,756.05
2023-04-10,KOTAKBANK,345.4
2023-04-10,NIFTY 50,19446.15
2023-04-10,NIFTY BANK,43993.3
2023-04-10,ONGC,165.5
2023-04-10,TATAPOWER,256.9
2023-04-10,TATASTEEL,119.02
2023-04-10,TCS,3263.0
2023-04-10,TITAN,3168.0
2023-04-10,WIPRO,193.75
2023-04-11,ADANIGREEN,944.1
2023-04-11,AXISBANK,853.7
2023-04-11,TCS,3206.75
2023-04-12,ADANIGREEN,939.0
2023-04-12,AXISBANK,851.95
2023-04-12,BAJFINANCE,741.0
2023-04-12,JSWSTEEL,820.0
2023-04-12,KOTAKBANK,363.9
2023-04-12,NIFTY 50,20686.8
2023-04-12,NIFTY BANK,46445.4
2023-04-12,ONGC,188.4
2023-04-12,TATAPOWER,281.9
2023-04-12,TATASTEEL,124.5
2023-04-12,TCS,3245.5
2023-04-12,TITAN,3488.0
2023-04-12,WIPRO,194.65
2023-04-13,ADANIGREEN,941.4
2023-04-13,AXISBANK,864.0
2023-04-13,TCS,3192.0
2023-04-17,ADANIGREEN,967.0
2023-04-17,AXISBANK,864.0
2023-04-17,TCS,3139.0
2023-04-18,ADANIGREEN,952.6
2023-04-18,AXISBANK,864.75
2023-04-18,TCS,3130.6
2023-04-19,ADANIGREEN,936.5
2023-04-19,AXISBANK,871.95
2023-04-19,TCS,3089.0
2023-04-20,ADANIGREEN,937.0
2023-04-20,AXISBANK,871.1
2023-04-20,TCS,3104.95
2023-04-21,ADANIGREEN,915.8
2023-04-21,AXISBANK,861.0
2023-04-21,TCS,3159.0
2023-04-24,ADANIGREEN,886.5
2023-04-24,AXISBANK,884.25
2023-04-24,TCS,3172.0
2023-04-25,ADANIGREEN,931.45
2023-04-25,AXISBANK,876.8
2023-04-25,TCS,3175.05
2023-04-26,ADANIGREEN,922.4
2023-04-26,AXISBANK,885.6
2023-04-26,TCS,3195.0
2023-04-27,ADANIGREEN,917.0
2023-04-27,AXISBANK,880.5
2023-04-27,TCS,3189.9
2023-04-28,ADANIGREEN,951.0
2023-04-28,AXISBANK,859.95
2023-04-28,TCS,3215.0
2023-05-01,BAJFINANCE,610.0
2023-05-01,JSWSTEEL,750.0
2023-05-01,KOTAKBANK,364.5
2023-05-01,NIFTY 50,17999.8
2023-05-01,NIFTY BANK,42615.95
2023-05-01,ONGC,132.4
2023-05-01,TATAPOWER,207.85
2023-05-01,TATASTEEL,110.62
2023-05-01,TITAN,2565.2
2023-05-01,WIPRO,185.0
2023-05-02,ADANIGREEN,976.5
2023-05-02,AXISBANK,869.9
2023-05-02,TCS,3217.0
2023-05-03,ADANIGREEN,942.0
2023-05-03,AXISBANK,859.45
2023-05-03,TCS,3180.0
2023-05-04,ADANIGREEN,943.65
2023-05-04,AXISBANK,865.9
2023-05-04,BAJFINANCE,576.0
2023-05-04,JSWSTEEL,690.0
2023-05-04,KOTAKBANK,350.4
2023-05-04,NIFTY 50,17561.0
2023-05-04,NIFTY BANK,41008.55
2023-05-04,ONGC,138.45
2023-05-04,TATAPOWER,194.55
2023-05-04,TATASTEEL,98.89
2023-05-04,TCS,3217.0
2023-05-04,TITAN,2570.0
2023-05-04,WIPRO,176.75
2023-05-05,ADANIGREEN,938.5
2023-05-05,AXISBANK,864.7
2023-05-05,BAJFINANCE,638.0
2023-05-05,JSWSTEEL,733.8
2023-05-05,KOTAKBANK,383.6
2023-05-05,NIFTY 50,18069.95
2023-05-05,NIFTY BANK,42669.25
2023-05-05,ONGC,144.95
2023-05-05,TATAPOWER,200.0
2023-05-05,TATASTEEL,102.7
2023-05-05,TCS,3227.05
2023-05-05,TITAN,2732.0
2023-05-05,WIPRO,181.5
2023-05-06,BAJFINANCE,704.0
2023-05-06,JSWSTEEL,713.3
2023-05-06,KOTAKBANK,385.2
2023-05-06,NIFTY 50,18599.9
2023-05-06,NIFTY BANK,44099.75
2023-05-06,ONGC,140.45
2023-05-06,TATAPOWER,218.9
2023-05-06,TATASTEEL,103.49
2023-05-06,TITAN,2853.8
2023-05-06,WIPRO,193.35
2023-05-07,BAJFINANCE,784.0
2023-05-07,JSWSTEEL,793.5
2023-05-07,KOTAKBANK,372.6
2023-05-07,NIFTY 50,19415.3
2023-05-07,NIFTY BANK,45197.3
2023-05-07,ONGC,147.1
2023-05-07,TATAPOWER,221.8
2023-05-07,TATASTEEL,106.81
2023-05-07,TITAN,3105.0
2023-05-07,WIPRO,188.35
2023-05-08,ADANIGREEN,913.45
2023-05-08,AXISBANK,879.05
2023-05-08,TCS,3250.0
2023-05-09,ADANIGREEN,900.0
2023-05-09,AXISBANK,888.0
2023-05-09,BAJFINANCE,734.0
2023-05-09,JSWSTEEL,815.0
2023-05-09,KOTAKBANK,354.0
2023-05-09,NIFTY 50,19577.65
2023-05-09,NIFTY BANK,44543.85
2023-05-09,ONGC,165.0
2023-05-09,TATAPOWER,258.75
2023-05-09,TATASTEEL,125.18
2023-05-09,TCS,3292.0
2023-05-09,TITAN,3126.25
2023-05-09,WIPRO,206.45
2023-05-10,ADANIGREEN,904.4
2023-05-10,AXISBANK,890.0
2023-05-10,BAJFINANCE,785.0
2023-05-10,JSWSTEEL,757.1
2023-05-10,KOTAKBANK,346.7
2023-05-10,NIFTY 50,19546.6
2023-05-10,NIFTY BANK,44208.25
2023-05-10,ONGC,164.7
2023-05-10,TATAPOWER,257.6
2023-05-10,TATASTEEL,119.17
2023-05-10,TCS,3279.0
2023-05-10,TITAN,3218.65
2023-05-10,WIPRO,194.55
2023-05-11,ADANIGREEN,915.0
2023-05-11,AXISBANK,895.7
2023-05-11,TCS,3281.05
2023-05-12,ADANIGREEN,896.45
2023-05-12,AXISBANK,910.35
2023-05-12,BAJFINANCE,735.0
2023-05-12,JSWSTEEL,822.95
2023-05-12,KOTAKBANK,365.4
2023-05-12,NIFTY 50,20856.7
2023-05-12,NIFTY BANK,46968.95
2023-05-12,ONGC,187.9
2023-05-12,TATAPOWER,281.0
2023-05-12,TATASTEEL,125.18
2023-05-12,TCS,3277.0
2023-05-12,TITAN,3549.0
2023-05-12,WIPRO,193.35
2023-05-15,ADANIGREEN,869.0
2023-05-15,AXISBANK,913.1
2023-05-15,TCS,3251.5
2023-05-16,ADANIGREEN,876.9
2023-05-16,AXISBANK,915.9
2023-05-16,TCS,3256.0
2023-05-17,ADANIGREEN,880.95
2023-05-17,AXISBANK,915.2
2023-05-17,TCS,3209.0
2023-05-18,ADANIGREEN,850.05
2023-05-18,AXISBANK,915.65
2023-05-18,TCS,3200.0
2023-05-19,ADANIGREEN,903.55
2023-05-19,AXISBANK,925.9
2023-05-19,TCS,3224.55
2023-05-22,ADANIGREEN,941.75
2023-05-22,AXISBANK,916.8
2023-05-22,TCS,3292.0
2023-05-23,ADANIGREEN,988.8
2023-05-23,AXISBANK,912.95
2023-05-23,TCS,3295.05
2023-05-24,ADANIGREEN,984.4
2023-05-24,AXISBANK,918.0
2023-05-24,TCS,3303.5
2023-05-25,ADANIGREEN,971.2
2023-05-25,AXISBANK,920.35
2023-05-25,TCS,3295.0
2023-05-26,ADANIGREEN,964.0
2023-05-26,AXISBANK,925.9
2023-05-26,TCS,3331.7
2023-05-29,ADANIGREEN,975.0
2023-05-29,AXISBANK,930.7
2023-05-29,TCS,3320.7
2023-05-30,ADANIGREEN,965.0
2023-05-30,AXISBANK,935.15
2023-05-30,TCS,3315.15
2023-05-31,ADANIGREEN,984.0
2023-05-31,AXISBANK,917.5
2023-05-31,TCS,3286.0
2023-06-01,ADANIGREEN,993.0
2023-06-01,AXISBANK,921.5
2023-06-01,BAJFINANCE,598.5
2023-06-01,JSWSTEEL,728.0
2023-06-01,KOTAKBANK,357.8
2023-06-01,NIFTY 50,17865.85
2023-06-01,NIFTY BANK,42218.0
2023-06-01,ONGC,133.25
2023-06-01,TATAPOWER,205.3
2023-06-01,TATASTEEL,109.45
2023-06-01,TCS,3320.0
2023-06-01,TITAN,2537.0
2023-06-01,WIPRO,182.75
2023-06-02,ADANIGREEN,980.0
2023-06-02,AXISBANK,923.7
2023-06-02,BAJFINANCE,611.0
2023-06-02,JSWSTEEL,709.7
2023-06-02,KOTAKBANK,349.6
2023-06-02,NIFTY 50,17761.2
2023-06-02,NIFTY BANK,41367.1
2023-06-02,ONGC,129.9
2023-06-02,TATAPOWER,208.5
2023-06-02,TATASTEEL,111.3
2023-06-02,TCS,3306.4
2023-06-02,TITAN,2455.25
2023-06-02,WIPRO,193.55
2023-06-03,BAJFINANCE,614.0
2023-06-03,JSWSTEEL,675.2
2023-06-03,KOTAKBANK,350.1
2023-06-03,NIFTY 50,17719.85
2023-06-03,NIFTY BANK,41396.0
2023-06-03,ONGC,142.95
2023-06-03,TATAPOWER,210.35
2023-06-03,TATASTEEL,99.87
2023-06-03,TITAN,2403.4
2023-06-03,WIPRO,187.95
2023-06-04,BAJFINANCE,595.0
2023-06-04,JSWSTEEL,683.55
2023-06-04,KOTAKBANK,351.2
2023-06-04,NIFTY 50,17602.0
2023-06-04,NIFTY BANK,41039.05
2023-06-04,ONGC,136.15
2023-06-04,TATAPOWER,195.05
2023-06-04,TATASTEEL,98.6
2023-06-04,TITAN,2548.0
2023-06-04,WIPRO,175.65
2023-06-05,ADANIGREEN,987.2
2023-06-05,AXISBANK,951.0
2023-06-05,TCS,3289.3
2023-06-06,ADANIGREEN,991.65
2023-06-06,AXISBANK,966.0
2023-06-06,BAJFINANCE,712.0
2023-06-06,JSWSTEEL,712.3
2023-06-06,KOTAKBANK,392.4
2023-06-06,NIFTY 50,18617.1
2023-06-06,NIFTY BANK,44209.4
2023-06-06,ONGC,139.0
2023-06-06,TATAPOWER,217.0
2023-06-06,TATASTEEL,103.1
2023-06-06,TCS,3237.0
2023-06-06,TITAN,2880.0
2023-06-06,WIPRO,191.15
2023-06-07,ADANIGREEN,984.5
2023-06-07,AXISBANK,975.0
2023-06-07,BAJFINANCE,776.5
2023-06-07,JSWSTEEL,794.95
2023-06-07,KOTAKBANK,375.2
2023-06-07,NIFTY 50,19486.25
2023-06-07,NIFTY BANK,45314.85
2023-06-07,ONGC,149.65
2023-06-07,TATAPOWER,229.85
2023-06-07,TATASTEEL,106.56
2023-06-07,TCS,3274.55
2023-06-07,TITAN,3106.15
2023-06-07,WIPRO,189.25
2023-06-08,ADANIGREEN,976.75
2023-06-08,AXISBANK,961.0
2023-06-08,TCS,3236.5
2023-06-09,ADANIGREEN,962.0
2023-06-09,AXISBANK,974.6
2023-06-09,BAJFINANCE,739.0
2023-06-09,JSWSTEEL,813.0
2023-06-09,KOTAKBANK,355.2
2023-06-09,NIFTY 50,19618.9
2023-06-09,NIFTY BANK,44468.55
2023-06-09,ONGC,165.15
2023-06-09,TATAPOWER,257.0
2023-06-09,TATASTEEL,123.03
2023-06-09,TCS,3210.0
2023-06-09,TITAN,3178.0
2023-06-09,WIPRO,205.2
2023-06-10,BAJFINANCE,815.0
2023-06-10,JSWSTEEL,763.0
2023-06-10,KOTAKBANK,348.4
2023-06-10,NIFTY 50,19649.9
2023-06-10,NIFTY BANK,44368.05
2023-06-10,ONGC,164.1
2023-06-10,TATAPOWER,258.85
2023-06-10,TATASTEEL,119.46
2023-06-10,TITAN,3307.0
2023-06-10,WIPRO,194.7
2023-06-11,BAJFINANCE,755.5
2023-06-11,JSWSTEEL,754.35
2023-06-11,KOTAKBANK,347.8
2023-06-11,NIFTY 50,19411.85
2023-06-11,NIFTY BANK,43628.0
2023-06-11,ONGC,174.45
2023-06-11,TATAPOWER,249.6
2023-06-11,TATASTEEL,113.31
2023-06-11,TITAN,3269.8
2023-06-11,WIPRO,184.2
2023-06-12,ADANIGREEN,961.0
2023-06-12,AXISBANK,974.9
2023-06-12,BAJFINANCE,743.0
2023-06-12,JSWSTEEL,825.5
2023-06-12,KOTAKBANK,364.6
2023-06-12,NIFTY 50,20935.9
2023-06-12,NIFTY BANK,46801.85
2023-06-12,ONGC,188.35
2023-06-12,TATAPOWER,294.55
2023-06-12,TATASTEEL,125.47
2023-06-12,TCS,3248.4
2023-06-12,TITAN,3545.0
2023-06-12,WIPRO,200.85
2023-06-13,ADANIGREEN,954.0
2023-06-13,AXISBANK,986.95
2023-06-13,TCS,3244.9
2023-06-14,ADANIGREEN,955.4
2023-06-14,AXISBANK,977.3
2023-06-14,TCS,3245.3
2023-06-15,ADANIGREEN,963.0
2023-06-15,AXISBANK,978.55
2023-06-15,TCS,3215.3
2023-06-16,ADANIGREEN,969.9
2023-06-16,AXISBANK,981.5
2023-06-16,TCS,3177.3
2023-06-19,ADANIGREEN,960.0
2023-06-19,AXISBANK,966.7
2023-06-19,TCS,3207.1
2023-06-20,ADANIGREEN,964.65
2023-06-20,AXISBANK,976.0
2023-06-20,TCS,3229.9
2023-06-21,ADANIGREEN,974.4
2023-06-21,AXISBANK,966.45
2023-06-21,TCS,3257.0
2023-06-22,ADANIGREEN,970.85
2023-06-22,AXISBANK,963.75
2023-06-22,TCS,3240.5
2023-06-23,ADANIGREEN,954.9
2023-06-23,AXISBANK,958.55
2023-06-23,TCS,3213.9
2023-06-26,ADANIGREEN,967.0
2023-06-26,AXISBANK,960.0
2023-06-26,TCS,3190.0
2023-06-27,ADANIGREEN,957.85
2023-06-27,AXISBANK,974.0
2023-06-27,TCS,3197.3
2023-06-28,ADANIGREEN,959.0
2023-06-28,AXISBANK,980.45
2023-06-28,TCS,3222.85
2023-06-30,ADANIGREEN,944.0
2023-06-30,AXISBANK,986.0
2023-06-30,TCS,3298.4
2023-07-02,BAJFINANCE,615.5
2023-07-02,JSWSTEEL,712.25
2023-07-02,KOTAKBANK,355.0
2023-07-02,NIFTY 50,17720.4
2023-07-02,NIFTY BANK,41464.4
2023-07-02,ONGC,130.8
2023-07-02,TATAPOWER,206.8
2023-07-02,TATASTEEL,105.1
2023-07-02,TITAN,2449.05
2023-07-02,WIPRO,191.45
2023-07-03,ADANIGREEN,941.5
2023-07-03,AXISBANK,984.0
2023-07-03,TCS,3274.0
2023-07-04,ADANIGREEN,945.0
2023-07-04,AXISBANK,971.1
2023-07-04,TCS,3305.0
2023-07-05,ADANIGREEN,947.5
2023-07-05,AXISBANK,967.8
2023-07-05,TCS,3322.0
2023-07-06,ADANIGREEN,958.0
2023-07-06,AXISBANK,982.55
2023-07-06,BAJFINANCE,708.5
2023-07-06,JSWSTEEL,731.5
2023-07-06,KOTAKBANK,387.9
2023-07-06,NIFTY 50,18730.35
2023-07-06,NIFTY BANK,44279.6
2023-07-06,ONGC,139.5
2023-07-06,TATAPOWER,218.55
2023-07-06,TATASTEEL,105.44
2023-07-06,TCS,3321.0
2023-07-06,TITAN,2905.0
2023-07-06,WIPRO,192.85
2023-07-07,ADANIGREEN,950.0
2023-07-07,AXISBANK,975.6
2023-07-07,BAJFINANCE,761.5
2023-07-07,JSWSTEEL,789.0
2023-07-07,KOTAKBANK,371.0
2023-07-07,NIFTY 50,19324.65
2023-07-07,NIFTY BANK,44892.1
2023-07-07,ONGC,148.4
2023-07-07,TATAPOWER,228.3
2023-07-07,TATASTEEL,105.59
2023-07-07,TCS,3321.0
2023-07-07,TITAN,3142.35
2023-07-07,WIPRO,189.05
2023-07-08,BAJFINANCE,712.0
2023-07-08,JSWSTEEL,813.0
2023-07-08,KOTAKBANK,366.5
2023-07-08,NIFTY 50,19597.95
2023-07-08,NIFTY BANK,44833.0
2023-07-08,ONGC,156.0
2023-07-08,TATAPOWER,233.1
2023-07-08,TATASTEEL,112.38
2023-07-08,TITAN,2908.0
2023-07-08,WIPRO,196.55
2023-07-09,BAJFINANCE,737.0
2023-07-09,JSWSTEEL,818.0
2023-07-09,KOTAKBANK,357.8
2023-07-09,NIFTY 50,19723.25
2023-07-09,NIFTY BANK,44855.55
2023-07-09,ONGC,163.7
2023-07-09,TATAPOWER,263.65
2023-07-09,TATASTEEL,123.62
2023-07-09,TITAN,3177.0
2023-07-09,WIPRO,206.95
2023-07-10,ADANIGREEN,957.6
2023-07-10,AXISBANK,964.6
2023-07-10,TCS,3276.0
2023-07-11,ADANIGREEN,963.1
2023-07-11,AXISBANK,955.0
2023-07-11,BAJFINANCE,750.0
2023-07-11,JSWSTEEL,748.2
2023-07-11,KOTAKBANK,350.6
2023-07-11,NIFTY 50,19417.2
2023-07-11,NIFTY BANK,43780.15
2023-07-11,ONGC,174.9
2023-07-11,TATAPOWER,250.15
2023-07-11,TATASTEEL,113.5
2023-07-11,TCS,3272.0
2023-07-11,TITAN,3270.85
2023-07-11,WIPRO,183.5
2023-07-12,ADANIGREEN,952.0
2023-07-12,AXISBANK,950.0
2023-07-12,BAJFINANCE,740.0
2023-07-12,JSWSTEEL,821.85
2023-07-12,KOTAKBANK,365.1
2023-07-12,NIFTY 50,20916.1
2023-07-12,NIFTY BANK,46839.4
2023-07-12,ONGC,185.3
2023-07-12,TATAPOWER,326.9
2023-07-12,TATASTEEL,123.57
2023-07-12,TCS,3260.95
2023-07-12,TITAN,3580.1
2023-07-12,WIPRO,199.95
2023-07-13,ADANIGREEN,946.15
2023-07-13,AXISBANK,962.25
2023-07-13,TCS,3344.5
2023-07-14,ADANIGREEN,965.1
2023-07-14,AXISBANK,958.2
2023-07-14,TCS,3510.0
2023-07-17,ADANIGREEN,964.7
2023-07-17,AXISBANK,964.6
2023-07-17,TCS,3488.0
2023-07-18,ADANIGREEN,972.05
2023-07-18,AXISBANK,963.0
2023-07-18,TCS,3492.45
2023-07-19,ADANIGREEN,977.55
2023-07-19,AXISBANK,963.0
2023-07-19,TCS,3469.35
2023-07-20,ADANIGREEN,983.6
2023-07-20,AXISBANK,977.15
2023-07-20,TCS,3461.6
2023-07-21,ADANIGREEN,993.2
2023-07-21,AXISBANK,971.6
2023-07-21,TCS,3374.0
2023-07-24,ADANIGREEN,987.1
2023-07-24,AXISBANK,971.0
2023-07-24,TCS,3393.0
2023-07-25,ADANIGREEN,1088.05
2023-07-25,AXISBANK,963.0
2023-07-25,TCS,3400.0
2023-07-26,ADANIGREEN,1134.9
2023-07-26,AXISBANK,974.35
2023-07-26,TCS,3391.75
2023-07-27,ADANIGREEN,1120.0
2023-07-27,AXISBANK,961.15
2023-07-27,TCS,3397.95
2023-07-28,ADANIGREEN,1092.0
2023-07-28,AXISBANK,950.0
2023-07-28,TCS,3354.0
2023-07-31,ADANIGREEN,1090.0
2023-07-31,AXISBANK,954.9
2023-07-31,TCS,3415.9
2023-08-01,ADANIGREEN,1085.0
2023-08-01,AXISBANK,961.8
2023-08-01,TCS,3450.1
2023-08-02,ADANIGREEN,1050.0
2023-08-02,AXISBANK,944.4
2023-08-02,BAJFINANCE,633.5
2023-08-02,JSWSTEEL,731.0
2023-08-02,KOTAKBANK,352.6
2023-08-02,NIFTY 50,17862.5
2023-08-02,NIFTY BANK,41494.05
2023-08-02,ONGC,129.9
2023-08-02,TATAPOWER,207.2
2023-08-02,TATASTEEL,105.54
2023-08-02,TCS,3433.0
2023-08-02,TITAN,2463.55
2023-08-02,WIPRO,194.75
2023-08-03,ADANIGREEN,1041.0
2023-08-03,AXISBANK,938.5
2023-08-03,BAJFINANCE,600.0
2023-08-03,JSWSTEEL,675.85
2023-08-03,KOTAKBANK,348.6
2023-08-03,NIFTY 50,17751.5
2023-08-03,NIFTY BANK,41573.5
2023-08-03,ONGC,142.85
2023-08-03,TATAPOWER,211.6
2023-08-03,TATASTEEL,100.51
2023-08-03,TCS,3397.0
2023-08-03,TITAN,2397.0
2023-08-03,WIPRO,187.65
2023-08-04,ADANIGREEN,1012.0
2023-08-04,AXISBANK,950.8
2023-08-04,TCS,3441.05
2023-08-05,BAJFINANCE,665.5
2023-08-05,JSWSTEEL,733.5
2023-08-05,KOTAKBANK,391.8
2023-08-05,NIFTY 50,18269.75
2023-08-05,NIFTY BANK,43314.4
2023-08-05,ONGC,148.8
2023-08-05,TATAPOWER,202.7
2023-08-05,TATASTEEL,103.73
2023-08-05,TITAN,2753.25
2023-08-05,WIPRO,182.0
2023-08-06,BAJFINANCE,701.0
2023-08-06,JSWSTEEL,750.3
2023-08-06,KOTAKBANK,377.6
2023-08-06,NIFTY 50,18646.9
2023-08-06,NIFTY BANK,44007.7
2023-08-06,ONGC,141.25
2023-08-06,TATAPOWER,221.1
2023-08-06,TATASTEEL,105.2
2023-08-06,TITAN,2874.5
2023-08-06,WIPRO,191.15
2023-08-07,ADANIGREEN,966.0
2023-08-07,AXISBANK,947.5
2023-08-07,TCS,3483.0
2023-08-08,ADANIGREEN,990.2
2023-08-08,AXISBANK,953.2
2023-08-08,BAJFINANCE,720.5
2023-08-08,JSWSTEEL,800.5
2023-08-08,KOTAKBANK,366.1
2023-08-08,NIFTY 50,19570.8
2023-08-08,NIFTY BANK,44982.9
2023-08-08,ONGC,156.45
2023-08-08,TATAPOWER,233.6
2023-08-08,TATASTEEL,111.94
2023-08-08,TCS,3469.0
2023-08-08,TITAN,2920.8
2023-08-08,WIPRO,198.9
2023-08-09,ADANIGREEN,971.0
2023-08-09,AXISBANK,949.9
2023-08-09,BAJFINANCE,739.5
2023-08-09,JSWSTEEL,815.3
2023-08-09,KOTAKBANK,358.7
2023-08-09,NIFTY 50,19820.5
2023-08-09,NIFTY BANK,45169.55
2023-08-09,ONGC,166.65
2023-08-09,TATAPOWER,269.35
2023-08-09,TATASTEEL,123.13
2023-08-09,TCS,3467.0
2023-08-09,TITAN,3199.0
2023-08-09,WIPRO,205.75
2023-08-10,ADANIGREEN,974.5
2023-08-10,AXISBANK,940.45
2023-08-10,TCS,3448.25
2023-08-11,ADANIGREEN,972.0
2023-08-11,AXISBANK,937.75
2023-08-11,BAJFINANCE,746.0
2023-08-11,JSWSTEEL,754.95
2023-08-11,KOTAKBANK,349.6
2023-08-11,NIFTY 50,19436.45
2023-08-11,NIFTY BANK,43646.6
2023-08-11,ONGC,176.5
2023-08-11,TATAPOWER,254.7
2023-08-11,TATASTEEL,112.77
2023-08-11,TCS,3444.5
2023-08-11,TITAN,3311.8
2023-08-11,WIPRO,182.85
2023-08-12,BAJFINANCE,731.0
2023-08-12,JSWSTEEL,839.35
2023-08-12,KOTAKBANK,368.5
2023-08-12,NIFTY 50,20972.1
2023-08-12,NIFTY BANK,47283.75
2023-08-12,ONGC,182.7
2023-08-12,TATAPOWER,323.5
2023-08-12,TATASTEEL,122.74
2023-08-12,TITAN,3622.0
2023-08-12,WIPRO,202.6
2023-08-14,ADANIGREEN,953.05
2023-08-14,AXISBANK,940.0
2023-08-14,TCS,3448.0
2023-08-16,ADANIGREEN,950.0
2023-08-16,AXISBANK,933.0
2023-08-16,TCS,3458.35
2023-08-17,ADANIGREEN,931.65
2023-08-17,AXISBANK,937.25
2023-08-17,TCS,3425.9
2023-08-18,ADANIGREEN,999.0
2023-08-18,AXISBANK,942.5
2023-08-18,TCS,3368.0
2023-08-21,ADANIGREEN,1020.9
2023-08-21,AXISBANK,951.5
2023-08-21,JIOFIN,248.9
2023-08-21,TCS,3400.05
2023-08-22,ADANIGREEN,1016.0
2023-08-22,AXISBANK,958.0
2023-08-22,JIOFIN,236.45
2023-08-22,TCS,3383.0
2023-08-23,ADANIGREEN,977.0
2023-08-23,AXISBANK,977.25
2023-08-23,JIOFIN,224.65
2023-08-23,TCS,3389.2
2023-08-24,ADANIGREEN,985.95
2023-08-24,AXISBANK,982.1
2023-08-24,JIOFIN,213.45
2023-08-24,TCS,3391.0
2023-08-25,ADANIGREEN,981.65
2023-08-25,AXISBANK,982.0
2023-08-25,JIOFIN,221.0
2023-08-25,TCS,3374.0
2023-08-28,ADANIGREEN,983.0
2023-08-28,AXISBANK,986.5
2023-08-28,JIOFIN,210.35
2023-08-28,TCS,3373.0
2023-08-29,ADANIGREEN,973.5
2023-08-29,AXISBANK,981.85
2023-08-29,JIOFIN,221.7
2023-08-29,TCS,3375.0
2023-08-30,ADANIGREEN,968.7
2023-08-30,AXISBANK,981.0
2023-08-30,JIOFIN,231.25
2023-08-30,TCS,3391.0
2023-08-31,ADANIGREEN,934.0
2023-08-31,AXISBANK,972.0
2023-08-31,JIOFIN,240.0
2023-08-31,TCS,3361.0
2023-09-01,ADANIGREEN,948.0
2023-09-01,AXISBANK,990.15
2023-09-01,BAJFINANCE,598.0
2023-09-01,JIOFIN,245.15
2023-09-01,JSWSTEEL,741.5
2023-09-01,KOTAKBANK,362.4
2023-09-01,NIFTY 50,18088.75
2023-09-01,NIFTY BANK,42563.5
2023-09-01,ONGC,134.15
2023-09-01,TATAPOWER,206.2
2023-09-01,TATASTEEL,111.45
2023-09-01,TCS,3374.0
2023-09-01,TITAN,2489.95
2023-09-01,WIPRO,187.3
2023-09-02,BAJFINANCE,646.0
2023-09-02,JSWSTEEL,723.3
2023-09-02,KOTAKBANK,354.0
2023-09-02,NIFTY 50,17897.1
2023-09-02,NIFTY BANK,41576.25
2023-09-02,ONGC,131.95
2023-09-02,TATAPOWER,205.6
2023-09-02,TATASTEEL,105.29
2023-09-02,TITAN,2465.5
2023-09-02,WIPRO,194.85
2023-09-03,BAJFINANCE,590.0
2023-09-03,JSWSTEEL,678.25
2023-09-03,KOTAKBANK,343.0
2023-09-03,NIFTY 50,17582.8
2023-09-03,NIFTY BANK,41227.9
2023-09-03,ONGC,141.2
2023-09-03,TATAPOWER,210.25
2023-09-03,TATASTEEL,102.22
2023-09-03,TITAN,2365.0
2023-09-03,WIPRO,186.55
2023-09-04,ADANIGREEN,958.0
2023-09-04,AXISBANK,983.45
2023-09-04,JIOFIN,254.5
2023-09-04,TCS,3420.0
2023-09-05,ADANIGREEN,960.0
2023-09-05,AXISBANK,981.1
2023-09-05,BAJFINANCE,656.0
2023-09-05,JIOFIN,255.3
2023-09-05,JSWSTEEL,724.85
2023-09-05,KOTAKBANK,390.6
2023-09-05,NIFTY 50,18258.3
2023-09-05,NIFTY BANK,43171.6
2023-09-05,ONGC,148.9
2023-09-05,TATAPOWER,203.25
2023-09-05,TATASTEEL,103.63
2023-09-05,TCS,3425.65
2023-09-05,TITAN,2746.0
2023-09-05,WIPRO,182.9
2023-09-06,ADANIGREEN,1006.5
2023-09-06,AXISBANK,966.95
2023-09-06,BAJFINANCE,703.0
2023-09-06,JIOFIN,253.7
2023-09-06,JSWSTEEL,747.75
2023-09-06,KOTAKBANK,374.8
2023-09-06,NIFTY 50,18567.3
2023-09-06,NIFTY BANK,43990.6
2023-09-06,ONGC,139.3
2023-09-06,TATAPOWER,221.1
2023-09-06,TATASTEEL,103.14
2023-09-06,TCS,3421.6
2023-09-06,TITAN,2878.8
2023-09-06,WIPRO,189.85
2023-09-07,ADANIGREEN,996.0
2023-09-07,AXISBANK,976.85
2023-09-07,JIOFIN,252.7
2023-09-07,TCS,3459.0
2023-09-08,ADANIGREEN,1000.0
2023-09-08,AXISBANK,980.15
2023-09-08,BAJFINANCE,712.0
2023-09-08,JIOFIN,253.5
2023-09-08,JSWSTEEL,826.95
2023-09-08,KOTAKBANK,365.2
2023-09-08,NIFTY 50,19630.95
2023-09-08,NIFTY BANK,44881.05
2023-09-08,ONGC,160.0
2023-09-08,TATAPOWER,235.4
2023-09-08,TATASTEEL,114.24
2023-09-08,TCS,3443.0
2023-09-08,TITAN,2962.0
2023-09-08,WIPRO,199.55
2023-09-10,BAJFINANCE,802.0
2023-09-10,JSWSTEEL,755.95
2023-09-10,KOTAKBANK,344.0
2023-09-10,NIFTY 50,19497.5
2023-09-10,NIFTY BANK,43868.5
2023-09-10,ONGC,164.65
2023-09-10,TATAPOWER,249.5
2023-09-10,TATASTEEL,117.02
2023-09-10,TITAN,3265.0
2023-09-10,WIPRO,193.35
2023-09-11,ADANIGREEN,1019.0
2023-09-11,AXISBANK,1003.0
2023-09-11,BAJFINANCE,739.0
2023-09-11,JIOFIN,250.5
2023-09-11,JSWSTEEL,750.45
2023-09-11,KOTAKBANK,349.4
2023-09-11,NIFTY 50,19404.0
2023-09-11,NIFTY BANK,43695.9
2023-09-11,ONGC,174.0
2023-09-11,TATAPOWER,248.2
2023-09-11,TATASTEEL,113.41
2023-09-11,TCS,3481.0
2023-09-11,TITAN,3285.0
2023-09-11,WIPRO,182.1
2023-09-12,ADANIGREEN,1003.05
2023-09-12,AXISBANK,1000.3
2023-09-12,JIOFIN,244.0
2023-09-12,TCS,3574.0
2023-09-13,ADANIGREEN,985.0
2023-09-13,AXISBANK,1016.75
2023-09-13,JIOFIN,241.0
2023-09-13,TCS,3561.5
2023-09-14,ADANIGREEN,983.0
2023-09-14,AXISBANK,1019.55
2023-09-14,JIOFIN,242.85
2023-09-14,TCS,3562.35
2023-09-15,ADANIGREEN,1008.2
2023-09-15,AXISBANK,1022.9
2023-09-15,JIOFIN,239.25
2023-09-15,TCS,3591.55
2023-09-18,ADANIGREEN,1004.85
2023-09-18,AXISBANK,1022.75
2023-09-18,JIOFIN,233.6
2023-09-18,TCS,3606.25
2023-09-20,ADANIGREEN,1000.1
2023-09-20,AXISBANK,1027.0
2023-09-20,JIOFIN,229.95
2023-09-20,TCS,3600.1
2023-09-21,ADANIGREEN,1019.1
2023-09-21,AXISBANK,1013.5
2023-09-21,JIOFIN,227.7
2023-09-21,TCS,3585.1
2023-09-22,ADANIGREEN,1013.5
2023-09-22,AXISBANK,1019.5
2023-09-22,JIOFIN,228.1
2023-09-22,TCS,3604.0
2023-09-25,ADANIGREEN,1007.9
2023-09-25,AXISBANK,1019.7
2023-09-25,JIOFIN,229.05
2023-09-25,TCS,3569.8
2023-09-26,ADANIGREEN,1003.0
2023-09-26,AXISBANK,1014.7
2023-09-26,JIOFIN,230.7
2023-09-26,TCS,3590.0
2023-09-27,ADANIGREEN,1016.0
2023-09-27,AXISBANK,1024.5
2023-09-27,JIOFIN,227.55
2023-09-27,TCS,3587.0
2023-09-28,ADANIGREEN,1010.0
2023-09-28,AXISBANK,1028.75
2023-09-28,JIOFIN,224.95
2023-09-28,TCS,3549.0
2023-09-29,ADANIGREEN,989.4
2023-09-29,AXISBANK,1036.8
2023-09-29,JIOFIN,231.0
2023-09-29,TCS,3525.0
2023-10-01,BAJFINANCE,590.0
2023-10-01,JSWSTEEL,745.5
2023-10-01,KOTAKBANK,359.2
2023-10-01,NIFTY 50,17925.35
2023-10-01,NIFTY BANK,42053.5
2023-10-01,ONGC,134.75
2023-10-01,TATAPOWER,206.3
2023-10-01,TATASTEEL,112.53
2023-10-01,TITAN,2464.5
2023-10-01,WIPRO,187.65
2023-10-02,BAJFINANCE,644.0
2023-10-02,JSWSTEEL,719.6
2023-10-02,KOTAKBANK,354.1
2023-10-02,NIFTY 50,17843.35
2023-10-02,NIFTY BANK,41542.6
2023-10-02,ONGC,132.8
2023-10-02,TATAPOWER,205.0
2023-10-02,TATASTEEL,102.8
2023-10-02,TITAN,2470.5
2023-10-02,WIPRO,193.65
2023-10-03,ADANIGREEN,974.0
2023-10-03,AXISBANK,1038.5
2023-10-03,BAJFINANCE,587.0
2023-10-03,JIOFIN,231.1
2023-10-03,JSWSTEEL,679.65
2023-10-03,KOTAKBANK,340.2
2023-10-03,NIFTY 50,17418.6
2023-10-03,NIFTY BANK,40488.75
2023-10-03,ONGC,140.95
2023-10-03,TATAPOWER,208.6
2023-10-03,TATASTEEL,102.22
2023-10-03,TCS,3507.1
2023-10-03,TITAN,2376.55
2023-10-03,WIPRO,186.35
2023-10-04,ADANIGREEN,970.45
2023-10-04,AXISBANK,990.85
2023-10-04,BAJFINANCE,583.0
2023-10-04,JIOFIN,224.6
2023-10-04,JSWSTEEL,689.5
2023-10-04,KOTAKBANK,351.5
2023-10-04,NIFTY 50,17613.05
2023-10-04,NIFTY BANK,40796.45
2023-10-04,ONGC,141.5
2023-10-04,TATAPOWER,195.75
2023-10-04,TATASTEEL,99.19
2023-10-04,TCS,3545.0
2023-10-04,TITAN,2578.0
2023-10-04,WIPRO,178.8
2023-10-05,ADANIGREEN,958.05
2023-10-05,AXISBANK,1003.75
2023-10-05,BAJFINANCE,662.5
2023-10-05,JIOFIN,225.05
2023-10-05,JSWSTEEL,724.0
2023-10-05,KOTAKBANK,392.4
2023-10-05,NIFTY 50,18311.1
2023-10-05,NIFTY BANK,43343.85
2023-10-05,ONGC,150.65
2023-10-05,TATAPOWER,204.1
2023-10-05,TATASTEEL,103.34
2023-10-05,TCS,3592.0
2023-10-05,TITAN,2746.0
2023-10-05,WIPRO,183.4
2023-10-06,ADANIGREEN,960.0
2023-10-06,AXISBANK,1004.0
2023-10-06,JIOFIN,225.25
2023-10-06,TCS,3621.25
2023-10-07,BAJFINANCE,756.0
2023-10-07,JSWSTEEL,811.35
2023-10-07,KOTAKBANK,374.0
2023-10-07,NIFTY 50,19367.85
2023-10-07,NIFTY BANK,44869.45
2023-10-07,ONGC,147.2
2023-10-07,TATAPOWER,224.9
2023-10-07,TATASTEEL,109.11
2023-10-07,TITAN,3052.0
2023-10-07,WIPRO,186.4
2023-10-08,BAJFINANCE,717.0
2023-10-08,JSWSTEEL,830.0
2023-10-08,KOTAKBANK,359.5
2023-10-08,NIFTY 50,19549.2
2023-10-08,NIFTY BANK,44544.2
2023-10-08,ONGC,161.7
2023-10-08,TATAPOWER,237.4
2023-10-08,TATASTEEL,113.75
2023-10-08,TITAN,2988.0
2023-10-08,WIPRO,199.95
2023-10-09,ADANIGREEN,937.0
2023-10-09,AXISBANK,996.45
2023-10-09,JIOFIN,219.55
2023-10-09,TCS,3633.0
2023-10-10,ADANIGREEN,941.75
2023-10-10,AXISBANK,1011.25
2023-10-10,BAJFINANCE,808.0
2023-10-10,JIOFIN,220.7
2023-10-10,JSWSTEEL,771.7
2023-10-10,KOTAKBANK,352.2
2023-10-10,NIFTY 50,19691.5
2023-10-10,NIFTY BANK,44378.4
2023-10-10,ONGC,165.7
2023-10-10,TATAPOWER,253.95
2023-10-10,TATASTEEL,118.88
2023-10-10,TCS,3629.3
2023-10-10,TITAN,3265.95
2023-10-10,WIPRO,194.8
2023-10-11,ADANIGREEN,960.05
2023-10-11,AXISBANK,1017.7
2023-10-11,BAJFINANCE,745.0
2023-10-11,JIOFIN,226.2
2023-10-11,JSWSTEEL,753.15
2023-10-11,KOTAKBANK,349.2
2023-10-11,NIFTY 50,19443.45
2023-10-11,NIFTY BANK,43879.9
2023-10-11,ONGC,176.95
2023-10-11,TATAPOWER,251.5
2023-10-11,TATASTEEL,113.89
2023-10-11,TCS,3613.0
2023-10-11,TITAN,3261.8
2023-10-11,WIPRO,181.5
2023-10-12,ADANIGREEN,951.0
2023-10-12,AXISBANK,1017.4
2023-10-12,JIOFIN,224.9
2023-10-12,TCS,3543.0
2023-10-13,ADANIGREEN,951.0
2023-10-13,AXISBANK,994.0
2023-10-13,JIOFIN,224.0
2023-10-13,TCS,3574.95
2023-10-16,ADANIGREEN,938.0
2023-10-16,AXISBANK,1005.15
2023-10-16,JIOFIN,224.85
2023-10-16,TCS,3520.65
2023-10-17,ADANIGREEN,947.65
2023-10-17,AXISBANK,1009.9
2023-10-17,JIOFIN,221.35
2023-10-17,TCS,3508.1
2023-10-18,ADANIGREEN,940.0
2023-10-18,AXISBANK,993.7
2023-10-18,JIOFIN,216.4
2023-10-18,TCS,3492.5
2023-10-19,ADANIGREEN,932.5
2023-10-19,AXISBANK,993.15
2023-10-19,JIOFIN,214.6
2023-10-19,TCS,3454.8
2023-10-20,ADANIGREEN,918.0
2023-10-20,AXISBANK,979.4
2023-10-20,JIOFIN,214.0
2023-10-20,TCS,3491.85
2023-10-23,ADANIGREEN,878.9
2023-10-23,AXISBANK,965.55
2023-10-23,JIOFIN,205.0
2023-10-23,TCS,3409.0
2023-10-25,ADANIGREEN,874.9
2023-10-25,AXISBANK,956.85
2023-10-25,JIOFIN,210.5
2023-10-25,TCS,3390.55
2023-10-26,ADANIGREEN,852.9
2023-10-26,AXISBANK,973.3
2023-10-26,JIOFIN,216.4
2023-10-26,TCS,3331.8
2023-10-27,ADANIGREEN,872.75
2023-10-27,AXISBANK,999.9
2023-10-27,JIOFIN,224.6
2023-10-27,TCS,3350.0
2023-10-30,ADANIGREEN,913.8
2023-10-30,AXISBANK,989.6
2023-10-30,JIOFIN,219.0
2023-10-30,TCS,3381.0
2023-10-31,ADANIGREEN,908.0
2023-10-31,AXISBANK,980.45
2023-10-31,JIOFIN,218.2
2023-10-31,TCS,3371.8
2023-11-01,ADANIGREEN,883.0
2023-11-01,AXISBANK,971.4
2023-11-01,BAJFINANCE,591.0
2023-11-01,JIOFIN,215.95
2023-11-01,JSWSTEEL,754.25
2023-11-01,KOTAKBANK,360.0
2023-11-01,NIFTY 50,17888.4
2023-11-01,NIFTY BANK,42190.65
2023-11-01,ONGC,132.6
2023-11-01,TATAPOWER,205.8
2023-11-01,TATASTEEL,112.43
2023-11-01,TCS,3311.1
2023-11-01,TITAN,2434.95
2023-11-01,WIPRO,188.2
2023-11-02,ADANIGREEN,894.0
2023-11-02,AXISBANK,982.5
2023-11-02,JIOFIN,217.0
2023-11-02,TCS,3363.0
2023-11-03,ADANIGREEN,902.7
2023-11-03,AXISBANK,987.05
2023-11-03,JIOFIN,219.1
2023-11-03,TCS,3351.0
2023-11-04,BAJFINANCE,584.0
2023-11-04,JSWSTEEL,714.9
2023-11-04,KOTAKBANK,368.1
2023-11-04,NIFTY 50,17722.25
2023-11-04,NIFTY BANK,41385.05
2023-11-04,ONGC,143.55
2023-11-04,TATAPOWER,197.8
2023-11-04,TATASTEEL,101.73
2023-11-04,TITAN,2577.1
2023-11-04,WIPRO,177.1
2023-11-05,BAJFINANCE,667.0
2023-11-05,JSWSTEEL,710.1
2023-11-05,KOTAKBANK,392.8
2023-11-05,NIFTY 50,18304.5
2023-11-05,NIFTY BANK,43506.75
2023-11-05,ONGC,150.9
2023-11-05,TATAPOWER,206.5
2023-11-05,TATASTEEL,102.66
2023-11-05,TITAN,2760.8
2023-11-05,WIPRO,183.8
2023-11-06,ADANIGREEN,926.0
2023-11-06,AXISBANK,1010.05
2023-11-06,JIOFIN,217.1
2023-11-06,TCS,3385.0
2023-11-07,ADANIGREEN,929.0
2023-11-07,AXISBANK,1019.5
2023-11-07,BAJFINANCE,744.0
2023-11-07,JIOFIN,217.15
2023-11-07,JSWSTEEL,800.0
2023-11-07,KOTAKBANK,373.4
2023-11-07,NIFTY 50,19448.15
2023-11-07,NIFTY BANK,44786.35
2023-11-07,ONGC,148.6
2023-11-07,TATAPOWER,225.6
2023-11-07,TATASTEEL,109.01
2023-11-07,TCS,3371.55
2023-11-07,TITAN,3086.35
2023-11-07,WIPRO,187.35
2023-11-08,ADANIGREEN,944.9
2023-11-08,AXISBANK,1020.1
2023-11-08,BAJFINANCE,703.5
2023-11-08,JIOFIN,214.5
2023-11-08,JSWSTEEL,821.4
2023-11-08,KOTAKBANK,358.7
2023-11-08,NIFTY 50,19424.25
2023-11-08,NIFTY BANK,44262.55
2023-11-08,ONGC,160.2
2023-11-08,TATAPOWER,235.7
2023-11-08,TATASTEEL,114.28
2023-11-08,TCS,3382.65
2023-11-08,TITAN,3017.25
2023-11-08,WIPRO,197.45
2023-11-09,ADANIGREEN,937.0
2023-11-09,AXISBANK,1021.25
2023-11-09,BAJFINANCE,739.0
2023-11-09,JIOFIN,215.5
2023-11-09,JSWSTEEL,823.55
2023-11-09,KOTAKBANK,361.9
2023-11-09,NIFTY 50,20000.0
2023-11-09,NIFTY BANK,45618.95
2023-11-09,ONGC,165.9
2023-11-09,TATAPOWER,272.05
2023-11-09,TATASTEEL,124.59
2023-11-09,TCS,3350.0
2023-11-09,TITAN,3208.0
2023-11-09,WIPRO,207.6
2023-11-10,ADANIGREEN,939.05
2023-11-10,AXISBANK,1029.8
2023-11-10,BAJFINANCE,811.0
2023-11-10,JIOFIN,222.5
2023-11-10,JSWSTEEL,776.1
2023-11-10,KOTAKBANK,354.8
2023-11-10,NIFTY 50,19808.5
2023-11-10,NIFTY BANK,44519.85
2023-11-10,ONGC,165.4
2023-11-10,TATAPOWER,253.9
2023-11-10,TATASTEEL,118.58
2023-11-10,TCS,3341.0
2023-11-10,TITAN,3282.0
2023-11-10,WIPRO,201.25
2023-11-12,ADANIGREEN,947.5
2023-11-12,AXISBANK,1029.1
2023-11-12,BAJFINANCE,730.0
2023-11-12,JIOFIN,225.6
2023-11-12,JSWSTEEL,846.5
2023-11-12,KOTAKBANK,369.2
2023-11-12,NIFTY 50,20992.8
2023-11-12,NIFTY BANK,47299.7
2023-11-12,ONGC,180.9
2023-11-12,TATAPOWER,332.9
2023-11-12,TATASTEEL,123.76
2023-11-12,TCS,3358.9
2023-11-12,TITAN,3631.0
2023-11-12,WIPRO,200.7
2023-11-13,ADANIGREEN,937.05
2023-11-13,AXISBANK,1026.0
2023-11-13,JIOFIN,224.45
2023-11-13,TCS,3332.0
2023-11-15,ADANIGREEN,950.0
2023-11-15,AXISBANK,1041.5
2023-11-15,JIOFIN,224.15
2023-11-15,TCS,3408.6
2023-11-16,ADANIGREEN,940.0
2023-11-16,AXISBANK,1026.0
2023-11-16,JIOFIN,227.1
2023-11-16,TCS,3498.0
2023-11-17,ADANIGREEN,933.0
2023-11-17,AXISBANK,992.65
2023-11-17,JIOFIN,220.8
2023-11-17,TCS,3499.0
2023-11-20,ADANIGREEN,928.0
2023-11-20,AXISBANK,988.0
2023-11-20,JIOFIN,215.5
2023-11-20,TCS,3520.0
2023-11-21,ADANIGREEN,922.0
2023-11-21,AXISBANK,992.8
2023-11-21,JIOFIN,219.8
2023-11-21,TCS,3510.0
2023-11-22,ADANIGREEN,912.0
2023-11-22,AXISBANK,999.4
2023-11-22,JIOFIN,223.0
2023-11-22,TCS,3530.0
2023-11-23,ADANIGREEN,932.0
2023-11-23,AXISBANK,1000.75
2023-11-23,JIOFIN,221.15
2023-11-23,TCS,3507.5
2023-11-24,ADANIGREEN,942.0
2023-11-24,AXISBANK,1009.0
2023-11-24,JIOFIN,227.0
2023-11-24,TCS,3454.0
2023-11-28,ADANIGREEN,1063.0
2023-11-28,AXISBANK,1019.2
2023-11-28,JIOFIN,226.55
2023-11-28,TCS,3478.0
2023-11-29,ADANIGREEN,1039.0
2023-11-29,AXISBANK,1057.3
2023-11-29,JIOFIN,226.0
2023-11-29,TCS,3514.6
2023-11-30,ADANIGREEN,1030.75
2023-11-30,AXISBANK,1072.5
2023-11-30,JIOFIN,230.6
2023-11-30,TCS,3487.9
2023-12-01,ADANIGREEN,1021.95
2023-12-01,AXISBANK,1103.0
2023-12-01,BAJFINANCE,590.0
2023-12-01,JIOFIN,225.0
2023-12-01,JSWSTEEL,763.05
2023-12-01,KOTAKBANK,356.0
2023-12-01,NIFTY 50,17866.0
2023-12-01,NIFTY BANK,42092.95
2023-12-01,ONGC,132.3
2023-12-01,TATAPOWER,206.05
2023-12-01,TATASTEEL,111.79
2023-12-01,TCS,3512.0
2023-12-01,TITAN,2445.0
2023-12-01,WIPRO,188.75
2023-12-04,ADANIGREEN,1124.85
2023-12-04,AXISBANK,1122.8
2023-12-04,BAJFINANCE,587.5
2023-12-04,JIOFIN,229.9
2023-12-04,JSWSTEEL,718.25
2023-12-04,KOTAKBANK,369.0
2023-12-04,NIFTY 50,17817.9
2023-12-04,NIFTY BANK,41577.2
2023-12-04,ONGC,142.75
2023-12-04,TATAPOWER,197.2
2023-12-04,TATASTEEL,101.73
2023-12-04,TCS,3514.45
2023-12-04,TITAN,2588.0
2023-12-04,WIPRO,178.0
2023-12-05,ADANIGREEN,1348.5
2023-12-05,AXISBANK,1132.95
2023-12-05,BAJFINANCE,670.0
2023-12-05,JIOFIN,242.2
2023-12-05,JSWSTEEL,703.4
2023-12-05,KOTAKBANK,391.0
2023-12-05,NIFTY 50,18312.2
2023-12-05,NIFTY BANK,43794.2
2023-12-05,ONGC,149.75
2023-12-05,TATAPOWER,207.05
2023-12-05,TATASTEEL,100.95
2023-12-05,TCS,3533.6
2023-12-05,TITAN,2771.95
2023-12-05,WIPRO,183.3
2023-12-06,ADANIGREEN,1575.0
2023-12-06,AXISBANK,1119.1
2023-12-06,BAJFINANCE,711.0
2023-12-06,JIOFIN,246.75
2023-12-06,JSWSTEEL,747.45
2023-12-06,KOTAKBANK,375.4
2023-12-06,NIFTY 50,18614.9
2023-12-06,NIFTY BANK,43956.45
2023-12-06,ONGC,140.3
2023-12-06,TATAPOWER,221.0
2023-12-06,TATASTEEL,103.58
2023-12-06,TCS,3600.5
2023-12-06,TITAN,2857.4
2023-12-06,WIPRO,189.05
2023-12-07,ADANIGREEN,1630.0
2023-12-07,AXISBANK,1120.65
2023-12-07,BAJFINANCE,743.5
2023-12-07,JIOFIN,248.9
2023-12-07,JSWSTEEL,800.0
2023-12-07,KOTAKBANK,375.6
2023-12-07,NIFTY 50,19384.75
2023-12-07,NIFTY BANK,44660.25
2023-12-07,ONGC,151.6
2023-12-07,TATAPOWER,226.0
2023-12-07,TATASTEEL,108.67
2023-12-07,TCS,3618.0
2023-12-07,TITAN,3098.0
2023-12-07,WIPRO,186.9
2023-12-08,ADANIGREEN,1555.0
2023-12-08,AXISBANK,1132.0
2023-12-08,JIOFIN,244.25
2023-12-08,TCS,3625.0
2023-12-09,BAJFINANCE,742.0
2023-12-09,JSWSTEEL,816.8
2023-12-09,KOTAKBANK,362.1
2023-12-09,NIFTY 50,19985.65
2023-12-09,NIFTY BANK,45490.1
2023-12-09,ONGC,163.6
2023-12-09,TATAPOWER,263.0
2023-12-09,TATASTEEL,122.44
2023-12-09,TITAN,3183.0
2023-12-09,WIPRO,207.9
2023-12-10,BAJFINANCE,801.5
2023-12-10,JSWSTEEL,784.5
2023-12-10,KOTAKBANK,352.8
2023-12-10,NIFTY 50,19782.9
2023-12-10,NIFTY BANK,44570.85
2023-12-10,ONGC,166.95
2023-12-10,TATAPOWER,255.3
2023-12-10,TATASTEEL,119.42
2023-12-10,TITAN,3288.0
2023-12-10,WIPRO,199.15
2023-12-11,ADANIGREEN,1531.0
2023-12-11,AXISBANK,1115.0
2023-12-11,BAJFINANCE,745.5
2023-12-11,JIOFIN,245.9
2023-12-11,JSWSTEEL,757.0
2023-12-11,KOTAKBANK,350.4
2023-12-11,NIFTY 50,19522.3
2023-12-11,NIFTY BANK,43978.7
2023-12-11,ONGC,177.8
2023-12-11,TATAPOWER,253.1
2023-12-11,TATASTEEL,114.58
2023-12-11,TCS,3643.0
2023-12-11,TITAN,3279.0
2023-12-11,WIPRO,183.0
2023-12-12,ADANIGREEN,1461.9
2023-12-12,AXISBANK,1131.0
2023-12-12,BAJFINANCE,731.0
2023-12-12,JIOFIN,241.0
2023-12-12,JSWSTEEL,855.0
2023-12-12,KOTAKBANK,364.2
2023-12-12,NIFTY 50,20900.4
2023-12-12,NIFTY BANK,47063.8
2023-12-12,ONGC,182.5
2023-12-12,TATAPOWER,330.7
2023-12-12,TATASTEEL,123.86
2023-12-12,TCS,3665.5
2023-12-12,TITAN,3574.0
2023-12-12,WIPRO,201.75
2023-12-13,ADANIGREEN,1424.0
2023-12-13,AXISBANK,1116.9
2023-12-13,JIOFIN,239.6
2023-12-13,TCS,3597.1
2023-12-14,ADANIGREEN,1504.0
2023-12-14,AXISBANK,1122.55
2023-12-14,JIOFIN,238.9
2023-12-14,TCS,3670.95
2023-12-15,ADANIGREEN,1517.3
2023-12-15,AXISBANK,1119.0
2023-12-15,JIOFIN,237.3
2023-12-15,TCS,3872.15
2023-12-18,ADANIGREEN,1529.0
2023-12-18,AXISBANK,1111.0
2023-12-18,JIOFIN,240.25
2023-12-18,TCS,3856.0
2023-12-19,ADANIGREEN,1535.0
2023-12-19,AXISBANK,1118.1
2023-12-19,JIOFIN,238.5
2023-12-19,TCS,3808.0
2023-12-20,ADANIGREEN,1450.5
2023-12-20,AXISBANK,1107.0
2023-12-20,JIOFIN,231.5
2023-12-20,TCS,3775.0
2023-12-21,ADANIGREEN,1526.1
2023-12-21,AXISBANK,1097.5
2023-12-21,JIOFIN,237.9
2023-12-21,TCS,3796.65
2023-12-22,ADANIGREEN,1527.4
2023-12-22,AXISBANK,1088.7
2023-12-22,JIOFIN,236.8
2023-12-22,TCS,3814.0
2023-12-26,ADANIGREEN,1617.05
2023-12-26,AXISBANK,1095.1
2023-12-26,JIOFIN,234.75
2023-12-26,TCS,3798.1
2023-12-27,ADANIGREEN,1597.0
2023-12-27,AXISBANK,1105.15
2023-12-27,JIOFIN,233.9
2023-12-27,TCS,3808.0
2023-12-28,ADANIGREEN,1564.85
2023-12-28,AXISBANK,1105.45
2023-12-28,JIOFIN,233.65
2023-12-28,TCS,3798.85
2023-12-29,ADANIGREEN,1603.0
2023-12-29,AXISBANK,1100.1
2023-12-29,JIOFIN,233.0
2023-12-29,TCS,3799.0
2024-01-01,ADANIGREEN,1595.0
2024-01-01,AXISBANK,1095.0
2024-01-01,BAJFINANCE,729.0
2024-01-01,JIOFIN,234.55
2024-01-01,JSWSTEEL,875.85
2024-01-01,KOTAKBANK,379.4
2024-01-01,NIFTY 50,21689.45
2024-01-01,NIFTY BANK,48064.3
2024-01-01,ONGC,190.75
2024-01-01,TATAPOWER,329.75
2024-01-01,TATASTEEL,133.0
2024-01-01,TCS,3803.0
2024-01-01,TITAN,3679.85
2024-01-01,WIPRO,227.1
2024-01-02,ADANIGREEN,1600.0
2024-01-02,AXISBANK,1089.55
2024-01-02,BAJFINANCE,674.5
2024-01-02,JIOFIN,235.4
2024-01-02,JSWSTEEL,803.2
2024-01-02,KOTAKBANK,364.6
2024-01-02,NIFTY 50,21690.3
2024-01-02,NIFTY BANK,46206.9
2024-01-02,ONGC,230.7
2024-01-02,TATAPOWER,389.8
2024-01-02,TATASTEEL,128.26
2024-01-02,TCS,3781.15
2024-01-02,TITAN,3630.0
2024-01-02,WIPRO,225.3
2024-01-03,ADANIGREEN,1697.2
2024-01-03,AXISBANK,1098.0
2024-01-03,BAJFINANCE,657.5
2024-01-03,JIOFIN,234.5
2024-01-03,JSWSTEEL,834.55
2024-01-03,KOTAKBANK,345.4
2024-01-03,NIFTY 50,22326.05
2024-01-03,NIFTY BANK,47255.95
2024-01-03,ONGC,252.2
2024-01-03,TATAPOWER,377.35
2024-01-03,TATASTEEL,143.41
2024-01-03,TCS,3692.6
2024-01-03,TITAN,3761.05
2024-01-03,WIPRO,248.2
2024-01-04,ADANIGREEN,1691.0
2024-01-04,AXISBANK,1125.0
2024-01-04,BAJFINANCE,724.5
2024-01-04,JIOFIN,241.65
2024-01-04,JSWSTEEL,870.55
2024-01-04,KOTAKBANK,357.8
2024-01-04,NIFTY 50,22469.05
2024-01-04,NIFTY BANK,47558.7
2024-01-04,ONGC,251.35
2024-01-04,TATAPOWER,407.0
2024-01-04,TATASTEEL,155.57
2024-01-04,TCS,3668.0
2024-01-04,TITAN,3745.95
2024-01-04,WIPRO,231.8
2024-01-05,ADANIGREEN,1673.5
2024-01-05,AXISBANK,1134.3
2024-01-05,JIOFIN,243.6
2024-01-05,TCS,3738.6
2024-01-07,BAJFINANCE,726.0
2024-01-07,JSWSTEEL,945.0
2024-01-07,KOTAKBANK,360.9
2024-01-07,NIFTY 50,24123.15
2024-01-07,NIFTY BANK,52521.45
2024-01-07,ONGC,254.2
2024-01-07,TATAPOWER,434.9
2024-01-07,TATASTEEL,170.29
2024-01-07,TITAN,3434.95
2024-01-07,WIPRO,251.95
2024-01-08,ADANIGREEN,1681.3
2024-01-08,AXISBANK,1122.0
2024-01-08,BAJFINANCE,677.0
2024-01-08,JIOFIN,242.5
2024-01-08,JSWSTEEL,930.9
2024-01-08,KOTAKBANK,358.2
2024-01-08,NIFTY 50,25006.0
2024-01-08,NIFTY BANK,51606.45
2024-01-08,ONGC,317.4
2024-01-08,TATAPOWER,465.45
2024-01-08,TATASTEEL,159.3
2024-01-08,TCS,3680.85
2024-01-08,TITAN,3462.25
2024-01-08,WIPRO,249.1
2024-01-09,ADANIGREEN,1683.1
2024-01-09,AXISBANK,1118.8
2024-01-09,JIOFIN,241.95
2024-01-09,TCS,3696.0
2024-01-10,ADANIGREEN,1727.5
2024-01-10,AXISBANK,1106.95
2024-01-10,BAJFINANCE,772.0
2024-01-10,JIOFIN,242.2
2024-01-10,JSWSTEEL,1027.25
2024-01-10,KOTAKBANK,376.3
2024-01-10,NIFTY 50,25812.55
2024-01-10,NIFTY BANK,52980.0
2024-01-10,ONGC,272.15
2024-01-10,TATAPOWER,481.0
2024-01-10,TATASTEEL,162.85
2024-01-10,TCS,3708.15
2024-01-10,TITAN,3782.95
2024-01-10,WIPRO,260.95
2024-01-11,ADANIGREEN,1713.55
2024-01-11,AXISBANK,1125.0
2024-01-11,BAJFINANCE,691.0
2024-01-11,JIOFIN,253.35
2024-01-11,JSWSTEEL,965.0
2024-01-11,KOTAKBANK,348.4
2024-01-11,NIFTY 50,24300.55
2024-01-11,NIFTY BANK,51675.2
2024-01-11,ONGC,255.05
2024-01-11,TATAPOWER,444.7
2024-01-11,TATASTEEL,146.34
2024-01-11,TCS,3726.7
2024-01-11,TITAN,3300.0
2024-01-11,WIPRO,263.55
2024-01-12,ADANIGREEN,1714.9
2024-01-12,AXISBANK,1119.05
2024-01-12,JIOFIN,254.9
2024-01-12,TCS,3881.9
2024-01-15,ADANIGREEN,1690.8
2024-01-15,AXISBANK,1120.5
2024-01-15,JIOFIN,267.35
2024-01-15,TCS,3902.0
2024-01-16,ADANIGREEN,1665.8
2024-01-16,AXISBANK,1120.2
2024-01-16,JIOFIN,249.45
2024-01-16,TCS,3860.4
2024-01-17,ADANIGREEN,1613.9
2024-01-17,AXISBANK,1081.5
2024-01-17,JIOFIN,242.6
2024-01-17,TCS,3880.0
2024-01-18,ADANIGREEN,1599.0
2024-01-18,AXISBANK,1093.25
2024-01-18,JIOFIN,243.5
2024-01-18,TCS,3902.0
2024-01-19,ADANIGREEN,1569.7
2024-01-19,AXISBANK,1116.0
2024-01-19,JIOFIN,246.4
2024-01-19,TCS,3947.0
2024-01-20,ADANIGREEN,1674.5
2024-01-20,AXISBANK,1118.1
2024-01-20,JIOFIN,246.3
2024-01-20,TCS,3859.3
2024-01-23,ADANIGREEN,1677.0
2024-01-23,AXISBANK,1082.0
2024-01-23,JIOFIN,240.5
2024-01-23,TCS,3860.05
2024-01-24,ADANIGREEN,1630.1
2024-01-24,AXISBANK,1059.55
2024-01-24,JIOFIN,241.05
2024-01-24,TCS,3859.4
2024-01-25,ADANIGREEN,1661.05
2024-01-25,AXISBANK,1050.1
2024-01-25,JIOFIN,239.95
2024-01-25,TCS,3805.0
2024-01-29,ADANIGREEN,1714.0
2024-01-29,AXISBANK,1060.85
2024-01-29,JIOFIN,251.25
2024-01-29,TCS,3807.7
2024-01-30,ADANIGREEN,1680.0
2024-01-30,AXISBANK,1053.5
2024-01-30,JIOFIN,247.5
2024-01-30,TCS,3796.0
2024-01-31,ADANIGREEN,1672.0
2024-01-31,AXISBANK,1067.5
2024-01-31,JIOFIN,248.5
2024-01-31,TCS,3804.0
2024-02-01,ADANIGREEN,1663.5
2024-02-01,AXISBANK,1086.0
2024-02-01,BAJFINANCE,743.0
2024-02-01,JIOFIN,252.1
2024-02-01,JSWSTEEL,869.25
2024-02-01,KOTAKBANK,373.0
2024-02-01,NIFTY 50,21661.5
2024-02-01,NIFTY BANK,47710.55
2024-02-01,ONGC,193.15
2024-02-01,TATAPOWER,329.65
2024-02-01,TATASTEEL,132.71
2024-02-01,TCS,3842.65
2024-02-01,TITAN,3699.0
2024-02-01,WIPRO,224.5
2024-02-02,ADANIGREEN,1672.0
2024-02-02,AXISBANK,1067.7
2024-02-02,BAJFINANCE,688.0
2024-02-02,JIOFIN,253.85
2024-02-02,JSWSTEEL,823.3
2024-02-02,KOTAKBANK,364.9
2024-02-02,NIFTY 50,21853.3
2024-02-02,NIFTY BANK,45954.65
2024-02-02,ONGC,239.45
2024-02-02,TATAPOWER,390.6
2024-02-02,TATASTEEL,132.12
2024-02-02,TCS,3959.2
2024-02-02,TITAN,3610.0
2024-02-02,WIPRO,231.0
2024-02-03,BAJFINANCE,659.0
2024-02-03,JSWSTEEL,844.0
2024-02-03,KOTAKBANK,345.0
2024-02-03,NIFTY 50,22373.4
2024-02-03,NIFTY BANK,47294.6
2024-02-03,ONGC,252.6
2024-02-03,TATAPOWER,379.2
2024-02-03,TATASTEEL,148.19
2024-02-03,TITAN,3765.95
2024-02-03,WIPRO,249.95
2024-02-04,BAJFINANCE,722.0
2024-02-04,JSWSTEEL,876.8
2024-02-04,KOTAKBANK,351.3
2024-02-04,NIFTY 50,22464.3
2024-02-04,NIFTY BANK,47562.6
2024-02-04,ONGC,253.75
2024-02-04,TATAPOWER,408.4
2024-02-04,TATASTEEL,157.43
2024-02-04,TITAN,3755.0
2024-02-04,WIPRO,230.15
2024-02-05,ADANIGREEN,1667.0
2024-02-05,AXISBANK,1059.2
2024-02-05,BAJFINANCE,689.5
2024-02-05,JIOFIN,292.7
2024-02-05,JSWSTEEL,890.4
2024-02-05,KOTAKBANK,315.6
2024-02-05,NIFTY 50,22656.75
2024-02-05,NIFTY BANK,49243.55
2024-02-05,ONGC,262.9
2024-02-05,TATAPOWER,457.95
2024-02-05,TATASTEEL,160.21
2024-02-05,TCS,3966.95
2024-02-05,TITAN,3574.1
2024-02-05,WIPRO,218.8
2024-02-06,ADANIGREEN,1718.0
2024-02-06,AXISBANK,1053.0
2024-02-06,JIOFIN,270.2
2024-02-06,TCS,4129.35
2024-02-07,ADANIGREEN,1870.0
2024-02-07,AXISBANK,1072.0
2024-02-07,BAJFINANCE,716.0
2024-02-07,JIOFIN,268.95
2024-02-07,JSWSTEEL,939.95
2024-02-07,KOTAKBANK,353.0
2024-02-07,NIFTY 50,24117.8
2024-02-07,NIFTY BANK,52148.1
2024-02-07,ONGC,256.6
2024-02-07,TATAPOWER,432.75
2024-02-07,TATASTEEL,170.66
2024-02-07,TCS,4085.0
2024-02-07,TITAN,3400.05
2024-02-07,WIPRO,257.2
2024-02-08,ADANIGREEN,1830.0
2024-02-08,AXISBANK,1036.0
2024-02-08,BAJFINANCE,672.0
2024-02-08,JIOFIN,263.7
2024-02-08,JSWSTEEL,898.0
2024-02-08,KOTAKBANK,359.5
2024-02-08,NIFTY 50,24699.45
2024-02-08,NIFTY BANK,51337.75
2024-02-08,ONGC,307.5
2024-02-08,TATAPOWER,459.95
2024-02-08,TATASTEEL,154.78
2024-02-08,TCS,4137.55
2024-02-08,TITAN,3450.0
2024-02-08,WIPRO,239.9
2024-02-09,ADANIGREEN,1883.0
2024-02-09,AXISBANK,1053.8
2024-02-09,BAJFINANCE,742.0
2024-02-09,JIOFIN,274.45
2024-02-09,JSWSTEEL,938.15
2024-02-09,KOTAKBANK,356.2
2024-02-09,NIFTY 50,25273.9
2024-02-09,NIFTY BANK,51431.8
2024-02-09,ONGC,304.2
2024-02-09,TATAPOWER,432.15
2024-02-09,TATASTEEL,149.22
2024-02-09,TCS,4131.9
2024-02-09,TITAN,3585.0
2024-02-09,WIPRO,254.5
2024-02-12,ADANIGREEN,1852.0
2024-02-12,AXISBANK,1046.5
2024-02-12,BAJFINANCE,665.0
2024-02-12,JIOFIN,273.0
2024-02-12,JSWSTEEL,990.4
2024-02-12,KOTAKBANK,351.0
2024-02-12,NIFTY 50,24275.25
2024-02-12,NIFTY BANK,52118.35
2024-02-12,ONGC,245.7
2024-02-12,TATAPOWER,416.5
2024-02-12,TATASTEEL,143.02
2024-02-12,TCS,4119.0
2024-02-12,TITAN,3302.0
2024-02-12,WIPRO,279.6
2024-02-13,ADANIGREEN,1820.0
2024-02-13,AXISBANK,1070.6
2024-02-13,JIOFIN,272.85
2024-02-13,TCS,4145.0
2024-02-14,ADANIGREEN,1853.8
2024-02-14,AXISBANK,1097.0
2024-02-14,JIOFIN,272.45
2024-02-14,TCS,4107.95
2024-02-15,ADANIGREEN,1899.0
2024-02-15,AXISBANK,1074.45
2024-02-15,JIOFIN,274.1
2024-02-15,TCS,4106.0
2024-02-16,ADANIGREEN,1900.0
2024-02-16,AXISBANK,1068.0
2024-02-16,JIOFIN,271.4
2024-02-16,TCS,4112.45
2024-02-19,ADANIGREEN,1963.0
2024-02-19,AXISBANK,1064.35
2024-02-19,JIOFIN,274.05
2024-02-19,TCS,4100.0
2024-02-20,ADANIGREEN,1927.0
2024-02-20,AXISBANK,1090.0
2024-02-20,JIOFIN,281.85
2024-02-20,TCS,4030.1
2024-02-21,ADANIGREEN,1901.1
2024-02-21,AXISBANK,1079.55
2024-02-21,JIOFIN,289.65
2024-02-21,TCS,3986.0
2024-02-22,ADANIGREEN,1923.55
2024-02-22,AXISBANK,1098.75
2024-02-22,JIOFIN,303.85
2024-02-22,TCS,4082.55
2024-02-23,ADANIGREEN,1924.0
2024-02-23,AXISBANK,1093.5
2024-02-23,JIOFIN,335.2
2024-02-23,TCS,4046.4
2024-02-26,ADANIGREEN,1977.0
2024-02-26,AXISBANK,1084.0
2024-02-26,JIOFIN,328.0
2024-02-26,TCS,4001.0
2024-02-27,ADANIGREEN,1975.0
2024-02-27,AXISBANK,1080.35
2024-02-27,JIOFIN,319.1
2024-02-27,TCS,4100.5
2024-02-28,ADANIGREEN,1925.0
2024-02-28,AXISBANK,1071.5
2024-02-28,JIOFIN,309.4
2024-02-28,TCS,4109.9
2024-02-29,ADANIGREEN,1920.0
2024-02-29,AXISBANK,1073.65
2024-02-29,JIOFIN,310.6
2024-02-29,TCS,4113.0
2024-03-01,ADANIGREEN,1968.0
2024-03-01,AXISBANK,1098.35
2024-03-01,BAJFINANCE,738.0
2024-03-01,JIOFIN,318.0
2024-03-01,JSWSTEEL,837.4
2024-03-01,KOTAKBANK,373.4
2024-03-01,NIFTY 50,21523.7
2024-03-01,NIFTY BANK,47738.55
2024-03-01,ONGC,193.65
2024-03-01,TATAPOWER,326.75
2024-03-01,TATASTEEL,128.41
2024-03-01,TCS,4093.0
2024-03-01,TITAN,3696.0
2024-03-01,WIPRO,217.9
2024-03-02,ADANIGREEN,1971.0
2024-03-02,AXISBANK,1095.25
2024-03-02,JIOFIN,328.95
2024-03-02,TCS,4110.0
2024-03-04,ADANIGREEN,1937.9
2024-03-04,AXISBANK,1105.25
2024-03-04,BAJFINANCE,731.5
2024-03-04,JIOFIN,323.15
2024-03-04,JSWSTEEL,868.0
2024-03-04,KOTAKBANK,346.6
2024-03-04,NIFTY 50,22445.55
2024-03-04,NIFTY BANK,47661.1
2024-03-04,ONGC,256.55
2024-03-04,TATAPOWER,412.6
2024-03-04,TATASTEEL,156.4
2024-03-04,TCS,4083.0
2024-03-04,TITAN,3716.0
2024-03-04,WIPRO,231.25
2024-03-05,ADANIGREEN,1943.0
2024-03-05,AXISBANK,1101.9
2024-03-05,BAJFINANCE,692.5
2024-03-05,JIOFIN,322.9
2024-03-05,JSWSTEEL,875.5
2024-03-05,KOTAKBANK,310.0
2024-03-05,NIFTY 50,22456.7
2024-03-05,NIFTY BANK,48877.85
2024-03-05,ONGC,266.2
2024-03-05,TATAPOWER,455.5
2024-03-05,TATASTEEL,159.19
2024-03-05,TCS,4010.9
2024-03-05,TITAN,3514.75
2024-03-05,WIPRO,217.9
2024-03-06,ADANIGREEN,1920.0
2024-03-06,AXISBANK,1124.0
2024-03-06,BAJFINANCE,692.0
2024-03-06,JIOFIN,326.95
2024-03-06,JSWSTEEL,914.9
2024-03-06,KOTAKBANK,344.1
2024-03-06,NIFTY 50,23305.95
2024-03-06,NIFTY BANK,51106.05
2024-03-06,ONGC,264.25
2024-03-06,TATAPOWER,456.85
2024-03-06,TATASTEEL,166.86
2024-03-06,TCS,4060.0
2024-03-06,TITAN,3260.0
2024-03-06,WIPRO,212.4
2024-03-07,ADANIGREEN,1922.0
2024-03-07,AXISBANK,1111.0
2024-03-07,BAJFINANCE,727.0
2024-03-07,JIOFIN,333.0
2024-03-07,JSWSTEEL,950.95
2024-03-07,KOTAKBANK,361.8
2024-03-07,NIFTY 50,24290.8
2024-03-07,NIFTY BANK,53042.15
2024-03-07,ONGC,256.2
2024-03-07,TATAPOWER,434.4
2024-03-07,TATASTEEL,172.38
2024-03-07,TCS,4105.0
2024-03-07,TITAN,3362.0
2024-03-07,WIPRO,257.6
2024-03-09,BAJFINANCE,733.5
2024-03-09,JSWSTEEL,930.05
2024-03-09,KOTAKBANK,356.8
2024-03-09,NIFTY 50,25268.85
2024-03-09,NIFTY BANK,51690.05
2024-03-09,ONGC,299.6
2024-03-09,TATAPOWER,434.05
2024-03-09,TATASTEEL,148.81
2024-03-09,TITAN,3620.0
2024-03-09,WIPRO,255.7
2024-03-10,BAJFINANCE,743.0
2024-03-10,JSWSTEEL,1040.5
2024-03-10,KOTAKBANK,364.9
2024-03-10,NIFTY 50,25266.0
2024-03-10,NIFTY BANK,51860.85
2024-03-10,ONGC,272.75
2024-03-10,TATAPOWER,471.9
2024-03-10,TATASTEEL,163.18
2024-03-10,TITAN,3684.45
2024-03-10,WIPRO,253.05
2024-03-11,ADANIGREEN,1929.0
2024-03-11,AXISBANK,1102.85
2024-03-11,JIOFIN,356.8
2024-03-11,TCS,4126.0
2024-03-12,ADANIGREEN,1893.75
2024-03-12,AXISBANK,1094.45
2024-03-12,BAJFINANCE,666.0
2024-03-12,JIOFIN,363.4
2024-03-12,JSWSTEEL,997.95
2024-03-12,KOTAKBANK,350.0
2024-03-12,NIFTY 50,24445.85
2024-03-12,NIFTY BANK,52661.15
2024-03-12,ONGC,249.75
2024-03-12,TATAPOWER,427.8
2024-03-12,TATASTEEL,143.26
2024-03-12,TCS,4194.55
2024-03-12,TITAN,3330.0
2024-03-12,WIPRO,278.9
2024-03-13,ADANIGREEN,1739.0
2024-03-13,AXISBANK,1078.5
2024-03-13,JIOFIN,328.4
2024-03-13,TCS,4139.0
2024-03-14,ADANIGREEN,1902.0
2024-03-14,AXISBANK,1061.25
2024-03-14,JIOFIN,341.0
2024-03-14,TCS,4207.75
2024-03-15,ADANIGREEN,1900.5
2024-03-15,AXISBANK,1048.0
2024-03-15,JIOFIN,346.2
2024-03-15,TCS,4222.0
2024-03-18,ADANIGREEN,1860.05
2024-03-18,AXISBANK,1064.75
2024-03-18,JIOFIN,353.5
2024-03-18,TCS,4144.25
2024-03-19,ADANIGREEN,1822.0
2024-03-19,AXISBANK,1050.35
2024-03-19,JIOFIN,353.85
2024-03-19,TCS,3971.0
2024-03-20,ADANIGREEN,1840.0
2024-03-20,AXISBANK,1038.25
2024-03-20,JIOFIN,337.9
2024-03-20,TCS,3974.95
2024-03-21,ADANIGREEN,1850.0
2024-03-21,AXISBANK,1041.85
2024-03-21,JIOFIN,339.75
2024-03-21,TCS,3979.45
2024-03-22,ADANIGREEN,1845.0
2024-03-22,AXISBANK,1031.0
2024-03-22,JIOFIN,346.85
2024-03-22,TCS,3909.0
2024-03-26,ADANIGREEN,1853.95
2024-03-26,AXISBANK,1043.0
2024-03-26,JIOFIN,346.25
2024-03-26,TCS,3883.0
2024-03-27,ADANIGREEN,1815.0
2024-03-27,AXISBANK,1052.0
2024-03-27,JIOFIN,349.9
2024-03-27,TCS,3853.55
2024-03-28,ADANIGREEN,1830.0
2024-03-28,AXISBANK,1046.5
2024-03-28,JIOFIN,353.9
2024-03-28,TCS,3882.1
2024-04-01,ADANIGREEN,1892.0
2024-04-01,AXISBANK,1054.05
2024-04-01,BAJFINANCE,769.5
2024-04-01,JIOFIN,357.7
2024-04-01,JSWSTEEL,836.2
2024-04-01,KOTAKBANK,373.0
2024-04-01,NIFTY 50,21669.6
2024-04-01,NIFTY BANK,48245.8
2024-04-01,ONGC,199.55
2024-04-01,TATAPOWER,337.5
2024-04-01,TATASTEEL,127.82
2024-04-01,TCS,3924.0
2024-04-01,TITAN,3715.0
2024-04-01,WIPRO,216.2
2024-04-02,ADANIGREEN,1893.0
2024-04-02,AXISBANK,1050.0
2024-04-02,JIOFIN,358.0
2024-04-02,TCS,3890.2
2024-04-03,ADANIGREEN,1878.0
2024-04-03,AXISBANK,1061.0
2024-04-03,BAJFINANCE,660.5
2024-04-03,JIOFIN,357.0
2024-04-03,JSWSTEEL,826.0
2024-04-03,KOTAKBANK,345.4
2024-04-03,NIFTY 50,22397.65
2024-04-03,NIFTY BANK,47425.65
2024-04-03,ONGC,259.95
2024-04-03,TATAPOWER,392.4
2024-04-03,TATASTEEL,146.0
2024-04-03,TCS,3950.75
2024-04-03,TITAN,3732.05
2024-04-03,WIPRO,248.85
2024-04-04,ADANIGREEN,1891.9
2024-04-04,AXISBANK,1066.95
2024-04-04,BAJFINANCE,729.0
2024-04-04,JIOFIN,362.2
2024-04-04,JSWSTEEL,862.5
2024-04-04,KOTAKBANK,349.7
2024-04-04,NIFTY 50,22541.2
2024-04-04,NIFTY BANK,48126.2
2024-04-04,ONGC,250.65
2024-04-04,TATAPOWER,414.2
2024-04-04,TATASTEEL,156.55
2024-04-04,TCS,4000.0
2024-04-04,TITAN,3785.0
2024-04-04,WIPRO,233.7
2024-04-05,ADANIGREEN,1904.9
2024-04-05,AXISBANK,1062.2
2024-04-05,JIOFIN,373.2
2024-04-05,TCS,3983.0
2024-04-06,BAJFINANCE,655.0
2024-04-06,JSWSTEEL,850.0
2024-04-06,KOTAKBANK,328.8
2024-04-06,NIFTY 50,21996.45
2024-04-06,NIFTY BANK,47206.25
2024-04-06,ONGC,221.55
2024-04-06,TATAPOWER,405.5
2024-04-06,TATASTEEL,152.54
2024-04-06,TITAN,3260.0
2024-04-06,WIPRO,210.1
2024-04-07,BAJFINANCE,711.0
2024-04-07,JSWSTEEL,945.65
2024-04-07,KOTAKBANK,366.4
2024-04-07,NIFTY 50,24304.65
2024-04-07,NIFTY BANK,53083.75
2024-04-07,ONGC,258.65
2024-04-07,TATAPOWER,436.9
2024-04-07,TATASTEEL,172.48
2024-04-07,TITAN,3338.0
2024-04-07,WIPRO,254.35
2024-04-08,ADANIGREEN,1925.0
2024-04-08,AXISBANK,1077.0
2024-04-08,JIOFIN,369.4
2024-04-08,TCS,3964.9
2024-04-09,ADANIGREEN,1918.0
2024-04-09,AXISBANK,1079.95
2024-04-09,BAJFINANCE,730.0
2024-04-09,JIOFIN,368.0
2024-04-09,JSWSTEEL,932.45
2024-04-09,KOTAKBANK,357.0
2024-04-09,NIFTY 50,25206.35
2024-04-09,NIFTY BANK,51390.6
2024-04-09,ONGC,293.1
2024-04-09,TATAPOWER,420.95
2024-04-09,TATASTEEL,147.66
2024-04-09,TCS,3948.75
2024-04-09,TITAN,3607.0
2024-04-09,WIPRO,248.35
2024-04-10,ADANIGREEN,1909.0
2024-04-10,AXISBANK,1084.4
2024-04-10,BAJFINANCE,722.0
2024-04-10,JIOFIN,370.95
2024-04-10,JSWSTEEL,1034.5
2024-04-10,KOTAKBANK,362.6
2024-04-10,NIFTY 50,25049.1
2024-04-10,NIFTY BANK,51555.75
2024-04-10,ONGC,274.95
2024-04-10,TATAPOWER,465.9
2024-04-10,TATASTEEL,163.12
2024-04-10,TCS,3980.75
2024-04-10,TITAN,3692.0
2024-04-10,WIPRO,255.5
2024-04-11,BAJFINANCE,683.0
2024-04-11,JSWSTEEL,950.75
2024-04-11,KOTAKBANK,345.8
2024-04-11,NIFTY 50,23990.95
2024-04-11,NIFTY BANK,51227.2
2024-04-11,ONGC,247.05
2024-04-11,TATAPOWER,428.4
2024-04-11,TATASTEEL,143.75
2024-04-11,TITAN,3222.95
2024-04-11,WIPRO,258.9
2024-04-12,ADANIGREEN,1887.0
2024-04-12,AXISBANK,1072.1
2024-04-12,BAJFINANCE,673.5
2024-04-12,JIOFIN,372.7
2024-04-12,JSWSTEEL,993.25
2024-04-12,KOTAKBANK,351.9
2024-04-12,NIFTY 50,24461.55
2024-04-12,NIFTY BANK,53235.9
2024-04-12,ONGC,248.75
2024-04-12,TATAPOWER,425.45
2024-04-12,TATASTEEL,142.57
2024-04-12,TCS,4003.75
2024-04-12,TITAN,3368.0
2024-04-12,WIPRO,281.3
2024-04-15,ADANIGREEN,1819.0
2024-04-15,AXISBANK,1057.7
2024-04-15,JIOFIN,355.15
2024-04-15,TCS,3940.8
2024-04-16,ADANIGREEN,1812.05
2024-04-16,AXISBANK,1055.9
2024-04-16,JIOFIN,362.8
2024-04-16,TCS,3875.95
2024-04-18,ADANIGREEN,1784.0
2024-04-18,AXISBANK,1025.85
2024-04-18,JIOFIN,379.95
2024-04-18,TCS,3872.95
2024-04-19,ADANIGREEN,1771.2
2024-04-19,AXISBANK,1031.15
2024-04-19,JIOFIN,370.0
2024-04-19,TCS,3822.15
2024-04-22,ADANIGREEN,1796.7
2024-04-22,AXISBANK,1053.1
2024-04-22,JIOFIN,383.0
2024-04-22,TCS,3875.05
2024-04-23,ADANIGREEN,1822.0
2024-04-23,AXISBANK,1055.0
2024-04-23,JIOFIN,387.6
2024-04-23,TCS,3875.0
2024-04-24,ADANIGREEN,1810.0
2024-04-24,AXISBANK,1065.0
2024-04-24,JIOFIN,383.0
2024-04-24,TCS,3835.0
2024-04-25,ADANIGREEN,1808.1
2024-04-25,AXISBANK,1127.45
2024-04-25,JIOFIN,382.5
2024-04-25,TCS,3851.0
2024-04-26,ADANIGREEN,1809.0
2024-04-26,AXISBANK,1131.0
2024-04-26,JIOFIN,382.1
2024-04-26,TCS,3823.45
2024-04-29,ADANIGREEN,1806.1
2024-04-29,AXISBANK,1159.7
2024-04-29,JIOFIN,380.9
2024-04-29,TCS,3865.0
2024-04-30,ADANIGREEN,1799.0
2024-04-30,AXISBANK,1162.45
2024-04-30,JIOFIN,375.75
2024-04-30,TCS,3823.95
2024-05-01,BAJFINANCE,771.0
2024-05-01,JSWSTEEL,828.4
2024-05-01,KOTAKBANK,369.0
2024-05-01,NIFTY 50,21709.55
2024-05-01,NIFTY BANK,48089.15
2024-05-01,ONGC,201.0
2024-05-01,TATAPOWER,340.85
2024-05-01,TATASTEEL,127.18
2024-05-01,TITAN,3713.05
2024-05-01,WIPRO,218.1
2024-05-02,ADANIGREEN,1790.0
2024-05-02,AXISBANK,1150.0
2024-05-02,BAJFINANCE,662.5
2024-05-02,JIOFIN,379.95
2024-05-02,JSWSTEEL,812.85
2024-05-02,KOTAKBANK,360.6
2024-05-02,NIFTY 50,21761.3
2024-05-02,NIFTY BANK,45756.65
2024-05-02,ONGC,245.25
2024-05-02,TATAPOWER,394.65
2024-05-02,TATASTEEL,134.81
2024-05-02,TCS,3865.0
2024-05-02,TITAN,3548.0
2024-05-02,WIPRO,230.6
2024-05-03,ADANIGREEN,1797.0
2024-05-03,AXISBANK,1140.4
2024-05-03,BAJFINANCE,633.5
2024-05-03,JIOFIN,375.95
2024-05-03,JSWSTEEL,822.35
2024-05-03,KOTAKBANK,343.6
2024-05-03,NIFTY 50,22358.5
2024-05-03,NIFTY BANK,47582.15
2024-05-03,ONGC,263.85
2024-05-03,TATAPOWER,396.55
2024-05-03,TATASTEEL,145.02
2024-05-03,TCS,3838.0
2024-05-03,TITAN,3750.05
2024-05-03,WIPRO,245.0
2024-05-04,BAJFINANCE,719.0
2024-05-04,JSWSTEEL,858.3
2024-05-04,KOTAKBANK,356.8
2024-05-04,NIFTY 50,22523.4
2024-05-04,NIFTY BANK,48520.95
2024-05-04,ONGC,249.6
2024-05-04,TATAPOWER,415.0
2024-05-04,TATASTEEL,156.06
2024-05-04,TITAN,3754.65
2024-05-04,WIPRO,231.8
2024-05-06,ADANIGREEN,1767.95
2024-05-06,AXISBANK,1144.5
2024-05-06,BAJFINANCE,683.5
2024-05-06,JIOFIN,371.0
2024-05-06,JSWSTEEL,875.0
2024-05-06,KOTAKBANK,342.6
2024-05-06,NIFTY 50,22573.0
2024-05-06,NIFTY BANK,48847.1
2024-05-06,ONGC,230.8
2024-05-06,TATAPOWER,421.6
2024-05-06,TATASTEEL,161.63
2024-05-06,TCS,3922.2
2024-05-06,TITAN,3314.05
2024-05-06,WIPRO,215.8
2024-05-07,ADANIGREEN,1722.0
2024-05-07,AXISBANK,1127.65
2024-05-07,BAJFINANCE,713.0
2024-05-07,JIOFIN,356.9
2024-05-07,JSWSTEEL,952.4
2024-05-07,KOTAKBANK,368.9
2024-05-07,NIFTY 50,24316.75
2024-05-07,NIFTY BANK,52633.15
2024-05-07,ONGC,268.6
2024-05-07,TATAPOWER,440.1
2024-05-07,TATASTEEL,171.01
2024-05-07,TCS,3975.2
2024-05-07,TITAN,3273.0
2024-05-07,WIPRO,255.65
2024-05-08,ADANIGREEN,1788.0
2024-05-08,AXISBANK,1132.0
2024-05-08,BAJFINANCE,660.0
2024-05-08,JIOFIN,355.6
2024-05-08,JSWSTEEL,861.0
2024-05-08,KOTAKBANK,355.0
2024-05-08,NIFTY 50,24051.8
2024-05-08,NIFTY BANK,50056.0
2024-05-08,ONGC,288.95
2024-05-08,TATAPOWER,432.9
2024-05-08,TATASTEEL,145.94
2024-05-08,TCS,3968.1
2024-05-08,TITAN,3380.85
2024-05-08,WIPRO,231.95
2024-05-09,ADANIGREEN,1715.0
2024-05-09,AXISBANK,1119.0
2024-05-09,BAJFINANCE,723.5
2024-05-09,JIOFIN,345.8
2024-05-09,JSWSTEEL,926.7
2024-05-09,KOTAKBANK,355.6
2024-05-09,NIFTY 50,25144.8
2024-05-09,NIFTY BANK,51445.05
2024-05-09,ONGC,290.05
2024-05-09,TATAPOWER,420.7
2024-05-09,TATASTEEL,148.62
2024-05-09,TCS,3956.0
2024-05-09,TITAN,3720.0
2024-05-09,WIPRO,251.0
2024-05-10,ADANIGREEN,1720.0
2024-05-10,AXISBANK,1122.25
2024-05-10,JIOFIN,347.7
2024-05-10,TCS,3895.0
2024-05-11,BAJFINANCE,690.0
2024-05-11,JSWSTEEL,1001.0
2024-05-11,KOTAKBANK,351.8
2024-05-11,NIFTY 50,24198.15
2024-05-11,NIFTY BANK,52105.85
2024-05-11,ONGC,248.9
2024-05-11,TATAPOWER,434.05
2024-05-11,TATASTEEL,148.93
2024-05-11,TITAN,3235.0
2024-05-11,WIPRO,260.0
2024-05-12,BAJFINANCE,685.0
2024-05-12,JSWSTEEL,998.0
2024-05-12,KOTAKBANK,355.4
2024-05-12,NIFTY 50,24701.55
2024-05-12,NIFTY BANK,53606.75
2024-05-12,ONGC,249.15
2024-05-12,TATAPOWER,432.5
2024-05-12,TATASTEEL,143.75
2024-05-12,TITAN,3438.1
2024-05-12,WIPRO,285.85
2024-05-13,ADANIGREEN,1717.0
2024-05-13,AXISBANK,1133.9
2024-05-13,JIOFIN,341.9
2024-05-13,TCS,3945.65
2024-05-14,ADANIGREEN,1786.05
2024-05-14,AXISBANK,1123.05
2024-05-14,JIOFIN,353.4
2024-05-14,TCS,3902.0
2024-05-15,ADANIGREEN,1835.0
2024-05-15,AXISBANK,1128.0
2024-05-15,JIOFIN,354.5
2024-05-15,TCS,3882.7
2024-05-16,ADANIGREEN,1838.55
2024-05-16,AXISBANK,1141.9
2024-05-16,JIOFIN,355.0
2024-05-16,TCS,3892.0
2024-05-17,ADANIGREEN,1828.85
2024-05-17,AXISBANK,1144.0
2024-05-17,JIOFIN,357.85
2024-05-17,TCS,3839.95
2024-05-18,ADANIGREEN,1834.0
2024-05-18,AXISBANK,1142.15
2024-05-18,JIOFIN,362.2
2024-05-18,TCS,3853.35
2024-05-21,ADANIGREEN,1860.0
2024-05-21,AXISBANK,1137.7
2024-05-21,JIOFIN,357.8
2024-05-21,TCS,3825.0
2024-05-22,ADANIGREEN,1870.0
2024-05-22,AXISBANK,1131.2
2024-05-22,JIOFIN,357.25
2024-05-22,TCS,3831.5
2024-05-23,ADANIGREEN,1886.0
2024-05-23,AXISBANK,1164.0
2024-05-23,JIOFIN,367.95
2024-05-23,TCS,3899.0
2024-05-24,ADANIGREEN,1924.0
2024-05-24,AXISBANK,1173.8
2024-05-24,JIOFIN,365.3
2024-05-24,TCS,3850.95
2024-05-27,ADANIGREEN,1928.0
2024-05-27,AXISBANK,1187.25
2024-05-27,JIOFIN,360.0
2024-05-27,TCS,3847.65
2024-05-28,ADANIGREEN,1885.75
2024-05-28,AXISBANK,1181.0
2024-05-28,JIOFIN,356.9
2024-05-28,TCS,3836.9
2024-05-29,ADANIGREEN,1874.5
2024-05-29,AXISBANK,1164.95
2024-05-29,JIOFIN,349.65
2024-05-29,TCS,3803.0
2024-05-30,ADANIGREEN,1875.55
2024-05-30,AXISBANK,1172.0
2024-05-30,JIOFIN,348.15
2024-05-30,TCS,3739.0
2024-05-31,ADANIGREEN,1912.9
2024-05-31,AXISBANK,1164.05
2024-05-31,JIOFIN,345.0
2024-05-31,TCS,3691.15
2024-06-02,BAJFINANCE,660.0
2024-06-02,JSWSTEEL,820.0
2024-06-02,KOTAKBANK,358.0
2024-06-02,NIFTY 50,21938.8
2024-06-02,NIFTY BANK,45774.45
2024-06-02,ONGC,253.5
2024-06-02,TATAPOWER,393.3
2024-06-02,TATASTEEL,137.84
2024-06-02,TITAN,3555.05
2024-06-02,WIPRO,238.7
2024-06-03,ADANIGREEN,2042.85
2024-06-03,AXISBANK,1228.5
2024-06-03,BAJFINANCE,631.0
2024-06-03,JIOFIN,356.4
2024-06-03,JSWSTEEL,813.5
2024-06-03,KOTAKBANK,351.9
2024-06-03,NIFTY 50,22480.05
2024-06-03,NIFTY BANK,47959.85
2024-06-03,ONGC,261.1
2024-06-03,TATAPOWER,394.3
2024-06-03,TATASTEEL,144.72
2024-06-03,TCS,3706.0
2024-06-03,TITAN,3812.0
2024-06-03,WIPRO,245.5
2024-06-04,ADANIGREEN,1641.95
2024-06-04,AXISBANK,1138.0
2024-06-04,JIOFIN,337.6
2024-06-04,TCS,3732.55
2024-06-05,ADANIGREEN,1827.55
2024-06-05,AXISBANK,1180.5
2024-06-05,BAJFINANCE,687.0
2024-06-05,JIOFIN,347.0
2024-06-05,JSWSTEEL,880.0
2024-06-05,KOTAKBANK,324.9
2024-06-05,NIFTY 50,22458.0
2024-06-05,NIFTY BANK,48931.85
2024-06-05,ONGC,262.65
2024-06-05,TATAPOWER,446.9
2024-06-05,TATASTEEL,160.12
2024-06-05,TCS,3755.1
2024-06-05,TITAN,3284.0
2024-06-05,WIPRO,219.2
2024-06-06,ADANIGREEN,1860.6
2024-06-06,AXISBANK,1174.75
2024-06-06,BAJFINANCE,692.5
2024-06-06,JIOFIN,350.0
2024-06-06,JSWSTEEL,886.9
2024-06-06,KOTAKBANK,346.0
2024-06-06,NIFTY 50,22849.05
2024-06-06,NIFTY BANK,49330.9
2024-06-06,ONGC,236.0
2024-06-06,TATAPOWER,432.35
2024-06-06,TATASTEEL,164.71
2024-06-06,TCS,3836.0
2024-06-06,TITAN,3333.0
2024-06-06,WIPRO,220.4
2024-06-07,ADANIGREEN,1865.0
2024-06-07,AXISBANK,1188.0
2024-06-07,JIOFIN,354.3
2024-06-07,TCS,3888.55
2024-06-08,BAJFINANCE,654.5
2024-06-08,JSWSTEEL,884.1
2024-06-08,KOTAKBANK,353.2
2024-06-08,NIFTY 50,24033.05
2024-06-08,NIFTY BANK,49770.2
2024-06-08,ONGC,285.95
2024-06-08,TATAPOWER,439.5
2024-06-08,TATASTEEL,147.72
2024-06-08,TITAN,3348.0
2024-06-08,WIPRO,234.2
2024-06-09,BAJFINANCE,731.5
2024-06-09,JSWSTEEL,931.0
2024-06-09,KOTAKBANK,353.5
2024-06-09,NIFTY 50,24868.5
2024-06-09,NIFTY BANK,50627.8
2024-06-09,ONGC,286.9
2024-06-09,TATAPOWER,416.5
2024-06-09,TATASTEEL,147.8
2024-06-09,TITAN,3697.5
2024-06-09,WIPRO,249.2
2024-06-10,ADANIGREEN,1871.2
2024-06-10,AXISBANK,1196.95
2024-06-10,JIOFIN,350.95
2024-06-10,TCS,3859.0
2024-06-11,ADANIGREEN,1852.0
2024-06-11,AXISBANK,1193.0
2024-06-11,BAJFINANCE,699.0
2024-06-11,JIOFIN,350.4
2024-06-11,JSWSTEEL,1007.75
2024-06-11,KOTAKBANK,352.8
2024-06-11,NIFTY 50,24493.9
2024-06-11,NIFTY BANK,52384.55
2024-06-11,ONGC,249.95
2024-06-11,TATAPOWER,450.5
2024-06-11,TATASTEEL,150.3
2024-06-11,TCS,3855.4
2024-06-11,TITAN,3183.55
2024-06-11,WIPRO,270.05
2024-06-12,ADANIGREEN,1827.0
2024-06-12,AXISBANK,1186.0
2024-06-12,BAJFINANCE,684.5
2024-06-12,JIOFIN,363.4
2024-06-12,JSWSTEEL,1003.6
2024-06-12,KOTAKBANK,355.0
2024-06-12,NIFTY 50,24669.0
2024-06-12,NIFTY BANK,53493.2
2024-06-12,ONGC,248.1
2024-06-12,TATAPOWER,438.95
2024-06-12,TATASTEEL,144.77
2024-06-12,TCS,3837.0
2024-06-12,TITAN,3467.35
2024-06-12,WIPRO,284.25
2024-06-13,ADANIGREEN,1803.0
2024-06-13,AXISBANK,1175.5
2024-06-13,JIOFIN,361.4
2024-06-13,TCS,3873.0
2024-06-14,ADANIGREEN,1805.0
2024-06-14,AXISBANK,1181.0
2024-06-14,JIOFIN,357.5
2024-06-14,TCS,3833.3
2024-06-18,ADANIGREEN,1813.0
2024-06-18,AXISBANK,1190.0
2024-06-18,JIOFIN,363.25
2024-06-18,TCS,3819.0
2024-06-19,ADANIGREEN,1790.95
2024-06-19,AXISBANK,1229.0
2024-06-19,JIOFIN,358.7
2024-06-19,TCS,3801.0
2024-06-20,ADANIGREEN,1808.9
2024-06-20,AXISBANK,1238.0
2024-06-20,JIOFIN,365.45
2024-06-20,TCS,3789.9
2024-06-21,ADANIGREEN,1781.95
2024-06-21,AXISBANK,1232.1
2024-06-21,JIOFIN,360.6
2024-06-21,TCS,3804.0
2024-06-24,ADANIGREEN,1809.75
2024-06-24,AXISBANK,1229.5
2024-06-24,JIOFIN,355.95
2024-06-24,TCS,3815.0
2024-06-25,ADANIGREEN,1794.0
2024-06-25,AXISBANK,1272.65
2024-06-25,JIOFIN,358.95
2024-06-25,TCS,3840.0
2024-06-26,ADANIGREEN,1770.0
2024-06-26,AXISBANK,1284.0
2024-06-26,JIOFIN,355.85
2024-06-26,TCS,3853.3
2024-06-27,ADANIGREEN,1808.0
2024-06-27,AXISBANK,1288.05
2024-06-27,JIOFIN,353.05
2024-06-27,TCS,3928.0
2024-06-28,ADANIGREEN,1791.0
2024-06-28,AXISBANK,1263.8
2024-06-28,JIOFIN,357.9
2024-06-28,TCS,3906.75
2024-07-01,ADANIGREEN,1777.9
2024-07-01,AXISBANK,1259.7
2024-07-01,JIOFIN,352.85
2024-07-01,TCS,3965.0
2024-07-02,ADANIGREEN,1779.75
2024-07-02,AXISBANK,1250.0
2024-07-02,BAJFINANCE,672.0
2024-07-02,JIOFIN,350.85
2024-07-02,JSWSTEEL,836.2
2024-07-02,KOTAKBANK,360.2
2024-07-02,NIFTY 50,21949.8
2024-07-02,NIFTY BANK,45916.4
2024-07-02,ONGC,253.9
2024-07-02,TATAPOWER,396.0
2024-07-02,TATASTEEL,137.59
2024-07-02,TCS,4009.8
2024-07-02,TITAN,3587.0
2024-07-02,WIPRO,236.8
2024-07-03,ADANIGREEN,1773.1
2024-07-03,AXISBANK,1276.2
2024-07-03,BAJFINANCE,643.0
2024-07-03,JIOFIN,351.45
2024-07-03,JSWSTEEL,829.95
2024-07-03,KOTAKBANK,349.9
2024-07-03,NIFTY 50,22483.5
2024-07-03,NIFTY BANK,47788.0
2024-07-03,ONGC,259.7
2024-07-03,TATAPOWER,428.15
2024-07-03,TATASTEEL,149.95
2024-07-03,TCS,3968.0
2024-07-03,TITAN,3782.0
2024-07-03,WIPRO,245.85
2024-07-04,ADANIGREEN,1766.0
2024-07-04,AXISBANK,1277.8
2024-07-04,JIOFIN,351.2
2024-07-04,TCS,4019.95
2024-07-05,ADANIGREEN,1755.9
2024-07-05,AXISBANK,1283.65
2024-07-05,BAJFINANCE,688.0
2024-07-05,JIOFIN,353.0
2024-07-05,JSWSTEEL,856.0
2024-07-05,KOTAKBANK,328.8
2024-07-05,NIFTY 50,22304.5
2024-07-05,NIFTY BANK,48275.6
2024-07-05,ONGC,254.55
2024-07-05,TATAPOWER,435.3
2024-07-05,TATASTEEL,157.14
2024-07-05,TCS,4010.0
2024-07-05,TITAN,3286.4
2024-07-05,WIPRO,222.0
2024-07-06,BAJFINANCE,717.5
2024-07-06,JSWSTEEL,910.1
2024-07-06,KOTAKBANK,350.5
2024-07-06,NIFTY 50,23270.05
2024-07-06,NIFTY BANK,49806.6
2024-07-06,ONGC,242.55
2024-07-06,TATAPOWER,444.1
2024-07-06,TATASTEEL,171.35
2024-07-06,TITAN,3434.8
2024-07-06,WIPRO,231.5
2024-07-08,ADANIGREEN,1761.0
2024-07-08,AXISBANK,1289.0
2024-07-08,BAJFINANCE,663.5
2024-07-08,JIOFIN,348.5
2024-07-08,JSWSTEEL,907.3
2024-07-08,KOTAKBANK,355.3
2024-07-08,NIFTY 50,24315.25
2024-07-08,NIFTY BANK,50226.45
2024-07-08,ONGC,306.15
2024-07-08,TATAPOWER,431.0
2024-07-08,TATASTEEL,150.59
2024-07-08,TCS,3997.0
2024-07-08,TITAN,3330.0
2024-07-08,WIPRO,238.05
2024-07-09,ADANIGREEN,1755.0
2024-07-09,AXISBANK,1287.4
2024-07-09,JIOFIN,349.3
2024-07-09,TCS,3983.7
2024-07-10,ADANIGREEN,1752.35
2024-07-10,AXISBANK,1291.05
2024-07-10,BAJFINANCE,726.0
2024-07-10,JIOFIN,347.8
2024-07-10,JSWSTEEL,1020.55
2024-07-10,KOTAKBANK,359.1
2024-07-10,NIFTY 50,24819.0
2024-07-10,NIFTY BANK,50617.8
2024-07-10,ONGC,269.6
2024-07-10,TATAPOWER,440.75
2024-07-10,TATASTEEL,160.3
2024-07-10,TCS,3913.0
2024-07-10,TITAN,3575.0
2024-07-10,WIPRO,253.6
2024-07-11,ADANIGREEN,1752.0
2024-07-11,AXISBANK,1299.3
2024-07-11,BAJFINANCE,690.0
2024-07-11,JIOFIN,348.2
2024-07-11,JSWSTEEL,990.95
2024-07-11,KOTAKBANK,349.1
2024-07-11,NIFTY 50,24194.6
2024-07-11,NIFTY BANK,51891.9
2024-07-11,ONGC,247.3
2024-07-11,TATAPOWER,444.95
2024-07-11,TATASTEEL,147.71
2024-07-11,TCS,3902.0
2024-07-11,TITAN,3126.0
2024-07-11,WIPRO,269.05
2024-07-12,ADANIGREEN,1735.0
2024-07-12,AXISBANK,1317.0
2024-07-12,JIOFIN,350.7
2024-07-12,TCS,4182.45
2024-07-15,ADANIGREEN,1737.2
2024-07-15,AXISBANK,1308.45
2024-07-15,JIOFIN,355.05
2024-07-15,TCS,4170.0
2024-07-16,ADANIGREEN,1759.0
2024-07-16,AXISBANK,1304.8
2024-07-16,JIOFIN,344.8
2024-07-16,TCS,4171.05
2024-07-18,ADANIGREEN,1748.0
2024-07-18,AXISBANK,1310.0
2024-07-18,JIOFIN,337.0
2024-07-18,TCS,4302.75
2024-07-19,ADANIGREEN,1724.85
2024-07-19,AXISBANK,1293.8
2024-07-19,JIOFIN,339.0
2024-07-19,TCS,4298.0
2024-07-22,ADANIGREEN,1718.85
2024-07-22,AXISBANK,1286.2
2024-07-22,JIOFIN,341.0
2024-07-22,TCS,4282.1
2024-07-23,ADANIGREEN,1722.0
2024-07-23,AXISBANK,1264.1
2024-07-23,JIOFIN,335.2
2024-07-23,TCS,4311.0
2024-07-24,ADANIGREEN,1720.0
2024-07-24,AXISBANK,1242.55
2024-07-24,JIOFIN,335.0
2024-07-24,TCS,4303.8
2024-07-25,ADANIGREEN,1848.0
2024-07-25,AXISBANK,1176.0
2024-07-25,JIOFIN,329.05
2024-07-25,TCS,4332.25
2024-07-26,ADANIGREEN,1798.0
2024-07-26,AXISBANK,1176.0
2024-07-26,JIOFIN,331.95
2024-07-26,TCS,4393.65
2024-07-29,ADANIGREEN,1837.9
2024-07-29,AXISBANK,1169.25
2024-07-29,JIOFIN,330.6
2024-07-29,TCS,4387.0
2024-07-30,ADANIGREEN,1830.0
2024-07-30,AXISBANK,1166.2
2024-07-30,JIOFIN,329.2
2024-07-30,TCS,4372.0
2024-07-31,ADANIGREEN,1845.0
2024-07-31,AXISBANK,1167.8
2024-07-31,JIOFIN,328.3
2024-07-31,TCS,4391.0
2024-08-01,ADANIGREEN,1905.5
2024-08-01,AXISBANK,1172.0
2024-08-01,BAJFINANCE,774.0
2024-08-01,JIOFIN,328.7
2024-08-01,JSWSTEEL,822.0
2024-08-01,KOTAKBANK,365.2
2024-08-01,NIFTY 50,21511.35
2024-08-01,NIFTY BANK,47464.0
2024-08-01,ONGC,202.7
2024-08-01,TATAPOWER,338.95
2024-08-01,TATASTEEL,125.77
2024-08-01,TCS,4387.0
2024-08-01,TITAN,3710.95
2024-08-01,WIPRO,215.35
2024-08-02,ADANIGREEN,1877.0
2024-08-02,AXISBANK,1161.9
2024-08-02,BAJFINANCE,659.0
2024-08-02,JIOFIN,326.3
2024-08-02,JSWSTEEL,822.0
2024-08-02,KOTAKBANK,346.0
2024-08-02,NIFTY 50,21759.7
2024-08-02,NIFTY BANK,45105.45
2024-08-02,ONGC,254.55
2024-08-02,TATAPOWER,409.9
2024-08-02,TATASTEEL,137.0
2024-08-02,TCS,4283.85
2024-08-02,TITAN,3555.0
2024-08-02,WIPRO,233.7
2024-08-04,BAJFINANCE,718.0
2024-08-04,JSWSTEEL,876.5
2024-08-04,KOTAKBANK,357.2
2024-08-04,NIFTY 50,22661.0
2024-08-04,NIFTY BANK,48565.75
2024-08-04,ONGC,251.45
2024-08-04,TATAPOWER,416.0
2024-08-04,TATASTEEL,157.62
2024-08-04,TITAN,3747.4
2024-08-04,WIPRO,229.5
2024-08-05,ADANIGREEN,1768.0
2024-08-05,AXISBANK,1131.5
2024-08-05,BAJFINANCE,680.5
2024-08-05,JIOFIN,317.15
2024-08-05,JSWSTEEL,863.0
2024-08-05,KOTAKBANK,329.6
2024-08-05,NIFTY 50,22306.75
2024-08-05,NIFTY BANK,48101.6
2024-08-05,ONGC,258.15
2024-08-05,TATAPOWER,432.6
2024-08-05,TATASTEEL,159.09
2024-08-05,TCS,4160.0
2024-08-05,TITAN,3255.0
2024-08-05,WIPRO,221.1
2024-08-06,ADANIGREEN,1750.0
2024-08-06,AXISBANK,1127.3
2024-08-06,JIOFIN,312.2
2024-08-06,TCS,4175.1
2024-08-07,ADANIGREEN,1780.5
2024-08-07,AXISBANK,1140.85
2024-08-07,BAJFINANCE,710.0
2024-08-07,JIOFIN,331.0
2024-08-07,JSWSTEEL,942.85
2024-08-07,KOTAKBANK,371.2
2024-08-07,NIFTY 50,24331.05
2024-08-07,NIFTY BANK,52470.05
2024-08-07,ONGC,279.4
2024-08-07,TATAPOWER,433.95
2024-08-07,TATASTEEL,168.55
2024-08-07,TCS,4201.0
2024-08-07,TITAN,3160.45
2024-08-07,WIPRO,259.1
2024-08-08,ADANIGREEN,1782.0
2024-08-08,AXISBANK,1134.0
2024-08-08,BAJFINANCE,658.0
2024-08-08,JIOFIN,326.45
2024-08-08,JSWSTEEL,884.0
2024-08-08,KOTAKBANK,353.8
2024-08-08,NIFTY 50,24098.7
2024-08-08,NIFTY BANK,50109.45
2024-08-08,ONGC,301.4
2024-08-08,TATAPOWER,418.25
2024-08-08,TATASTEEL,147.17
2024-08-08,TCS,4174.0
2024-08-08,TITAN,3291.8
2024-08-08,WIPRO,233.25
2024-08-09,ADANIGREEN,1774.0
2024-08-09,AXISBANK,1142.5
2024-08-09,JIOFIN,325.75
2024-08-09,TCS,4220.0
2024-08-10,BAJFINANCE,721.5
2024-08-10,JSWSTEEL,1001.8
2024-08-10,KOTAKBANK,361.6
2024-08-10,NIFTY 50,25039.5
2024-08-10,NIFTY BANK,51075.85
2024-08-10,ONGC,273.05
2024-08-10,TATAPOWER,456.0
2024-08-10,TATASTEEL,156.25
2024-08-10,TITAN,3504.9
2024-08-10,WIPRO,252.45
2024-08-11,BAJFINANCE,687.5
2024-08-11,JSWSTEEL,995.0
2024-08-11,KOTAKBANK,349.8
2024-08-11,NIFTY 50,24110.35
2024-08-11,NIFTY BANK,51532.15
2024-08-11,ONGC,243.25
2024-08-11,TATAPOWER,430.2
2024-08-11,TATASTEEL,144.04
2024-08-11,TITAN,3182.0
2024-08-11,WIPRO,271.55
2024-08-12,ADANIGREEN,1785.0
2024-08-12,AXISBANK,1163.35
2024-08-12,JIOFIN,329.5
2024-08-12,TCS,4194.25
2024-08-13,ADANIGREEN,1810.0
2024-08-13,AXISBANK,1160.65
2024-08-13,JIOFIN,323.0
2024-08-13,TCS,4197.0
2024-08-14,ADANIGREEN,1800.0
2024-08-14,AXISBANK,1152.65
2024-08-14,JIOFIN,320.3
2024-08-14,TCS,4293.0
2024-08-16,ADANIGREEN,1826.0
2024-08-16,AXISBANK,1166.8
2024-08-16,JIOFIN,327.9
2024-08-16,TCS,4414.2
2024-08-19,ADANIGREEN,1902.2
2024-08-19,AXISBANK,1155.0
2024-08-19,JIOFIN,331.45
2024-08-19,TCS,4490.0
2024-08-20,ADANIGREEN,1917.0
2024-08-20,AXISBANK,1165.5
2024-08-20,JIOFIN,335.8
2024-08-20,TCS,4505.0
2024-08-21,ADANIGREEN,1912.0
2024-08-21,AXISBANK,1176.4
2024-08-21,JIOFIN,331.0
2024-08-21,TCS,4545.2
2024-08-22,ADANIGREEN,1886.0
2024-08-22,AXISBANK,1170.0
2024-08-22,JIOFIN,329.6
2024-08-22,TCS,4502.0
2024-08-23,ADANIGREEN,1901.0
2024-08-23,AXISBANK,1167.6
2024-08-23,JIOFIN,327.05
2024-08-23,TCS,4467.65
2024-08-26,ADANIGREEN,1889.0
2024-08-26,AXISBANK,1172.5
2024-08-26,JIOFIN,323.7
2024-08-26,TCS,4506.6
2024-08-27,ADANIGREEN,1884.3
2024-08-27,AXISBANK,1177.9
2024-08-27,JIOFIN,323.8
2024-08-27,TCS,4491.0
2024-08-28,ADANIGREEN,1855.3
2024-08-28,AXISBANK,1169.9
2024-08-28,JIOFIN,322.3
2024-08-28,TCS,4513.0
2024-08-29,ADANIGREEN,1833.0
2024-08-29,AXISBANK,1175.0
2024-08-29,JIOFIN,326.0
2024-08-29,TCS,4507.0
2024-08-30,ADANIGREEN,1833.4
2024-08-30,AXISBANK,1179.0
2024-08-30,JIOFIN,322.4
2024-08-30,TCS,4562.6
2024-09-01,BAJFINANCE,771.5
2024-09-01,JSWSTEEL,820.85
2024-09-01,KOTAKBANK,365.1
2024-09-01,NIFTY 50,21551.95
2024-09-01,NIFTY BANK,47230.95
2024-09-01,ONGC,201.75
2024-09-01,TATAPOWER,340.9
2024-09-01,TATASTEEL,127.28
2024-09-01,TITAN,3699.05
2024-09-01,WIPRO,215.8
2024-09-02,ADANIGREEN,1935.0
2024-09-02,AXISBANK,1189.0
2024-09-02,BAJFINANCE,665.5
2024-09-02,JIOFIN,348.0
2024-09-02,JSWSTEEL,811.8
2024-09-02,KOTAKBANK,348.4
2024-09-02,NIFTY 50,21786.0
2024-09-02,NIFTY BANK,45706.55
2024-09-02,ONGC,249.6
2024-09-02,TATAPOWER,391.0
2024-09-02,TATASTEEL,134.46
2024-09-02,TCS,4526.35
2024-09-02,TITAN,3589.95
2024-09-02,WIPRO,234.65
2024-09-03,ADANIGREEN,1894.0
2024-09-03,AXISBANK,1191.0
2024-09-03,JIOFIN,348.4
2024-09-03,TCS,4512.65
2024-09-04,ADANIGREEN,1929.0
2024-09-04,AXISBANK,1179.0
2024-09-04,BAJFINANCE,719.0
2024-09-04,JIOFIN,346.4
2024-09-04,JSWSTEEL,873.0
2024-09-04,KOTAKBANK,357.0
2024-09-04,NIFTY 50,22642.05
2024-09-04,NIFTY BANK,48710.45
2024-09-04,ONGC,250.5
2024-09-04,TATAPOWER,430.4
2024-09-04,TATASTEEL,158.85
2024-09-04,TCS,4484.0
2024-09-04,TITAN,3684.75
2024-09-04,WIPRO,227.65
2024-09-05,ADANIGREEN,1896.0
2024-09-05,AXISBANK,1180.0
2024-09-05,BAJFINANCE,660.5
2024-09-05,JIOFIN,344.35
2024-09-05,JSWSTEEL,834.0
2024-09-05,KOTAKBANK,328.3
2024-09-05,NIFTY 50,21968.15
2024-09-05,NIFTY BANK,47515.45
2024-09-05,ONGC,247.8
2024-09-05,TATAPOWER,416.0
2024-09-05,TATASTEEL,154.79
2024-09-05,TCS,4490.0
2024-09-05,TITAN,3244.5
2024-09-05,WIPRO,217.45
2024-09-06,ADANIGREEN,1873.9
2024-09-06,AXISBANK,1158.75
2024-09-06,JIOFIN,337.75
2024-09-06,TCS,4460.5
2024-09-07,BAJFINANCE,705.5
2024-09-07,JSWSTEEL,933.5
2024-09-07,KOTAKBANK,369.0
2024-09-07,NIFTY 50,24417.25
2024-09-07,NIFTY BANK,52521.4
2024-09-07,ONGC,276.8
2024-09-07,TATAPOWER,438.25
2024-09-07,TATASTEEL,168.02
2024-09-07,TITAN,3214.5
2024-09-07,WIPRO,258.55
2024-09-08,BAJFINANCE,662.5
2024-09-08,JSWSTEEL,909.0
2024-09-08,KOTAKBANK,354.0
2024-09-08,NIFTY 50,24364.4
2024-09-08,NIFTY BANK,50481.8
2024-09-08,ONGC,308.2
2024-09-08,TATAPOWER,418.2
2024-09-08,TATASTEEL,148.24
2024-09-08,TITAN,3331.0
2024-09-08,WIPRO,235.15
2024-09-09,ADANIGREEN,1853.25
2024-09-09,AXISBANK,1170.25
2024-09-09,BAJFINANCE,734.0
2024-09-09,JIOFIN,344.1
2024-09-09,JSWSTEEL,931.8
2024-09-09,KOTAKBANK,358.2
2024-09-09,NIFTY 50,24942.25
2024-09-09,NIFTY BANK,51126.55
2024-09-09,ONGC,279.05
2024-09-09,TATAPOWER,417.85
2024-09-09,TATASTEEL,146.09
2024-09-09,TCS,4456.0
2024-09-09,TITAN,3675.6
2024-09-09,WIPRO,246.85
2024-09-10,ADANIGREEN,1847.0
2024-09-10,AXISBANK,1186.55
2024-09-10,BAJFINANCE,731.0
2024-09-10,JIOFIN,352.2
2024-09-10,JSWSTEEL,993.8
2024-09-10,KOTAKBANK,361.0
2024-09-10,NIFTY 50,25019.55
2024-09-10,NIFTY BANK,51088.2
2024-09-10,ONGC,268.55
2024-09-10,TATAPOWER,462.5
2024-09-10,TATASTEEL,154.51
2024-09-10,TCS,4510.0
2024-09-10,TITAN,3499.9
2024-09-10,WIPRO,254.65
2024-09-11,ADANIGREEN,1820.0
2024-09-11,AXISBANK,1183.8
2024-09-11,JIOFIN,344.8
2024-09-11,TCS,4495.5
2024-09-12,ADANIGREEN,1806.0
2024-09-12,AXISBANK,1202.6
2024-09-12,BAJFINANCE,688.0
2024-09-12,JIOFIN,350.5
2024-09-12,JSWSTEEL,1012.25
2024-09-12,KOTAKBANK,357.4
2024-09-12,NIFTY 50,24626.6
2024-09-12,NIFTY BANK,53420.55
2024-09-12,ONGC,246.75
2024-09-12,TATAPOWER,440.65
2024-09-12,TATASTEEL,146.29
2024-09-12,TCS,4495.3
2024-09-12,TITAN,3466.5
2024-09-12,WIPRO,291.5
2024-09-13,ADANIGREEN,1787.0
2024-09-13,AXISBANK,1214.95
2024-09-13,JIOFIN,352.85
2024-09-13,TCS,4521.75
2024-09-16,ADANIGREEN,1924.0
2024-09-16,AXISBANK,1230.35
2024-09-16,JIOFIN,348.1
2024-09-16,TCS,4509.0
2024-09-17,ADANIGREEN,1945.0
2024-09-17,AXISBANK,1228.5
2024-09-17,JIOFIN,350.6
2024-09-17,TCS,4511.0
2024-09-18,ADANIGREEN,1945.0
2024-09-18,AXISBANK,1235.2
2024-09-18,JIOFIN,345.7
2024-09-18,TCS,4347.9
2024-09-19,ADANIGREEN,1962.15
2024-09-19,AXISBANK,1244.8
2024-09-19,JIOFIN,347.8
2024-09-19,TCS,4307.0
2024-09-20,ADANIGREEN,2000.0
2024-09-20,AXISBANK,1249.95
2024-09-20,JIOFIN,353.25
2024-09-20,TCS,4297.0
2024-09-23,ADANIGREEN,2029.95
2024-09-23,AXISBANK,1246.0
2024-09-23,JIOFIN,353.4
2024-09-23,TCS,4266.05
2024-09-24,ADANIGREEN,2065.0
2024-09-24,AXISBANK,1240.5
2024-09-24,JIOFIN,351.5
2024-09-24,TCS,4282.0
2024-09-25,ADANIGREEN,2064.7
2024-09-25,AXISBANK,1269.15
2024-09-25,JIOFIN,352.5
2024-09-25,TCS,4275.35
2024-09-26,ADANIGREEN,2050.0
2024-09-26,AXISBANK,1273.95
2024-09-26,JIOFIN,349.0
2024-09-26,TCS,4295.0
2024-09-27,ADANIGREEN,1978.0
2024-09-27,AXISBANK,1275.1
2024-09-27,JIOFIN,358.0
2024-09-27,TCS,4305.0
2024-09-30,ADANIGREEN,1910.0
2024-09-30,AXISBANK,1231.6
2024-09-30,JIOFIN,350.5
2024-09-30,TCS,4270.0
2024-10-01,ADANIGREEN,1888.85
2024-10-01,AXISBANK,1227.5
2024-10-01,BAJFINANCE,767.5
2024-10-01,JIOFIN,350.2
2024-10-01,JSWSTEEL,829.0
2024-10-01,KOTAKBANK,364.2
2024-10-01,NIFTY 50,21625.4
2024-10-01,NIFTY BANK,47359.35
2024-10-01,ONGC,197.7
2024-10-01,TATAPOWER,346.8
2024-10-01,TATASTEEL,127.57
2024-10-01,TCS,4283.25
2024-10-01,TITAN,3716.0
2024-10-01,WIPRO,217.9
2024-10-03,ADANIGREEN,1811.9
2024-10-03,AXISBANK,1178.0
2024-10-03,JIOFIN,345.8
2024-10-03,TCS,4232.05
2024-10-04,ADANIGREEN,1802.25
2024-10-04,AXISBANK,1182.0
2024-10-04,BAJFINANCE,722.0
2024-10-04,JIOFIN,338.05
2024-10-04,JSWSTEEL,883.5
2024-10-04,KOTAKBANK,364.2
2024-10-04,NIFTY 50,22735.05
2024-10-04,NIFTY BANK,48912.0
2024-10-04,ONGC,253.4
2024-10-04,TATAPOWER,432.25
2024-10-04,TATASTEEL,157.82
2024-10-04,TCS,4251.9
2024-10-04,TITAN,3709.95
2024-10-04,WIPRO,228.3
2024-10-05,BAJFINANCE,667.5
2024-10-05,JSWSTEEL,853.0
2024-10-05,KOTAKBANK,324.5
2024-10-05,NIFTY 50,22054.0
2024-10-05,NIFTY BANK,47440.85
2024-10-05,ONGC,251.1
2024-10-05,TATAPOWER,415.45
2024-10-05,TATASTEEL,155.18
2024-10-05,TITAN,3292.9
2024-10-05,WIPRO,215.9
2024-10-06,BAJFINANCE,708.0
2024-10-06,JSWSTEEL,913.45
2024-10-06,KOTAKBANK,348.5
2024-10-06,NIFTY 50,23234.45
2024-10-06,NIFTY BANK,49689.65
2024-10-06,ONGC,241.2
2024-10-06,TATAPOWER,447.5
2024-10-06,TATASTEEL,172.82
2024-10-06,TITAN,3420.05
2024-10-06,WIPRO,227.25
2024-10-07,ADANIGREEN,1751.0
2024-10-07,AXISBANK,1151.3
2024-10-07,BAJFINANCE,704.5
2024-10-07,JIOFIN,334.6
2024-10-07,JSWSTEEL,924.0
2024-10-07,KOTAKBANK,366.6
2024-10-07,NIFTY 50,24312.4
2024-10-07,NIFTY BANK,52217.3
2024-10-07,ONGC,277.35
2024-10-07,TATAPOWER,437.35
2024-10-07,TATASTEEL,164.37
2024-10-07,TCS,4274.0
2024-10-07,TITAN,3231.0
2024-10-07,WIPRO,255.35
2024-10-08,ADANIGREEN,1813.45
2024-10-08,AXISBANK,1157.35
2024-10-08,JIOFIN,344.0
2024-10-08,TCS,4259.4
2024-10-09,ADANIGREEN,1792.0
2024-10-09,AXISBANK,1170.2
2024-10-09,BAJFINANCE,724.5
2024-10-09,JIOFIN,342.0
2024-10-09,JSWSTEEL,939.0
2024-10-09,KOTAKBANK,357.9
2024-10-09,NIFTY 50,25052.1
2024-10-09,NIFTY BANK,51277.65
2024-10-09,ONGC,275.35
2024-10-09,TATAPOWER,445.65
2024-10-09,TATASTEEL,146.27
2024-10-09,TCS,4258.95
2024-10-09,TITAN,3720.5
2024-10-09,WIPRO,251.0
2024-10-10,ADANIGREEN,1787.85
2024-10-10,AXISBANK,1183.7
2024-10-10,BAJFINANCE,732.5
2024-10-10,JIOFIN,343.3
2024-10-10,JSWSTEEL,1012.2
2024-10-10,KOTAKBANK,374.0
2024-10-10,NIFTY 50,25007.55
2024-10-10,NIFTY BANK,51533.4
2024-10-10,ONGC,269.05
2024-10-10,TATAPOWER,467.0
2024-10-10,TATASTEEL,156.34
2024-10-10,TCS,4227.9
2024-10-10,TITAN,3458.2
2024-10-10,WIPRO,251.4
2024-10-11,ADANIGREEN,1788.85
2024-10-11,AXISBANK,1174.0
2024-10-11,JIOFIN,340.95
2024-10-11,TCS,4146.0
2024-10-12,BAJFINANCE,693.5
2024-10-12,JSWSTEEL,1013.1
2024-10-12,KOTAKBANK,359.4
2024-10-12,NIFTY 50,24620.5
2024-10-12,NIFTY BANK,53611.1
2024-10-12,ONGC,244.8
2024-10-12,TATAPOWER,435.1
2024-10-12,TATASTEEL,146.97
2024-10-12,TITAN,3479.9
2024-10-12,WIPRO,294.4
2024-10-14,ADANIGREEN,1771.0
2024-10-14,AXISBANK,1168.75
2024-10-14,JIOFIN,339.5
2024-10-14,TCS,4141.0
2024-10-15,ADANIGREEN,1763.4
2024-10-15,AXISBANK,1157.7
2024-10-15,JIOFIN,336.85
2024-10-15,TCS,4118.05
2024-10-16,ADANIGREEN,1750.0
2024-10-16,AXISBANK,1150.0
2024-10-16,JIOFIN,333.0
2024-10-16,TCS,4094.0
2024-10-17,ADANIGREEN,1734.55
2024-10-17,AXISBANK,1131.0
2024-10-17,JIOFIN,329.5
2024-10-17,TCS,4111.25
2024-10-18,ADANIGREEN,1734.0
2024-10-18,AXISBANK,1196.95
2024-10-18,JIOFIN,329.6
2024-10-18,TCS,4130.5
2024-10-21,ADANIGREEN,1706.5
2024-10-21,AXISBANK,1189.0
2024-10-21,JIOFIN,326.4
2024-10-21,TCS,4071.0
2024-10-22,ADANIGREEN,1684.0
2024-10-22,AXISBANK,1177.0
2024-10-22,JIOFIN,316.2
2024-10-22,TCS,4020.0
2024-10-23,ADANIGREEN,1700.1
2024-10-23,AXISBANK,1161.5
2024-10-23,JIOFIN,314.45
2024-10-23,TCS,4065.15
2024-10-24,ADANIGREEN,1684.0
2024-10-24,AXISBANK,1167.0
2024-10-24,JIOFIN,316.0
2024-10-24,TCS,4050.0
2024-10-25,ADANIGREEN,1641.0
2024-10-25,AXISBANK,1188.9
2024-10-25,JIOFIN,311.75
2024-10-25,TCS,4060.0
2024-10-28,ADANIGREEN,1615.95
2024-10-28,AXISBANK,1174.0
2024-10-28,JIOFIN,316.6
2024-10-28,TCS,4090.05
2024-10-29,ADANIGREEN,1631.0
2024-10-29,AXISBANK,1183.35
2024-10-29,JIOFIN,325.8
2024-10-29,TCS,4080.0
2024-10-30,ADANIGREEN,1636.0
2024-10-30,AXISBANK,1172.0
2024-10-30,JIOFIN,319.2
2024-10-30,TCS,4075.0
2024-10-31,ADANIGREEN,1598.9
2024-10-31,AXISBANK,1167.0
2024-10-31,JIOFIN,322.0
2024-10-31,TCS,3975.0
2024-11-01,ADANIGREEN,1633.0
2024-11-01,AXISBANK,1169.4
2024-11-01,BAJFINANCE,768.0
2024-11-01,JIOFIN,326.5
2024-11-01,JSWSTEEL,822.55
2024-11-01,KOTAKBANK,364.6
2024-11-01,NIFTY 50,21669.4
2024-11-01,NIFTY BANK,47445.95
2024-11-01,ONGC,197.35
2024-11-01,TATAPOWER,357.25
2024-11-01,TATASTEEL,128.5
2024-11-01,TCS,3983.05
2024-11-01,TITAN,3699.0
2024-11-01,WIPRO,214.4
2024-11-03,BAJFINANCE,644.0
2024-11-03,JSWSTEEL,827.7
2024-11-03,KOTAKBANK,345.8
2024-11-03,NIFTY 50,22319.85
2024-11-03,NIFTY BANK,47280.25
2024-11-03,ONGC,254.95
2024-11-03,TATAPOWER,412.5
2024-11-03,TATASTEEL,146.73
2024-11-03,TITAN,3760.0
2024-11-03,WIPRO,245.35
2024-11-04,ADANIGREEN,1607.0
2024-11-04,AXISBANK,1143.65
2024-11-04,JIOFIN,319.8
2024-11-04,TCS,3966.0
2024-11-05,ADANIGREEN,1639.4
2024-11-05,AXISBANK,1170.15
2024-11-05,JIOFIN,321.8
2024-11-05,TCS,3971.45
2024-11-06,ADANIGREEN,1715.5
2024-11-06,AXISBANK,1169.0
2024-11-06,BAJFINANCE,715.0
2024-11-06,JIOFIN,326.45
2024-11-06,JSWSTEEL,910.05
2024-11-06,KOTAKBANK,344.6
2024-11-06,NIFTY 50,23261.8
2024-11-06,NIFTY BANK,49652.25
2024-11-06,ONGC,254.95
2024-11-06,TATAPOWER,449.7
2024-11-06,TATASTEEL,173.9
2024-11-06,TCS,4143.0
2024-11-06,TITAN,3409.4
2024-11-06,WIPRO,227.3
2024-11-07,ADANIGREEN,1650.0
2024-11-07,AXISBANK,1160.45
2024-11-07,BAJFINANCE,696.0
2024-11-07,JIOFIN,321.25
2024-11-07,JSWSTEEL,925.0
2024-11-07,KOTAKBANK,367.9
2024-11-07,NIFTY 50,24338.5
2024-11-07,NIFTY BANK,52305.65
2024-11-07,ONGC,284.5
2024-11-07,TATAPOWER,441.0
2024-11-07,TATASTEEL,165.59
2024-11-07,TCS,4146.0
2024-11-07,TITAN,3251.5
2024-11-07,WIPRO,256.15
2024-11-08,ADANIGREEN,1594.0
2024-11-08,AXISBANK,1161.4
2024-11-08,JIOFIN,315.0
2024-11-08,TCS,4135.65
2024-11-09,BAJFINANCE,736.0
2024-11-09,JSWSTEEL,927.45
2024-11-09,KOTAKBANK,358.2
2024-11-09,NIFTY 50,24951.8
2024-11-09,NIFTY BANK,51094.5
2024-11-09,ONGC,267.05
2024-11-09,TATAPOWER,436.5
2024-11-09,TATASTEEL,145.0
2024-11-09,TITAN,3710.3
2024-11-09,WIPRO,246.6
2024-11-10,BAJFINANCE,730.0
2024-11-10,JSWSTEEL,1019.45
2024-11-10,KOTAKBANK,376.9
2024-11-10,NIFTY 50,24975.05
2024-11-10,NIFTY BANK,51189.25
2024-11-10,ONGC,272.4
2024-11-10,TATAPOWER,461.5
2024-11-10,TATASTEEL,157.18
2024-11-10,TITAN,3474.9
2024-11-10,WIPRO,252.55
2024-11-11,ADANIGREEN,1556.0
2024-11-11,AXISBANK,1169.0
2024-11-11,BAJFINANCE,676.5
2024-11-11,JIOFIN,311.8
2024-11-11,JSWSTEEL,981.0
2024-11-11,KOTAKBANK,348.4
2024-11-11,NIFTY 50,24122.1
2024-11-11,NIFTY BANK,51812.35
2024-11-11,ONGC,239.45
2024-11-11,TATAPOWER,431.9
2024-11-11,TATASTEEL,141.98
2024-11-11,TCS,4188.0
2024-11-11,TITAN,3203.0
2024-11-11,WIPRO,273.85
2024-11-12,ADANIGREEN,1522.5
2024-11-12,AXISBANK,1156.95
2024-11-12,BAJFINANCE,710.0
2024-11-12,JIOFIN,310.5
2024-11-12,JSWSTEEL,998.0
2024-11-12,KOTAKBANK,359.0
2024-11-12,NIFTY 50,24629.5
2024-11-12,NIFTY BANK,53392.25
2024-11-12,ONGC,245.3
2024-11-12,TATAPOWER,434.3
2024-11-12,TATASTEEL,147.22
2024-11-12,TCS,4180.0
2024-11-12,TITAN,3471.0
2024-11-12,WIPRO,295.1
2024-11-13,ADANIGREEN,1474.75
2024-11-13,AXISBANK,1142.35
2024-11-13,JIOFIN,300.4
2024-11-13,TCS,4151.65
2024-11-14,ADANIGREEN,1493.0
2024-11-14,AXISBANK,1141.5
2024-11-14,JIOFIN,319.6
2024-11-14,TCS,4148.0
2024-11-18,ADANIGREEN,1454.9
2024-11-18,AXISBANK,1125.45
2024-11-18,JIOFIN,319.0
2024-11-18,TCS,4017.15
2024-11-19,ADANIGREEN,1414.1
2024-11-19,AXISBANK,1133.45
2024-11-19,JIOFIN,317.85
2024-11-19,TCS,4042.0
2024-11-21,ADANIGREEN,1145.0
2024-11-21,AXISBANK,1143.5
2024-11-21,JIOFIN,314.2
2024-11-21,TCS,4068.0
2024-11-22,ADANIGREEN,1054.5
2024-11-22,AXISBANK,1141.8
2024-11-22,JIOFIN,313.95
2024-11-22,TCS,4221.95
2024-11-25,ADANIGREEN,955.0
2024-11-25,AXISBANK,1156.7
2024-11-25,JIOFIN,319.95
2024-11-25,TCS,4320.0
2024-11-26,ADANIGREEN,898.5
2024-11-26,AXISBANK,1143.3
2024-11-26,JIOFIN,326.15
2024-11-26,TCS,4351.0
2024-11-27,ADANIGREEN,988.4
2024-11-27,AXISBANK,1151.0
2024-11-27,JIOFIN,329.35
2024-11-27,TCS,4332.95
2024-11-28,ADANIGREEN,1087.2
2024-11-28,AXISBANK,1135.5
2024-11-28,JIOFIN,325.65
2024-11-28,TCS,4250.8
2024-11-29,ADANIGREEN,1320.0
2024-11-29,AXISBANK,1137.0
2024-11-29,JIOFIN,328.35
2024-11-29,TCS,4266.0
2024-12-01,BAJFINANCE,764.0
2024-12-01,JSWSTEEL,826.95
2024-12-01,KOTAKBANK,367.2
2024-12-01,NIFTY 50,21908.25
2024-12-01,NIFTY BANK,47724.65
2024-12-01,ONGC,208.7
2024-12-01,TATAPOWER,356.8
2024-12-01,TATASTEEL,128.89
2024-12-01,TITAN,3728.75
2024-12-01,WIPRO,222.85
2024-12-02,ADANIGREEN,1328.1
2024-12-02,AXISBANK,1136.35
2024-12-02,BAJFINANCE,658.0
2024-12-02,JIOFIN,329.95
2024-12-02,JSWSTEEL,808.25
2024-12-02,KOTAKBANK,342.9
2024-12-02,NIFTY 50,21612.6
2024-12-02,NIFTY BANK,44887.75
2024-12-02,ONGC,240.1
2024-12-02,TATAPOWER,361.9
2024-12-02,TATASTEEL,130.9
2024-12-02,TCS,4268.85
2024-12-02,TITAN,3583.5
2024-12-02,WIPRO,239.5
2024-12-03,ADANIGREEN,1312.0
2024-12-03,AXISBANK,1161.0
2024-12-03,BAJFINANCE,645.0
2024-12-03,JIOFIN,342.0
2024-12-03,JSWSTEEL,816.5
2024-12-03,KOTAKBANK,344.5
2024-12-03,NIFTY 50,22333.7
2024-12-03,NIFTY BANK,47277.3
2024-12-03,ONGC,251.4
2024-12-03,TATAPOWER,396.4
2024-12-03,TATASTEEL,145.31
2024-12-03,TCS,4305.0
2024-12-03,TITAN,3753.2
2024-12-03,WIPRO,243.95
2024-12-04,ADANIGREEN,1262.5
2024-12-04,AXISBANK,1158.75
2024-12-04,BAJFINANCE,721.0
2024-12-04,JIOFIN,345.1
2024-12-04,JSWSTEEL,862.0
2024-12-04,KOTAKBANK,362.6
2024-12-04,NIFTY 50,22519.4
2024-12-04,NIFTY BANK,48477.55
2024-12-04,ONGC,247.25
2024-12-04,TATAPOWER,437.75
2024-12-04,TATASTEEL,156.26
2024-12-04,TCS,4342.0
2024-12-04,TITAN,3623.0
2024-12-04,WIPRO,225.1
2024-12-05,ADANIGREEN,1229.5
2024-12-05,AXISBANK,1168.5
2024-12-05,JIOFIN,341.7
2024-12-05,TCS,4455.15
2024-12-06,ADANIGREEN,1209.5
2024-12-06,AXISBANK,1183.9
2024-12-06,BAJFINANCE,720.0
2024-12-06,JIOFIN,338.7
2024-12-06,JSWSTEEL,915.7
2024-12-06,KOTAKBANK,343.3
2024-12-06,NIFTY 50,23308.4
2024-12-06,NIFTY BANK,49791.6
2024-12-06,ONGC,256.7
2024-12-06,TATAPOWER,449.7
2024-12-06,TATASTEEL,174.89
2024-12-06,TCS,4444.15
2024-12-06,TITAN,3384.95
2024-12-06,WIPRO,227.95
2024-12-07,BAJFINANCE,701.0
2024-12-07,JSWSTEEL,935.35
2024-12-07,KOTAKBANK,366.8
2024-12-07,NIFTY 50,24512.4
2024-12-07,NIFTY BANK,52348.7
2024-12-07,ONGC,286.05
2024-12-07,TATAPOWER,434.2
2024-12-07,TATASTEEL,164.27
2024-12-07,TITAN,3221.45
2024-12-07,WIPRO,267.15
2024-12-08,BAJFINANCE,660.0
2024-12-08,JSWSTEEL,918.95
2024-12-08,KOTAKBANK,355.0
2024-12-08,NIFTY 50,24348.8
2024-12-08,NIFTY BANK,50578.55
2024-12-08,ONGC,317.45
2024-12-08,TATAPOWER,418.7
2024-12-08,TATASTEEL,148.68
2024-12-08,TITAN,3325.55
2024-12-08,WIPRO,233.9
2024-12-09,ADANIGREEN,1217.9
2024-12-09,AXISBANK,1167.9
2024-12-09,BAJFINANCE,742.0
2024-12-09,JIOFIN,335.9
2024-12-09,JSWSTEEL,955.0
2024-12-09,KOTAKBANK,366.2
2024-12-09,NIFTY 50,25314.95
2024-12-09,NIFTY BANK,51668.05
2024-12-09,ONGC,272.75
2024-12-09,TATAPOWER,439.95
2024-12-09,TATASTEEL,148.34
2024-12-09,TCS,4445.6
2024-12-09,TITAN,3758.0
2024-12-09,WIPRO,252.6
2024-12-10,ADANIGREEN,1175.0
2024-12-10,AXISBANK,1154.75
2024-12-10,JIOFIN,334.7
2024-12-10,TCS,4437.8
2024-12-11,ADANIGREEN,1149.0
2024-12-11,AXISBANK,1147.8
2024-12-11,BAJFINANCE,664.0
2024-12-11,JIOFIN,343.5
2024-12-11,JSWSTEEL,955.95
2024-12-11,KOTAKBANK,344.2
2024-12-11,NIFTY 50,23842.95
2024-12-11,NIFTY BANK,51120.6
2024-12-11,ONGC,238.2
2024-12-11,TATAPOWER,413.0
2024-12-11,TATASTEEL,140.62
2024-12-11,TCS,4423.0
2024-12-11,TITAN,3187.0
2024-12-11,WIPRO,271.95
2024-12-12,ADANIGREEN,1221.25
2024-12-12,AXISBANK,1145.0
2024-12-12,BAJFINANCE,711.5
2024-12-12,JIOFIN,338.35
2024-12-12,JSWSTEEL,1002.4
2024-12-12,KOTAKBANK,354.6
2024-12-12,NIFTY 50,24539.5
2024-12-12,NIFTY BANK,53224.85
2024-12-12,ONGC,242.2
2024-12-12,TATAPOWER,433.2
2024-12-12,TATASTEEL,146.97
2024-12-12,TCS,4460.0
2024-12-12,TITAN,3440.15
2024-12-12,WIPRO,295.85
2024-12-13,ADANIGREEN,1198.0
2024-12-13,AXISBANK,1152.7
2024-12-13,JIOFIN,338.7
2024-12-13,TCS,4474.9
2024-12-16,ADANIGREEN,1166.5
2024-12-16,AXISBANK,1148.0
2024-12-16,JIOFIN,339.85
2024-12-16,TCS,4416.0
2024-12-17,ADANIGREEN,1143.25
2024-12-17,AXISBANK,1134.8
2024-12-17,JIOFIN,336.75
2024-12-17,TCS,4322.7
2024-12-18,ADANIGREEN,1105.0
2024-12-18,AXISBANK,1123.5
2024-12-18,JIOFIN,325.0
2024-12-18,TCS,4355.65
2024-12-19,ADANIGREEN,1074.85
2024-12-19,AXISBANK,1110.75
2024-12-19,JIOFIN,313.75
2024-12-19,TCS,4281.0
2024-12-20,ADANIGREEN,1030.0
2024-12-20,AXISBANK,1071.4
2024-12-20,JIOFIN,305.4
2024-12-20,TCS,4177.05
2024-12-23,ADANIGREEN,1035.05
2024-12-23,AXISBANK,1077.0
2024-12-23,JIOFIN,304.8
2024-12-23,TCS,4157.05
2024-12-24,ADANIGREEN,1029.95
2024-12-24,AXISBANK,1081.9
2024-12-24,JIOFIN,304.95
2024-12-24,TCS,4182.0
2024-12-26,ADANIGREEN,1067.85
2024-12-26,AXISBANK,1077.25
2024-12-26,JIOFIN,305.35
2024-12-26,TCS,4171.0
2024-12-27,ADANIGREEN,1052.25
2024-12-27,AXISBANK,1078.2
2024-12-27,JIOFIN,305.2
2024-12-27,TCS,4160.0
2024-12-30,ADANIGREEN,1072.95
2024-12-30,AXISBANK,1070.0
2024-12-30,JIOFIN,304.8
2024-12-30,TCS,4150.0
2024-12-31,ADANIGREEN,1039.45
2024-12-31,AXISBANK,1068.0
2024-12-31,JIOFIN,298.9
2024-12-31,TCS,4106.0
2025-01-01,ADANIGREEN,1046.0
2025-01-01,AXISBANK,1072.25
2025-01-01,BAJFINANCE,694.0
2025-01-01,JIOFIN,304.25
2025-01-01,JSWSTEEL,906.85
2025-01-01,KOTAKBANK,357.6
2025-01-01,NIFTY 50,23758.7
2025-01-01,NIFTY BANK,51096.05
2025-01-01,ONGC,225.95
2025-01-01,TATAPOWER,391.7
2025-01-01,TATASTEEL,133.77
2025-01-01,TCS,4112.0
2025-01-01,TITAN,3253.95
2025-01-01,WIPRO,287.35
2025-01-02,ADANIGREEN,1046.55
2025-01-02,AXISBANK,1087.0
2025-01-02,BAJFINANCE,801.0
2025-01-02,JIOFIN,304.55
2025-01-02,JSWSTEEL,934.0
2025-01-02,KOTAKBANK,382.1
2025-01-02,NIFTY 50,23495.3
2025-01-02,NIFTY BANK,49520.95
2025-01-02,ONGC,245.75
2025-01-02,TATAPOWER,368.8
2025-01-02,TATASTEEL,129.97
2025-01-02,TCS,4166.0
2025-01-02,TITAN,3573.5
2025-01-02,WIPRO,297.85
2025-01-03,ADANIGREEN,1039.0
2025-01-03,AXISBANK,1081.2
2025-01-03,JIOFIN,307.15
2025-01-03,TCS,4097.0
2025-01-04,BAJFINANCE,872.0
2025-01-04,JSWSTEEL,1060.0
2025-01-04,KOTAKBANK,428.9
2025-01-04,NIFTY 50,23179.7
2025-01-04,NIFTY BANK,50851.0
2025-01-04,ONGC,236.85
2025-01-04,TATAPOWER,375.0
2025-01-04,TATASTEEL,149.76
2025-01-04,TITAN,2988.5
2025-01-04,WIPRO,256.25
2025-01-06,ADANIGREEN,984.5
2025-01-06,AXISBANK,1064.45
2025-01-06,JIOFIN,296.35
2025-01-06,TCS,4090.0
2025-01-07,ADANIGREEN,1008.5
2025-01-07,AXISBANK,1067.65
2025-01-07,BAJFINANCE,938.0
2025-01-07,JIOFIN,299.05
2025-01-07,JSWSTEEL,1029.1
2025-01-07,KOTAKBANK,436.4
2025-01-07,NIFTY 50,25533.0
2025-01-07,NIFTY BANK,57442.7
2025-01-07,ONGC,231.9
2025-01-07,TATAPOWER,405.9
2025-01-07,TATASTEEL,159.8
2025-01-07,TCS,4031.0
2025-01-07,TITAN,3697.0
2025-01-07,WIPRO,257.65
2025-01-08,ADANIGREEN,989.5
2025-01-08,AXISBANK,1074.7
2025-01-08,BAJFINANCE,877.0
2025-01-08,JIOFIN,298.35
2025-01-08,JSWSTEEL,1028.0
2025-01-08,KOTAKBANK,399.1
2025-01-08,NIFTY 50,24572.15
2025-01-08,NIFTY BANK,55636.15
2025-01-08,ONGC,225.55
2025-01-08,TATAPOWER,389.75
2025-01-08,TATASTEEL,153.0
2025-01-08,TCS,4095.1
2025-01-08,TITAN,3313.0
2025-01-08,WIPRO,236.3
2025-01-09,ADANIGREEN,977.5
2025-01-09,AXISBANK,1063.6
2025-01-09,BAJFINANCE,890.0
2025-01-09,JIOFIN,289.85
2025-01-09,JSWSTEEL,1033.7
2025-01-09,KOTAKBANK,393.0
2025-01-09,NIFTY 50,24624.3
2025-01-09,NIFTY BANK,53993.4
2025-01-09,ONGC,227.9
2025-01-09,TATAPOWER,380.95
2025-01-09,TATASTEEL,156.2
2025-01-09,TCS,4044.0
2025-01-09,TITAN,3618.0
2025-01-09,WIPRO,244.2
2025-01-10,ADANIGREEN,945.85
2025-01-10,AXISBANK,1040.05
2025-01-10,BAJFINANCE,987.35
2025-01-10,JIOFIN,280.9
2025-01-10,JSWSTEEL,1144.1
2025-01-10,KOTAKBANK,413.5
2025-01-10,NIFTY 50,24853.4
2025-01-10,NIFTY BANK,55386.65
2025-01-10,ONGC,231.95
2025-01-10,TATAPOWER,391.85
2025-01-10,TATASTEEL,167.55
2025-01-10,TCS,4267.0
2025-01-10,TITAN,3411.0
2025-01-10,WIPRO,235.7
2025-01-12,BAJFINANCE,1020.0
2025-01-12,JSWSTEEL,1165.0
2025-01-12,KOTAKBANK,429.5
2025-01-12,NIFTY 50,26175.95
2025-01-12,NIFTY BANK,59697.15
2025-01-12,ONGC,238.75
2025-01-12,TATAPOWER,390.0
2025-01-12,TATASTEEL,168.6
2025-01-12,TITAN,3888.0
2025-01-12,WIPRO,243.8
2025-01-13,ADANIGREEN,894.0
2025-01-13,AXISBANK,1045.5
2025-01-13,JIOFIN,265.8
2025-01-13,TCS,4299.0
2025-01-14,ADANIGREEN,1010.0
2025-01-14,AXISBANK,1055.5
2025-01-14,JIOFIN,273.65
2025-01-14,TCS,4241.15
2025-01-15,ADANIGREEN,1038.0
2025-01-15,AXISBANK,1025.4
2025-01-15,JIOFIN,274.0
2025-01-15,TCS,4255.4
2025-01-16,ADANIGREEN,1071.1
2025-01-16,AXISBANK,1044.0
2025-01-16,JIOFIN,276.45
2025-01-16,TCS,4215.0
2025-01-17,ADANIGREEN,1078.0
2025-01-17,AXISBANK,992.0
2025-01-17,JIOFIN,279.0
2025-01-17,TCS,4130.0
2025-01-20,ADANIGREEN,1066.8
2025-01-20,AXISBANK,988.95
2025-01-20,JIOFIN,275.65
2025-01-20,TCS,4080.0
2025-01-21,ADANIGREEN,1045.0
2025-01-21,AXISBANK,971.85
2025-01-21,JIOFIN,260.0
2025-01-21,TCS,4038.0
2025-01-22,ADANIGREEN,1031.0
2025-01-22,AXISBANK,959.6
2025-01-22,JIOFIN,263.4
2025-01-22,TCS,4152.0
2025-01-23,ADANIGREEN,1023.5
2025-01-23,AXISBANK,955.8
2025-01-23,JIOFIN,255.0
2025-01-23,TCS,4148.0
2025-01-24,ADANIGREEN,1008.95
2025-01-24,AXISBANK,948.55
2025-01-24,JIOFIN,243.9
2025-01-24,TCS,4153.1
2025-01-27,ADANIGREEN,999.0
2025-01-27,AXISBANK,947.55
2025-01-27,JIOFIN,233.3
2025-01-27,TCS,4067.0
2025-01-28,ADANIGREEN,989.0
2025-01-28,AXISBANK,983.25
2025-01-28,JIOFIN,234.5
2025-01-28,TCS,4040.0
2025-01-29,ADANIGREEN,987.9
2025-01-29,AXISBANK,981.45
2025-01-29,JIOFIN,240.15
2025-01-29,TCS,4105.0
2025-01-30,ADANIGREEN,974.95
2025-01-30,AXISBANK,987.0
2025-01-30,JIOFIN,235.9
2025-01-30,TCS,4108.0
2025-01-31,ADANIGREEN,1006.0
2025-01-31,AXISBANK,987.95
2025-01-31,JIOFIN,243.25
2025-01-31,TCS,4114.15
2025-02-01,ADANIGREEN,998.0
2025-02-01,AXISBANK,996.55
2025-02-01,BAJFINANCE,737.0
2025-02-01,JIOFIN,241.5
2025-02-01,JSWSTEEL,911.5
2025-02-01,KOTAKBANK,366.8
2025-02-01,NIFTY 50,24167.95
2025-02-01,NIFTY BANK,51605.85
2025-02-01,ONGC,234.7
2025-02-01,TATAPOWER,395.9
2025-02-01,TATASTEEL,134.86
2025-02-01,TCS,4073.0
2025-02-01,TITAN,3396.95
2025-02-01,WIPRO,289.6
2025-02-03,ADANIGREEN,969.5
2025-02-03,AXISBANK,989.45
2025-02-03,JIOFIN,234.3
2025-02-03,TCS,4064.0
2025-02-04,ADANIGREEN,985.5
2025-02-04,AXISBANK,1012.95
2025-02-04,BAJFINANCE,864.0
2025-02-04,JIOFIN,244.8
2025-02-04,JSWSTEEL,1055.4
2025-02-04,KOTAKBANK,430.6
2025-02-04,NIFTY 50,23330.8
2025-02-04,NIFTY BANK,51372.75
2025-02-04,ONGC,238.6
2025-02-04,TATAPOWER,377.4
2025-02-04,TATASTEEL,151.31
2025-02-04,TCS,4105.15
2025-02-04,TITAN,3102.3
2025-02-04,WIPRO,257.15
2025-02-05,ADANIGREEN,1018.0
2025-02-05,AXISBANK,1011.55
2025-02-05,BAJFINANCE,887.0
2025-02-05,JIOFIN,249.4
2025-02-05,JSWSTEEL,970.0
2025-02-05,KOTAKBANK,436.0
2025-02-05,NIFTY 50,24313.65
2025-02-05,NIFTY BANK,55055.15
2025-02-05,ONGC,231.6
2025-02-05,TATAPOWER,381.2
2025-02-05,TATASTEEL,137.8
2025-02-05,TCS,4086.0
2025-02-05,TITAN,3330.0
2025-02-05,WIPRO,236.4
2025-02-06,ADANIGREEN,995.4
2025-02-06,AXISBANK,1021.4
2025-02-06,BAJFINANCE,912.0
2025-02-06,JIOFIN,251.1
2025-02-06,JSWSTEEL,978.8
2025-02-06,KOTAKBANK,412.2
2025-02-06,NIFTY 50,24690.35
2025-02-06,NIFTY BANK,55862.05
2025-02-06,ONGC,227.0
2025-02-06,TATAPOWER,396.45
2025-02-06,TATASTEEL,155.51
2025-02-06,TCS,4087.0
2025-02-06,TITAN,3534.9
2025-02-06,WIPRO,241.35
2025-02-07,ADANIGREEN,989.9
2025-02-07,AXISBANK,1021.0
2025-02-07,BAJFINANCE,922.7
2025-02-07,JIOFIN,249.47
2025-02-07,JSWSTEEL,1058.2
2025-02-07,KOTAKBANK,432.9
2025-02-07,NIFTY 50,25442.85
2025-02-07,NIFTY BANK,56972.15
2025-02-07,ONGC,229.95
2025-02-07,TATAPOWER,406.0
2025-02-07,TATASTEEL,165.95
2025-02-07,TCS,4032.0
2025-02-07,TITAN,3707.0
2025-02-07,WIPRO,260.05
2025-02-09,BAJFINANCE,890.0
2025-02-09,JSWSTEEL,1043.6
2025-02-09,KOTAKBANK,389.0
2025-02-09,NIFTY 50,24575.0
2025-02-09,NIFTY BANK,53627.25
2025-02-09,ONGC,228.65
2025-02-09,TATAPOWER,386.0
2025-02-09,TATASTEEL,158.45
2025-02-09,TITAN,3612.2
2025-02-09,WIPRO,244.95
2025-02-10,ADANIGREEN,953.0
2025-02-10,AXISBANK,1011.9
2025-02-10,JIOFIN,243.2
2025-02-10,TCS,4034.0
2025-02-11,ADANIGREEN,943.9
2025-02-11,AXISBANK,1004.15
2025-02-11,JIOFIN,236.5
2025-02-11,TCS,3967.0
2025-02-12,ADANIGREEN,920.5
2025-02-12,AXISBANK,1006.9
2025-02-12,BAJFINANCE,1025.3
2025-02-12,JIOFIN,228.18
2025-02-12,JSWSTEEL,1159.9
2025-02-12,KOTAKBANK,428.7
2025-02-12,NIFTY 50,26057.0
2025-02-12,NIFTY BANK,59347.1
2025-02-12,ONGC,238.2
2025-02-12,TATAPOWER,389.0
2025-02-12,TATASTEEL,167.9
2025-02-12,TCS,3956.25
2025-02-12,TITAN,3886.5
2025-02-12,WIPRO,244.3
2025-02-13,ADANIGREEN,909.9
2025-02-13,AXISBANK,1008.5
2025-02-13,JIOFIN,227.9
2025-02-13,TCS,3920.0
2025-02-14,ADANIGREEN,882.0
2025-02-14,AXISBANK,996.0
2025-02-14,JIOFIN,222.25
2025-02-14,TCS,3928.0
2025-02-17,ADANIGREEN,896.0
2025-02-17,AXISBANK,995.0
2025-02-17,JIOFIN,223.86
2025-02-17,TCS,3908.0
2025-02-18,ADANIGREEN,896.0
2025-02-18,AXISBANK,994.9
2025-02-18,JIOFIN,220.4
2025-02-18,TCS,3873.0
2025-02-19,ADANIGREEN,867.0
2025-02-19,AXISBANK,1009.4
2025-02-19,JIOFIN,228.54
2025-02-19,TCS,3785.0
2025-02-20,ADANIGREEN,864.4
2025-02-20,AXISBANK,1019.0
2025-02-20,JIOFIN,235.39
2025-02-20,TCS,3788.0
2025-02-21,ADANIGREEN,845.0
2025-02-21,AXISBANK,1005.5
2025-02-21,JIOFIN,233.3
2025-02-21,TCS,3789.9
2025-02-24,ADANIGREEN,836.5
2025-02-24,AXISBANK,1010.4
2025-02-24,JIOFIN,228.55
2025-02-24,TCS,3671.0
2025-02-25,ADANIGREEN,841.05
2025-02-25,AXISBANK,1008.75
2025-02-25,JIOFIN,225.65
2025-02-25,TCS,3627.0
2025-02-27,ADANIGREEN,810.9
2025-02-27,AXISBANK,1017.45
2025-02-27,JIOFIN,221.77
2025-02-27,TCS,3608.05
2025-02-28,ADANIGREEN,764.0
2025-02-28,AXISBANK,1015.6
2025-02-28,JIOFIN,208.29
2025-02-28,TCS,3478.0
2025-03-01,BAJFINANCE,737.0
2025-03-01,JSWSTEEL,913.0
2025-03-01,KOTAKBANK,367.1
2025-03-01,NIFTY 50,23990.15
2025-03-01,NIFTY BANK,50974.25
2025-03-01,ONGC,246.65
2025-03-01,TATAPOWER,396.6
2025-03-01,TATASTEEL,135.18
2025-03-01,TITAN,3450.0
2025-03-01,WIPRO,282.15
2025-03-02,BAJFINANCE,841.0
2025-03-02,JSWSTEEL,932.55
2025-03-02,KOTAKBANK,377.2
2025-03-02,NIFTY 50,23359.7
2025-03-02,NIFTY BANK,49224.05
2025-03-02,ONGC,239.4
2025-03-02,TATAPOWER,355.15
2025-03-02,TATASTEEL,128.52
2025-03-02,TITAN,3574.35
2025-03-02,WIPRO,305.2
2025-03-03,ADANIGREEN,808.0
2025-03-03,AXISBANK,1006.0
2025-03-03,BAJFINANCE,865.0
2025-03-03,JIOFIN,201.3
2025-03-03,JSWSTEEL,976.15
2025-03-03,KOTAKBANK,383.0
2025-03-03,NIFTY 50,22143.15
2025-03-03,NIFTY BANK,48159.85
2025-03-03,ONGC,215.0
2025-03-03,TATAPOWER,343.75
2025-03-03,TATASTEEL,135.17
2025-03-03,TCS,3506.0
2025-03-03,TITAN,3082.55
2025-03-03,WIPRO,276.35
2025-03-04,ADANIGREEN,768.9
2025-03-04,AXISBANK,1003.0
2025-03-04,BAJFINANCE,857.0
2025-03-04,JIOFIN,206.25
2025-03-04,JSWSTEEL,1042.1
2025-03-04,KOTAKBANK,426.6
2025-03-04,NIFTY 50,23241.6
2025-03-04,NIFTY BANK,51581.55
2025-03-04,ONGC,232.3
2025-03-04,TATAPOWER,386.4
2025-03-04,TATASTEEL,150.34
2025-03-04,TCS,3533.0
2025-03-04,TITAN,3125.0
2025-03-04,WIPRO,250.2
2025-03-05,ADANIGREEN,849.95
2025-03-05,AXISBANK,1014.25
2025-03-05,JIOFIN,217.5
2025-03-05,TCS,3557.0
2025-03-06,ADANIGREEN,843.2
2025-03-06,AXISBANK,1034.0
2025-03-06,BAJFINANCE,897.5
2025-03-06,JIOFIN,219.39
2025-03-06,JSWSTEEL,974.0
2025-03-06,KOTAKBANK,408.2
2025-03-06,NIFTY 50,24538.4
2025-03-06,NIFTY BANK,55540.0
2025-03-06,ONGC,226.3
2025-03-06,TATAPOWER,391.0
2025-03-06,TATASTEEL,153.76
2025-03-06,TCS,3596.0
2025-03-06,TITAN,3521.0
2025-03-06,WIPRO,240.25
2025-03-07,ADANIGREEN,839.25
2025-03-07,AXISBANK,1038.5
2025-03-07,BAJFINANCE,912.5
2025-03-07,JIOFIN,221.85
2025-03-07,JSWSTEEL,1046.6
2025-03-07,KOTAKBANK,425.0
2025-03-07,NIFTY 50,25397.4
2025-03-07,NIFTY BANK,56772.75
2025-03-07,ONGC,232.65
2025-03-07,TATAPOWER,399.7
2025-03-07,TATASTEEL,165.55
2025-03-07,TCS,3602.15
2025-03-07,TITAN,3681.0
2025-03-07,WIPRO,260.15
2025-03-09,BAJFINANCE,896.8
2025-03-09,JSWSTEEL,1074.7
2025-03-09,KOTAKBANK,392.5
2025-03-09,NIFTY 50,24713.6
2025-03-09,NIFTY BANK,54071.75
2025-03-09,ONGC,228.1
2025-03-09,TATAPOWER,389.0
2025-03-09,TATASTEEL,167.83
2025-03-09,TITAN,3685.0
2025-03-09,WIPRO,243.25
2025-03-10,ADANIGREEN,825.0
2025-03-10,AXISBANK,1032.35
2025-03-10,BAJFINANCE,990.5
2025-03-10,JIOFIN,215.9
2025-03-10,JSWSTEEL,1160.8
2025-03-10,KOTAKBANK,421.6
2025-03-10,NIFTY 50,24895.0
2025-03-10,NIFTY BANK,55596.95
2025-03-10,ONGC,232.5
2025-03-10,TATAPOWER,395.0
2025-03-10,TATASTEEL,173.4
2025-03-10,TCS,3589.0
2025-03-10,TITAN,3450.0
2025-03-10,WIPRO,235.15
2025-03-11,ADANIGREEN,833.2
2025-03-11,AXISBANK,1026.0
2025-03-11,BAJFINANCE,1040.6
2025-03-11,JIOFIN,218.75
2025-03-11,JSWSTEEL,1192.8
2025-03-11,KOTAKBANK,422.1
2025-03-11,NIFTY 50,25774.3
2025-03-11,NIFTY BANK,58116.25
2025-03-11,ONGC,245.45
2025-03-11,TATAPOWER,408.75
2025-03-11,TATASTEEL,182.7
2025-03-11,TCS,3585.0
2025-03-11,TITAN,3731.4
2025-03-11,WIPRO,234.65
2025-03-12,ADANIGREEN,854.9
2025-03-12,AXISBANK,1010.9
2025-03-12,BAJFINANCE,1022.0
2025-03-12,JIOFIN,225.91
2025-03-12,JSWSTEEL,1144.0
2025-03-12,KOTAKBANK,430.0
2025-03-12,NIFTY 50,25985.1
2025-03-12,NIFTY BANK,59333.15
2025-03-12,ONGC,234.5
2025-03-12,TATAPOWER,384.05
2025-03-12,TATASTEEL,166.85
2025-03-12,TCS,3507.8
2025-03-12,TITAN,3820.0
2025-03-12,WIPRO,247.7
2025-03-13,ADANIGREEN,871.9
2025-03-13,AXISBANK,1010.3
2025-03-13,JIOFIN,223.1
2025-03-13,TCS,3509.05
2025-03-17,ADANIGREEN,896.35
2025-03-17,AXISBANK,1033.2
2025-03-17,JIOFIN,219.58
2025-03-17,TCS,3499.9
2025-03-18,ADANIGREEN,901.0
2025-03-18,AXISBANK,1045.0
2025-03-18,JIOFIN,225.25
2025-03-18,TCS,3545.65
2025-03-19,ADANIGREEN,909.0
2025-03-19,AXISBANK,1051.5
2025-03-19,JIOFIN,227.8
2025-03-19,TCS,3505.0
2025-03-20,ADANIGREEN,921.6
2025-03-20,AXISBANK,1052.0
2025-03-20,JIOFIN,232.0
2025-03-20,TCS,3556.5
2025-03-21,ADANIGREEN,956.75
2025-03-21,AXISBANK,1071.0
2025-03-21,JIOFIN,229.55
2025-03-21,TCS,3578.0
2025-03-24,ADANIGREEN,952.0
2025-03-24,AXISBANK,1099.0
2025-03-24,JIOFIN,232.86
2025-03-24,TCS,3633.0
2025-03-25,ADANIGREEN,918.0
2025-03-25,AXISBANK,1110.8
2025-03-25,JIOFIN,226.9
2025-03-25,TCS,3641.0
2025-03-26,ADANIGREEN,911.05
2025-03-26,AXISBANK,1094.0
2025-03-26,JIOFIN,222.5
2025-03-26,TCS,3630.55
2025-03-27,ADANIGREEN,957.4
2025-03-27,AXISBANK,1098.0
2025-03-27,JIOFIN,225.3
2025-03-27,TCS,3645.0
2025-03-28,ADANIGREEN,948.0
2025-03-28,AXISBANK,1101.0
2025-03-28,JIOFIN,227.0
2025-03-28,TCS,3604.0
2025-04-01,ADANIGREEN,923.0
2025-04-01,AXISBANK,1085.2
2025-04-01,JIOFIN,230.94
2025-04-01,TCS,3555.95
2025-04-02,ADANIGREEN,941.8
2025-04-02,AXISBANK,1086.2
2025-04-02,BAJFINANCE,844.0
2025-04-02,JIOFIN,229.91
2025-04-02,JSWSTEEL,941.5
2025-04-02,KOTAKBANK,386.3
2025-04-02,NIFTY 50,23707.7
2025-04-02,NIFTY BANK,50111.65
2025-04-02,ONGC,242.4
2025-04-02,TATAPOWER,361.85
2025-04-02,TATASTEEL,130.02
2025-04-02,TCS,3542.0
2025-04-02,TITAN,3588.0
2025-04-02,WIPRO,308.2
2025-04-03,ADANIGREEN,954.15
2025-04-03,AXISBANK,1089.4
2025-04-03,BAJFINANCE,858.0
2025-04-03,JIOFIN,230.65
2025-04-03,JSWSTEEL,976.5
2025-04-03,KOTAKBANK,382.2
2025-04-03,NIFTY 50,22080.3
2025-04-03,NIFTY BANK,48289.3
2025-04-03,ONGC,216.4
2025-04-03,TATAPOWER,346.0
2025-04-03,TATASTEEL,136.08
2025-04-03,TCS,3403.3
2025-04-03,TITAN,3048.95
2025-04-03,WIPRO,272.8
2025-04-04,ADANIGREEN,925.95
2025-04-04,AXISBANK,1090.1
2025-04-04,BAJFINANCE,873.0
2025-04-04,JIOFIN,222.54
2025-04-04,JSWSTEEL,1008.35
2025-04-04,KOTAKBANK,426.4
2025-04-04,NIFTY 50,22912.05
2025-04-04,NIFTY BANK,51515.25
2025-04-04,ONGC,215.65
2025-04-04,TATAPOWER,369.5
2025-04-04,TATASTEEL,137.48
2025-04-04,TCS,3300.0
2025-04-04,TITAN,3078.0
2025-04-04,WIPRO,240.75
2025-04-06,BAJFINANCE,899.5
2025-04-06,JSWSTEEL,969.3
2025-04-06,KOTAKBANK,410.0
2025-04-06,NIFTY 50,24612.0
2025-04-06,NIFTY BANK,55665.55
2025-04-06,ONGC,226.55
2025-04-06,TATAPOWER,393.9
2025-04-06,TATASTEEL,154.79
2025-04-06,TITAN,3498.7
2025-04-06,WIPRO,240.85
2025-04-07,ADANIGREEN,878.0
2025-04-07,AXISBANK,1051.8
2025-04-07,BAJFINANCE,926.75
2025-04-07,JIOFIN,214.9
2025-04-07,JSWSTEEL,1040.0
2025-04-07,KOTAKBANK,426.0
2025-04-07,NIFTY 50,25467.8
2025-04-07,NIFTY BANK,57044.8
2025-04-07,ONGC,233.85
2025-04-07,TATAPOWER,401.8
2025-04-07,TATASTEEL,163.05
2025-04-07,TCS,3284.0
2025-04-07,TITAN,3676.6
2025-04-07,WIPRO,262.9
2025-04-08,ADANIGREEN,877.0
2025-04-08,AXISBANK,1078.0
2025-04-08,BAJFINANCE,885.05
2025-04-08,JIOFIN,225.5
2025-04-08,JSWSTEEL,1057.2
2025-04-08,KOTAKBANK,399.2
2025-04-08,NIFTY 50,24726.9
2025-04-08,NIFTY BANK,55643.95
2025-04-08,ONGC,224.2
2025-04-08,TATAPOWER,386.95
2025-04-08,TATASTEEL,159.25
2025-04-08,TCS,3290.0
2025-04-08,TITAN,3350.3
2025-04-08,WIPRO,239.6
2025-04-09,ADANIGREEN,860.4
2025-04-09,AXISBANK,1063.4
2025-04-09,BAJFINANCE,933.05
2025-04-09,JIOFIN,221.1
2025-04-09,JSWSTEEL,1074.0
2025-04-09,KOTAKBANK,389.4
2025-04-09,NIFTY 50,24739.8
2025-04-09,NIFTY BANK,54101.1
2025-04-09,ONGC,225.05
2025-04-09,TATAPOWER,382.5
2025-04-09,TATASTEEL,166.7
2025-04-09,TCS,3239.0
2025-04-09,TITAN,3678.0
2025-04-09,WIPRO,239.25
2025-04-11,ADANIGREEN,894.5
2025-04-11,AXISBANK,1068.75
2025-04-11,BAJFINANCE,1055.0
2025-04-11,JIOFIN,230.7
2025-04-11,JSWSTEEL,1180.9
2025-04-11,KOTAKBANK,419.0
2025-04-11,NIFTY 50,25586.25
2025-04-11,NIFTY BANK,57778.95
2025-04-11,ONGC,241.45
2025-04-11,TATAPOWER,400.55
2025-04-11,TATASTEEL,179.35
2025-04-11,TCS,3238.0
2025-04-11,TITAN,3811.0
2025-04-11,WIPRO,232.3
2025-04-12,BAJFINANCE,1027.1
2025-04-12,JSWSTEEL,1149.8
2025-04-12,KOTAKBANK,426.8
2025-04-12,NIFTY 50,26017.1
2025-04-12,NIFTY BANK,59272.7
2025-04-12,ONGC,236.4
2025-04-12,TATAPOWER,383.8
2025-04-12,TATASTEEL,166.9
2025-04-12,TITAN,3794.0
2025-04-12,WIPRO,250.8
2025-04-15,ADANIGREEN,935.3
2025-04-15,AXISBANK,1115.5
2025-04-15,JIOFIN,239.2
2025-04-15,TCS,3255.0
2025-04-16,ADANIGREEN,945.5
2025-04-16,AXISBANK,1161.0
2025-04-16,JIOFIN,242.3
2025-04-16,TCS,3274.0
2025-04-17,ADANIGREEN,946.0
2025-04-17,AXISBANK,1191.0
2025-04-17,JIOFIN,246.2
2025-04-17,TCS,3297.4
2025-04-21,ADANIGREEN,955.05
2025-04-21,AXISBANK,1220.9
2025-04-21,JIOFIN,245.95
2025-04-21,TCS,3319.0
2025-04-22,ADANIGREEN,944.25
2025-04-22,AXISBANK,1215.2
2025-04-22,JIOFIN,250.57
2025-04-22,TCS,3312.6
2025-04-23,ADANIGREEN,951.0
2025-04-23,AXISBANK,1206.0
2025-04-23,JIOFIN,258.18
2025-04-23,TCS,3405.0
2025-04-24,ADANIGREEN,971.45
2025-04-24,AXISBANK,1208.5
2025-04-24,JIOFIN,258.95
2025-04-24,TCS,3406.0
2025-04-25,ADANIGREEN,914.55
2025-04-25,AXISBANK,1165.3
2025-04-25,JIOFIN,252.39
2025-04-25,TCS,3434.0
2025-04-28,ADANIGREEN,943.5
2025-04-28,AXISBANK,1191.3
2025-04-28,JIOFIN,258.0
2025-04-28,TCS,3441.0
2025-04-29,ADANIGREEN,921.0
2025-04-29,AXISBANK,1186.1
2025-04-29,JIOFIN,257.5
2025-04-29,TCS,3463.1
2025-04-30,ADANIGREEN,895.65
2025-04-30,AXISBANK,1183.5
2025-04-30,JIOFIN,259.08
2025-04-30,TCS,3432.0
2025-05-02,ADANIGREEN,905.05
2025-05-02,AXISBANK,1180.6
2025-05-02,BAJFINANCE,850.0
2025-05-02,JIOFIN,258.35
2025-05-02,JSWSTEEL,950.0
2025-05-02,KOTAKBANK,381.8
2025-05-02,NIFTY 50,23686.75
2025-05-02,NIFTY BANK,50299.9
2025-05-02,ONGC,249.15
2025-05-02,TATAPOWER,366.35
2025-05-02,TATASTEEL,131.28
2025-05-02,TCS,3438.0
2025-05-02,TITAN,3490.0
2025-05-02,WIPRO,308.8
2025-05-03,BAJFINANCE,830.0
2025-05-03,JSWSTEEL,1008.0
2025-05-03,KOTAKBANK,387.4
2025-05-03,NIFTY 50,22346.65
2025-05-03,NIFTY BANK,48506.15
2025-05-03,ONGC,218.7
2025-05-03,TATAPOWER,351.7
2025-05-03,TATASTEEL,142.36
2025-05-03,TITAN,3092.15
2025-05-03,WIPRO,277.45
2025-05-05,ADANIGREEN,970.0
2025-05-05,AXISBANK,1174.1
2025-05-05,BAJFINANCE,894.0
2025-05-05,JIOFIN,260.45
2025-05-05,JSWSTEEL,955.2
2025-05-05,KOTAKBANK,417.0
2025-05-05,NIFTY 50,24459.5
2025-05-05,NIFTY BANK,54907.2
2025-05-05,ONGC,228.75
2025-05-05,TATAPOWER,389.0
2025-05-05,TATASTEEL,138.86
2025-05-05,TCS,3454.6
2025-05-05,TITAN,3318.7
2025-05-05,WIPRO,237.2
2025-05-06,ADANIGREEN,921.9
2025-05-06,AXISBANK,1159.0
2025-05-06,BAJFINANCE,893.0
2025-05-06,JIOFIN,251.0
2025-05-06,JSWSTEEL,970.6
2025-05-06,KOTAKBANK,407.7
2025-05-06,NIFTY 50,24761.1
2025-05-06,NIFTY BANK,55809.75
2025-05-06,ONGC,227.1
2025-05-06,TATAPOWER,394.0
2025-05-06,TATASTEEL,154.45
2025-05-06,TCS,3451.6
2025-05-06,TITAN,3502.4
2025-05-06,WIPRO,241.95
2025-05-07,ADANIGREEN,919.0
2025-05-07,AXISBANK,1163.0
2025-05-07,JIOFIN,256.5
2025-05-07,TCS,3448.0
2025-05-08,ADANIGREEN,872.0
2025-05-08,AXISBANK,1170.0
2025-05-08,BAJFINANCE,892.3
2025-05-08,JIOFIN,250.05
2025-05-08,JSWSTEEL,1054.1
2025-05-08,KOTAKBANK,400.8
2025-05-08,NIFTY 50,24649.5
2025-05-08,NIFTY BANK,55392.5
2025-05-08,ONGC,223.45
2025-05-08,TATAPOWER,385.45
2025-05-08,TATASTEEL,159.45
2025-05-08,TCS,3430.0
2025-05-08,TITAN,3424.0
2025-05-08,WIPRO,239.25
2025-05-09,ADANIGREEN,883.9
2025-05-09,AXISBANK,1153.0
2025-05-09,BAJFINANCE,936.95
2025-05-09,JIOFIN,249.2
2025-05-09,JSWSTEEL,1071.5
2025-05-09,KOTAKBANK,387.9
2025-05-09,NIFTY 50,24743.95
2025-05-09,NIFTY BANK,54098.2
2025-05-09,ONGC,223.75
2025-05-09,TATAPOWER,385.8
2025-05-09,TATASTEEL,167.8
2025-05-09,TCS,3439.9
2025-05-09,TITAN,3660.0
2025-05-09,WIPRO,238.2
2025-05-12,ADANIGREEN,940.0
2025-05-12,AXISBANK,1204.5
2025-05-12,BAJFINANCE,1046.8
2025-05-12,JIOFIN,263.0
2025-05-12,JSWSTEEL,1170.0
2025-05-12,KOTAKBANK,431.2
2025-05-12,NIFTY 50,26176.65
2025-05-12,NIFTY BANK,59735.8
2025-05-12,ONGC,236.3
2025-05-12,TATAPOWER,383.8
2025-05-12,TATASTEEL,167.39
2025-05-12,TCS,3629.2
2025-05-12,TITAN,3813.0
2025-05-12,WIPRO,253.05
2025-05-13,ADANIGREEN,960.1
2025-05-13,AXISBANK,1193.7
2025-05-13,JIOFIN,267.7
2025-05-13,TCS,3518.0
2025-05-14,ADANIGREEN,967.0
2025-05-14,AXISBANK,1195.0
2025-05-14,JIOFIN,267.85
2025-05-14,TCS,3547.0
2025-05-15,ADANIGREEN,968.4
2025-05-15,AXISBANK,1206.8
2025-05-15,JIOFIN,274.1
2025-05-15,TCS,3577.8
2025-05-16,ADANIGREEN,1024.5
2025-05-16,AXISBANK,1209.0
2025-05-16,JIOFIN,276.05
2025-05-16,TCS,3561.0
2025-05-19,ADANIGREEN,1013.5
2025-05-19,AXISBANK,1204.0
2025-05-19,JIOFIN,276.85
2025-05-19,TCS,3518.0
2025-05-20,ADANIGREEN,984.9
2025-05-20,AXISBANK,1196.5
2025-05-20,JIOFIN,271.75
2025-05-20,TCS,3503.0
2025-05-21,ADANIGREEN,997.0
2025-05-21,AXISBANK,1198.0
2025-05-21,JIOFIN,274.5
2025-05-21,TCS,3521.1
2025-05-22,ADANIGREEN,988.5
2025-05-22,AXISBANK,1187.1
2025-05-22,JIOFIN,274.65
2025-05-22,TCS,3483.4
2025-05-23,ADANIGREEN,987.5
2025-05-23,AXISBANK,1209.0
2025-05-23,JIOFIN,281.4
2025-05-23,TCS,3508.0
2025-05-26,ADANIGREEN,1011.05
2025-05-26,AXISBANK,1213.0
2025-05-26,JIOFIN,281.65
2025-05-26,TCS,3538.0
2025-05-27,ADANIGREEN,1012.0
2025-05-27,AXISBANK,1197.9
2025-05-27,JIOFIN,292.75
2025-05-27,TCS,3501.0
2025-05-28,ADANIGREEN,1001.5
2025-05-28,AXISBANK,1194.8
2025-05-28,JIOFIN,289.3
2025-05-28,TCS,3500.1
2025-05-29,ADANIGREEN,1019.5
2025-05-29,AXISBANK,1209.0
2025-05-29,JIOFIN,288.35
2025-05-29,TCS,3493.8
2025-05-30,ADANIGREEN,1016.0
2025-05-30,AXISBANK,1193.0
2025-05-30,JIOFIN,286.5
2025-05-30,TCS,3460.0
2025-06-01,BAJFINANCE,737.0
2025-06-01,JSWSTEEL,902.25
2025-06-01,KOTAKBANK,355.6
2025-06-01,NIFTY 50,23629.6
2025-06-01,NIFTY BANK,49960.2
2025-06-01,ONGC,243.2
2025-06-01,TATAPOWER,378.95
2025-06-01,TATASTEEL,128.99
2025-06-01,TITAN,3476.5
2025-06-01,WIPRO,281.2
2025-06-02,ADANIGREEN,1009.5
2025-06-02,AXISBANK,1193.0
2025-06-02,BAJFINANCE,851.0
2025-06-02,JIOFIN,286.55
2025-06-02,JSWSTEEL,947.25
2025-06-02,KOTAKBANK,383.4
2025-06-02,NIFTY 50,23628.05
2025-06-02,NIFTY BANK,50427.1
2025-06-02,ONGC,244.55
2025-06-02,TATAPOWER,365.3
2025-06-02,TATASTEEL,129.63
2025-06-02,TCS,3445.8
2025-06-02,TITAN,3413.0
2025-06-02,WIPRO,309.75
2025-06-03,ADANIGREEN,993.8
2025-06-03,AXISBANK,1180.7
2025-06-03,BAJFINANCE,838.5
2025-06-03,JIOFIN,283.8
2025-06-03,JSWSTEEL,1007.0
2025-06-03,KOTAKBANK,384.0
2025-06-03,NIFTY 50,22529.2
2025-06-03,NIFTY BANK,48608.45
2025-06-03,ONGC,221.5
2025-06-03,TATAPOWER,353.6
2025-06-03,TATASTEEL,146.34
2025-06-03,TCS,3411.4
2025-06-03,TITAN,3125.0
2025-06-03,WIPRO,278.0
2025-06-04,ADANIGREEN,1005.9
2025-06-04,AXISBANK,1171.7
2025-06-04,JIOFIN,290.6
2025-06-04,TCS,3381.0
2025-06-05,ADANIGREEN,1004.4
2025-06-05,AXISBANK,1160.0
2025-06-05,BAJFINANCE,878.5
2025-06-05,JIOFIN,291.1
2025-06-05,JSWSTEEL,962.6
2025-06-05,KOTAKBANK,414.0
2025-06-05,NIFTY 50,24335.9
2025-06-05,NIFTY BANK,54183.85
2025-06-05,ONGC,226.05
2025-06-05,TATAPOWER,374.7
2025-06-05,TATASTEEL,140.89
2025-06-05,TCS,3374.0
2025-06-05,TITAN,3291.0
2025-06-05,WIPRO,234.85
2025-06-06,ADANIGREEN,1019.0
2025-06-06,AXISBANK,1195.5
2025-06-06,BAJFINANCE,937.0
2025-06-06,JIOFIN,294.1
2025-06-06,JSWSTEEL,1003.2
2025-06-06,KOTAKBANK,414.4
2025-06-06,NIFTY 50,25000.3
2025-06-06,NIFTY BANK,56584.8
2025-06-06,ONGC,228.85
2025-06-06,TATAPOWER,399.2
2025-06-06,TATASTEEL,157.59
2025-06-06,TCS,3388.0
2025-06-06,TITAN,3561.9
2025-06-06,WIPRO,242.25
2025-06-08,BAJFINANCE,876.95
2025-06-08,JSWSTEEL,1053.4
2025-06-08,KOTAKBANK,400.8
2025-06-08,NIFTY 50,24569.6
2025-06-08,NIFTY BANK,55422.25
2025-06-08,ONGC,223.15
2025-06-08,TATAPOWER,384.95
2025-06-08,TATASTEEL,158.57
2025-06-08,TITAN,3400.0
2025-06-08,WIPRO,233.7
2025-06-09,ADANIGREEN,1033.3
2025-06-09,AXISBANK,1220.5
2025-06-09,JIOFIN,305.45
2025-06-09,TCS,3423.0
2025-06-10,ADANIGREEN,1059.0
2025-06-10,AXISBANK,1233.0
2025-06-10,BAJFINANCE,1010.0
2025-06-10,JIOFIN,302.3
2025-06-10,JSWSTEEL,1163.0
2025-06-10,KOTAKBANK,428.5
2025-06-10,NIFTY 50,25072.55
2025-06-10,NIFTY BANK,56087.6
2025-06-10,ONGC,234.25
2025-06-10,TATAPOWER,395.5
2025-06-10,TATASTEEL,170.35
2025-06-10,TCS,3461.9
2025-06-10,TITAN,3425.0
2025-06-10,WIPRO,236.05
2025-06-11,ADANIGREEN,1049.8
2025-06-11,AXISBANK,1229.8
2025-06-11,BAJFINANCE,1042.5
2025-06-11,JIOFIN,302.55
2025-06-11,JSWSTEEL,1169.7
2025-06-11,KOTAKBANK,416.0
2025-06-11,NIFTY 50,25519.95
2025-06-11,NIFTY BANK,57573.95
2025-06-11,ONGC,240.4
2025-06-11,TATAPOWER,390.8
2025-06-11,TATASTEEL,177.35
2025-06-11,TCS,3470.5
2025-06-11,TITAN,3770.0
2025-06-11,WIPRO,234.05
2025-06-12,ADANIGREEN,1014.0
2025-06-12,AXISBANK,1212.1
2025-06-12,JIOFIN,296.15
2025-06-12,TCS,3432.0
2025-06-13,ADANIGREEN,993.0
2025-06-13,AXISBANK,1207.0
2025-06-13,JIOFIN,295.0
2025-06-13,TCS,3447.4
2025-06-16,ADANIGREEN,993.5
2025-06-16,AXISBANK,1215.4
2025-06-16,JIOFIN,294.1
2025-06-16,TCS,3497.9
2025-06-17,ADANIGREEN,977.5
2025-06-17,AXISBANK,1214.0
2025-06-17,JIOFIN,289.8
2025-06-17,TCS,3512.0
2025-06-18,ADANIGREEN,969.3
2025-06-18,AXISBANK,1220.0
2025-06-18,JIOFIN,287.75
2025-06-18,TCS,3455.0
2025-06-19,ADANIGREEN,933.0
2025-06-19,AXISBANK,1213.8
2025-06-19,JIOFIN,283.45
2025-06-19,TCS,3420.0
2025-06-20,ADANIGREEN,951.0
2025-06-20,AXISBANK,1219.0
2025-06-20,JIOFIN,293.5
2025-06-20,TCS,3429.1
2025-06-23,ADANIGREEN,960.0
2025-06-23,AXISBANK,1215.0
2025-06-23,JIOFIN,292.8
2025-06-23,TCS,3392.0
2025-06-24,ADANIGREEN,988.5
2025-06-24,AXISBANK,1221.7
2025-06-24,JIOFIN,301.3
2025-06-24,TCS,3392.0
2025-06-25,ADANIGREEN,982.9
2025-06-25,AXISBANK,1212.0
2025-06-25,JIOFIN,303.5
2025-06-25,TCS,3443.0
2025-06-26,ADANIGREEN,991.8
2025-06-26,AXISBANK,1231.5
2025-06-26,JIOFIN,312.55
2025-06-26,TCS,3443.0
2025-06-27,ADANIGREEN,1020.0
2025-06-27,AXISBANK,1224.0
2025-06-27,JIOFIN,324.5
2025-06-27,TCS,3445.0
2025-06-30,ADANIGREEN,1025.5
2025-06-30,AXISBANK,1199.0
2025-06-30,JIOFIN,327.45
2025-06-30,TCS,3460.0
2025-07-01,ADANIGREEN,1017.6
2025-07-01,AXISBANK,1173.5
2025-07-01,BAJFINANCE,734.0
2025-07-01,JIOFIN,330.2
2025-07-01,JSWSTEEL,910.7
2025-07-01,KOTAKBANK,354.1
2025-07-01,NIFTY 50,23694.6
2025-07-01,NIFTY BANK,50183.7
2025-07-01,ONGC,251.8
2025-07-01,TATAPOWER,378.8
2025-07-01,TATASTEEL,130.14
2025-07-01,TCS,3429.0
2025-07-01,TITAN,3490.9
2025-07-01,WIPRO,280.9
2025-07-02,ADANIGREEN,1019.0
2025-07-02,AXISBANK,1175.0
2025-07-02,BAJFINANCE,848.0
2025-07-02,JIOFIN,326.65
2025-07-02,JSWSTEEL,980.45
2025-07-02,KOTAKBANK,392.1
2025-07-02,NIFTY 50,23563.15
2025-07-02,NIFTY BANK,50204.35
2025-07-02,ONGC,237.4
2025-07-02,TATAPOWER,366.6
2025-07-02,TATASTEEL,135.0
2025-07-02,TCS,3423.5
2025-07-02,TITAN,3432.85
2025-07-02,WIPRO,309.0
2025-07-03,ADANIGREEN,1007.3
2025-07-03,AXISBANK,1169.8
2025-07-03,BAJFINANCE,841.0
2025-07-03,JIOFIN,324.9
2025-07-03,JSWSTEEL,1008.85
2025-07-03,KOTAKBANK,386.4
2025-07-03,NIFTY 50,22536.95
2025-07-03,NIFTY BANK,48453.85
2025-07-03,ONGC,221.75
2025-07-03,TATAPOWER,351.0
2025-07-03,TATASTEEL,148.05
2025-07-03,TCS,3400.0
2025-07-03,TITAN,3080.0
2025-07-03,WIPRO,276.9
2025-07-04,ADANIGREEN,998.1
2025-07-04,AXISBANK,1175.5
2025-07-04,BAJFINANCE,859.0
2025-07-04,JIOFIN,325.0
2025-07-04,JSWSTEEL,930.0
2025-07-04,KOTAKBANK,408.8
2025-07-04,NIFTY 50,22238.0
2025-07-04,NIFTY BANK,49985.95
2025-07-04,ONGC,209.9
2025-07-04,TATAPOWER,356.8
2025-07-04,TATASTEEL,127.27
2025-07-04,TCS,3420.0
2025-07-04,TITAN,3046.1
2025-07-04,WIPRO,236.9
2025-07-05,BAJFINANCE,897.0
2025-07-05,JSWSTEEL,966.0
2025-07-05,KOTAKBANK,420.0
2025-07-05,NIFTY 50,24409.3
2025-07-05,NIFTY BANK,54632.95
2025-07-05,ONGC,227.6
2025-07-05,TATAPOWER,377.1
2025-07-05,TATASTEEL,142.58
2025-07-05,TITAN,3342.0
2025-07-05,WIPRO,237.85
2025-07-07,ADANIGREEN,991.5
2025-07-07,AXISBANK,1173.1
2025-07-07,BAJFINANCE,923.65
2025-07-07,JIOFIN,328.4
2025-07-07,JSWSTEEL,1045.0
2025-07-07,KOTAKBANK,430.0
2025-07-07,NIFTY 50,25454.95
2025-07-07,NIFTY BANK,56918.5
2025-07-07,ONGC,230.25
2025-07-07,TATAPOWER,401.35
2025-07-07,TATASTEEL,162.52
2025-07-07,TCS,3410.6
2025-07-07,TITAN,3670.0
2025-07-07,WIPRO,261.25
2025-07-08,ADANIGREEN,993.7
2025-07-08,AXISBANK,1164.9
2025-07-08,BAJFINANCE,881.9
2025-07-08,JIOFIN,328.85
2025-07-08,JSWSTEEL,1073.0
2025-07-08,KOTAKBANK,398.8
2025-07-08,NIFTY 50,24626.65
2025-07-08,NIFTY BANK,55591.35
2025-07-08,ONGC,222.7
2025-07-08,TATAPOWER,386.5
2025-07-08,TATASTEEL,159.83
2025-07-08,TCS,3405.0
2025-07-08,TITAN,3402.0
2025-07-08,WIPRO,236.8
2025-07-09,ADANIGREEN,995.8
2025-07-09,AXISBANK,1165.0
2025-07-09,JIOFIN,329.7
2025-07-09,TCS,3386.0
2025-07-10,ADANIGREEN,997.2
2025-07-10,AXISBANK,1165.3
2025-07-10,BAJFINANCE,1018.0
2025-07-10,JIOFIN,331.8
2025-07-10,JSWSTEEL,1154.6
2025-07-10,KOTAKBANK,425.2
2025-07-10,NIFTY 50,25112.8
2025-07-10,NIFTY BANK,56215.6
2025-07-10,ONGC,233.95
2025-07-10,TATAPOWER,392.3
2025-07-10,TATASTEEL,171.45
2025-07-10,TCS,3397.0
2025-07-10,TITAN,3411.1
2025-07-10,WIPRO,237.6
2025-07-11,ADANIGREEN,993.7
2025-07-11,AXISBANK,1171.6
2025-07-11,BAJFINANCE,1069.6
2025-07-11,JIOFIN,325.4
2025-07-11,JSWSTEEL,1170.4
2025-07-11,KOTAKBANK,418.0
2025-07-11,NIFTY 50,25510.05
2025-07-11,NIFTY BANK,57907.7
2025-07-11,ONGC,241.05
2025-07-11,TATAPOWER,393.25
2025-07-11,TATASTEEL,181.5
2025-07-11,TCS,3264.6
2025-07-11,TITAN,3768.0
2025-07-11,WIPRO,230.85
2025-07-14,ADANIGREEN,1025.0
2025-07-14,AXISBANK,1172.8
2025-07-14,JIOFIN,319.3
2025-07-14,TCS,3227.5
2025-07-15,ADANIGREEN,1034.8
2025-07-15,AXISBANK,1166.5
2025-07-15,JIOFIN,321.2
2025-07-15,TCS,3254.0
2025-07-16,ADANIGREEN,1037.9
2025-07-16,AXISBANK,1165.5
2025-07-16,JIOFIN,319.2
2025-07-16,TCS,3230.9
2025-07-17,ADANIGREEN,1048.8
2025-07-17,AXISBANK,1161.0
2025-07-17,JIOFIN,319.0
2025-07-17,TCS,3207.7
2025-07-18,ADANIGREEN,1030.0
2025-07-18,AXISBANK,1098.7
2025-07-18,JIOFIN,316.05
2025-07-18,TCS,3189.9
2025-07-21,ADANIGREEN,1037.0
2025-07-21,AXISBANK,1100.0
2025-07-21,JIOFIN,317.75
2025-07-21,TCS,3158.0
2025-07-22,ADANIGREEN,1014.7
2025-07-22,AXISBANK,1098.0
2025-07-22,JIOFIN,311.0
2025-07-22,TCS,3164.7
2025-07-23,ADANIGREEN,1034.2
2025-07-23,AXISBANK,1105.9
2025-07-23,JIOFIN,315.0
2025-07-23,TCS,3175.0
2025-07-24,ADANIGREEN,1020.9
2025-07-24,AXISBANK,1095.6
2025-07-24,JIOFIN,316.45
2025-07-24,TCS,3144.9
2025-07-25,ADANIGREEN,979.2
2025-07-25,AXISBANK,1087.2
2025-07-25,JIOFIN,310.55
2025-07-25,TCS,3140.0
2025-07-28,ADANIGREEN,1009.0
2025-07-28,AXISBANK,1074.0
2025-07-28,JIOFIN,307.3
2025-07-28,TCS,3085.8
2025-07-29,ADANIGREEN,1016.4
2025-07-29,AXISBANK,1065.0
2025-07-29,JIOFIN,322.0
2025-07-29,TCS,3057.0
2025-07-30,ADANIGREEN,1007.5
2025-07-30,AXISBANK,1073.5
2025-07-30,JIOFIN,320.0
2025-07-30,TCS,3052.0
2025-07-31,ADANIGREEN,987.0
2025-07-31,AXISBANK,1068.4
2025-07-31,JIOFIN,328.8
2025-07-31,TCS,3033.2
2025-08-01,ADANIGREEN,976.55
2025-08-01,AXISBANK,1061.5
2025-08-01,BAJFINANCE,734.0
2025-08-01,JIOFIN,329.8
2025-08-01,JSWSTEEL,900.0
2025-08-01,KOTAKBANK,353.0
2025-08-01,NIFTY 50,23675.2
2025-08-01,NIFTY BANK,49836.15
2025-08-01,ONGC,258.9
2025-08-01,TATAPOWER,373.65
2025-08-01,TATASTEEL,129.53
2025-08-01,TCS,3001.0
2025-08-01,TITAN,3485.15
2025-08-01,WIPRO,283.6
2025-08-04,ADANIGREEN,991.5
2025-08-04,AXISBANK,1068.0
2025-08-04,BAJFINANCE,882.5
2025-08-04,JIOFIN,334.55
2025-08-04,JSWSTEEL,956.2
2025-08-04,KOTAKBANK,411.6
2025-08-04,NIFTY 50,22547.2
2025-08-04,NIFTY BANK,50575.1
2025-08-04,ONGC,215.95
2025-08-04,TATAPOWER,359.9
2025-08-04,TATASTEEL,127.09
2025-08-04,TCS,3078.0
2025-08-04,TITAN,3124.35
2025-08-04,WIPRO,241.0
2025-08-05,ADANIGREEN,973.0
2025-08-05,AXISBANK,1071.1
2025-08-05,BAJFINANCE,878.0
2025-08-05,JIOFIN,332.65
2025-08-05,JSWSTEEL,949.8
2025-08-05,KOTAKBANK,421.2
2025-08-05,NIFTY 50,24154.1
2025-08-05,NIFTY BANK,54141.75
2025-08-05,ONGC,220.7
2025-08-05,TATAPOWER,367.5
2025-08-05,TATASTEEL,140.13
2025-08-05,TCS,3060.0
2025-08-05,TITAN,3345.0
2025-08-05,WIPRO,234.45
2025-08-06,ADANIGREEN,958.0
2025-08-06,AXISBANK,1068.9
2025-08-06,JIOFIN,326.2
2025-08-06,TCS,3032.0
2025-08-07,ADANIGREEN,939.05
2025-08-07,AXISBANK,1079.5
2025-08-07,BAJFINANCE,927.15
2025-08-07,JIOFIN,327.4
2025-08-07,JSWSTEEL,1042.8
2025-08-07,KOTAKBANK,444.2
2025-08-07,NIFTY 50,25523.1
2025-08-07,NIFTY BANK,57240.85
2025-08-07,ONGC,232.05
2025-08-07,TATAPOWER,400.5
2025-08-07,TATASTEEL,161.9
2025-08-07,TCS,3049.0
2025-08-07,TITAN,3440.5
2025-08-07,WIPRO,262.9
2025-08-08,ADANIGREEN,910.05
2025-08-08,AXISBANK,1059.1
2025-08-08,BAJFINANCE,878.0
2025-08-08,JIOFIN,321.0
2025-08-08,JSWSTEEL,1049.2
2025-08-08,KOTAKBANK,390.8
2025-08-08,NIFTY 50,24350.85
2025-08-08,NIFTY BANK,54905.6
2025-08-08,ONGC,222.35
2025-08-08,TATAPOWER,377.5
2025-08-08,TATASTEEL,158.25
2025-08-08,TCS,3031.9
2025-08-08,TITAN,3460.0
2025-08-08,WIPRO,233.3
2025-08-09,BAJFINANCE,945.9
2025-08-09,JSWSTEEL,1102.5
2025-08-09,KOTAKBANK,389.6
2025-08-09,NIFTY 50,24791.2
2025-08-09,NIFTY BANK,54222.3
2025-08-09,ONGC,221.95
2025-08-09,TATAPOWER,383.45
2025-08-09,TATASTEEL,168.85
2025-08-09,TITAN,3669.0
2025-08-09,WIPRO,236.7
2025-08-10,BAJFINANCE,1023.1
2025-08-10,JSWSTEEL,1146.0
2025-08-10,KOTAKBANK,422.6
2025-08-10,NIFTY 50,25023.8
2025-08-10,NIFTY BANK,55938.35
2025-08-10,ONGC,230.75
2025-08-10,TATAPOWER,384.4
2025-08-10,TATASTEEL,172.2
2025-08-10,TITAN,3567.0
2025-08-10,WIPRO,237.85
2025-08-11,ADANIGREEN,930.0
2025-08-11,AXISBANK,1072.0
2025-08-11,JIOFIN,327.9
2025-08-11,TCS,3042.0
2025-08-12,ADANIGREEN,930.9
2025-08-12,AXISBANK,1070.0
2025-08-12,BAJFINANCE,1026.4
2025-08-12,JIOFIN,326.9
2025-08-12,JSWSTEEL,1119.1
2025-08-12,KOTAKBANK,426.0
2025-08-12,NIFTY 50,25932.8
2025-08-12,NIFTY BANK,59147.3
2025-08-12,ONGC,232.5
2025-08-12,TATAPOWER,374.0
2025-08-12,TATASTEEL,163.3
2025-08-12,TCS,3039.8
2025-08-12,TITAN,3760.5
2025-08-12,WIPRO,254.45
2025-08-13,ADANIGREEN,923.1
2025-08-13,AXISBANK,1066.9
2025-08-13,JIOFIN,330.95
2025-08-13,TCS,3035.0
2025-08-14,ADANIGREEN,917.9
2025-08-14,AXISBANK,1068.0
2025-08-14,JIOFIN,327.3
2025-08-14,TCS,3022.5
2025-08-18,ADANIGREEN,941.25
2025-08-18,AXISBANK,1081.5
2025-08-18,JIOFIN,329.7
2025-08-18,TCS,3013.0
2025-08-19,ADANIGREEN,971.8
2025-08-19,AXISBANK,1084.2
2025-08-19,JIOFIN,331.5
2025-08-19,TCS,3018.0
2025-08-20,ADANIGREEN,980.0
2025-08-20,AXISBANK,1082.5
2025-08-20,JIOFIN,328.4
2025-08-20,TCS,3094.8
2025-08-21,ADANIGREEN,966.0
2025-08-21,AXISBANK,1077.1
2025-08-21,JIOFIN,324.05
2025-08-21,TCS,3100.0
2025-08-22,ADANIGREEN,961.5
2025-08-22,AXISBANK,1069.6
2025-08-22,JIOFIN,320.5
2025-08-22,TCS,3051.0
2025-08-25,ADANIGREEN,964.15
2025-08-25,AXISBANK,1071.1
2025-08-25,JIOFIN,319.25
2025-08-25,TCS,3142.1
2025-08-26,ADANIGREEN,931.0
2025-08-26,AXISBANK,1051.0
2025-08-26,JIOFIN,315.75
2025-08-26,TCS,3157.0
2025-08-28,ADANIGREEN,924.4
2025-08-28,AXISBANK,1055.6
2025-08-28,JIOFIN,311.25
2025-08-28,TCS,3097.0
2025-08-29,ADANIGREEN,915.8
2025-08-29,AXISBANK,1048.9
2025-08-29,JIOFIN,311.4
2025-08-29,TCS,3083.8
2025-09-01,ADANIGREEN,931.0
2025-09-01,AXISBANK,1062.5
2025-09-01,BAJFINANCE,729.0
2025-09-01,JIOFIN,314.2
2025-09-01,JSWSTEEL,892.45
2025-09-01,KOTAKBANK,358.2
2025-09-01,NIFTY 50,23557.2
2025-09-01,NIFTY BANK,49552.7
2025-09-01,ONGC,252.05
2025-09-01,TATAPOWER,367.0
2025-09-01,TATASTEEL,127.1
2025-09-01,TCS,3111.0
2025-09-01,TITAN,3489.0
2025-09-01,WIPRO,279.65
2025-09-02,ADANIGREEN,932.95
2025-09-02,AXISBANK,1055.3
2025-09-02,JIOFIN,311.5
2025-09-02,TCS,3112.0
2025-09-03,ADANIGREEN,937.05
2025-09-03,AXISBANK,1054.0
2025-09-03,JIOFIN,313.85
2025-09-03,TCS,3100.0
2025-09-04,ADANIGREEN,933.0
2025-09-04,AXISBANK,1050.5
2025-09-04,BAJFINANCE,874.5
2025-09-04,JIOFIN,309.8
2025-09-04,JSWSTEEL,950.0
2025-09-04,KOTAKBANK,411.6
2025-09-04,NIFTY 50,22420.4
2025-09-04,NIFTY BANK,50283.75
2025-09-04,ONGC,212.65
2025-09-04,TATAPOWER,359.0
2025-09-04,TATASTEEL,124.45
2025-09-04,TCS,3095.8
2025-09-04,TITAN,3178.95
2025-09-04,WIPRO,230.85
2025-09-05,ADANIGREEN,930.0
2025-09-05,AXISBANK,1056.0
2025-09-05,BAJFINANCE,866.0
2025-09-05,JIOFIN,309.95
2025-09-05,JSWSTEEL,953.7
2025-09-05,KOTAKBANK,421.3
2025-09-05,NIFTY 50,24038.65
2025-09-05,NIFTY BANK,53674.05
2025-09-05,ONGC,223.65
2025-09-05,TATAPOWER,371.6
2025-09-05,TATASTEEL,139.55
2025-09-05,TCS,3048.0
2025-09-05,TITAN,3509.1
2025-09-05,WIPRO,235.65
2025-09-06,BAJFINANCE,962.5
2025-09-06,JSWSTEEL,1006.45
2025-09-06,KOTAKBANK,428.0
2025-09-06,NIFTY 50,25103.1
2025-09-06,NIFTY BANK,56846.2
2025-09-06,ONGC,231.95
2025-09-06,TATAPOWER,405.75
2025-09-06,TATASTEEL,157.25
2025-09-06,TITAN,3533.0
2025-09-06,WIPRO,245.4
2025-09-07,BAJFINANCE,940.0
2025-09-07,JSWSTEEL,1041.4
2025-09-07,KOTAKBANK,445.6
2025-09-07,NIFTY 50,25464.65
2025-09-07,NIFTY BANK,57171.6
2025-09-07,ONGC,231.9
2025-09-07,TATAPOWER,400.2
2025-09-07,TATASTEEL,159.2
2025-09-07,TITAN,3430.0
2025-09-07,WIPRO,260.55
2025-09-08,ADANIGREEN,937.9
2025-09-08,AXISBANK,1057.2
2025-09-08,JIOFIN,310.85
2025-09-08,TCS,3023.0
2025-09-09,ADANIGREEN,946.5
2025-09-09,AXISBANK,1053.4
2025-09-09,BAJFINANCE,947.5
2025-09-09,JIOFIN,308.6
2025-09-09,JSWSTEEL,1109.0
2025-09-09,KOTAKBANK,392.1
2025-09-09,NIFTY 50,24878.8
2025-09-09,NIFTY BANK,54228.2
2025-09-09,ONGC,221.05
2025-09-09,TATAPOWER,385.0
2025-09-09,TATASTEEL,169.36
2025-09-09,TCS,3052.0
2025-09-09,TITAN,3635.0
2025-09-09,WIPRO,242.95
2025-09-10,ADANIGREEN,965.5
2025-09-10,AXISBANK,1073.0
2025-09-10,BAJFINANCE,1025.0
2025-09-10,JIOFIN,310.3
2025-09-10,JSWSTEEL,1172.0
2025-09-10,KOTAKBANK,428.2
2025-09-10,NIFTY 50,25170.3
2025-09-10,NIFTY BANK,56124.35
2025-09-10,ONGC,232.1
2025-09-10,TATAPOWER,388.1
2025-09-10,TATASTEEL,176.21
2025-09-10,TCS,3110.0
2025-09-10,TITAN,3544.0
2025-09-10,WIPRO,240.2
2025-09-11,ADANIGREEN,976.8
2025-09-11,AXISBANK,1087.6
2025-09-11,JIOFIN,310.9
2025-09-11,TCS,3125.2
2025-09-12,ADANIGREEN,982.1
2025-09-12,AXISBANK,1105.5
2025-09-12,BAJFINANCE,1017.5
2025-09-12,JIOFIN,311.4
2025-09-12,JSWSTEEL,1105.2
2025-09-12,KOTAKBANK,426.4
2025-09-12,NIFTY 50,25841.75
2025-09-12,NIFTY BANK,59212.1
2025-09-12,ONGC,233.8
2025-09-12,TATAPOWER,376.0
2025-09-12,TATASTEEL,160.99
2025-09-12,TCS,3133.0
2025-09-12,TITAN,3840.1
2025-09-12,WIPRO,250.9
2025-09-15,ADANIGREEN,988.9
2025-09-15,AXISBANK,1105.2
2025-09-15,JIOFIN,315.45
2025-09-15,TCS,3112.4
2025-09-16,ADANIGREEN,988.45
2025-09-16,AXISBANK,1121.4
2025-09-16,JIOFIN,315.8
2025-09-16,TCS,3147.9
2025-09-17,ADANIGREEN,980.0
2025-09-17,AXISBANK,1126.0
2025-09-17,JIOFIN,315.9
2025-09-17,TCS,3175.0
2025-09-18,ADANIGREEN,980.6
2025-09-18,AXISBANK,1133.0
2025-09-18,JIOFIN,317.3
2025-09-18,TCS,3177.0
2025-09-19,ADANIGREEN,1031.75
2025-09-19,AXISBANK,1140.0
2025-09-19,JIOFIN,317.6
2025-09-19,TCS,3171.0
2025-09-22,ADANIGREEN,1153.9
2025-09-22,AXISBANK,1144.0
2025-09-22,JIOFIN,314.0
2025-09-22,TCS,3075.5
2025-09-23,ADANIGREEN,1132.0
2025-09-23,AXISBANK,1170.0
2025-09-23,JIOFIN,313.0
2025-09-23,TCS,3065.0
2025-09-24,ADANIGREEN,1096.0
2025-09-24,AXISBANK,1159.0
2025-09-24,JIOFIN,306.4
2025-09-24,TCS,3036.0
2025-09-25,ADANIGREEN,1080.0
2025-09-25,AXISBANK,1163.0
2025-09-25,JIOFIN,301.6
2025-09-25,TCS,2958.0
2025-09-26,ADANIGREEN,1051.0
2025-09-26,AXISBANK,1154.0
2025-09-26,JIOFIN,296.35
2025-09-26,TCS,2905.4
2025-09-29,ADANIGREEN,1036.0
2025-09-29,AXISBANK,1134.0
2025-09-29,JIOFIN,295.0
2025-09-29,TCS,2904.3
2025-09-30,ADANIGREEN,1032.0
2025-09-30,AXISBANK,1131.0
2025-09-30,JIOFIN,294.0
2025-09-30,TCS,2894.9
2025-10-01,ADANIGREEN,1067.3
2025-10-01,AXISBANK,1161.4
2025-10-01,BAJFINANCE,729.0
2025-10-01,JIOFIN,300.75
2025-10-01,JSWSTEEL,899.0
2025-10-01,KOTAKBANK,351.9
2025-10-01,NIFTY 50,23437.35
2025-10-01,NIFTY BANK,48779.8
2025-10-01,ONGC,250.8
2025-10-01,TATAPOWER,355.8
2025-10-01,TATASTEEL,124.8
2025-10-01,TCS,2916.8
2025-10-01,TITAN,3438.95
2025-10-01,WIPRO,285.8
2025-10-02,BAJFINANCE,828.5
2025-10-02,JSWSTEEL,959.75
2025-10-02,KOTAKBANK,392.3
2025-10-02,NIFTY 50,23376.05
2025-10-02,NIFTY BANK,49968.65
2025-10-02,ONGC,231.6
2025-10-02,TATAPOWER,358.25
2025-10-02,TATASTEEL,130.86
2025-10-02,TITAN,3325.0
2025-10-02,WIPRO,311.1
2025-10-03,ADANIGREEN,1072.5
2025-10-03,AXISBANK,1183.0
2025-10-03,BAJFINANCE,833.0
2025-10-03,JIOFIN,302.6
2025-10-03,JSWSTEEL,1010.5
2025-10-03,KOTAKBANK,384.0
2025-10-03,NIFTY 50,22441.1
2025-10-03,NIFTY BANK,48168.25
2025-10-03,ONGC,212.95
2025-10-03,TATAPOWER,351.5
2025-10-03,TATASTEEL,147.22
2025-10-03,TCS,2903.0
2025-10-03,TITAN,3027.6
2025-10-03,WIPRO,273.75
2025-10-06,ADANIGREEN,1059.2
2025-10-06,AXISBANK,1208.0
2025-10-06,BAJFINANCE,949.0
2025-10-06,JIOFIN,306.1
2025-10-06,JSWSTEEL,1002.9
2025-10-06,KOTAKBANK,429.4
2025-10-06,NIFTY 50,25091.5
2025-10-06,NIFTY BANK,56579.55
2025-10-06,ONGC,233.6
2025-10-06,TATAPOWER,413.2
2025-10-06,TATASTEEL,155.65
2025-10-06,TCS,2988.0
2025-10-06,TITAN,3523.8
2025-10-06,WIPRO,248.3
2025-10-07,ADANIGREEN,1058.5
2025-10-07,AXISBANK,1188.0
2025-10-07,BAJFINANCE,946.85
2025-10-07,JIOFIN,310.6
2025-10-07,JSWSTEEL,1042.9
2025-10-07,KOTAKBANK,443.4
2025-10-07,NIFTY 50,25348.15
2025-10-07,NIFTY BANK,56956.95
2025-10-07,ONGC,231.75
2025-10-07,TATAPOWER,399.3
2025-10-07,TATASTEEL,160.63
2025-10-07,TCS,2975.0
2025-10-07,TITAN,3414.9
2025-10-07,WIPRO,258.45
2025-10-08,ADANIGREEN,1045.5
2025-10-08,AXISBANK,1179.5
2025-10-08,JIOFIN,304.7
2025-10-08,TCS,3030.5
2025-10-09,ADANIGREEN,1052.0
2025-10-09,AXISBANK,1168.1
2025-10-09,BAJFINANCE,967.5
2025-10-09,JIOFIN,307.5
2025-10-09,JSWSTEEL,1103.5
2025-10-09,KOTAKBANK,394.2
2025-10-09,NIFTY 50,24977.55
2025-10-09,NIFTY BANK,54532.65
2025-10-09,ONGC,221.05
2025-10-09,TATAPOWER,386.55
2025-10-09,TATASTEEL,169.38
2025-10-09,TCS,3060.2
2025-10-09,TITAN,3619.8
2025-10-09,WIPRO,249.2
2025-10-10,ADANIGREEN,1064.5
2025-10-10,AXISBANK,1182.5
2025-10-10,BAJFINANCE,1025.0
2025-10-10,JIOFIN,308.3
2025-10-10,JSWSTEEL,1167.7
2025-10-10,KOTAKBANK,430.4
2025-10-10,NIFTY 50,25278.2
2025-10-10,NIFTY BANK,56620.95
2025-10-10,ONGC,234.5
2025-10-10,TATAPOWER,390.5
2025-10-10,TATASTEEL,173.85
2025-10-10,TCS,3028.0
2025-10-10,TITAN,3525.0
2025-10-10,WIPRO,242.7
2025-10-11,BAJFINANCE,1084.2
2025-10-11,JSWSTEEL,1180.9
2025-10-11,KOTAKBANK,418.0
2025-10-11,NIFTY 50,25574.25
2025-10-11,NIFTY BANK,57893.0
2025-10-11,ONGC,239.85
2025-10-11,TATAPOWER,396.0
2025-10-11,TATASTEEL,181.5
2025-10-11,TITAN,3800.0
2025-10-11,WIPRO,233.75
2025-10-12,BAJFINANCE,1009.6
2025-10-12,JSWSTEEL,1093.5
2025-10-12,KOTAKBANK,425.6
2025-10-12,NIFTY 50,25742.65
2025-10-12,NIFTY BANK,58938.3
2025-10-12,ONGC,233.75
2025-10-12,TATAPOWER,378.0
2025-10-12,TATASTEEL,162.0
2025-10-12,TITAN,3830.4
2025-10-12,WIPRO,251.25
2025-10-13,ADANIGREEN,1050.7
2025-10-13,AXISBANK,1189.9
2025-10-13,JIOFIN,308.65
2025-10-13,TCS,3006.0
2025-10-14,ADANIGREEN,1034.0
2025-10-14,AXISBANK,1174.9
2025-10-14,JIOFIN,305.6
2025-10-14,TCS,2960.0
2025-10-15,ADANIGREEN,1049.7
2025-10-15,AXISBANK,1171.0
2025-10-15,JIOFIN,312.8
2025-10-15,TCS,2970.0
2025-10-16,ADANIGREEN,1058.0
2025-10-16,AXISBANK,1195.9
2025-10-16,JIOFIN,312.1
2025-10-16,TCS,2971.8
2025-10-17,ADANIGREEN,1036.4
2025-10-17,AXISBANK,1200.4
2025-10-17,JIOFIN,309.3
2025-10-17,TCS,2963.0
2025-10-20,ADANIGREEN,1035.6
2025-10-20,AXISBANK,1225.0
2025-10-20,JIOFIN,311.0
2025-10-20,TCS,3016.3
2025-10-21,ADANIGREEN,1036.3
2025-10-21,AXISBANK,1233.0
2025-10-21,JIOFIN,311.4
2025-10-21,TCS,3000.0
2025-10-23,ADANIGREEN,1045.7
2025-10-23,AXISBANK,1253.6
2025-10-23,JIOFIN,308.95
2025-10-23,TCS,3071.0
2025-10-24,ADANIGREEN,1031.8
2025-10-24,AXISBANK,1242.0
2025-10-24,JIOFIN,306.1
2025-10-24,TCS,3061.0
2025-10-27,ADANIGREEN,1017.0
2025-10-27,AXISBANK,1254.2
2025-10-27,JIOFIN,305.95
2025-10-27,TCS,3083.0
2025-10-28,ADANIGREEN,1005.0
2025-10-28,AXISBANK,1247.0
2025-10-28,JIOFIN,308.4
2025-10-28,TCS,3059.8
2025-10-29,ADANIGREEN,1115.3
2025-10-29,AXISBANK,1249.0
2025-10-29,JIOFIN,310.25
2025-10-29,TCS,3060.0
2025-10-30,ADANIGREEN,1143.1
2025-10-30,AXISBANK,1241.0
2025-10-30,JIOFIN,309.9
2025-10-30,TCS,3035.5
2025-10-31,ADANIGREEN,1136.0
2025-10-31,AXISBANK,1232.3
2025-10-31,JIOFIN,307.0
2025-10-31,TCS,3060.0
2025-11-02,BAJFINANCE,818.0
2025-11-02,JSWSTEEL,951.15
2025-11-02,KOTAKBANK,384.0
2025-11-02,NIFTY 50,23070.5
2025-11-02,NIFTY BANK,49358.6
2025-11-02,ONGC,228.3
2025-11-02,TATAPOWER,349.2
2025-11-02,TATASTEEL,127.23
2025-11-02,TITAN,3284.9
2025-11-02,WIPRO,304.9
2025-11-03,ADANIGREEN,1108.0
2025-11-03,AXISBANK,1233.1
2025-11-03,BAJFINANCE,834.5
2025-11-03,JIOFIN,307.0
2025-11-03,JSWSTEEL,1018.75
2025-11-03,KOTAKBANK,387.6
2025-11-03,NIFTY 50,22522.1
2025-11-03,NIFTY BANK,47885.6
2025-11-03,ONGC,215.75
2025-11-03,TATAPOWER,353.75
2025-11-03,TATASTEEL,147.31
2025-11-03,TCS,3019.5
2025-11-03,TITAN,3053.9
2025-11-03,WIPRO,271.7
2025-11-04,ADANIGREEN,1083.7
2025-11-04,AXISBANK,1226.1
2025-11-04,BAJFINANCE,892.0
2025-11-04,JIOFIN,302.1
2025-11-04,JSWSTEEL,992.7
2025-11-04,KOTAKBANK,422.9
2025-11-04,NIFTY 50,22844.5
2025-11-04,NIFTY BANK,51007.55
2025-11-04,ONGC,219.55
2025-11-04,TATAPOWER,364.8
2025-11-04,TATASTEEL,130.43
2025-11-04,TCS,2987.0
2025-11-04,TITAN,3232.0
2025-11-04,WIPRO,234.35
2025-11-06,ADANIGREEN,1062.0
2025-11-06,AXISBANK,1227.7
2025-11-06,BAJFINANCE,942.5
2025-11-06,JIOFIN,297.95
2025-11-06,JSWSTEEL,1006.05
2025-11-06,KOTAKBANK,428.6
2025-11-06,NIFTY 50,25126.8
2025-11-06,NIFTY BANK,56438.05
2025-11-06,ONGC,236.0
2025-11-06,TATAPOWER,412.0
2025-11-06,TATASTEEL,156.09
2025-11-06,TCS,3010.0
2025-11-06,TITAN,3543.0
2025-11-06,WIPRO,252.7
2025-11-07,ADANIGREEN,1059.0
2025-11-07,AXISBANK,1224.1
2025-11-07,BAJFINANCE,932.85
2025-11-07,JIOFIN,299.7
2025-11-07,JSWSTEEL,1038.5
2025-11-07,KOTAKBANK,443.2
2025-11-07,NIFTY 50,25140.55
2025-11-07,NIFTY BANK,56712.85
2025-11-07,ONGC,230.45
2025-11-07,TATAPOWER,395.95
2025-11-07,TATASTEEL,159.99
2025-11-07,TCS,2993.5
2025-11-07,TITAN,3361.0
2025-11-07,WIPRO,251.6
2025-11-08,BAJFINANCE,877.75
2025-11-08,JSWSTEEL,1053.5
2025-11-08,KOTAKBANK,392.6
2025-11-08,NIFTY 50,24562.15
2025-11-08,NIFTY BANK,55423.55
2025-11-08,ONGC,223.15
2025-11-08,TATAPOWER,383.65
2025-11-08,TATASTEEL,158.5
2025-11-08,TITAN,3460.0
2025-11-08,WIPRO,234.95
2025-11-09,BAJFINANCE,970.2
2025-11-09,JSWSTEEL,1100.0
2025-11-09,KOTAKBANK,394.0
2025-11-09,NIFTY 50,25008.1
2025-11-09,NIFTY BANK,54644.6
2025-11-09,ONGC,223.15
2025-11-09,TATAPOWER,388.0
2025-11-09,TATASTEEL,169.4
2025-11-09,TITAN,3580.0
2025-11-09,WIPRO,247.75
2025-11-10,ADANIGREEN,1037.6
2025-11-10,AXISBANK,1215.5
2025-11-10,JIOFIN,301.75
2025-11-10,TCS,3025.0
2025-11-11,ADANIGREEN,1046.0
2025-11-11,AXISBANK,1222.5
2025-11-11,BAJFINANCE,1009.4
2025-11-11,JIOFIN,305.45
2025-11-11,JSWSTEEL,1186.7
2025-11-11,KOTAKBANK,417.6
2025-11-11,NIFTY 50,25705.55
2025-11-11,NIFTY BANK,58148.05
2025-11-11,ONGC,238.3
2025-11-11,TATAPOWER,395.5
2025-11-11,TATASTEEL,181.1
2025-11-11,TCS,3049.0
2025-11-11,TITAN,3809.1
2025-11-11,WIPRO,235.6
2025-11-12,ADANIGREEN,1071.6
2025-11-12,AXISBANK,1218.0
2025-11-12,BAJFINANCE,1008.4
2025-11-12,JIOFIN,309.85
2025-11-12,JSWSTEEL,1102.8
2025-11-12,KOTAKBANK,434.7
2025-11-12,NIFTY 50,25898.4
2025-11-12,NIFTY BANK,59204.6
2025-11-12,ONGC,233.25
2025-11-12,TATAPOWER,379.95
2025-11-12,TATASTEEL,166.4
2025-11-12,TCS,3125.6
2025-11-12,TITAN,3850.0
2025-11-12,WIPRO,252.8
2025-11-13,ADANIGREEN,1076.5
2025-11-13,AXISBANK,1227.4
2025-11-13,JIOFIN,311.0
2025-11-13,TCS,3104.8
2025-11-14,ADANIGREEN,1067.1
2025-11-14,AXISBANK,1246.0
2025-11-14,JIOFIN,315.0
2025-11-14,TCS,3112.0
2025-11-17,ADANIGREEN,1089.9
2025-11-17,AXISBANK,1252.2
2025-11-17,JIOFIN,312.45
2025-11-17,TCS,3100.0
2025-11-18,ADANIGREEN,1077.0
2025-11-18,AXISBANK,1263.0
2025-11-18,JIOFIN,305.8
2025-11-18,TCS,3080.1
2025-11-19,ADANIGREEN,1069.2
2025-11-19,AXISBANK,1270.1
2025-11-19,JIOFIN,304.7
2025-11-19,TCS,3147.0
2025-11-20,ADANIGREEN,1065.0
2025-11-20,AXISBANK,1286.2
2025-11-20,JIOFIN,308.75
2025-11-20,TCS,3149.8
2025-11-21,ADANIGREEN,1028.0
2025-11-21,AXISBANK,1275.2
2025-11-21,JIOFIN,303.9
2025-11-21,TCS,3150.0
2025-11-24,ADANIGREEN,1011.3
2025-11-24,AXISBANK,1267.0
2025-11-24,JIOFIN,300.2
2025-11-24,TCS,3136.0
2025-11-25,ADANIGREEN,1012.0
2025-11-25,AXISBANK,1267.1
2025-11-25,JIOFIN,301.1
2025-11-25,TCS,3116.6
2025-11-26,ADANIGREEN,1033.3
2025-11-26,AXISBANK,1288.7
2025-11-26,JIOFIN,308.0
2025-11-26,TCS,3162.9
2025-11-27,ADANIGREEN,1033.0
2025-11-27,AXISBANK,1286.1
2025-11-27,JIOFIN,306.5
2025-11-27,TCS,3135.0
2025-11-28,ADANIGREEN,1047.6
2025-11-28,AXISBANK,1282.8
2025-11-28,JIOFIN,306.35
2025-11-28,TCS,3135.9
2025-12-01,ADANIGREEN,1042.3
2025-12-01,AXISBANK,1276.0
2025-12-01,JIOFIN,305.05
2025-12-01,TCS,3135.1
2025-12-02,ADANIGREEN,1024.0
2025-12-02,AXISBANK,1262.3
2025-12-02,BAJFINANCE,820.5
2025-12-02,JIOFIN,305.25
2025-12-02,JSWSTEEL,956.2
2025-12-02,KOTAKBANK,389.1
2025-12-02,NIFTY 50,23057.8
2025-12-02,NIFTY BANK,49526.55
2025-12-02,ONGC,227.45
2025-12-02,TATAPOWER,348.4
2025-12-02,TATASTEEL,129.43
2025-12-02,TCS,3136.5
2025-12-02,TITAN,3258.0
2025-12-02,WIPRO,302.25
2025-12-03,ADANIGREEN,1018.0
2025-12-03,AXISBANK,1269.4
2025-12-03,BAJFINANCE,852.0
2025-12-03,JIOFIN,301.6
2025-12-03,JSWSTEEL,1011.2
2025-12-03,KOTAKBANK,396.0
2025-12-03,NIFTY 50,22468.5
2025-12-03,NIFTY BANK,48055.75
2025-12-03,ONGC,213.8
2025-12-03,TATAPOWER,356.0
2025-12-03,TATASTEEL,146.85
2025-12-03,TCS,3180.0
2025-12-03,TITAN,3019.35
2025-12-03,WIPRO,261.45
2025-12-04,ADANIGREEN,1012.1
2025-12-04,AXISBANK,1277.5
2025-12-04,JIOFIN,301.95
2025-12-04,TCS,3228.5
2025-12-05,ADANIGREEN,1018.1
2025-12-05,AXISBANK,1281.8
2025-12-05,BAJFINANCE,901.0
2025-12-05,JIOFIN,303.85
2025-12-05,JSWSTEEL,1003.9
2025-12-05,KOTAKBANK,428.6
2025-12-05,NIFTY 50,24920.25
2025-12-05,NIFTY BANK,55411.3
2025-12-05,ONGC,232.65
2025-12-05,TATAPOWER,392.5
2025-12-05,TATASTEEL,147.49
2025-12-05,TCS,3241.0
2025-12-05,TITAN,3566.5
2025-12-05,WIPRO,250.5
2025-12-06,BAJFINANCE,937.0
2025-12-06,JSWSTEEL,996.8
2025-12-06,KOTAKBANK,424.4
2025-12-06,NIFTY 50,24856.0
2025-12-06,NIFTY BANK,55997.8
2025-12-06,ONGC,235.9
2025-12-06,TATAPOWER,400.9
2025-12-06,TATASTEEL,152.6
2025-12-06,TITAN,3448.9
2025-12-06,WIPRO,252.5
2025-12-08,ADANIGREEN,994.0
2025-12-08,AXISBANK,1269.9
2025-12-08,BAJFINANCE,853.0
2025-12-08,JIOFIN,296.15
2025-12-08,JSWSTEEL,1047.5
2025-12-08,KOTAKBANK,391.9
2025-12-08,NIFTY 50,24485.85
2025-12-08,NIFTY BANK,55039.35
2025-12-08,ONGC,224.45
2025-12-08,TATAPOWER,384.2
2025-12-08,TATASTEEL,160.13
2025-12-08,TCS,3237.9
2025-12-08,TITAN,3485.0
2025-12-08,WIPRO,235.25
2025-12-09,ADANIGREEN,1010.5
2025-12-09,AXISBANK,1275.0
2025-12-09,BAJFINANCE,1002.7
2025-12-09,JIOFIN,293.55
2025-12-09,JSWSTEEL,1099.5
2025-12-09,KOTAKBANK,394.9
2025-12-09,NIFTY 50,25107.7
2025-12-09,NIFTY BANK,54784.55
2025-12-09,ONGC,222.35
2025-12-09,TATAPOWER,385.7
2025-12-09,TATASTEEL,169.58
2025-12-09,TCS,3205.1
2025-12-09,TITAN,3565.5
2025-12-09,WIPRO,245.85
2025-12-10,ADANIGREEN,987.5
2025-12-10,AXISBANK,1275.0
2025-12-10,JIOFIN,290.7
2025-12-10,TCS,3185.0
2025-12-11,ADANIGREEN,1025.0
2025-12-11,AXISBANK,1276.8
2025-12-11,BAJFINANCE,1011.0
2025-12-11,JIOFIN,298.5
2025-12-11,JSWSTEEL,1184.7
2025-12-11,KOTAKBANK,417.2
2025-12-11,NIFTY 50,25874.0
2025-12-11,NIFTY BANK,58211.45
2025-12-11,ONGC,242.4
2025-12-11,TATAPOWER,388.5
2025-12-11,TATASTEEL,178.65
2025-12-11,TCS,3193.9
2025-12-11,TITAN,3834.0
2025-12-11,WIPRO,239.2
2025-12-12,ADANIGREEN,1038.1
2025-12-12,AXISBANK,1285.0
2025-12-12,BAJFINANCE,1015.8
2025-12-12,JIOFIN,300.4
2025-12-12,JSWSTEEL,1125.4
2025-12-12,KOTAKBANK,435.5
2025-12-12,NIFTY 50,26043.0
2025-12-12,NIFTY BANK,59396.8
2025-12-12,ONGC,232.65
2025-12-12,TATAPOWER,381.75
2025-12-12,TATASTEEL,172.0
2025-12-12,TCS,3220.1
2025-12-12,TITAN,3879.9
2025-12-12,WIPRO,253.95
2025-12-15,ADANIGREEN,1043.9
2025-12-15,AXISBANK,1284.4
2025-12-15,JIOFIN,299.65
2025-12-15,TCS,3227.0
2025-12-16,ADANIGREEN,1024.0
2025-12-16,AXISBANK,1218.3
2025-12-16,JIOFIN,294.7
2025-12-16,TCS,3206.6
2025-12-17,ADANIGREEN,1018.9
2025-12-17,AXISBANK,1226.0
2025-12-17,JIOFIN,293.0
2025-12-17,TCS,3217.8
2025-12-18,ADANIGREEN,1010.8
2025-12-18,AXISBANK,1230.0
2025-12-18,JIOFIN,292.1
2025-12-18,TCS,3281.2
2025-12-19,ADANIGREEN,1018.0
2025-12-19,AXISBANK,1231.4
2025-12-19,JIOFIN,297.15
2025-12-19,TCS,3285.0
2025-12-22,ADANIGREEN,1020.1
2025-12-22,AXISBANK,1233.8
2025-12-22,JIOFIN,299.0
2025-12-22,TCS,3326.0
2025-12-23,ADANIGREEN,1017.0
2025-12-23,AXISBANK,1224.1
2025-12-23,JIOFIN,298.6
2025-12-23,TCS,3305.1
2025-12-24,ADANIGREEN,1014.2
2025-12-24,AXISBANK,1225.9
2025-12-24,JIOFIN,299.0
2025-12-24,TCS,3313.1
2025-12-26,ADANIGREEN,1014.4
2025-12-26,AXISBANK,1227.0
2025-12-26,JIOFIN,297.2
2025-12-26,TCS,3276.9
2025-12-29,ADANIGREEN,1002.0
2025-12-29,AXISBANK,1233.0
2025-12-29,JIOFIN,293.8
2025-12-29,TCS,3255.0
2025-12-30,ADANIGREEN,1010.0
2025-12-30,AXISBANK,1246.0
2025-12-30,JIOFIN,293.4
2025-12-30,TCS,3255.0
2025-12-31,ADANIGREEN,1015.0
2025-12-31,AXISBANK,1268.7
2025-12-31,JIOFIN,295.1
2025-12-31,TCS,3210.0
2026-01-01,ADANIGREEN,1025.9
2026-01-01,AXISBANK,1273.6
2026-01-01,BAJFINANCE,975.6
2026-01-01,JIOFIN,295.6
2026-01-01,JSWSTEEL,1169.0
2026-01-01,KOTAKBANK,443.4
2026-01-01,NIFTY 50,26140.25
2026-01-01,NIFTY BANK,59707.55
2026-01-01,ONGC,232.45
2026-01-01,TATAPOWER,381.6
2026-01-01,TATASTEEL,181.74
2026-01-01,TCS,3225.0
2026-01-01,TITAN,4049.4
2026-01-01,WIPRO,260.55
2026-01-02,ADANIGREEN,1037.7
2026-01-02,AXISBANK,1269.0
2026-01-02,BAJFINANCE,904.0
2026-01-02,JIOFIN,301.85
2026-01-02,JSWSTEEL,1198.5
2026-01-02,KOTAKBANK,407.85
2026-01-02,NIFTY 50,24768.0
2026-01-02,NIFTY BANK,58353.75
2026-01-02,ONGC,248.65
2026-01-02,TATAPOWER,355.1
2026-01-02,TATASTEEL,185.8
2026-01-02,TCS,3245.7
2026-01-02,TITAN,3944.0
2026-01-02,WIPRO,241.74
2026-01-04,BAJFINANCE,819.0
2026-01-04,JSWSTEEL,1139.0
2026-01-04,KOTAKBANK,355.25
2026-01-04,NIFTY 50,22703.15
2026-01-04,NIFTY BANK,51526.1
2026-01-04,ONGC,287.5
2026-01-04,TATAPOWER,380.0
2026-01-04,TATASTEEL,194.85
2026-01-04,TITAN,4058.0
2026-01-04,WIPRO,191.4
2026-01-05,ADANIGREEN,1028.8
2026-01-05,AXISBANK,1286.5
2026-01-05,JIOFIN,300.05
2026-01-05,TCS,3213.0
2026-01-06,ADANIGREEN,1018.5
2026-01-06,AXISBANK,1292.0
2026-01-06,JIOFIN,298.65
2026-01-06,TCS,3256.8
2026-01-07,ADANIGREEN,1018.9
2026-01-07,AXISBANK,1294.8
2026-01-07,JIOFIN,303.8
2026-01-07,TCS,3294.0
2026-01-08,ADANIGREEN,983.8
2026-01-08,AXISBANK,1286.0
2026-01-08,JIOFIN,292.65
2026-01-08,TCS,3195.1
2026-01-09,ADANIGREEN,944.9
2026-01-09,AXISBANK,1274.5
2026-01-09,JIOFIN,287.55
2026-01-09,TCS,3212.6
2026-01-12,ADANIGREEN,943.3
2026-01-12,AXISBANK,1274.4
2026-01-12,JIOFIN,288.45
2026-01-12,TCS,3243.0
2026-01-13,ADANIGREEN,935.4
2026-01-13,AXISBANK,1262.4
2026-01-13,JIOFIN,284.15
2026-01-13,TCS,3263.0
2026-01-14,ADANIGREEN,935.0
2026-01-14,AXISBANK,1299.0
2026-01-14,JIOFIN,287.0
2026-01-14,TCS,3197.0
2026-01-16,ADANIGREEN,930.0
2026-01-16,AXISBANK,1296.0
2026-01-16,JIOFIN,277.95
2026-01-16,TCS,3209.0
2026-01-19,ADANIGREEN,912.5
2026-01-19,AXISBANK,1306.8
2026-01-19,JIOFIN,274.9
2026-01-19,TCS,3161.0
2026-01-20,ADANIGREEN,886.0
2026-01-20,AXISBANK,1297.0
2026-01-20,JIOFIN,265.4
2026-01-20,TCS,3104.2
2026-01-21,ADANIGREEN,884.9
2026-01-21,AXISBANK,1281.9
2026-01-21,JIOFIN,263.6
2026-01-21,TCS,3122.0
2026-01-22,ADANIGREEN,908.1
2026-01-22,AXISBANK,1291.4
2026-01-22,JIOFIN,263.65
2026-01-22,TCS,3152.2
2026-01-23,ADANIGREEN,778.5
2026-01-23,AXISBANK,1253.9
2026-01-23,JIOFIN,253.2
2026-01-23,TCS,3157.0
2026-01-27,ADANIGREEN,798.0
2026-01-27,AXISBANK,1322.0
2026-01-27,JIOFIN,257.2
2026-01-27,TCS,3167.0
2026-01-28,ADANIGREEN,821.2
2026-01-28,AXISBANK,1314.0
2026-01-28,JIOFIN,256.05
2026-01-28,TCS,3199.0
2026-01-29,ADANIGREEN,854.5
2026-01-29,AXISBANK,1366.0
2026-01-29,JIOFIN,254.4
2026-01-29,TCS,3139.0
2026-01-30,ADANIGREEN,852.9
2026-01-30,AXISBANK,1366.0
2026-01-30,JIOFIN,254.0
2026-01-30,TCS,3127.0
2026-02-01,ADANIGREEN,807.5
2026-02-01,AXISBANK,1349.9
2026-02-01,BAJFINANCE,990.55
2026-02-01,JIOFIN,242.35
2026-02-01,JSWSTEEL,1178.1
2026-02-01,KOTAKBANK,437.7
2026-02-01,NIFTY 50,26335.7
2026-02-01,NIFTY BANK,60174.75
2026-02-01,ONGC,236.45
2026-02-01,TATAPOWER,392.65
2026-02-01,TATASTEEL,182.76
2026-02-01,TCS,3180.0
2026-02-01,TITAN,4050.3
2026-02-01,WIPRO,262.25
2026-02-02,ADANIGREEN,844.0
2026-02-02,AXISBANK,1309.2
2026-02-02,BAJFINANCE,908.0
2026-02-02,JIOFIN,245.15
2026-02-02,JSWSTEEL,1201.9
2026-02-02,KOTAKBANK,407.8
2026-02-02,NIFTY 50,25079.9
2026-02-02,NIFTY BANK,58602.5
2026-02-02,ONGC,248.5
2026-02-02,TATAPOWER,359.05
2026-02-02,TATASTEEL,188.63
2026-02-02,TCS,3167.0
2026-02-02,TITAN,3961.8
2026-02-02,WIPRO,242.5
2026-02-03,ADANIGREEN,932.0
2026-02-03,AXISBANK,1354.4
2026-02-03,BAJFINANCE,975.0
2026-02-03,JIOFIN,264.5
2026-02-03,JSWSTEEL,1265.7
2026-02-03,KOTAKBANK,411.2
2026-02-03,NIFTY 50,24849.75
2026-02-03,NIFTY BANK,59856.05
2026-02-03,ONGC,281.45
2026-02-03,TATAPOWER,368.15
2026-02-03,TATASTEEL,211.0
2026-02-03,TCS,3220.0
2026-02-03,TITAN,4258.5
2026-02-03,WIPRO,198.75
2026-02-04,ADANIGREEN,953.45
2026-02-04,AXISBANK,1340.0
2026-02-04,BAJFINANCE,828.9
2026-02-04,JIOFIN,268.0
2026-02-04,JSWSTEEL,1135.2
2026-02-04,KOTAKBANK,357.8
2026-02-04,NIFTY 50,22700.7
2026-02-04,NIFTY BANK,51556.2
2026-02-04,ONGC,286.5
2026-02-04,TATAPOWER,383.0
2026-02-04,TATASTEEL,193.5
2026-02-04,TCS,2999.9
2026-02-04,TITAN,4080.0
2026-02-04,WIPRO,194.8
2026-02-05,ADANIGREEN,966.0
2026-02-05,AXISBANK,1331.6
2026-02-05,JIOFIN,269.95
2026-02-05,TCS,2991.7
2026-02-06,ADANIGREEN,968.0
2026-02-06,AXISBANK,1341.9
2026-02-06,JIOFIN,268.1
2026-02-06,TCS,2940.3
2026-02-09,ADANIGREEN,982.0
2026-02-09,AXISBANK,1341.0
2026-02-09,JIOFIN,269.1
2026-02-09,TCS,2951.0
2026-02-10,ADANIGREEN,976.0
2026-02-10,AXISBANK,1355.1
2026-02-10,JIOFIN,270.6
2026-02-10,TCS,2984.8
2026-02-11,ADANIGREEN,992.4
2026-02-11,AXISBANK,1347.0
2026-02-11,JIOFIN,270.2
2026-02-11,TCS,2907.0
2026-02-12,ADANIGREEN,996.75
2026-02-12,AXISBANK,1337.0
2026-02-12,JIOFIN,267.75
2026-02-12,TCS,2741.0
2026-02-13,ADANIGREEN,949.5
2026-02-13,AXISBANK,1330.8
2026-02-13,JIOFIN,263.85
2026-02-13,TCS,2695.0
2026-02-16,ADANIGREEN,991.8
2026-02-16,AXISBANK,1358.0
2026-02-16,JIOFIN,262.6
2026-02-16,TCS,2713.5
2026-02-17,ADANIGREEN,1013.55
2026-02-17,AXISBANK,1354.0
2026-02-17,JIOFIN,261.8
2026-02-17,TCS,2719.8
2026-02-18,ADANIGREEN,998.95
2026-02-18,AXISBANK,1376.3
2026-02-18,JIOFIN,263.9
2026-02-18,TCS,2694.5
2026-02-19,ADANIGREEN,973.0
2026-02-19,AXISBANK,1353.8
2026-02-19,JIOFIN,257.9
2026-02-19,TCS,2675.0
2026-02-20,ADANIGREEN,967.2
2026-02-20,AXISBANK,1367.7
2026-02-20,JIOFIN,258.05
2026-02-20,TCS,2685.5
2026-02-23,ADANIGREEN,970.5
2026-02-23,AXISBANK,1385.9
2026-02-23,JIOFIN,257.7
2026-02-23,TCS,2675.0
2026-02-24,ADANIGREEN,984.0
2026-02-24,AXISBANK,1386.0
2026-02-24,JIOFIN,255.4
2026-02-24,TCS,2582.0
2026-02-25,ADANIGREEN,963.0
2026-02-25,AXISBANK,1402.5
2026-02-25,JIOFIN,257.0
2026-02-25,TCS,2629.0
2026-02-26,ADANIGREEN,962.6
2026-02-26,AXISBANK,1395.1
2026-02-26,JIOFIN,256.25
2026-02-26,TCS,2648.4
2026-02-27,ADANIGREEN,943.0
2026-02-27,AXISBANK,1384.0
2026-02-27,JIOFIN,255.2
2026-02-27,TCS,2639.7
2026-03-02,ADANIGREEN,905.8
2026-03-02,AXISBANK,1367.2
2026-03-02,BAJFINANCE,964.0
2026-03-02,JIOFIN,249.1
2026-03-02,JSWSTEEL,1230.0
2026-03-02,KOTAKBANK,415.8
2026-03-02,NIFTY 50,25714.8
2026-03-02,NIFTY BANK,59986.7
2026-03-02,ONGC,250.5
2026-03-02,TATAPOWER,364.95
2026-03-02,TATASTEEL,193.22
2026-03-02,TCS,2611.7
2026-03-02,TITAN,4080.3
2026-03-02,WIPRO,242.56
2026-03-04,ADANIGREEN,870.0
2026-03-04,AXISBANK,1350.0
2026-03-04,JIOFIN,241.0
2026-03-04,TCS,2583.0
2026-03-05,ADANIGREEN,883.6
2026-03-05,AXISBANK,1349.4
2026-03-05,JIOFIN,243.1
2026-03-05,TCS,2575.0
2026-03-06,ADANIGREEN,863.0
2026-03-06,AXISBANK,1314.9
2026-03-06,JIOFIN,239.7
2026-03-06,TCS,2560.0
2026-03-09,ADANIGREEN,855.0
2026-03-09,AXISBANK,1287.0
2026-03-09,JIOFIN,232.5
2026-03-09,TCS,2527.8
2026-03-10,ADANIGREEN,858.5
2026-03-10,AXISBANK,1318.1
2026-03-10,JIOFIN,236.65
2026-03-10,TCS,2517.4
2026-03-11,ADANIGREEN,852.9
2026-03-11,AXISBANK,1253.9
2026-03-11,JIOFIN,238.5
2026-03-11,TCS,2463.0
2026-03-12,ADANIGREEN,866.65
2026-03-12,AXISBANK,1234.9
2026-03-12,JIOFIN,242.0
2026-03-12,TCS,2446.1
2026-03-13,ADANIGREEN,863.0
2026-03-13,AXISBANK,1199.1
2026-03-13,JIOFIN,235.85
2026-03-13,TCS,2413.0
2026-03-16,AAPL,252.53
2026-03-16,ADANIGREEN,866.0
2026-03-16,AXISBANK,1214.0
2026-03-16,JIOFIN,233.6
2026-03-16,META,623.4
2026-03-16,TCS,2401.0
2026-03-17,AAPL,254.09
2026-03-17,ADANIGREEN,868.95
2026-03-17,AXISBANK,1228.0
2026-03-17,JIOFIN,237.65
2026-03-17,META,622.7
2026-03-17,TCS,2393.9
2026-03-18,AAPL,249.99
2026-03-18,ADANIGREEN,890.0
2026-03-18,AXISBANK,1250.9
2026-03-18,JIOFIN,248.5
2026-03-18,META,615.0
2026-03-18,TCS,2439.2
2026-03-19,AAPL,249.84
2026-03-19,ADANIGREEN,859.95
2026-03-19,AXISBANK,1213.6
2026-03-19,JIOFIN,240.4
2026-03-19,META,608.4
2026-03-19,TCS,2362.8
2026-03-20,AAPL,249.8
2026-03-20,ADANIGREEN,866.0
2026-03-20,AXISBANK,1205.7
2026-03-20,JIOFIN,239.25
2026-03-20,META,597.89
2026-03-20,TCS,2397.4
2026-03-23,AAPL,251.97
2026-03-23,ADANIGREEN,817.0
2026-03-23,AXISBANK,1169.2
2026-03-23,JIOFIN,225.9
2026-03-23,META,605.399
2026-03-23,TCS,2380.0
2026-03-24,AAPL,253.34
2026-03-24,ADANIGREEN,839.0
2026-03-24,AXISBANK,1194.8
2026-03-24,JIOFIN,233.0
2026-03-24,META,597.55
2026-03-24,TCS,2400.8
2026-03-25,AAPL,252.57
2026-03-25,ADANIGREEN,852.4
2026-03-25,AXISBANK,1221.0
2026-03-25,JIOFIN,237.4
2026-03-25,META,592.1119
2026-03-25,TCS,2379.8
2026-03-26,AAPL,254.8933
2026-03-26,META,550.0
2026-03-27,AAPL,247.25
2026-03-27,ADANIGREEN,833.6
2026-03-27,AXISBANK,1203.8
2026-03-27,JIOFIN,232.0
2026-03-27,META,520.0732
2026-03-27,TCS,2387.5
2026-03-30,ADANIGREEN,806.8
2026-03-30,AXISBANK,1168.4
2026-03-30,JIOFIN,224.05
2026-03-30,TCS,2365.0
2026-04-01,ADANIGREEN,854.25
2026-04-01,AXISBANK,1200.0
2026-04-01,JIOFIN,232.3
2026-04-01,TCS,2411.0
2026-04-02,ADANIGREEN,854.0
2026-04-02,AXISBANK,1198.1
2026-04-02,BAJFINANCE,963.95
2026-04-02,JIOFIN,229.95
2026-04-02,JSWSTEEL,1225.3
2026-04-02,KOTAKBANK,412.0
2026-04-02,NIFTY 50,25737.5
2026-04-02,NIFTY BANK,60148.1
2026-04-02,ONGC,259.9
2026-04-02,TATAPOWER,371.05
2026-04-02,TATASTEEL,195.2
2026-04-02,TCS,2445.8
2026-04-02,TITAN,4135.1
2026-04-02,WIPRO,233.5
2026-04-03,BAJFINANCE,945.0
2026-04-03,JSWSTEEL,1208.1
2026-04-03,KOTAKBANK,403.7
2026-04-03,NIFTY 50,24473.95
2026-04-03,NIFTY BANK,58759.65
2026-04-03,ONGC,275.7
2026-04-03,TATAPOWER,364.65
2026-04-03,TATASTEEL,196.06
2026-04-03,TITAN,4195.1
2026-04-03,WIPRO,195.11
2026-04-06,ADANIGREEN,924.0
2026-04-06,AXISBANK,1240.4
2026-04-06,JIOFIN,235.7
2026-04-06,TCS,2474.8
2026-04-07,ADANIGREEN,930.0
2026-04-07,AXISBANK,1247.0
2026-04-07,JIOFIN,235.1
2026-04-07,TCS,2541.3
2026-04-08,ADANIGREEN,1035.0
2026-04-08,AXISBANK,1333.4
2026-04-08,JIOFIN,248.0
2026-04-08,TCS,2561.1
2026-04-09,ADANIGREEN,1036.75
2026-04-09,AXISBANK,1325.4
2026-04-09,JIOFIN,239.99
2026-04-09,TCS,2590.4
2026-05-01,BAJFINANCE,977.65
2026-05-01,JSWSTEEL,1187.0
2026-05-01,KOTAKBANK,438.5
2026-05-01,NIFTY 50,26244.65
2026-05-01,NIFTY BANK,60055.5
2026-05-01,ONGC,232.6
2026-05-01,TATAPOWER,388.4
2026-05-01,TATASTEEL,185.73
2026-05-01,TITAN,4076.0
2026-05-01,WIPRO,256.4
2026-05-02,BAJFINANCE,964.75
2026-05-02,JSWSTEEL,1240.8
2026-05-02,KOTAKBANK,411.65
2026-05-02,NIFTY 50,25641.6
2026-05-02,NIFTY BANK,60055.25
2026-05-02,ONGC,262.45
2026-05-02,TATAPOWER,364.1
2026-05-02,TATASTEEL,198.0
2026-05-02,TITAN,4106.7
2026-05-02,WIPRO,233.18
2026-05-03,BAJFINANCE,963.0
2026-05-03,JSWSTEEL,1248.0
2026-05-03,KOTAKBANK,406.4
2026-05-03,NIFTY 50,24737.45
2026-05-03,NIFTY BANK,58970.25
2026-05-03,ONGC,276.75
2026-05-03,TATAPOWER,376.8
2026-05-03,TATASTEEL,200.72
2026-05-03,TITAN,4267.0
2026-05-03,WIPRO,195.8
2026-06-01,BAJFINANCE,977.0
2026-06-01,JSWSTEEL,1178.0
2026-06-01,KOTAKBANK,428.5
2026-06-01,NIFTY 50,26174.65
2026-06-01,NIFTY BANK,60095.8
2026-06-01,ONGC,236.25
2026-06-01,TATAPOWER,386.7
2026-06-01,TATASTEEL,186.32
2026-06-01,TITAN,4112.0
2026-06-01,WIPRO,258.3
2026-06-02,BAJFINANCE,982.0
2026-06-02,JSWSTEEL,1236.0
2026-06-02,KOTAKBANK,422.35
2026-06-02,NIFTY 50,25673.6
2026-06-02,NIFTY BANK,60112.8
2026-06-02,ONGC,261.85
2026-06-02,TATAPOWER,365.1
2026-06-02,TATASTEEL,196.5
2026-06-02,TITAN,4140.8
2026-06-02,WIPRO,230.4
2026-06-03,BAJFINANCE,951.7
2026-06-03,JSWSTEEL,1230.0
2026-06-03,KOTAKBANK,401.3
2026-06-03,NIFTY 50,24469.4
2026-06-03,NIFTY BANK,57782.4
2026-06-03,ONGC,279.9
2026-06-03,TATAPOWER,375.6
2026-06-03,TATASTEEL,198.79
2026-06-03,TITAN,4235.0
2026-06-03,WIPRO,196.0
2026-06-04,BAJFINANCE,850.6
2026-06-04,JSWSTEEL,1132.5
2026-06-04,KOTAKBANK,359.65
2026-06-04,NIFTY 50,22959.45
2026-06-04,NIFTY BANK,52585.35
2026-06-04,ONGC,281.35
2026-06-04,TATAPOWER,383.6
2026-06-04,TATASTEEL,196.0
2026-06-04,TITAN,4244.0
2026-06-04,WIPRO,197.61
2026-07-01,BAJFINANCE,969.7
2026-07-01,JSWSTEEL,1188.6
2026-07-01,KOTAKBANK,429.2
2026-07-01,NIFTY 50,26142.9
2026-07-01,NIFTY BANK,59976.85
2026-07-01,ONGC,233.7
2026-07-01,TATAPOWER,380.55
2026-07-01,TATASTEEL,183.55
2026-07-01,TITAN,4271.0
2026-07-01,WIPRO,263.55
2026-07-04,BAJFINANCE,854.0
2026-07-04,JSWSTEEL,1155.0
2026-07-04,KOTAKBANK,363.1
2026-07-04,NIFTY 50,23129.95
2026-07-04,NIFTY BANK,52706.15
2026-07-04,ONGC,286.5
2026-07-04,TATAPOWER,387.0
2026-07-04,TATASTEEL,198.0
2026-07-04,TITAN,4238.0
2026-07-04,WIPRO,204.6
2026-08-01,BAJFINANCE,970.1
2026-08-01,JSWSTEEL,1158.0
2026-08-01,KOTAKBANK,426.0
2026-08-01,NIFTY 50,25868.9
2026-08-01,NIFTY BANK,59676.7
2026-08-01,ONGC,225.9
2026-08-01,TATAPOWER,373.75
2026-08-01,TATASTEEL,179.9
2026-08-01,TITAN,4242.2
2026-08-01,WIPRO,255.4
2026-08-04,BAJFINANCE,917.0
2026-08-04,JSWSTEEL,1192.6
2026-08-04,KOTAKBANK,379.5
2026-08-04,NIFTY 50,24012.35
2026-08-04,NIFTY BANK,55757.75
2026-08-04,ONGC,285.5
2026-08-04,TATAPOWER,395.5
2026-08-04,TATASTEEL,204.2
2026-08-04,TITAN,4499.0
2026-08-04,WIPRO,203.59
2026-09-01,BAJFINANCE,961.5
2026-09-01,JSWSTEEL,1160.2
2026-09-01,KOTAKBANK,425.6
2026-09-01,NIFTY 50,25703.7
2026-09-01,NIFTY BANK,59269.35
2026-09-01,ONGC,228.6
2026-09-01,TATAPOWER,364.4
2026-09-01,TATASTEEL,178.69
2026-09-01,TITAN,4205.0
2026-09-01,WIPRO,255.9
2026-09-02,BAJFINANCE,981.5
2026-09-02,JSWSTEEL,1245.1
2026-09-02,KOTAKBANK,427.1
2026-09-02,NIFTY 50,25863.3
2026-09-02,NIFTY BANK,60666.8
2026-09-02,ONGC,260.55
2026-09-02,TATAPOWER,368.3
2026-09-02,TATASTEEL,201.4
2026-09-02,TITAN,4267.0
2026-09-02,WIPRO,230.09
2026-09-03,BAJFINANCE,939.0
2026-09-03,JSWSTEEL,1185.1
2026-09-03,KOTAKBANK,386.05
2026-09-03,NIFTY 50,24005.8
2026-09-03,NIFTY BANK,55998.6
2026-09-03,ONGC,269.95
2026-09-03,TATAPOWER,373.3
2026-09-03,TATASTEEL,191.24
2026-09-03,TITAN,4166.0
2026-09-03,WIPRO,198.6
2026-09-04,BAJFINANCE,911.3
2026-09-04,JSWSTEEL,1205.7
2026-09-04,KOTAKBANK,370.45
2026-09-04,NIFTY 50,23775.1
2026-09-04,NIFTY BANK,54821.7
2026-09-04,ONGC,288.55
2026-09-04,TATAPOWER,394.8
2026-09-04,TATASTEEL,205.03
2026-09-04,TITAN,4425.9
2026-09-04,WIPRO,202.87
2026-10-02,BAJFINANCE,965.15
2026-10-02,JSWSTEEL,1247.0
2026-10-02,KOTAKBANK,428.45
2026-10-02,NIFTY 50,25916.8
2026-10-02,NIFTY BANK,60571.45
2026-10-02,ONGC,265.35
2026-10-02,TATAPOWER,369.3
2026-10-02,TATASTEEL,207.89
2026-10-02,TITAN,4293.8
2026-10-02,WIPRO,231.29
2026-10-03,BAJFINANCE,941.95
2026-10-03,JSWSTEEL,1219.6
2026-10-03,KOTAKBANK,391.25
2026-10-03,NIFTY 50,24286.15
2026-10-03,NIFTY BANK,57002.1
2026-10-03,ONGC,270.4
2026-10-03,TATAPOWER,380.8
2026-10-03,TATASTEEL,195.34
2026-10-03,TITAN,4230.0
2026-10-03,WIPRO,200.99
2026-11-02,BAJFINANCE,968.35
2026-11-02,JSWSTEEL,1248.9
2026-11-02,KOTAKBANK,429.4
2026-11-02,NIFTY 50,25945.35
2026-11-02,NIFTY BANK,60743.95
2026-11-02,ONGC,268.35
2026-11-02,TATAPOWER,376.55
2026-11-02,TATASTEEL,207.5
2026-11-02,TITAN,4238.0
2026-11-02,WIPRO,229.9
2026-11-03,BAJFINANCE,891.0
2026-11-03,JSWSTEEL,1171.0
2026-11-03,KOTAKBANK,380.8
2026-11-03,NIFTY 50,23848.2
2026-11-03,NIFTY BANK,55666.4
2026-11-03,ONGC,270.6
2026-11-03,TATAPOWER,384.65
2026-11-03,TATASTEEL,194.66
2026-11-03,TITAN,4141.7
2026-11-03,WIPRO,201.8
2026-12-01,BAJFINANCE,950.1
2026-12-01,JSWSTEEL,1184.1
2026-12-01,KOTAKBANK,426.8
2026-12-01,NIFTY 50,25806.1
2026-12-01,NIFTY BANK,59534.05
2026-12-01,ONGC,230.15
2026-12-01,TATAPOWER,370.0
2026-12-01,TATASTEEL,183.3
2026-12-01,TITAN,4228.6
2026-12-01,WIPRO,256.65
2026-12-02,BAJFINANCE,1001.0
2026-12-02,JSWSTEEL,1249.0
2026-12-02,KOTAKBANK,426.0
2026-12-02,NIFTY 50,25796.15
2026-12-02,NIFTY BANK,60707.8
2026-12-02,ONGC,269.65
2026-12-02,TATAPOWER,380.0
2026-12-02,TATASTEEL,207.98
2026-12-02,TITAN,4267.0
2026-12-02,WIPRO,218.8
2026-12-03,BAJFINANCE,862.95
2026-12-03,JSWSTEEL,1174.0
2026-12-03,KOTAKBANK,375.0
2026-12-03,NIFTY 50,23639.35
2026-12-03,NIFTY BANK,55133.6
2026-12-03,ONGC,270.6
2026-12-03,TATAPOWER,401.95
2026-12-03,TATASTEEL,193.33
2026-12-03,TITAN,4137.0
2026-12-03,WIPRO,202.15