timestamp,open,high,low,close,volume
2026-03-16 04:03:00,250.8,250.8,250.66,250.66,218
2026-03-16 04:07:00,250.93,250.94,250.93,250.94,205
2026-03-16 04:10:00,251.14,251.14,251.14,251.14,161
2026-03-16 04:11:00,251.19,251.19,251.19,251.19,107
2026-03-16 04:14:00,251,251,251,251,982
2026-03-16 04:15:00,250.9,250.9,250.9,250.9,300
2026-03-16 04:19:00,250.7,250.7,250.68,250.68,1323
2026-03-16 04:20:00,250.66,250.66,250.63,250.66,582
2026-03-16 04:21:00,250.68,250.68,250.68,250.68,200
2026-03-16 04:23:00,250.79,250.79,250.79,250.79,998
2026-03-16 04:26:00,250.66,250.66,250.66,250.66,154
2026-03-16 04:33:00,250.68,250.68,250.68,250.68,106
2026-03-16 04:35:00,250.6,250.6,250.58,250.58,244
2026-03-16 04:40:00,250.51,250.51,250.51,250.51,100
2026-03-16 04:42:00,250.7,250.7,250.7,250.7,100
2026-03-16 04:43:00,250.69,250.69,250.69,250.69,125
2026-03-16 04:44:00,250.7,250.7,250.7,250.7,200
2026-03-16 04:47:00,250.71,250.71,250.71,250.71,299
2026-03-16 04:48:00,250.7,250.7,250.7,250.7,100
2026-03-16 04:52:00,250.62,250.64,250.62,250.64,1233
2026-03-16 04:57:00,250.61,250.61,250.61,250.61,100
2026-03-16 05:04:00,250.55,250.55,250.55,250.55,552
2026-03-16 05:05:00,250.51,250.51,250.5,250.5,698
2026-03-16 05:12:00,250.55,250.55,250.53,250.53,200
2026-03-16 05:18:00,250.4,250.46,250.4,250.46,749
2026-03-16 05:20:00,250.5,250.5,250.5,250.5,575
2026-03-16 05:21:00,250.54,250.54,250.54,250.54,100
2026-03-16 05:23:00,250.58,250.58,250.58,250.58,100
2026-03-16 05:29:00,250.63,250.65,250.63,250.65,250
2026-03-16 05:47:00,250.45,250.45,250.45,250.45,125
2026-03-16 05:48:00,250.43,250.43,250.43,250.43,242
2026-03-16 05:58:00,250.38,250.38,250.38,250.38,200
2026-03-16 06:04:00,250.58,250.58,250.58,250.58,187
2026-03-16 06:10:00,250.84,250.95,250.84,250.95,300
2026-03-16 06:11:00,250.88,250.88,250.88,250.88,100
2026-03-16 06:14:00,250.93,250.93,250.93,250.93,154
2026-03-16 06:15:00,250.97,250.97,250.97,250.97,100
2026-03-16 06:20:00,250.89,250.89,250.89,250.89,274
2026-03-16 06:21:00,250.95,250.96,250.95,250.96,200
2026-03-16 06:22:00,251,251,251,251,100
2026-03-16 06:24:00,251.03,251.03,251.03,251.03,200
2026-03-16 06:26:00,251.2,251.2,251.2,251.2,102
2026-03-16 06:27:00,251.22,251.37,251.22,251.37,302
2026-03-16 06:28:00,251.29,251.29,251.29,251.29,100
2026-03-16 06:32:00,251.13,251.13,251.13,251.13,108
2026-03-16 06:42:00,251.37,251.39,251.37,251.39,318
2026-03-16 06:49:00,251.1,251.1,251.09,251.1,554
2026-03-16 06:53:00,251.2,251.42,251.13,251.42,1330
2026-03-16 06:55:00,251.29,251.6,251.29,251.6,1509
2026-03-16 06:56:00,251.64,251.79,251.63,251.72,1780
2026-03-16 06:57:00,251.43,251.43,251.41,251.41,576
2026-03-16 06:58:00,251.44,251.44,251.35,251.36,1150
2026-03-16 07:00:00,251.24,251.24,251.01,251.2,5040
2026-03-16 07:01:00,251.13,251.13,251.1,251.1,1712
2026-03-16 07:02:00,251.14,251.14,251.02,251.12,855
2026-03-16 07:03:00,251.1,251.1,251.1,251.1,300
2026-03-16 07:05:00,251.17,251.17,251.09,251.09,457
2026-03-16 07:06:00,251.02,251.02,250.95,251,1454
2026-03-16 07:10:00,251,251.01,250.9,251.01,1424
2026-03-16 07:11:00,250.97,250.97,250.97,250.97,500
2026-03-16 07:13:00,251.05,251.05,251.05,251.05,197
2026-03-16 07:16:00,250.95,250.95,250.95,250.95,208
2026-03-16 07:18:00,250.93,251.01,250.93,251.01,662
2026-03-16 07:19:00,251.08,251.08,251.05,251.05,1436
2026-03-16 07:20:00,251.06,251.06,250.97,250.97,560
2026-03-16 07:22:00,250.96,250.96,250.96,250.96,100
2026-03-16 07:23:00,250.88,250.88,250.88,250.88,100
2026-03-16 07:29:00,250.85,250.85,250.85,250.85,100
2026-03-16 07:30:00,250.85,250.85,250.85,250.85,111
2026-03-16 07:31:00,250.88,250.88,250.88,250.88,486
2026-03-16 07:34:00,251,251,251,251,600
2026-03-16 07:35:00,251.1,251.1,251.1,251.1,100
2026-03-16 07:36:00,251.12,251.15,251.12,251.15,378
2026-03-16 07:37:00,251.02,251.02,251,251.01,492
2026-03-16 07:39:00,251,251,251,251,300
2026-03-16 07:42:00,251.06,251.06,251.06,251.06,200
2026-03-16 07:43:00,251.13,251.13,251.13,251.13,621
2026-03-16 07:48:00,251.03,251.03,251,251,1131
2026-03-16 07:50:00,251,251,251,251,586
2026-03-16 07:51:00,250.98,250.98,250.98,250.98,100
2026-03-16 07:53:00,250.94,250.94,250.94,250.94,424
2026-03-16 07:54:00,250.93,250.93,250.9,250.9,1502
2026-03-16 07:56:00,250.98,250.98,250.98,250.98,307
2026-03-16 07:59:00,251,251,251,251,722
2026-03-16 08:00:00,250.5,251.44,250.25,251,34550
2026-03-16 08:01:00,251.13,251.18,250.95,251.15,1494
2026-03-16 08:02:00,250.6197,250.6197,250.6197,250.6197,100
2026-03-16 08:03:00,249.495,249.495,249.495,249.495,194
2026-03-16 08:04:00,251.1723,251.1723,251.17,251.17,200
2026-03-16 08:05:00,251.181,251.181,251.13,251.13,500
2026-03-16 08:06:00,251.19,251.19,251.11,251.11,494
2026-03-16 08:07:00,251.09,251.12,251.09,251.12,1808
2026-03-16 08:08:00,251.0346,251.0346,251.0346,251.0346,300
2026-03-16 08:10:00,251.14,251.14,251.14,251.14,818
2026-03-16 08:11:00,251.1007,251.19,251.1007,251.19,590
2026-03-16 08:12:00,251.2,251.28,251.1601,251.23,2391
2026-03-16 08:13:00,251.25,251.25,251.23,251.23,1154
2026-03-16 08:14:00,251.25,251.26,251.2,251.25,2177
2026-03-16 08:15:00,251.1,251.15,251.09,251.15,646
2026-03-16 08:16:00,251.14,251.14,251.11,251.11,223
2026-03-16 08:17:00,251.01,251.01,251.01,251.01,107
2026-03-16 08:18:00,251.13,251.13,251.13,251.13,150
2026-03-16 08:19:00,251.11,251.26,251.11,251.18,1051
2026-03-16 08:20:00,251.32,251.32,251.28,251.28,668
2026-03-16 08:21:00,251.23,251.23,251.2,251.2,2132
2026-03-16 08:22:00,251.21,251.28,251.2,251.28,756
2026-03-16 08:25:00,251.2001,251.2001,251.2001,251.2001,2955
2026-03-16 08:26:00,251.33,251.33,251.33,251.33,2279
2026-03-16 08:27:00,251.39,251.39,251.37,251.37,630
2026-03-16 08:28:00,251.39,251.39,251.39,251.39,1000
2026-03-16 08:29:00,251.39,251.4,251.37,251.4,1416
2026-03-16 08:30:00,251.5,251.58,251.5,251.58,1220
2026-03-16 08:31:00,251.65,251.664,251.4,251.4,7392
2026-03-16 08:32:00,251.58,251.58,251.409,251.58,1278
2026-03-16 08:33:00,251.58,251.58,251.4,251.55,1299
2026-03-16 08:34:00,251.562,251.562,251.562,251.562,250
2026-03-16 08:35:00,251.57,251.57,251.57,251.57,100
2026-03-16 08:36:00,251.47,251.47,251.46,251.46,1046
2026-03-16 08:37:00,251.49,251.49,251.49,251.49,100
2026-03-16 08:38:00,251.5,251.5,251.5,251.5,673
2026-03-16 08:39:00,251.5,251.57,251.45,251.57,2411
2026-03-16 08:40:00,251.58,251.67,251.5,251.5,1105
2026-03-16 08:41:00,251.59,251.82,251.59,251.82,3469
2026-03-16 08:42:00,251.8,251.85,251.8,251.8,6950
2026-03-16 08:43:00,251.83,251.85,251.8,251.84,2908
2026-03-16 08:44:00,251.88,251.882,251.8,251.8,2616
2026-03-16 08:45:00,251.86,251.95,251.86,251.95,961
2026-03-16 08:46:00,251.95,251.95,251.9,251.95,1672
2026-03-16 08:47:00,251.95,252,251.92,251.92,1196
2026-03-16 08:48:00,251.9,251.9,251.9,251.9,100
2026-03-16 08:49:00,251.9,251.9,251.83,251.89,1153
2026-03-16 08:50:00,251.83,251.83,251.8,251.8,3111
2026-03-16 08:52:00,251.8485,251.88,251.79,251.8755,1858
2026-03-16 08:53:00,251.8,251.81,251.8,251.8,2493
2026-03-16 08:54:00,251.71,251.72,251.66,251.66,410
2026-03-16 08:55:00,251.65,251.65,251.59,251.6,2232
2026-03-16 08:56:00,251.6,251.6,251.42,251.42,2189
2026-03-16 08:57:00,251.58,251.58,251.48,251.48,700
2026-03-16 08:58:00,251.44,251.44,251.44,251.44,237
2026-03-16 08:59:00,251.43,251.43,251.35,251.35,2700
2026-03-16 09:00:00,251.43,251.5524,251.43,251.5524,350
2026-03-16 09:01:00,251.5,251.65,251.37,251.5811,2375
2026-03-16 09:02:00,251.59,251.59,251.59,251.59,260
2026-03-16 09:03:00,251.5882,251.5882,251.52,251.52,550
2026-03-16 09:04:00,251.43,251.515,251.43,251.515,349
2026-03-16 09:05:00,251.57,251.57,251.5,251.5,955
2026-03-16 09:06:00,251.5818,251.5818,251.5818,251.5818,350
2026-03-16 09:07:00,251.56,251.59,251.56,251.59,1093
2026-03-16 09:08:00,251.54,251.54,251.54,251.54,183
2026-03-16 09:09:00,251.55,251.55,251.49,251.49,560
2026-03-16 09:10:00,251.5,251.5,251.5,251.5,100
2026-03-16 09:11:00,251.51,251.51,251.51,251.51,100
2026-03-16 09:12:00,251.7,251.7,251.7,251.7,100
2026-03-16 09:13:00,251.6354,251.6354,251.6354,251.6354,150
2026-03-16 09:14:00,251.7,251.7,251.48,251.48,567
2026-03-16 09:15:00,251.646,251.646,251.4001,251.45,3348
2026-03-16 09:16:00,251.55,251.55,251.55,251.55,150
2026-03-16 09:17:00,251.5114,251.58,251.5114,251.52,759
2026-03-16 09:18:00,251.51,251.51,251.48,251.48,683
2026-03-16 09:19:00,251.48,251.48,251.48,251.48,465
2026-03-16 09:20:00,251.4,251.405,251.37,251.37,716
2026-03-16 09:21:00,251.42,251.63,251.4,251.4,905
2026-03-16 09:22:00,251.57,251.62,251.56,251.62,1375
2026-03-16 09:23:00,251.5947,251.5947,251.59,251.59,336
2026-03-16 09:24:00,251.57,251.57,251.4,251.4,1772
2026-03-16 09:25:00,251.4,251.58,251.4,251.55,3026
2026-03-16 09:26:00,251.53,251.59,251.35,251.3826,1624
2026-03-16 09:27:00,251.4662,251.4948,251.04,251.16,5371
2026-03-16 09:28:00,251.49,251.9,251.49,251.86,11641
2026-03-16 09:29:00,251.84,252.1,251.84,252.1,18370
2026-03-16 09:30:00,252.1,252.105,249.88,250.803,831642
2026-03-16 09:31:00,250.825,252.2,250.825,252.08,132379
2026-03-16 09:32:00,252.04,252.17,251.6827,251.98,93353
2026-03-16 09:33:00,251.98,251.99,251.28,251.5695,67992
2026-03-16 09:34:00,251.53,251.72,251.32,251.52,55113
2026-03-16 09:35:00,251.4901,251.93,251.38,251.81,119243
2026-03-16 09:36:00,251.78,251.94,251.7003,251.785,89147
2026-03-16 09:37:00,251.795,252.32,251.77,252.265,89513
2026-03-16 09:38:00,252.2885,252.2885,251.73,251.799,112619
2026-03-16 09:39:00,251.775,252.005,251.775,252,45412
2026-03-16 09:40:00,251.96,252.22,251.73,252.15,71761
2026-03-16 09:41:00,252.14,252.3,252.12,252.19,40047
2026-03-16 09:42:00,252.1775,252.25,251.89,251.95,86709
2026-03-16 09:43:00,251.95,251.95,251.7523,251.795,34096
2026-03-16 09:44:00,251.81,251.87,251.403,251.59,51521
2026-03-16 09:45:00,251.59,252.14,251.59,252.1,64090
2026-03-16 09:46:00,252.08,252.4,251.96,252.325,110230
2026-03-16 09:47:00,252.34,252.58,252.27,252.365,80523
2026-03-16 09:48:00,252.335,252.52,252.21,252.37,81313
2026-03-16 09:49:00,252.38,252.45,251.98,252.38,167990
2026-03-16 09:50:00,252.39,252.4701,252.13,252.155,47663
2026-03-16 09:51:00,252.1999,252.44,252.16,252.24,38302
2026-03-16 09:52:00,252.24,252.345,252.02,252.095,57587
2026-03-16 09:53:00,252.08,252.34,252.02,252.29,36885
2026-03-16 09:54:00,252.27,252.785,252.2,252.78,74729
2026-03-16 09:55:00,252.78,252.92,252.72,252.86,61977
2026-03-16 09:56:00,252.88,253.08,252.81,253.05,119828
2026-03-16 09:57:00,253.04,253.17,252.79,252.905,99461
2026-03-16 09:58:00,252.93,253.12,252.9001,253.1,55112
2026-03-16 09:59:00,253.13,253.21,252.93,253.08,79036
2026-03-16 10:00:00,253.09,253.1,252.61,252.72,87648
2026-03-16 10:01:00,252.735,252.8499,252.59,252.71,64930
2026-03-16 10:02:00,252.7106,252.85,252.55,252.7,237410
2026-03-16 10:03:00,252.69,252.8,252.61,252.625,56842
2026-03-16 10:04:00,252.63,252.76,252.59,252.6765,24887
2026-03-16 10:05:00,252.68,252.805,252.64,252.715,55515
2026-03-16 10:06:00,252.7,252.73,252.58,252.73,47328
2026-03-16 10:07:00,252.74,252.75,252.57,252.725,36669
2026-03-16 10:08:00,252.7399,253.025,252.655,253.025,80795
2026-03-16 10:09:00,253.04,253.13,252.83,252.875,41429
2026-03-16 10:10:00,252.9,253.1,252.85,253.04,36966
2026-03-16 10:11:00,253.025,253.13,252.895,252.91,38342
2026-03-16 10:12:00,252.88,252.905,252.47,252.655,47986
2026-03-16 10:13:00,252.6536,252.79,252.61,252.67,61750
2026-03-16 10:14:00,252.646,252.79,252.61,252.71,21034
2026-03-16 10:15:00,252.71,252.845,252.675,252.76,31959
2026-03-16 10:16:00,252.76,252.94,252.75,252.855,26002
2026-03-16 10:17:00,252.84,252.92,252.61,252.92,23358
2026-03-16 10:18:00,252.9,253.09,252.84,253.08,67872
2026-03-16 10:19:00,253.075,253.075,252.8,252.86,32746
2026-03-16 10:20:00,252.88,253,252.8,252.83,47080
2026-03-16 10:21:00,252.8,253.11,252.77,253.045,34266
2026-03-16 10:22:00,253.045,253.11,253.01,253.07,23388
2026-03-16 10:23:00,253.06,253.2,253.01,253.18,43756
2026-03-16 10:24:00,253.175,253.2,253.07,253.17,15385
2026-03-16 10:25:00,253.15,253.38,253.0901,253.35,57307
2026-03-16 10:26:00,253.365,253.58,253.365,253.51,68365
2026-03-16 10:27:00,253.49,253.59,253.366,253.5,42642
2026-03-16 10:28:00,253.49,253.57,253.41,253.46,50528
2026-03-16 10:29:00,253.44,253.48,253.22,253.22,67943
2026-03-16 10:30:00,253.22,253.254,253.01,253.0123,71083
2026-03-16 10:31:00,253.03,253.13,253,253.07,58260
2026-03-16 10:32:00,253.07,253.33,253.07,253.24,35291
2026-03-16 10:33:00,253.24,253.41,253.1801,253.19,34515
2026-03-16 10:34:00,253.235,253.34,253.16,253.31,47983
2026-03-16 10:35:00,253.33,253.7,253.3,253.6599,62308
2026-03-16 10:36:00,253.64,253.8,253.57,253.67,63488
2026-03-16 10:37:00,253.635,253.68,253.45,253.605,48550
2026-03-16 10:38:00,253.62,253.72,253.32,253.37,44447
2026-03-16 10:39:00,253.36,253.55,253.2,253.225,217548
2026-03-16 10:40:00,253.2257,253.59,253.1816,253.36,53892
2026-03-16 10:41:00,253.34,253.6,253.34,253.47,66208
2026-03-16 10:42:00,253.47,253.5,253.2,253.25,43776
2026-03-16 10:43:00,253.26,253.5,253.2,253.44,46034
2026-03-16 10:44:00,253.435,253.5,253.13,253.13,54851
2026-03-16 10:45:00,253.12,253.41,253.07,253.28,39959
2026-03-16 10:46:00,253.3,253.49,253.29,253.49,35905
2026-03-16 10:47:00,253.48,253.48,253.16,253.17,38631
2026-03-16 10:48:00,253.18,253.44,253.18,253.375,53049
2026-03-16 10:49:00,253.38,253.43,253.26,253.26,39602
2026-03-16 10:50:00,253.275,253.34,253.08,253.3,46149
2026-03-16 10:51:00,253.29,253.585,253.13,253.58,62642
2026-03-16 10:52:00,253.57,253.59,253.43,253.5701,29439
2026-03-16 10:53:00,253.59,253.6,253.43,253.46,40363
2026-03-16 10:54:00,253.45,253.46,253.21,253.3925,43981
2026-03-16 10:55:00,253.35,253.35,253.26,253.34,23085
2026-03-16 10:56:00,253.34,253.45,253.315,253.375,31912
2026-03-16 10:57:00,253.37,253.42,253.28,253.335,21173
2026-03-16 10:58:00,253.33,253.5,253.27,253.3,61126
2026-03-16 10:59:00,253.27,253.751,253.27,253.63,94079
2026-03-16 11:00:00,253.62,253.88,253.56,253.88,86436
2026-03-16 11:01:00,253.885,253.885,253.675,253.715,43572
2026-03-16 11:02:00,253.7,253.71,253.5659,253.59,31050
2026-03-16 11:03:00,253.63,253.635,253.43,253.43,21439
2026-03-16 11:04:00,253.45,253.66,253.45,253.6,38615
2026-03-16 11:05:00,253.59,253.61,253.515,253.59,32261
2026-03-16 11:06:00,253.585,253.59,253.46,253.59,28734
2026-03-16 11:07:00,253.57,253.59,253.42,253.44,21477
2026-03-16 11:08:00,253.46,253.51,253.3701,253.47,30556
2026-03-16 11:09:00,253.5,253.8,253.49,253.76,69541
2026-03-16 11:10:00,253.76,253.76,253.47,253.5705,41627
2026-03-16 11:11:00,253.57,253.62,253.41,253.48,50665
2026-03-16 11:12:00,253.49,253.52,253.34,253.43,39559
2026-03-16 11:13:00,253.43,253.72,253.35,253.68,78233
2026-03-16 11:14:00,253.68,253.82,253.67,253.7,46793
2026-03-16 11:15:00,253.7,253.7,253.52,253.65,34891
2026-03-16 11:16:00,253.63,253.63,253.345,253.5,173781
2026-03-16 11:17:00,253.51,253.585,253.37,253.4672,33032
2026-03-16 11:18:00,253.46,253.545,253.415,253.49,52449
2026-03-16 11:19:00,253.49,253.5,253.41,253.45,34830
2026-03-16 11:20:00,253.44,253.45,253.3,253.34,40800
2026-03-16 11:21:00,253.32,253.33,253.18,253.27,37157
2026-03-16 11:22:00,253.26,253.46,253.245,253.46,26090
2026-03-16 11:23:00,253.453,253.52,253.3601,253.5,35937
2026-03-16 11:24:00,253.5,253.6018,253.47,253.59,31816
2026-03-16 11:25:00,253.59,253.63,253.47,253.55,63467
2026-03-16 11:26:00,253.57,253.74,253.52,253.63,40584
2026-03-16 11:27:00,253.64,253.65,253.42,253.44,26656
2026-03-16 11:28:00,253.44,253.495,253.18,253.205,41269
2026-03-16 11:29:00,253.23,253.24,252.92,253.015,50629
2026-03-16 11:30:00,253.01,253.2396,252.985,253.21,30393
2026-03-16 11:31:00,253.19,253.295,253.05,253.28,38914
2026-03-16 11:32:00,253.28,253.39,253.2,253.29,23436
2026-03-16 11:33:00,253.29,253.38,253.24,253.35,17541
2026-03-16 11:34:00,253.36,253.48,253.29,253.34,33013
2026-03-16 11:35:00,253.34,253.42,253.34,253.39,16178
2026-03-16 11:36:00,253.38,253.39,253.27,253.33,12719
2026-03-16 11:37:00,253.34,253.43,253.26,253.28,14105
2026-03-16 11:38:00,253.29,253.305,253.17,253.22,21465
2026-03-16 11:39:00,253.21,253.221,253.12,253.135,19810
2026-03-16 11:40:00,253.1106,253.3199,253.1106,253.24,13729
2026-03-16 11:41:00,253.275,253.35,253.19,253.24,28006
2026-03-16 11:42:00,253.23,253.34,253.14,253.1409,22613
2026-03-16 11:43:00,253.14,253.29,253.11,253.29,15646
2026-03-16 11:44:00,253.28,253.36,253.19,253.205,15648
2026-03-16 11:45:00,253.19,253.3,253.17,253.3,19681
2026-03-16 11:46:00,253.3008,253.3399,253.2405,253.32,20711
2026-03-16 11:47:00,253.31,253.4,253.295,253.375,31311
2026-03-16 11:48:00,253.38,253.54,253.363,253.51,41249
2026-03-16 11:49:00,253.515,253.53,253.42,253.515,23615
2026-03-16 11:50:00,253.5,253.52,253.2,253.23,31598
2026-03-16 11:51:00,253.21,253.45,253.19,253.29,30720
2026-03-16 11:52:00,253.31,253.36,253.24,253.265,27985
2026-03-16 11:53:00,253.255,253.26,253.15,253.23,20931
2026-03-16 11:54:00,253.222,253.35,253.17,253.29,16855
2026-03-16 11:55:00,253.27,253.3,253.15,253.18,23596
2026-03-16 11:56:00,253.22,253.383,253.2,253.29,22093
2026-03-16 11:57:00,253.29,253.29,253,253.08,46433
2026-03-16 11:58:00,253.075,253.15,252.925,253.135,52598
2026-03-16 11:59:00,253.095,253.18,252.945,252.955,23121
2026-03-16 12:00:00,252.9525,253.18,252.92,253.1026,17712
2026-03-16 12:01:00,253.1001,253.215,252.9901,253.12,22913
2026-03-16 12:02:00,253.13,253.22,253.09,253.09,13258
2026-03-16 12:03:00,253.09,253.2275,253,253.215,33341
2026-03-16 12:04:00,253.21,253.26,252.95,252.975,31067
2026-03-16 12:05:00,252.96,253.01,252.9015,252.92,25492
2026-03-16 12:06:00,252.96,253.23,252.94,253.16,23548
2026-03-16 12:07:00,253.15,253.24,253.06,253.24,24694
2026-03-16 12:08:00,253.23,253.29,253.1,253.12,33000
2026-03-16 12:09:00,253.115,253.13,252.8,252.9,39298
2026-03-16 12:10:00,252.87,253,252.82,252.94,188800
2026-03-16 12:11:00,252.95,253.1,252.87,253.01,45701
2026-03-16 12:12:00,253.02,253.04,252.88,252.96,14477
2026-03-16 12:13:00,252.965,253.1,252.965,252.97,44767
2026-03-16 12:14:00,252.99,253.055,252.95,253.055,12764
2026-03-16 12:15:00,253.045,253.17,252.94,253.1,34172
2026-03-16 12:16:00,253.09,253.16,252.97,252.97,21642
2026-03-16 12:17:00,253.05,253.17,253.01,253.16,19081
2026-03-16 12:18:00,253.16,253.21,252.99,253.1896,17708
2026-03-16 12:19:00,253.19,253.2,252.98,252.985,14166
2026-03-16 12:20:00,252.99,253.03,252.84,252.87,26735
2026-03-16 12:21:00,252.88,252.9,252.63,252.63,51576
2026-03-16 12:22:00,252.64,252.74,252.52,252.6,32137
2026-03-16 12:23:00,252.61,252.83,252.61,252.725,24483
2026-03-16 12:24:00,252.71,252.775,252.63,252.65,44986
2026-03-16 12:25:00,252.66,252.71,252.5552,252.6,39712
2026-03-16 12:26:00,252.6,252.65,252.54,252.625,23652
2026-03-16 12:27:00,252.64,252.75,252.5101,252.5101,46458
2026-03-16 12:28:00,252.527,252.59,252.31,252.3151,33481
2026-03-16 12:29:00,252.3,252.41,252.2001,252.365,43337
2026-03-16 12:30:00,252.35,252.45,252.29,252.405,17190
2026-03-16 12:31:00,252.4,252.5,252.33,252.465,37592
2026-03-16 12:32:00,252.46,252.5,252.36,252.3705,20036
2026-03-16 12:33:00,252.4,252.47,252.37,252.42,13168
2026-03-16 12:34:00,252.4,252.4,252.22,252.278,17419
2026-03-16 12:35:00,252.31,252.345,252.2,252.29,27055
2026-03-16 12:36:00,252.32,252.46,252.3,252.3301,24371
2026-03-16 12:37:00,252.365,252.459,252.315,252.4,20572
2026-03-16 12:38:00,252.4012,252.56,252.4012,252.56,18923
2026-03-16 12:39:00,252.57,252.6,252.5,252.51,11644
2026-03-16 12:40:00,252.515,252.545,252.38,252.535,12287
2026-03-16 12:41:00,252.53,252.7,252.53,252.685,14100
2026-03-16 12:42:00,252.67,252.75,252.6401,252.73,20332
2026-03-16 12:43:00,252.71,252.88,252.66,252.73,66247
2026-03-16 12:44:00,252.71,252.745,252.64,252.71,27661
2026-03-16 12:45:00,252.7,252.7,252.5701,252.64,17587
2026-03-16 12:46:00,252.71,252.83,252.63,252.8109,18341
2026-03-16 12:47:00,252.841,252.841,252.605,252.665,28878
2026-03-16 12:48:00,252.675,252.75,252.635,252.72,27512
2026-03-16 12:49:00,252.72,252.85,252.7,252.71,35947
2026-03-16 12:50:00,252.69,252.765,252.591,252.76,17429
2026-03-16 12:51:00,252.75,252.75,252.62,252.68,15725
2026-03-16 12:52:00,252.71,252.71,252.58,252.61,15191
2026-03-16 12:53:00,252.63,252.82,252.6001,252.7005,42413
2026-03-16 12:54:00,252.7,252.7,252.55,252.58,21880
2026-03-16 12:55:00,252.6199,252.65,252.5612,252.57,14927
2026-03-16 12:56:00,252.56,252.62,252.51,252.51,23389
2026-03-16 12:57:00,252.5,252.65,252.48,252.525,17322
2026-03-16 12:58:00,252.53,252.61,252.53,252.5901,14497
2026-03-16 12:59:00,252.59,252.62,252.535,252.57,18010
2026-03-16 13:00:00,252.58,252.91,252.52,252.9,61393
2026-03-16 13:01:00,252.905,252.94,252.6,252.72,47931
2026-03-16 13:02:00,252.74,252.8,252.66,252.745,41755
2026-03-16 13:03:00,252.733,252.77,252.685,252.71,21057
2026-03-16 13:04:00,252.73,252.74,252.59,252.605,23087
2026-03-16 13:05:00,252.61,252.76,252.571,252.71,29113
2026-03-16 13:06:00,252.71,252.83,252.71,252.83,30340
2026-03-16 13:07:00,252.815,252.885,252.71,252.75,18418
2026-03-16 13:08:00,252.74,252.85,252.72,252.82,27664
2026-03-16 13:09:00,252.825,252.85,252.74,252.742,12359
2026-03-16 13:10:00,252.75,253.045,252.75,252.99,28541
2026-03-16 13:11:00,252.995,253.18,252.91,253.133,25167
2026-03-16 13:12:00,253.1,253.2899,253.05,253.25,17079
2026-03-16 13:13:00,253.24,253.33,253.2,253.28,18762
2026-03-16 13:14:00,253.28,253.29,253.15,253.175,21104
2026-03-16 13:15:00,253.175,253.2,253.06,253.12,17321
2026-03-16 13:16:00,253.1,253.15,253.05,253.06,22463
2026-03-16 13:17:00,253.08,253.11,253.05,253.095,10731
2026-03-16 13:18:00,253.12,253.1799,253.055,253.15,14659
2026-03-16 13:19:00,253.14,253.14,253.06,253.09,11571
2026-03-16 13:20:00,253.095,253.19,253.04,253.15,21114
2026-03-16 13:21:00,253.14,253.14,252.979,253.0128,20885
2026-03-16 13:22:00,253.02,253.03,252.8204,252.88,149999
2026-03-16 13:23:00,252.89,252.99,252.82,252.945,27964
2026-03-16 13:24:00,252.96,252.96,252.88,252.92,16701
2026-03-16 13:25:00,252.93,252.98,252.89,252.98,13990
2026-03-16 13:26:00,252.99,253.12,252.91,253.08,26321
2026-03-16 13:27:00,253.0899,253.13,252.99,253.0469,12904
2026-03-16 13:28:00,253.04,253.08,252.98,253,10780
2026-03-16 13:29:00,252.98,253.02,252.9,252.93,19319
2026-03-16 13:30:00,252.94,253.04,252.915,253.03,15207
2026-03-16 13:31:00,253.02,253.06,252.965,253.01,18492
2026-03-16 13:32:00,253.02,253.02,252.85,252.89,12523
2026-03-16 13:33:00,252.885,252.89,252.71,252.748,18454
2026-03-16 13:34:00,252.77,252.81,252.68,252.7801,16533
2026-03-16 13:35:00,252.78,252.834,252.68,252.705,17510
2026-03-16 13:36:00,252.7,252.76,252.6901,252.71,21037
2026-03-16 13:37:00,252.69,252.73,252.59,252.66,10086
2026-03-16 13:38:00,252.66,252.665,252.56,252.59,21893
2026-03-16 13:39:00,252.6,252.65,252.52,252.555,27958
2026-03-16 13:40:00,252.54,252.66,252.54,252.605,19397
2026-03-16 13:41:00,252.5901,252.635,252.53,252.545,15662
2026-03-16 13:42:00,252.54,252.56,252.49,252.49,16118
2026-03-16 13:43:00,252.47,252.52,252.41,252.415,12044
2026-03-16 13:44:00,252.4001,252.44,252.36,252.3901,13593
2026-03-16 13:45:00,252.4,252.6218,252.4,252.6,24532
2026-03-16 13:46:00,252.6,252.72,252.6,252.63,18151
2026-03-16 13:47:00,252.64,252.66,252.55,252.57,13053
2026-03-16 13:48:00,252.5801,252.59,252.3302,252.3758,16437
2026-03-16 13:49:00,252.38,252.4199,252.34,252.34,19088
2026-03-16 13:50:00,252.34,252.342,252.28,252.29,18586
2026-03-16 13:51:00,252.303,252.48,252.3,252.44,23496
2026-03-16 13:52:00,252.44,252.5,252.39,252.46,14860
2026-03-16 13:53:00,252.44,252.5599,252.41,252.5,15603
2026-03-16 13:54:00,252.5,252.5299,252.37,252.395,12987
2026-03-16 13:55:00,252.36,252.45,252.3209,252.425,25907
2026-03-16 13:56:00,252.41,252.42,252.365,252.365,9258
2026-03-16 13:57:00,252.37,252.41,252.35,252.4,14288
2026-03-16 13:58:00,252.4,252.44,252.31,252.43,17723
2026-03-16 13:59:00,252.41,252.41,252.16,252.2,31001
2026-03-16 14:00:00,252.21,252.2454,252.16,252.17,20578
2026-03-16 14:01:00,252.18,252.26,252.18,252.24,19852
2026-03-16 14:02:00,252.24,252.3,252.22,252.3,22718
2026-03-16 14:03:00,252.3,252.3,252.24,252.275,15078
2026-03-16 14:04:00,252.28,252.44,252.25,252.44,39120
2026-03-16 14:05:00,252.4301,252.51,252.43,252.4815,28917
2026-03-16 14:06:00,252.4806,252.51,252.32,252.43,46266
2026-03-16 14:07:00,252.41,252.44,252.33,252.42,60494
2026-03-16 14:08:00,252.41,252.41,252.32,252.37,13860
2026-03-16 14:09:00,252.36,252.41,252.32,252.41,24807
2026-03-16 14:10:00,252.42,252.46,252.38,252.38,12723
2026-03-16 14:11:00,252.38,252.38,252.29,252.31,24880
2026-03-16 14:12:00,252.33,252.36,252.21,252.24,25661
2026-03-16 14:13:00,252.24,252.24,252.18,252.23,15115
2026-03-16 14:14:00,252.23,252.24,252.17,252.22,24216
2026-03-16 14:15:00,252.24,252.3052,252.18,252.26,25616
2026-03-16 14:16:00,252.29,252.43,252.29,252.4202,27076
2026-03-16 14:17:00,252.42,252.43,252.36,252.41,41023
2026-03-16 14:18:00,252.41,252.42,252.35,252.4,25091
2026-03-16 14:19:00,252.38,252.42,252.19,252.22,34023
2026-03-16 14:20:00,252.23,252.3,252.16,252.28,25061
2026-03-16 14:21:00,252.27,252.34,252.2,252.22,23907
2026-03-16 14:22:00,252.21,252.28,252.16,252.19,23408
2026-03-16 14:23:00,252.19,252.23,252.165,252.195,24844
2026-03-16 14:24:00,252.2,252.2258,252.16,252.16,14736
2026-03-16 14:25:00,252.17,252.26,252.13,252.26,61428
2026-03-16 14:26:00,252.27,252.5716,252.26,252.54,61363
2026-03-16 14:27:00,252.53,252.658,252.53,252.65,28142
2026-03-16 14:28:00,252.64,252.73,252.5,252.705,64718
2026-03-16 14:29:00,252.72,252.92,252.72,252.92,31789
2026-03-16 14:30:00,252.922,252.97,252.82,252.92,30627
2026-03-16 14:31:00,252.9042,252.9399,252.86,252.92,20613
2026-03-16 14:32:00,252.915,252.94,252.82,252.91,20055
2026-03-16 14:33:00,252.92,253.02,252.9091,253.0109,19712
2026-03-16 14:34:00,253.03,253.07,253.01,253.06,26378
2026-03-16 14:35:00,253.0699,253.1,252.99,252.99,35178
2026-03-16 14:36:00,253,253.0599,253,253.043,15568
2026-03-16 14:37:00,253.0491,253.07,253.01,253.0609,22825
2026-03-16 14:38:00,253.0797,253.132,253.05,253.112,21733
2026-03-16 14:39:00,253.115,253.115,253.01,253.09,21224
2026-03-16 14:40:00,253.09,253.11,252.97,252.97,28360
2026-03-16 14:41:00,252.98,253.06,252.97,253.04,22375
2026-03-16 14:42:00,253.04,253.11,253.01,253.0303,19528
2026-03-16 14:43:00,253.06,253.06,252.93,252.99,27696
2026-03-16 14:44:00,252.98,253.01,252.95,252.97,17501
2026-03-16 14:45:00,252.98,253.0016,252.935,252.95,20340
2026-03-16 14:46:00,252.94,252.975,252.89,252.9,18373
2026-03-16 14:47:00,252.8802,252.894,252.845,252.8796,24951
2026-03-16 14:48:00,252.885,252.96,252.88,252.93,15294
2026-03-16 14:49:00,252.93,252.95,252.83,252.83,18030
2026-03-16 14:50:00,252.81,252.81,252.69,252.76,11419
2026-03-16 14:51:00,252.78,252.82,252.72,252.74,25234
2026-03-16 14:52:00,252.73,252.79,252.72,252.74,12389
2026-03-16 14:53:00,252.75,252.753,252.66,252.67,22633
2026-03-16 14:54:00,252.67,252.73,252.66,252.67,6276
2026-03-16 14:55:00,252.68,252.73,252.67,252.67,20474
2026-03-16 14:56:00,252.68,252.7,252.61,252.63,27435
2026-03-16 14:57:00,252.64,252.7999,252.6305,252.755,34739
2026-03-16 14:58:00,252.7616,252.79,252.7,252.74,17988
2026-03-16 14:59:00,252.745,252.76,252.69,252.74,13379
2026-03-16 15:00:00,252.74,252.82,252.71,252.76,18724
2026-03-16 15:01:00,252.75,252.75,252.64,252.66,22864
2026-03-16 15:02:00,252.66,252.7,252.6101,252.68,8594
2026-03-16 15:03:00,252.695,252.71,252.52,252.542,11469
2026-03-16 15:04:00,252.56,252.705,252.54,252.7,28621
2026-03-16 15:05:00,252.7,252.73,252.555,252.59,22366
2026-03-16 15:06:00,252.59,252.71,252.59,252.64,18504
2026-03-16 15:07:00,252.63,253.16,252.63,253,105891
2026-03-16 15:08:00,253,253.04,252.885,252.9,30515
2026-03-16 15:09:00,252.905,253.2,252.78,253.185,119446
2026-03-16 15:10:00,253.19,253.44,253.05,253.07,73827
2026-03-16 15:11:00,253.08,253.12,252.93,253.05,43323
2026-03-16 15:12:00,253.015,253.06,252.91,252.95,18332
2026-03-16 15:13:00,252.955,252.9568,252.57,252.58,39181
2026-03-16 15:14:00,252.57,252.72,252.57,252.665,56900
2026-03-16 15:15:00,252.68,252.86,252.63,252.82,40742
2026-03-16 15:16:00,252.8117,252.9,252.78,252.78,35372
2026-03-16 15:17:00,252.79,252.8299,252.725,252.8,25832
2026-03-16 15:18:00,252.8,252.8299,252.67,252.712,21091
2026-03-16 15:19:00,252.7,252.72,252.59,252.59,23830
2026-03-16 15:20:00,252.61,252.62,252.27,252.44,45796
2026-03-16 15:21:00,252.4584,252.6,252.41,252.5313,32019
2026-03-16 15:22:00,252.53,252.58,252.46,252.537,27449
2026-03-16 15:23:00,252.54,252.62,252.46,252.48,38242
2026-03-16 15:24:00,252.48,252.5,252.35,252.37,42280
2026-03-16 15:25:00,252.38,252.4291,252.29,252.34,35186
2026-03-16 15:26:00,252.34,252.54,252.34,252.51,39023
2026-03-16 15:27:00,252.5019,252.55,252.495,252.51,36965
2026-03-16 15:28:00,252.51,252.61,252.5,252.6,37326
2026-03-16 15:29:00,252.605,252.98,252.575,252.862,80073
2026-03-16 15:30:00,252.84,252.98,252.77,252.82,59057
2026-03-16 15:31:00,252.81,253.06,252.8005,253.0099,72583
2026-03-16 15:32:00,253.01,253.01,252.74,252.7601,27797
2026-03-16 15:33:00,252.76,252.79,252.6815,252.72,25444
2026-03-16 15:34:00,252.75,252.76,252.58,252.62,26364
2026-03-16 15:35:00,252.63,252.66,252.53,252.59,21069
2026-03-16 15:36:00,252.6125,252.6125,252.51,252.58,28295
2026-03-16 15:37:00,252.59,252.64,252.5,252.5,35445
2026-03-16 15:38:00,252.49,252.51,252.47,252.5,37267
2026-03-16 15:39:00,252.5,252.502,252.39,252.42,21736
2026-03-16 15:40:00,252.4,252.418,252.35,252.38,32308
2026-03-16 15:41:00,252.36,252.4299,252.2615,252.27,29699
2026-03-16 15:42:00,252.28,252.293,252.18,252.26,46225
2026-03-16 15:43:00,252.25,252.344,252.22,252.3,26701
2026-03-16 15:44:00,252.31,252.39,252.28,252.375,101599
2026-03-16 15:45:00,252.37,252.58,252.3607,252.48,59057
2026-03-16 15:46:00,252.46,252.52,252.408,252.41,26215
2026-03-16 15:47:00,252.4024,252.425,252.335,252.41,32627
2026-03-16 15:48:00,252.405,252.53,252.4,252.45,35480
2026-03-16 15:49:00,252.46,252.58,252.43,252.52,63658
2026-03-16 15:50:00,252.53,252.68,252.52,252.62,72647
2026-03-16 15:51:00,252.62,252.79,252.59,252.72,84712
2026-03-16 15:52:00,252.71,252.73,252.11,252.49,122782
2026-03-16 15:53:00,252.5,252.63,252.46,252.51,78732
2026-03-16 15:54:00,252.52,252.55,252.25,252.45,115749
2026-03-16 15:55:00,252.46,252.7199,252.44,252.62,136079
2026-03-16 15:56:00,252.62,252.72,252.59,252.68,82235
2026-03-16 15:57:00,252.6885,252.85,252.66,252.77,170789
2026-03-16 15:58:00,252.77,252.87,252.72,252.82,183442
2026-03-16 15:59:00,252.815,252.97,252.78,252.78,521158
2026-03-16 16:00:00,252.8,252.8409,252.8,252.82,5697276
2026-03-16 16:01:00,252.82,252.83,252.78,252.78,921
2026-03-16 16:02:00,252.65,252.8184,252.65,252.8184,342
2026-03-16 16:03:00,252.75,252.91,252.75,252.91,842
2026-03-16 16:04:00,252.82,252.82,252.8044,252.8044,1400
2026-03-16 16:05:00,252.82,252.95,252.82,252.95,1382
2026-03-16 16:07:00,252.9,252.9,252.9,252.9,100
2026-03-16 16:09:00,252.82,252.83,252.82,252.83,85925
2026-03-16 16:10:00,252.9794,252.9794,252.9794,252.9794,300
2026-03-16 16:11:00,252.8481,252.8481,252.8481,252.8481,115
2026-03-16 16:12:00,252.8217,252.8408,252.8217,252.8408,347
2026-03-16 16:15:00,252.88,252.88,252.83,252.83,494
2026-03-16 16:16:00,252.8312,252.8312,252.8312,252.8312,134
2026-03-16 16:17:00,252.9,252.9,252.9,252.9,174
2026-03-16 16:19:00,252.83,252.84,252.82,252.82,1324
2026-03-16 16:20:00,252.82,252.82,252.82,252.82,938
2026-03-16 16:21:00,252.82,252.82,252.74,252.74,1648
2026-03-16 16:22:00,252.5951,252.5951,252.5951,252.5951,100
2026-03-16 16:23:00,252.71,252.71,252.71,252.71,100
2026-03-16 16:24:00,252.81,252.81,252.81,252.81,339
2026-03-16 16:26:00,252.8044,252.8044,252.7,252.7,925
2026-03-16 16:27:00,252.71,252.71,252.71,252.71,250
2026-03-16 16:29:00,252.7,252.7,252.7,252.7,1420
2026-03-16 16:32:00,252.59,252.6,252.59,252.6,1886
2026-03-16 16:33:00,252.56,252.56,252.52,252.52,689
2026-03-16 16:34:00,252.7308,252.7308,252.7308,252.7308,204
2026-03-16 16:35:00,252.5076,252.82,252.5076,252.82,40430
2026-03-16 16:36:00,252.5335,252.5335,252.5335,252.5335,280
2026-03-16 16:38:00,252.5351,252.7,252.5351,252.7,404
2026-03-16 16:40:00,252.59,252.59,252.5,252.5,1162
2026-03-16 16:41:00,252.5,252.62,252.5,252.62,1768
2026-03-16 16:45:00,252.65,252.65,252.65,252.65,779
2026-03-16 16:46:00,252.69,252.74,252.69,252.74,400
2026-03-16 16:50:00,252.65,252.65,252.65,252.65,120
2026-03-16 16:55:00,252.6509,252.6509,252.6509,252.6509,239
2026-03-16 16:59:00,252.65,252.65,252.65,252.65,400
2026-03-16 17:07:00,252.65,252.65,252.65,252.65,796
2026-03-16 17:11:00,252.65,252.65,252.65,252.65,100
2026-03-16 17:12:00,252.65,252.65,252.65,252.65,1519
2026-03-16 17:20:00,252.65,252.65,252.65,252.65,100
2026-03-16 17:23:00,252.7492,252.7492,252.7492,252.7492,200
2026-03-16 17:29:00,252.7,252.7,252.7,252.7,148
2026-03-16 17:32:00,252.7,252.7,252.7,252.7,130
2026-03-16 17:37:00,252.65,252.65,252.65,252.65,645
2026-03-16 17:39:00,252.65,252.65,252.65,252.65,186
2026-03-16 17:40:00,252.65,252.65,252.6412,252.6412,990
2026-03-16 17:45:00,252.6,252.6,252.6,252.6,110
2026-03-16 17:49:00,252.62,252.62,252.6,252.6,580
2026-03-16 17:50:00,252.64,252.64,252.64,252.64,100
2026-03-16 17:52:00,252.65,252.65,252.65,252.65,100
2026-03-16 17:57:00,252.64,252.64,252.64,252.64,179
2026-03-16 18:00:00,252.6,252.6,252.6,252.6,752
2026-03-16 18:01:00,252.5,252.5,252.5,252.5,1068
2026-03-16 18:07:00,252.48,252.48,252.48,252.48,194
2026-03-16 18:08:00,252.48,252.48,252.48,252.48,100
2026-03-16 18:13:00,252.48,252.48,252.48,252.48,100
2026-03-16 18:17:00,252.43,252.43,252.43,252.43,100
2026-03-16 18:32:00,252.68,252.68,252.68,252.68,100
2026-03-16 18:35:00,252.55,252.55,252.55,252.55,134
2026-03-16 18:38:00,252.48,252.48,252.48,252.48,286
2026-03-16 18:40:00,252.55,252.55,252.55,252.55,100
2026-03-16 18:42:00,252.55,252.55,252.55,252.55,100
2026-03-16 18:50:00,252.48,252.48,252.48,252.48,354
2026-03-16 18:52:00,252.45,252.45,252.45,252.45,100
2026-03-16 18:56:00,252.5,252.5,252.5,252.5,172
2026-03-16 18:58:00,252.5,252.5,252.5,252.5,150
2026-03-16 18:59:00,252.47,252.47,252.33,252.33,311
2026-03-16 19:00:00,252.32,252.32,252.31,252.31,500
2026-03-16 19:01:00,252.42,252.42,252.42,252.42,100
2026-03-16 19:04:00,252.31,252.31,252.31,252.31,100
2026-03-16 19:27:00,252.45,252.4599,252.45,252.4599,919
2026-03-16 19:34:00,252.25,252.25,252.25,252.25,100
2026-03-16 19:38:00,252.36,252.36,252.36,252.36,225
2026-03-16 19:42:00,252.41,252.41,252.41,252.41,100
2026-03-16 19:45:00,252.41,252.41,252.41,252.41,100
2026-03-16 19:47:00,252.47,252.47,252.43,252.43,200
2026-03-16 19:50:00,252.51,252.51,252.51,252.51,200
2026-03-16 19:53:00,252.58,252.58,252.58,252.58,100
2026-03-16 19:54:00,252.51,252.55,252.51,252.55,716
2026-03-16 19:56:00,252.5,252.505,252.5,252.505,278
2026-03-16 19:57:00,252.5,252.5,252.5,252.5,400
2026-03-16 19:58:00,252.426,252.426,252.426,252.426,100
2026-03-16 19:59:00,252.56,252.56,252.53,252.53,579
2026-03-17 04:00:00,252.21,252.27,252.21,252.27,300
2026-03-17 04:01:00,252.3,252.3,252.3,252.3,100
2026-03-17 04:02:00,252.1,252.1,252.1,252.1,520
2026-03-17 04:04:00,252.12,252.12,252.12,252.12,100
2026-03-17 04:06:00,252.1,252.1,252,252,305
2026-03-17 04:09:00,252,252,252,252,200
2026-03-17 04:11:00,252,252,252,252,200
2026-03-17 04:12:00,252.04,252.04,252,252.01,487
2026-03-17 04:13:00,252,252,252,252,252
2026-03-17 04:32:00,251.71,251.71,251.71,251.71,108
2026-03-17 04:35:00,251.62,251.62,251.41,251.41,675
2026-03-17 04:43:00,251.66,251.66,251.66,251.66,120
2026-03-17 04:53:00,251.5,251.51,251.49,251.51,552
2026-03-17 05:00:00,251.64,251.64,251.64,251.64,100
2026-03-17 05:03:00,251.82,251.82,251.82,251.82,100
2026-03-17 05:04:00,251.84,251.84,251.84,251.84,100
2026-03-17 05:20:00,251.91,251.92,251.91,251.92,298
2026-03-17 05:25:00,251.97,251.99,251.97,251.99,449
2026-03-17 05:26:00,252.26,252.26,252.26,252.26,130
2026-03-17 05:27:00,252.03,252.03,252.03,252.03,228
2026-03-17 05:28:00,252.27,252.27,252.26,252.26,364
2026-03-17 05:35:00,252.03,252.03,252.03,252.03,350
2026-03-17 05:46:00,252.06,252.06,252.05,252.05,400
2026-03-17 05:47:00,252.16,252.16,252.16,252.16,100
2026-03-17 05:49:00,252.16,252.17,252.16,252.16,696
2026-03-17 06:05:00,252.15,252.15,252.15,252.15,100
2026-03-17 06:17:00,251.85,251.85,251.85,251.85,109
2026-03-17 06:18:00,251.82,251.82,251.81,251.81,502
2026-03-17 06:20:00,251.89,251.89,251.89,251.89,100
2026-03-17 06:28:00,251.72,251.72,251.71,251.71,500
2026-03-17 06:32:00,251.62,251.62,251.58,251.58,675
2026-03-17 06:38:00,251.85,251.99,251.85,251.99,200
2026-03-17 06:42:00,251.63,251.63,251.63,251.63,105
2026-03-17 06:47:00,251.95,251.95,251.95,251.95,175
2026-03-17 06:48:00,251.96,251.96,251.96,251.96,100
2026-03-17 06:50:00,251.96,251.96,251.96,251.96,149
2026-03-17 07:00:00,252.09,252.17,252,252,590
2026-03-17 07:05:00,252.11,252.11,252.11,252.11,100
2026-03-17 07:23:00,252.16,252.17,252.15,252.15,715
2026-03-17 07:35:00,252.1,252.1,252.1,252.1,1402
2026-03-17 07:49:00,252.2,252.2,252.2,252.2,152
2026-03-17 07:50:00,252.1,252.1,252.1,252.1,106
2026-03-17 07:51:00,252.1,252.1,252.1,252.1,248
2026-03-17 07:52:00,252.02,252.02,252,252,384
2026-03-17 07:53:00,252,252,251.81,251.81,1144
2026-03-17 07:54:00,251.71,251.71,251.71,251.71,100
2026-03-17 07:59:00,251.97,252.05,251.97,252.05,273
2026-03-17 08:00:00,252.08,252.77,251.32,251.61,17209
2026-03-17 08:01:00,251.53,252.28,251.35,251.75,1840
2026-03-17 08:04:00,252,252,252,252,100
2026-03-17 08:06:00,252.1,252.1,252.04,252.08,546
2026-03-17 08:07:00,252.08,252.09,252.08,252.09,200
2026-03-17 08:09:00,252.28,252.28,252.28,252.28,100
2026-03-17 08:10:00,252.28,252.39,252.28,252.39,321
2026-03-17 08:11:00,252.34,252.34,252.34,252.34,131
2026-03-17 08:13:00,252.4,252.5,252.4,252.5,1396
2026-03-17 08:18:00,252.36,252.45,252.35,252.45,1450
2026-03-17 08:20:00,252.38,252.8,252.38,252.8,610
2026-03-17 08:21:00,252.33,252.33,252.33,252.33,775
2026-03-17 08:22:00,252.73,252.73,252.6,252.6,200
2026-03-17 08:26:00,252.57,252.57,252.57,252.57,129
2026-03-17 08:27:00,252.77,252.85,252.77,252.85,904
2026-03-17 08:29:00,252.81,252.89,252.81,252.87,500
2026-03-17 08:31:00,252.85,252.86,252.82,252.82,850
2026-03-17 08:32:00,252.96,253.02,252.96,253.02,1494
2026-03-17 08:33:00,253,253,253,253,198
2026-03-17 08:34:00,253.15,253.2999,253.1,253.1,1278
2026-03-17 08:35:00,253,253.01,253,253.01,200
2026-03-17 08:36:00,253.1,253.1,253.1,253.1,500
2026-03-17 08:37:00,253.1,253.1,253.02,253.02,1100
2026-03-17 08:38:00,253.1,253.2,253.1,253.19,700
2026-03-17 08:39:00,253.12,253.2,253.1,253.2,2398
2026-03-17 08:40:00,253.2,253.2,253.2,253.2,365
2026-03-17 08:43:00,253.17,253.2,253.15,253.1782,1550
2026-03-17 08:44:00,253.17,253.18,253.15,253.18,800
2026-03-17 08:45:00,253.21,253.21,253.21,253.21,100
2026-03-17 08:46:00,253.25,253.3,253.25,253.27,1046
2026-03-17 08:48:00,253.3,253.32,253.3,253.32,816
2026-03-17 08:49:00,253.35,253.35,253.35,253.35,200
2026-03-17 08:50:00,253.189,253.189,253.189,253.189,100
2026-03-17 08:51:00,253.34,253.35,253.34,253.35,227
2026-03-17 08:52:00,253.406,253.406,253.32,253.32,800
2026-03-17 08:55:00,253.3,253.3,253.3,253.3,134
2026-03-17 08:57:00,253.28,253.28,253.2,253.2,969
2026-03-17 08:58:00,253.1695,253.3,253.1695,253.3,270
2026-03-17 09:00:00,253.15,253.32,253.15,253.32,1344
2026-03-17 09:03:00,253.34,253.34,253.33,253.33,400
2026-03-17 09:04:00,253.28,253.2961,253.28,253.2961,1047
2026-03-17 09:05:00,253.28,253.28,253.28,253.28,100
2026-03-17 09:07:00,253.3,253.37,253.3,253.36,329
2026-03-17 09:08:00,253.34,253.34,253.34,253.34,100
2026-03-17 09:11:00,253.31,253.31,253.15,253.15,2937
2026-03-17 09:12:00,253.35,253.35,253.35,253.35,500
2026-03-17 09:13:00,253.2,253.21,253.2,253.21,400
2026-03-17 09:14:00,253.14,253.14,253.1,253.1,1867
2026-03-17 09:15:00,253.19,253.2,253.19,253.2,230
2026-03-17 09:16:00,253.1985,253.1985,253.15,253.15,1602
2026-03-17 09:17:00,253.18,253.29,253.18,253.2,688
2026-03-17 09:18:00,253.2,253.25,253.19,253.23,1479
2026-03-17 09:19:00,253.32,253.32,253.29,253.32,472
2026-03-17 09:20:00,253.41,253.45,253.4,253.45,695
2026-03-17 09:21:00,253.43,253.43,253.43,253.43,100
2026-03-17 09:22:00,253.16,253.25,253.1321,253.25,561
2026-03-17 09:23:00,253.17,253.23,253.17,253.18,332
2026-03-17 09:24:00,253.2,253.48,253.2,253.4309,1298
2026-03-17 09:25:00,253.43,253.85,253.43,253.85,6223
2026-03-17 09:26:00,253.77,253.8155,253.76,253.8155,2650
2026-03-17 09:27:00,253.89,253.89,252.77,253.13,13270
2026-03-17 09:28:00,252.71,252.93,252.34,252.86,24196
2026-03-17 09:29:00,252.88,252.99,252.76,252.93,11284
2026-03-17 09:30:00,253.04,253.3,252.18,252.585,679616
2026-03-17 09:31:00,252.55,252.88,252.44,252.88,65672
2026-03-17 09:32:00,252.8932,253.205,252.7,253.08,87030
2026-03-17 09:33:00,253.05,253.2305,252.74,253.2099,68782
2026-03-17 09:34:00,253.2,253.5897,253.1601,253.56,66375
2026-03-17 09:35:00,253.6,253.825,253.46,253.76,83815
2026-03-17 09:36:00,253.8,253.815,253.54,253.65,121572
2026-03-17 09:37:00,253.63,253.73,253.51,253.6,70884
2026-03-17 09:38:00,253.6025,253.82,253.51,253.68,75110
2026-03-17 09:39:00,253.675,253.9781,253.65,253.755,67494
2026-03-17 09:40:00,253.76,253.82,253.41,253.62,59744
2026-03-17 09:41:00,253.62,254.2801,253.58,254.27,89012
2026-03-17 09:42:00,254.26,254.32,254.0801,254.2265,42680
2026-03-17 09:43:00,254.23,254.42,254.17,254.35,46886
2026-03-17 09:44:00,254.345,254.3699,254.08,254.22,36235
2026-03-17 09:45:00,254.215,254.43,254.185,254.34,58925
2026-03-17 09:46:00,254.36,254.7125,254.3501,254.7125,121017
2026-03-17 09:47:00,254.72,254.84,254.36,254.57,77360
2026-03-17 09:48:00,254.555,254.82,254.5001,254.77,38217
2026-03-17 09:49:00,254.78,254.96,254.75,254.86,82684
2026-03-17 09:50:00,254.845,254.89,254.73,254.83,55874
2026-03-17 09:51:00,254.85,255.05,254.83,254.92,78282
2026-03-17 09:52:00,254.925,254.925,254.57,254.62,61066
2026-03-17 09:53:00,254.61,254.7,254.531,254.6,35323
2026-03-17 09:54:00,254.57,254.82,254.55,254.79,24697
2026-03-17 09:55:00,254.79,255.075,254.785,254.93,47086
2026-03-17 09:56:00,254.91,254.96,254.75,254.89,41196
2026-03-17 09:57:00,254.89,254.9,254.6901,254.7087,28042
2026-03-17 09:58:00,254.7025,254.845,254.65,254.65,19676
2026-03-17 09:59:00,254.7,254.78,254.61,254.7,30290
2026-03-17 10:00:00,254.69,254.78,254.42,254.445,52208
2026-03-17 10:01:00,254.46,254.55,254.295,254.5,46625
2026-03-17 10:02:00,254.525,254.62,254.43,254.51,37176
2026-03-17 10:03:00,254.51,254.61,254.31,254.4,26198
2026-03-17 10:04:00,254.42,254.77,254.42,254.63,46161
2026-03-17 10:05:00,254.625,254.72,254.52,254.59,25838
2026-03-17 10:06:00,254.55,254.7,254.525,254.64,28616
2026-03-17 10:07:00,254.635,254.7,254.47,254.5,41825
2026-03-17 10:08:00,254.49,254.625,254.49,254.49,22504
2026-03-17 10:09:00,254.46,254.5,254.42,254.465,25277
2026-03-17 10:10:00,254.455,254.47,254.15,254.175,31914
2026-03-17 10:11:00,254.16,254.225,254.08,254.17,45850
2026-03-17 10:12:00,254.17,254.2799,254.09,254.125,21454
2026-03-17 10:13:00,254.12,254.275,254.12,254.24,15107
2026-03-17 10:14:00,254.24,254.2896,254.15,254.15,30721
2026-03-17 10:15:00,254.14,254.17,254.01,254.025,33908
2026-03-17 10:16:00,254.02,254.13,254.01,254.03,39279
2026-03-17 10:17:00,254.03,254.09,253.79,253.855,38550
2026-03-17 10:18:00,253.86,254.138,253.85,254.0907,46618
2026-03-17 10:19:00,254.11,254.24,254.1,254.235,34711
2026-03-17 10:20:00,254.22,254.25,254.13,254.24,23703
2026-03-17 10:21:00,254.2199,254.22,254.07,254.17,29197
2026-03-17 10:22:00,254.195,254.1991,254.02,254.065,25400
2026-03-17 10:23:00,254.065,254.37,254.05,254.3409,35165
2026-03-17 10:24:00,254.365,254.3794,254.2401,254.25,19854
2026-03-17 10:25:00,254.24,254.28,254.045,254.08,24652
2026-03-17 10:26:00,254.1,254.23,254.0981,254.11,20707
2026-03-17 10:27:00,254.095,254.21,254.09,254.1699,15700
2026-03-17 10:28:00,254.15,254.43,254.15,254.39,22236
2026-03-17 10:29:00,254.38,254.47,254.23,254.45,61085
2026-03-17 10:30:00,254.455,254.5899,254.43,254.495,42962
2026-03-17 10:31:00,254.5,254.5,254.27,254.33,24196
2026-03-17 10:32:00,254.37,254.59,254.3302,254.58,21975
2026-03-17 10:33:00,254.57,254.95,254.52,254.9,42571
2026-03-17 10:34:00,254.895,254.9,254.75,254.77,20568
2026-03-17 10:35:00,254.77,254.8401,254.7,254.81,27376
2026-03-17 10:36:00,254.8,254.8,254.53,254.56,29045
2026-03-17 10:37:00,254.54,254.7399,254.5,254.6605,25547
2026-03-17 10:38:00,254.675,254.7,254.46,254.46,20429
2026-03-17 10:39:00,254.44,254.46,254.3,254.3199,25871
2026-03-17 10:40:00,254.33,254.37,254.29,254.34,16789
2026-03-17 10:41:00,254.3694,254.471,254.31,254.32,24631
2026-03-17 10:42:00,254.3165,254.45,254.3,254.41,16526
2026-03-17 10:43:00,254.41,254.51,254.35,254.51,26969
2026-03-17 10:44:00,254.52,254.57,254.43,254.56,14721
2026-03-17 10:45:00,254.545,254.6,254.46,254.51,22066
2026-03-17 10:46:00,254.52,254.59,254.45,254.57,36949
2026-03-17 10:47:00,254.575,254.69,254.52,254.62,38729
2026-03-17 10:48:00,254.64,254.68,254.55,254.66,23741
2026-03-17 10:49:00,254.64,254.69,254.61,254.65,27570
2026-03-17 10:50:00,254.67,254.69,254.25,254.3,32920
2026-03-17 10:51:00,254.34,254.4388,254.31,254.388,33509
2026-03-17 10:52:00,254.39,254.41,254.3,254.33,25339
2026-03-17 10:53:00,254.36,254.45,254.3,254.365,36258
2026-03-17 10:54:00,254.36,254.48,254.29,254.345,22203
2026-03-17 10:55:00,254.35,254.4,254.32,254.4,14036
2026-03-17 10:56:00,254.405,254.5299,254.405,254.51,18038
2026-03-17 10:57:00,254.52,254.53,254.38,254.38,20755
2026-03-17 10:58:00,254.36,254.41,254.345,254.395,15846
2026-03-17 10:59:00,254.401,254.43,254.345,254.3988,12692
2026-03-17 11:00:00,254.38,254.52,254.35,254.48,23657
2026-03-17 11:01:00,254.475,254.59,254.44,254.465,19343
2026-03-17 11:02:00,254.4575,254.46,254.35,254.425,21761
2026-03-17 11:03:00,254.43,254.45,254.28,254.32,17800
2026-03-17 11:04:00,254.33,254.3799,254.21,254.245,16057
2026-03-17 11:05:00,254.25,254.2899,254.2001,254.242,14148
2026-03-17 11:06:00,254.25,254.35,254.25,254.2921,19745
2026-03-17 11:07:00,254.3,254.39,254.2,254.2007,14315
2026-03-17 11:08:00,254.212,254.22,254.08,254.1,28715
2026-03-17 11:09:00,254.11,254.11,253.885,253.89,31966
2026-03-17 11:10:00,253.9,254.04,253.8008,254.035,27598
2026-03-17 11:11:00,254.04,254.1698,253.99,254.06,30882
2026-03-17 11:12:00,254.07,254.18,254.07,254.17,28362
2026-03-17 11:13:00,254.15,254.21,254.1101,254.16,19797
2026-03-17 11:14:00,254.16,254.25,254.16,254.18,14074
2026-03-17 11:15:00,254.19,254.264,254.1312,254.14,20053
2026-03-17 11:16:00,254.13,254.22,254.13,254.21,33670
2026-03-17 11:17:00,254.195,254.27,254.15,254.25,33303
2026-03-17 11:18:00,254.24,254.33,254.01,254.15,30687
2026-03-17 11:19:00,254.175,254.3237,254.175,254.32,17207
2026-03-17 11:20:00,254.31,254.47,254.3,254.34,16065
2026-03-17 11:21:00,254.33,254.375,254.08,254.085,17579
2026-03-17 11:22:00,254.11,254.29,254.09,254.285,20438
2026-03-17 11:23:00,254.3,254.34,254.19,254.19,14566
2026-03-17 11:24:00,254.15,254.2445,254.08,254.2445,21531
2026-03-17 11:25:00,254.24,254.4,254.24,254.3,14779
2026-03-17 11:26:00,254.3,254.45,254.3,254.43,28618
2026-03-17 11:27:00,254.44,254.44,254.29,254.33,20752
2026-03-17 11:28:00,254.31,254.36,254.23,254.23,10836
2026-03-17 11:29:00,254.24,254.265,254.15,254.17,18988
2026-03-17 11:30:00,254.15,254.27,254.15,254.18,9601
2026-03-17 11:31:00,254.205,254.3,254.19,254.235,104022
2026-03-17 11:32:00,254.23,254.28,254.18,254.2,10488
2026-03-17 11:33:00,254.23,254.235,254.14,254.1945,19687
2026-03-17 11:34:00,254.2,254.22,254.06,254.09,30448
2026-03-17 11:35:00,254.09,254.19,253.97,253.97,24073
2026-03-17 11:36:00,253.93,253.98,253.67,253.69,32212
2026-03-17 11:37:00,253.66,253.81,253.65,253.72,30287
2026-03-17 11:38:00,253.72,253.83,253.7,253.725,19578
2026-03-17 11:39:00,253.715,253.965,253.715,253.915,18856
2026-03-17 11:40:00,253.8999,254.067,253.8601,254.04,51451
2026-03-17 11:41:00,254.05,254.0638,253.855,253.96,16087
2026-03-17 11:42:00,253.975,254.045,253.91,253.93,17403
2026-03-17 11:43:00,253.92,254.1,253.88,254.1,8919
2026-03-17 11:44:00,254.12,254.33,254.09,254.25,29475
2026-03-17 11:45:00,254.23,254.41,254.22,254.385,11728
2026-03-17 11:46:00,254.37,254.43,254.29,254.39,20918
2026-03-17 11:47:00,254.37,254.39,254.25,254.32,10909
2026-03-17 11:48:00,254.3402,254.345,254.23,254.31,11136
2026-03-17 11:49:00,254.31,254.34,254.25,254.31,39544
2026-03-17 11:50:00,254.3,254.47,254.25,254.45,31335
2026-03-17 11:51:00,254.442,254.685,254.44,254.635,33737
2026-03-17 11:52:00,254.635,254.635,254.4201,254.4799,28291
2026-03-17 11:53:00,254.478,254.62,254.4209,254.6,23684
2026-03-17 11:54:00,254.6,254.615,254.46,254.54,12714
2026-03-17 11:55:00,254.52,254.6,254.35,254.56,14403
2026-03-17 11:56:00,254.56,254.66,254.5,254.51,12627
2026-03-17 11:57:00,254.55,254.58,254.37,254.4,11394
2026-03-17 11:58:00,254.41,254.42,254.27,254.33,18072
2026-03-17 11:59:00,254.335,254.47,254.29,254.41,15241
2026-03-17 12:00:00,254.43,254.46,254.27,254.32,13059
2026-03-17 12:01:00,254.35,254.35,254.24,254.3499,22617
2026-03-17 12:02:00,254.34,254.415,254.24,254.32,29411
2026-03-17 12:03:00,254.27,254.375,254.21,254.24,22826
2026-03-17 12:04:00,254.25,254.42,254.25,254.39,32758
2026-03-17 12:05:00,254.365,254.48,254.31,254.34,14989
2026-03-17 12:06:00,254.385,254.48,254.38,254.41,12963
2026-03-17 12:07:00,254.385,254.48,254.28,254.4799,31422
2026-03-17 12:08:00,254.47,254.76,254.47,254.69,45084
2026-03-17 12:09:00,254.685,254.725,254.57,254.7,13259
2026-03-17 12:10:00,254.69,254.8,254.63,254.7601,27698
2026-03-17 12:11:00,254.74,254.89,254.695,254.84,21807
2026-03-17 12:12:00,254.8395,254.88,254.7701,254.87,24975
2026-03-17 12:13:00,254.87,254.89,254.63,254.67,49119
2026-03-17 12:14:00,254.67,254.685,254.51,254.58,22006
2026-03-17 12:15:00,254.61,254.63,254.52,254.58,45834
2026-03-17 12:16:00,254.59,254.7975,254.59,254.78,44183
2026-03-17 12:17:00,254.785,254.93,254.755,254.91,53982
2026-03-17 12:18:00,254.9,255.11,254.9,255.06,88610
2026-03-17 12:19:00,255.05,255.09,254.915,255.09,42188
2026-03-17 12:20:00,255.08,255.08,254.92,254.9701,42796
2026-03-17 12:21:00,254.985,255.07,254.93,255.07,38787
2026-03-17 12:22:00,255.08,255.11,254.97,255.07,36507
2026-03-17 12:23:00,255.075,255.12,254.995,255.02,22034
2026-03-17 12:24:00,255.01,255.13,254.95,255.0703,22057
2026-03-17 12:25:00,255.07,255.07,254.9,255.041,19236
2026-03-17 12:26:00,255.03,255.1,254.97,255.1,14136
2026-03-17 12:27:00,255.1,255.125,254.875,254.885,21288
2026-03-17 12:28:00,254.895,254.92,254.81,254.82,15877
2026-03-17 12:29:00,254.84,254.895,254.78,254.86,11338
2026-03-17 12:30:00,254.87,255.03,254.84,254.94,35508
2026-03-17 12:31:00,254.93,254.955,254.82,254.8457,38119
2026-03-17 12:32:00,254.855,254.895,254.79,254.852,28909
2026-03-17 12:33:00,254.84,254.9299,254.7705,254.825,27810
2026-03-17 12:34:00,254.83,254.93,254.74,254.93,32535
2026-03-17 12:35:00,254.91,254.995,254.89,254.92,12789
2026-03-17 12:36:00,254.955,254.965,254.82,254.826,13121
2026-03-17 12:37:00,254.815,254.86,254.555,254.6,25851
2026-03-17 12:38:00,254.6,254.685,254.54,254.62,19530
2026-03-17 12:39:00,254.6,254.61,254.53,254.58,15078
2026-03-17 12:40:00,254.59,254.73,254.59,254.59,22188
2026-03-17 12:41:00,254.57,254.6,254.36,254.435,20929
2026-03-17 12:42:00,254.42,254.49,254.41,254.475,10953
2026-03-17 12:43:00,254.48,254.62,254.48,254.51,17809
2026-03-17 12:44:00,254.52,254.55,254.475,254.55,11656
2026-03-17 12:45:00,254.54,254.5801,254.47,254.57,11638
2026-03-17 12:46:00,254.58,254.59,254.465,254.59,18080
2026-03-17 12:47:00,254.55,254.55,254.4245,254.49,16363
2026-03-17 12:48:00,254.4801,254.55,254.45,254.5,8546
2026-03-17 12:49:00,254.5,254.545,254.45,254.4601,9837
2026-03-17 12:50:00,254.46,254.56,254.45,254.535,42700
2026-03-17 12:51:00,254.56,254.64,254.55,254.635,53679
2026-03-17 12:52:00,254.63,254.7,254.3101,254.32,57662
2026-03-17 12:53:00,254.31,254.35,254.2621,254.32,28658
2026-03-17 12:54:00,254.34,254.355,254.295,254.3422,19719
2026-03-17 12:55:00,254.315,254.36,254.26,254.31,11841
2026-03-17 12:56:00,254.3003,254.36,254.28,254.325,19077
2026-03-17 12:57:00,254.32,254.36,254.18,254.195,40887
2026-03-17 12:58:00,254.21,254.25,254.1,254.135,18559
2026-03-17 12:59:00,254.2,254.2,254.06,254.088,20336
2026-03-17 13:00:00,254.09,254.19,254.06,254.185,30985
2026-03-17 13:01:00,254.1911,254.2597,254.13,254.21,25414
2026-03-17 13:02:00,254.18,254.285,254.16,254.285,14613
2026-03-17 13:03:00,254.29,254.31,254.21,254.265,28475
2026-03-17 13:04:00,254.27,254.27,254.15,254.17,29896
2026-03-17 13:05:00,254.18,254.2,254.02,254.03,26052
2026-03-17 13:06:00,254.035,254.035,253.84,253.87,28121
2026-03-17 13:07:00,253.875,253.92,253.8204,253.92,26306
2026-03-17 13:08:00,253.91,253.96,253.85,253.96,15789
2026-03-17 13:09:00,253.97,253.9701,253.9,253.97,9533
2026-03-17 13:10:00,253.97,253.975,253.8,253.83,29297
2026-03-17 13:11:00,253.83,253.94,253.8201,253.895,16414
2026-03-17 13:12:00,253.895,253.96,253.84,253.84,19789
2026-03-17 13:13:00,253.87,253.935,253.86,253.89,16231
2026-03-17 13:14:00,253.895,253.935,253.86,253.9299,15106
2026-03-17 13:15:00,253.91,253.91,253.74,253.76,28739
2026-03-17 13:16:00,253.78,253.86,253.78,253.805,19941
2026-03-17 13:17:00,253.8,253.85,253.77,253.842,24324
2026-03-17 13:18:00,253.83,253.89,253.808,253.85,15474
2026-03-17 13:19:00,253.84,253.84,253.6401,253.71,36756
2026-03-17 13:20:00,253.69,253.69,253.56,253.6,112493
2026-03-17 13:21:00,253.61,253.69,253.58,253.64,20767
2026-03-17 13:22:00,253.64,253.74,253.62,253.71,17222
2026-03-17 13:23:00,253.7,253.7001,253.62,253.675,12625
2026-03-17 13:24:00,253.675,253.71,253.61,253.64,7502
2026-03-17 13:25:00,253.6322,253.71,253.59,253.68,11670
2026-03-17 13:26:00,253.68,253.78,253.645,253.78,20414
2026-03-17 13:27:00,253.7601,253.85,253.75,253.8343,17054
2026-03-17 13:28:00,253.815,253.9,253.815,253.89,12120
2026-03-17 13:29:00,253.87,253.94,253.85,253.92,19618
2026-03-17 13:30:00,253.915,254.035,253.885,254.035,53874
2026-03-17 13:31:00,254.03,254.16,254.03,254.14,18443
2026-03-17 13:32:00,254.13,254.16,254.0701,254.0701,26767
2026-03-17 13:33:00,254.0701,254.08,254.04,254.07,17725
2026-03-17 13:34:00,254.07,254.1299,254.07,254.08,10253
2026-03-17 13:35:00,254.1,254.22,254.08,254.1649,17654
2026-03-17 13:36:00,254.16,254.22,254.08,254.12,44991
2026-03-17 13:37:00,254.12,254.26,254.12,254.2,21787
2026-03-17 13:38:00,254.17,254.2,254.09,254.1299,10789
2026-03-17 13:39:00,254.13,254.235,254.13,254.2,12264
2026-03-17 13:40:00,254.19,254.28,254.17,254.1701,15163
2026-03-17 13:41:00,254.155,254.28,254.155,254.21,14064
2026-03-17 13:42:00,254.21,254.32,254.21,254.25,18630
2026-03-17 13:43:00,254.23,254.23,254.05,254.05,15269
2026-03-17 13:44:00,254.1,254.255,254.08,254.22,34894
2026-03-17 13:45:00,254.2526,254.28,254.135,254.14,13346
2026-03-17 13:46:00,254.14,254.1951,254.11,254.12,13299
2026-03-17 13:47:00,254.1,254.16,254.08,254.09,18881
2026-03-17 13:48:00,254.11,254.2499,254.1,254.17,15858
2026-03-17 13:49:00,254.16,254.22,254.1401,254.18,10913
2026-03-17 13:50:00,254.16,254.21,254.1,254.14,19617
2026-03-17 13:51:00,254.15,254.235,254.14,254.2212,18076
2026-03-17 13:52:00,254.24,254.39,254.23,254.39,31033
2026-03-17 13:53:00,254.39,254.61,254.37,254.47,72792
2026-03-17 13:54:00,254.47,254.52,254.38,254.41,18863
2026-03-17 13:55:00,254.42,254.44,254.3,254.34,8851
2026-03-17 13:56:00,254.38,254.4399,254.35,254.4399,18836
2026-03-17 13:57:00,254.43,254.489,254.39,254.46,16817
2026-03-17 13:58:00,254.47,254.53,254.43,254.515,29103
2026-03-17 13:59:00,254.49,254.53,254.49,254.504,12487
2026-03-17 14:00:00,254.51,254.595,254.43,254.45,22736
2026-03-17 14:01:00,254.44,254.535,254.4367,254.513,15132
2026-03-17 14:02:00,254.53,254.6,254.53,254.59,15354
2026-03-17 14:03:00,254.58,254.63,254.516,254.516,26402
2026-03-17 14:04:00,254.52,254.525,254.22,254.28,42446
2026-03-17 14:05:00,254.289,254.39,254.27,254.33,16891
2026-03-17 14:06:00,254.32,254.41,254.3,254.35,16363
2026-03-17 14:07:00,254.33,254.43,254.33,254.425,18183
2026-03-17 14:08:00,254.43,254.485,254.36,254.47,11673
2026-03-17 14:09:00,254.47,254.49,254.435,254.46,15225
2026-03-17 14:10:00,254.465,254.49,254.29,254.32,10431
2026-03-17 14:11:00,254.33,254.3833,254.32,254.35,11218
2026-03-17 14:12:00,254.36,254.36,254.3,254.32,14288
2026-03-17 14:13:00,254.3,254.31,254.24,254.27,20713
2026-03-17 14:14:00,254.27,254.29,254.26,254.27,10384
2026-03-17 14:15:00,254.28,254.3201,254.28,254.29,11076
2026-03-17 14:16:00,254.29,254.3349,254.2601,254.265,10810
2026-03-17 14:17:00,254.271,254.35,254.27,254.29,10732
2026-03-17 14:18:00,254.275,254.3065,254.25,254.28,5983
2026-03-17 14:19:00,254.27,254.37,254.265,254.3533,8082
2026-03-17 14:20:00,254.34,254.374,254.31,254.33,10314
2026-03-17 14:21:00,254.32,254.36,254.3,254.3,12224
2026-03-17 14:22:00,254.305,254.311,254.27,254.29,12973
2026-03-17 14:23:00,254.29,254.29,254.14,254.15,30526
2026-03-17 14:24:00,254.1551,254.218,253.965,253.99,17382
2026-03-17 14:25:00,253.98,254.11,253.98,254.01,11043
2026-03-17 14:26:00,254.02,254.135,253.95,254.06,16802
2026-03-17 14:27:00,254.06,254.16,254.06,254.08,10968
2026-03-17 14:28:00,254.08,254.16,254.08,254.11,8980
2026-03-17 14:29:00,254.1599,254.1599,254.05,254.1,7510
2026-03-17 14:30:00,254.095,254.215,254.03,254.0446,28631
2026-03-17 14:31:00,254.0301,254.04,253.97,254.02,11015
2026-03-17 14:32:00,254.03,254.21,253.99,254.19,10820
2026-03-17 14:33:00,254.2,254.2,254.105,254.15,8120
2026-03-17 14:34:00,254.16,254.1999,254.11,254.13,13040
2026-03-17 14:35:00,254.15,254.15,254.0601,254.11,7146
2026-03-17 14:36:00,254.11,254.12,254.0501,254.0501,15391
2026-03-17 14:37:00,254.06,254.08,254.03,254.035,7605
2026-03-17 14:38:00,254.0201,254.12,254.0201,254.08,9915
2026-03-17 14:39:00,254.08,254.33,254.0601,254.105,61831
2026-03-17 14:40:00,254.125,254.18,254.04,254.09,21613
2026-03-17 14:41:00,254.08,254.1,253.93,253.945,12307
2026-03-17 14:42:00,253.945,254.08,253.94,253.99,11956
2026-03-17 14:43:00,253.965,253.99,253.95,253.96,8015
2026-03-17 14:44:00,253.97,254,253.94,253.95,7736
2026-03-17 14:45:00,253.95,253.99,253.94,253.96,9607
2026-03-17 14:46:00,253.962,254.06,253.95,254.04,14200
2026-03-17 14:47:00,254.05,254.05,253.9,253.92,14554
2026-03-17 14:48:00,253.918,253.985,253.9,253.97,19809
2026-03-17 14:49:00,253.98,253.992,253.96,253.99,11307
2026-03-17 14:50:00,253.98,253.98,253.85,253.89,21814
2026-03-17 14:51:00,253.9,254.04,253.89,254.025,17211
2026-03-17 14:52:00,254.032,254.032,253.97,253.995,11134
2026-03-17 14:53:00,253.995,254.025,253.92,253.96,14308
2026-03-17 14:54:00,253.96,254.05,253.96,254.034,10254
2026-03-17 14:55:00,254.03,254.03,253.8401,253.8407,19081
2026-03-17 14:56:00,253.8499,253.88,253.81,253.855,14020
2026-03-17 14:57:00,253.855,253.9,253.81,253.81,16431
2026-03-17 14:58:00,253.81,253.875,253.795,253.85,18883
2026-03-17 14:59:00,253.84,253.89,253.83,253.87,17974
2026-03-17 15:00:00,253.88,253.9,253.77,253.77,22850
2026-03-17 15:01:00,253.7645,253.81,253.7101,253.81,18309
2026-03-17 15:02:00,253.81,253.91,253.749,253.855,33913
2026-03-17 15:03:00,253.85,253.85,253.69,253.75,38953
2026-03-17 15:04:00,253.75,253.75,253.59,253.5994,27257
2026-03-17 15:05:00,253.59,253.61,253.52,253.55,35252
2026-03-17 15:06:00,253.5691,253.58,253.26,253.28,66435
2026-03-17 15:07:00,253.29,253.3299,253.1301,253.2,44186
2026-03-17 15:08:00,253.19,253.31,253.17,253.23,47387
2026-03-17 15:09:00,253.225,253.335,253.21,253.27,24709
2026-03-17 15:10:00,253.27,253.4,253.245,253.38,38537
2026-03-17 15:11:00,253.37,253.4301,253.21,253.23,41741
2026-03-17 15:12:00,253.24,253.32,253.18,253.32,22873
2026-03-17 15:13:00,253.3299,253.53,253.3299,253.49,49007
2026-03-17 15:14:00,253.51,253.74,253.51,253.74,24385
2026-03-17 15:15:00,253.7452,254.07,253.67,254.07,36897
2026-03-17 15:16:00,254.05,254.055,253.96,254,30553
2026-03-17 15:17:00,253.99,254.0599,253.98,254.03,14534
2026-03-17 15:18:00,254.04,254.1,254.03,254.06,19888
2026-03-17 15:19:00,254.06,254.0833,254.03,254.035,14362
2026-03-17 15:20:00,254.04,254.05,253.9201,253.93,18636
2026-03-17 15:21:00,253.92,253.96,253.9,253.9,12031
2026-03-17 15:22:00,253.9,253.95,253.85,253.858,16192
2026-03-17 15:23:00,253.87,253.9095,253.86,253.9,19854
2026-03-17 15:24:00,253.91,253.93,253.87,253.885,22067
2026-03-17 15:25:00,253.88,253.94,253.87,253.89,22745
2026-03-17 15:26:00,253.895,253.92,253.855,253.86,18665
2026-03-17 15:27:00,253.87,253.98,253.87,253.96,18294
2026-03-17 15:28:00,253.95,253.95,253.8,253.8,35696
2026-03-17 15:29:00,253.79,253.79,253.74,253.77,29786
2026-03-17 15:30:00,253.78,253.83,253.74,253.78,34718
2026-03-17 15:31:00,253.79,253.8,253.68,253.77,24124
2026-03-17 15:32:00,253.78,253.86,253.78,253.7801,24321
2026-03-17 15:33:00,253.78,253.79,253.74,253.78,16910
2026-03-17 15:34:00,253.78,253.87,253.78,253.825,29266
2026-03-17 15:35:00,253.82,253.94,253.79,253.8,36174
2026-03-17 15:36:00,253.81,253.82,253.7599,253.8,19918
2026-03-17 15:37:00,253.805,253.88,253.765,253.78,22354
2026-03-17 15:38:00,253.77,253.78,253.71,253.75,22375
2026-03-17 15:39:00,253.7599,253.7599,253.7,253.71,14251
2026-03-17 15:40:00,253.72,253.88,253.72,253.8,44849
2026-03-17 15:41:00,253.8,253.85,253.75,253.755,39995
2026-03-17 15:42:00,253.75,253.83,253.71,253.825,35715
2026-03-17 15:43:00,253.82,253.889,253.81,253.86,38125
2026-03-17 15:44:00,253.86,253.92,253.79,253.85,51420
2026-03-17 15:45:00,253.855,254.09,253.81,254.01,66922
2026-03-17 15:46:00,254.01,254.12,253.98,254.04,38701
2026-03-17 15:47:00,254.035,254.13,254.02,254.09,22734
2026-03-17 15:48:00,254.092,254.19,254.075,254.189,33386
2026-03-17 15:49:00,254.19,254.26,254.1701,254.26,34396
2026-03-17 15:50:00,254.265,254.4,254.09,254.16,75683
2026-03-17 15:51:00,254.17,254.4,254.17,254.27,53459
2026-03-17 15:52:00,254.28,254.325,254.07,254.1,60650
2026-03-17 15:53:00,254.11,254.16,254.05,254.13,53594
2026-03-17 15:54:00,254.13,254.59,254.07,254.51,109491
2026-03-17 15:55:00,254.51,254.51,253.97,254.32,91594
2026-03-17 15:56:00,254.31,254.39,254.27,254.375,61202
2026-03-17 15:57:00,254.39,254.39,254.135,254.14,102355
2026-03-17 15:58:00,254.14,254.22,254.14,254.195,133915
2026-03-17 15:59:00,254.2,254.37,254.13,254.23,484581
2026-03-17 16:00:00,254.23,254.26,253.75,254.26,7764218
2026-03-17 16:01:00,254.39,254.4009,254.39,254.4,1318
2026-03-17 16:02:00,254.32,254.47,254.23,254.23,496
2026-03-17 16:07:00,254.25,254.25,254.25,254.25,101
2026-03-17 16:09:00,254.29,254.37,254.29,254.37,1647
2026-03-17 16:10:00,254.37,254.37,254.35,254.35,800
2026-03-17 16:16:00,254.27,254.27,254.25,254.25,575
2026-03-17 16:17:00,254.25,254.26,254.25,254.26,200
2026-03-17 16:18:00,254.26,254.26,254.23,254.23,2997
2026-03-17 16:20:00,254.0844,254.0844,254.0844,254.0844,120
2026-03-17 16:21:00,254.0821,254.0821,254.0821,254.0821,400
2026-03-17 16:22:00,254.0601,254.0601,254.0601,254.0601,1000
2026-03-17 16:25:00,254.17,254.18,254.11,254.11,800
2026-03-17 16:26:00,254.1,254.1,254.09,254.09,1200
2026-03-17 16:27:00,254.11,254.11,254.11,254.11,100
2026-03-17 16:28:00,254.1092,254.1092,254.1092,254.1092,100
2026-03-17 16:30:00,254.11,254.12,254.11,254.11,587
2026-03-17 16:31:00,254.07,254.09,253.99,254,5928
2026-03-17 16:32:00,254,254.23,253.95,253.95,2457
2026-03-17 16:33:00,254.23,254.23,254.23,254.23,18747
2026-03-17 16:34:00,253.82,253.82,253.81,253.81,200
2026-03-17 16:36:00,254.09,254.21,254.09,254.18,986
2026-03-17 16:40:00,254.07,254.07,254.07,254.07,200
2026-03-17 16:41:00,254.06,254.23,254.06,254.13,2456
2026-03-17 16:42:00,254.12,254.12,254.12,254.12,346
2026-03-17 16:47:00,254.07,254.07,253.99,253.99,3938
2026-03-17 16:50:00,253.98,253.99,253.98,253.99,200
2026-03-17 16:52:00,254,254,253.98,253.98,400
2026-03-17 16:55:00,253.99,254.23,253.97,254,3505
2026-03-17 17:00:00,253.96,253.96,253.96,253.96,100
2026-03-17 17:01:00,254.23,254.23,254.23,254.23,27483
2026-03-17 17:04:00,254.01,254.01,254.01,254.01,246
2026-03-17 17:06:00,253.95,253.95,253.95,253.95,100
2026-03-17 17:12:00,254.01,254.01,254,254,300
2026-03-17 17:28:00,254.08,254.08,254.08,254.08,100
2026-03-17 17:41:00,254.0395,254.0395,254.0395,254.0395,100
2026-03-17 17:42:00,254,254,254,254,100
2026-03-17 17:44:00,254.0074,254.0074,254.0074,254.0074,100
2026-03-17 17:46:00,254.0788,254.0788,254.0788,254.0788,788
2026-03-17 17:48:00,254.05,254.05,254.05,254.05,110
2026-03-17 18:00:00,254.08,254.08,254.08,254.08,100
2026-03-17 18:16:00,253.95,253.95,253.95,253.95,300
2026-03-17 18:18:00,253.82,253.82,253.78,253.78,2191
2026-03-17 18:19:00,253.95,253.95,253.95,253.95,894
2026-03-17 18:22:00,253.94,253.94,253.94,253.94,100
2026-03-17 18:25:00,253.93,253.93,253.93,253.93,100
2026-03-17 18:35:00,253.89,253.89,253.89,253.89,100
2026-03-17 18:39:00,253.78,253.78,253.78,253.78,100
2026-03-17 18:44:00,253.8,253.8,253.8,253.8,200
2026-03-17 18:53:00,253.94,253.95,253.94,253.9499,510
2026-03-17 18:58:00,253.9729,253.9729,253.9729,253.9729,100
2026-03-17 19:00:00,253.995,253.995,253.995,253.995,100
2026-03-17 19:06:00,254.1,254.1,254.1,254.1,110
2026-03-17 19:11:00,253.963,253.963,253.963,253.963,150
2026-03-17 19:12:00,254.01,254.01,254.01,254.01,200
2026-03-17 19:13:00,253.96,253.96,253.96,253.96,426
2026-03-17 19:15:00,254,254,254,254,300
2026-03-17 19:29:00,253.95,253.955,253.95,253.955,600
2026-03-17 19:30:00,253.95,253.95,253.95,253.95,188
2026-03-17 19:31:00,253.95,253.95,253.95,253.95,100
2026-03-17 19:35:00,253.95,253.95,253.95,253.95,200
2026-03-17 19:43:00,253.96,253.96,253.96,253.96,771
2026-03-17 19:46:00,254,254,254,254,1600
2026-03-17 19:52:00,253.9151,253.9151,253.9151,253.9151,200
2026-03-17 19:58:00,254.09,254.09,254.09,254.09,100
2026-03-18 04:03:00,255,255.01,255,255.01,525
2026-03-18 04:07:00,255.1,255.11,255.1,255.11,1405
2026-03-18 04:19:00,255.09,255.09,255.09,255.09,250
2026-03-18 04:36:00,255.06,255.06,255.06,255.06,225
2026-03-18 04:37:00,255.02,255.02,255.02,255.02,439
2026-03-18 04:38:00,254.96,254.96,254.93,254.93,300
2026-03-18 04:48:00,255,255,255,255,928
2026-03-18 05:04:00,255.06,255.06,255.06,255.06,125
2026-03-18 05:07:00,255.1,255.1,255.09,255.09,1095
2026-03-18 05:08:00,255.14,255.14,255.14,255.14,113
2026-03-18 05:12:00,255.17,255.17,255.17,255.17,100
2026-03-18 05:14:00,255.16,255.21,255.16,255.21,517
2026-03-18 05:16:00,255.18,255.2,255.18,255.2,250
2026-03-18 05:20:00,255.2,255.2,255.2,255.2,279
2026-03-18 05:28:00,255.19,255.19,255.19,255.19,100
2026-03-18 05:29:00,255.19,255.21,255.19,255.21,209
2026-03-18 05:52:00,255.13,255.14,255.11,255.11,563
2026-03-18 05:53:00,255.01,255.01,255.01,255.01,100
2026-03-18 05:55:00,255,255,255,255,200
2026-03-18 05:56:00,254.93,254.93,254.9,254.9,384
2026-03-18 06:04:00,254.91,254.91,254.91,254.91,100
2026-03-18 06:19:00,255.16,255.16,255.16,255.16,106
2026-03-18 06:20:00,255.18,255.18,255.18,255.18,122
2026-03-18 06:32:00,255.11,255.11,255.11,255.11,100
2026-03-18 06:37:00,255.15,255.15,255.15,255.15,138
2026-03-18 06:40:00,255.12,255.12,255.12,255.12,187
2026-03-18 06:42:00,255.17,255.26,255.17,255.26,2588
2026-03-18 06:44:00,255.26,255.31,255.26,255.29,1723
2026-03-18 06:46:00,255.33,255.33,255.3,255.3,816
2026-03-18 06:48:00,255.3,255.31,255.3,255.31,220
2026-03-18 06:49:00,255.3,255.3,255.3,255.3,150
2026-03-18 06:50:00,255.22,255.22,255.19,255.19,682
2026-03-18 06:53:00,255.14,255.14,255.14,255.14,105
2026-03-18 06:56:00,255.12,255.12,255.12,255.12,250
2026-03-18 06:57:00,255.1,255.1,255.09,255.09,227
2026-03-18 06:58:00,255.13,255.13,255.13,255.13,100
2026-03-18 06:59:00,255.13,255.13,255.13,255.13,100
2026-03-18 07:00:00,255.06,255.13,255,255,609
2026-03-18 07:04:00,255.13,255.14,255,255.1,3852
2026-03-18 07:05:00,255.09,255.09,255.08,255.08,566
2026-03-18 07:07:00,255.17,255.18,255.17,255.18,225
2026-03-18 07:08:00,255.17,255.17,255.14,255.14,994
2026-03-18 07:10:00,255.2,255.2,255.2,255.2,120
2026-03-18 07:17:00,255.2,255.2,255.2,255.2,775
2026-03-18 07:22:00,255.22,255.22,255.22,255.22,125
2026-03-18 07:23:00,255.19,255.19,255.19,255.19,100
2026-03-18 07:25:00,255.1,255.11,255.09,255.11,796
2026-03-18 07:26:00,255,255,254.97,254.97,375
2026-03-18 07:27:00,254.81,254.81,254.81,254.81,162
2026-03-18 07:29:00,254.69,254.69,254.69,254.69,103
2026-03-18 07:30:00,254.69,254.69,254.69,254.69,125
2026-03-18 07:32:00,254.68,254.68,254.68,254.68,100
2026-03-18 07:35:00,254.89,254.89,254.89,254.89,100
2026-03-18 07:50:00,255.02,255.02,255.02,255.02,250
2026-03-18 07:51:00,255.03,255.03,255.03,255.03,200
2026-03-18 07:53:00,255.06,255.06,255.06,255.06,100
2026-03-18 07:55:00,255.06,255.06,255.05,255.06,623
2026-03-18 07:58:00,255.05,255.07,255.04,255.04,930
2026-03-18 08:00:00,255.01,255.66,254.8,254.93,12680
2026-03-18 08:01:00,255.17,255.17,254.94,254.94,1144
2026-03-18 08:02:00,255.2997,255.2997,254.85,254.85,517
2026-03-18 08:03:00,254.85,254.9614,254.8,254.9614,1005
2026-03-18 08:04:00,254.99,254.99,254.99,254.99,450
2026-03-18 08:05:00,254.8831,254.8831,254.71,254.71,399
2026-03-18 08:06:00,254.68,254.68,254.65,254.65,402
2026-03-18 08:07:00,254.6,254.75,254.6,254.75,802
2026-03-18 08:09:00,254.51,254.6575,254.51,254.6575,810
2026-03-18 08:12:00,254.5309,254.5309,254.5309,254.5309,300
2026-03-18 08:13:00,254.5,254.55,254.5,254.55,265
2026-03-18 08:14:00,254.6523,254.6523,254.51,254.51,522
2026-03-18 08:15:00,254.4,254.4,254.4,254.4,406
2026-03-18 08:16:00,254.32,254.4562,254.32,254.4562,424
2026-03-18 08:17:00,254.2648,254.2648,254.23,254.24,970
2026-03-18 08:18:00,254.25,254.25,254.25,254.25,385
2026-03-18 08:20:00,254.45,254.45,254.22,254.22,1200
2026-03-18 08:21:00,254.22,254.45,254.22,254.45,600
2026-03-18 08:25:00,254.27,254.27,254.27,254.27,125
2026-03-18 08:26:00,254.2021,254.27,254.2021,254.27,437
2026-03-18 08:27:00,254.1951,254.1951,254.1951,254.1951,400
2026-03-18 08:29:00,254.2131,254.45,254.2131,254.45,250
2026-03-18 08:30:00,254.3,254.3,254.15,254.1545,1043
2026-03-18 08:32:00,254.11,254.11,254.11,254.11,100
2026-03-18 08:33:00,254.23,254.23,254,254.02,934
2026-03-18 08:34:00,254,254,253.8399,253.8399,597
2026-03-18 08:35:00,253.85,253.85,253.85,253.85,150
2026-03-18 08:36:00,253.9999,254,253.9999,254,304
2026-03-18 08:37:00,254,254.0675,254,254.044,700
2026-03-18 08:38:00,254,254.06,254,254.06,1239
2026-03-18 08:39:00,254.02,254.02,254,254,208
2026-03-18 08:40:00,254,254.02,254,254.02,780
2026-03-18 08:41:00,254.0225,254.0225,254.0225,254.0225,300
2026-03-18 08:42:00,253.9,253.9,253.6518,253.6518,1648
2026-03-18 08:43:00,253.61,253.7,253.5,253.7,2714
2026-03-18 08:44:00,253.5,253.5,253.35,253.35,795
2026-03-18 08:46:00,253.5,253.5,253.4,253.4054,2300
2026-03-18 08:47:00,253.47,253.47,253.47,253.47,184
2026-03-18 08:48:00,253.5,253.59,253.36,253.36,1350
2026-03-18 08:49:00,253.37,253.37,253.36,253.36,308
2026-03-18 08:50:00,253.2,253.31,253.02,253.02,902
2026-03-18 08:51:00,253.113,253.31,253.1,253.3,2185
2026-03-18 08:52:00,253.35,253.35,253.1634,253.33,680
2026-03-18 08:53:00,253.33,253.33,253.33,253.33,129
2026-03-18 08:54:00,253.1394,253.28,253.1394,253.28,400
2026-03-18 08:55:00,253.1144,253.35,253.1144,253.35,1818
2026-03-18 08:56:00,253.1942,253.361,253.1942,253.361,300
2026-03-18 08:57:00,253.11,253.4,253.01,253.01,1628
2026-03-18 08:58:00,253.01,253.06,253,253,1494
2026-03-18 08:59:00,253,253,253,253,2500
2026-03-18 09:00:00,253.08,253.15,253.0324,253.1,431
2026-03-18 09:01:00,253.01,253.01,252.7,252.7,842
2026-03-18 09:02:00,252.99,252.99,252.83,252.83,1600
2026-03-18 09:03:00,253.15,253.15,253.02,253.02,300
2026-03-18 09:04:00,253.26,253.39,253.26,253.3129,330
2026-03-18 09:05:00,253.35,253.35,253.264,253.264,528
2026-03-18 09:06:00,253.11,253.2,253.11,253.2,498
2026-03-18 09:07:00,253.36,253.37,253.35,253.35,1225
2026-03-18 09:08:00,253.3,253.37,253.2,253.33,2376
2026-03-18 09:09:00,253.36,253.37,253.35,253.37,1225
2026-03-18 09:10:00,253.33,253.37,253.32,253.33,608
2026-03-18 09:11:00,253.27,253.29,253.25,253.28,2591
2026-03-18 09:12:00,253.28,253.42,253.2,253.39,3560
2026-03-18 09:13:00,253.4059,253.5,253.4059,253.5,300
2026-03-18 09:14:00,253.45,253.49,253.45,253.49,310
2026-03-18 09:15:00,253.43,253.43,253.37,253.38,2669
2026-03-18 09:16:00,253.37,253.4,253.02,253.26,2634
2026-03-18 09:17:00,253.42,253.4372,253.42,253.4372,297
2026-03-18 09:19:00,253.3999,253.51,253.37,253.51,5863
2026-03-18 09:20:00,253.51,253.51,253.51,253.51,463
2026-03-18 09:21:00,253.77,253.77,253.6,253.6,338
2026-03-18 09:22:00,253.69,253.69,253.69,253.69,100
2026-03-18 09:23:00,253.7894,253.7894,253.68,253.68,253
2026-03-18 09:24:00,253.7,253.7,253.4,253.4,2079
2026-03-18 09:25:00,253.3,253.56,253.2,253.3137,3415
2026-03-18 09:26:00,253.55,253.639,253.4,253.4568,1501
2026-03-18 09:27:00,253.26,253.26,253,253.1371,1827
2026-03-18 09:28:00,252.3,252.85,252.08,252.25,35534
2026-03-18 09:29:00,252.31,252.75,252.15,252.75,13362
2026-03-18 09:30:00,252.72,252.84,251.38,252.02,617252
2026-03-18 09:31:00,252.07,252.98,251.8,252.89,86381
2026-03-18 09:32:00,252.89,253.4,252.68,253.4,59403
2026-03-18 09:33:00,253.41,253.83,253.3,253.775,39727
2026-03-18 09:34:00,253.7851,253.91,253.4701,253.86,48847
2026-03-18 09:35:00,253.9,254.19,253.75,254.12,62430
2026-03-18 09:36:00,254.15,254.295,253.97,254.11,53227
2026-03-18 09:37:00,254.085,254.27,254.015,254.14,42900
2026-03-18 09:38:00,254.11,254.3018,254,254.16,38710
2026-03-18 09:39:00,254.145,254.275,254.04,254.1,53775
2026-03-18 09:40:00,254.0986,254.75,254.0986,254.71,48800
2026-03-18 09:41:00,254.705,254.94,254.44,254.52,54732
2026-03-18 09:42:00,254.5399,254.54,254.33,254.39,39000
2026-03-18 09:43:00,254.36,254.4019,253.95,254.03,45940
2026-03-18 09:44:00,253.995,254.3399,253.93,254.3,49417
2026-03-18 09:45:00,254.285,254.48,254.0418,254.205,52910
2026-03-18 09:46:00,254.23,254.5799,254.13,254.55,48914
2026-03-18 09:47:00,254.555,254.685,254.51,254.625,48179
2026-03-18 09:48:00,254.62,254.62,254.1,254.13,34283
2026-03-18 09:49:00,254.1,254.2999,253.9,253.91,40077
2026-03-18 09:50:00,253.93,254.01,253.7301,253.76,90008
2026-03-18 09:51:00,253.7617,253.94,253.6,253.79,43008
2026-03-18 09:52:00,253.81,253.88,253.69,253.85,24154
2026-03-18 09:53:00,253.83,253.83,253.59,253.6,21686
2026-03-18 09:54:00,253.595,253.71,253.46,253.5,21818
2026-03-18 09:55:00,253.53,253.68,253.38,253.4,35334
2026-03-18 09:56:00,253.4,253.575,253.38,253.46,30859
2026-03-18 09:57:00,253.4,253.4,253.18,253.24,32579
2026-03-18 09:58:00,253.2375,253.53,253.1901,253.49,27930
2026-03-18 09:59:00,253.49,253.49,253.35,253.435,34102
2026-03-18 10:00:00,253.45,253.4975,253.09,253.0903,27837
2026-03-18 10:01:00,253.09,253.38,253.0601,253.33,30133
2026-03-18 10:02:00,253.31,253.34,252.965,253,45809
2026-03-18 10:03:00,253.019,253.155,252.87,253.12,77728
2026-03-18 10:04:00,253.12,253.33,253.11,253.23,25313
2026-03-18 10:05:00,253.2027,253.4,253.13,253.27,40382
2026-03-18 10:06:00,253.29,253.47,253.26,253.44,32447
2026-03-18 10:07:00,253.41,253.76,253.31,253.68,31872
2026-03-18 10:08:00,253.6875,253.81,253.6,253.8,42872
2026-03-18 10:09:00,253.8,253.8,253.6601,253.7531,20986
2026-03-18 10:10:00,253.74,253.77,253.42,253.42,33101
2026-03-18 10:11:00,253.425,253.54,253.33,253.39,37312
2026-03-18 10:12:00,253.4035,253.4999,253.24,253.25,26796
2026-03-18 10:13:00,253.25,253.34,253.1,253.12,32496
2026-03-18 10:14:00,253.11,253.16,253.04,253.085,22257
2026-03-18 10:15:00,253.04,253.23,253.01,253.18,28916
2026-03-18 10:16:00,253.16,253.425,253.13,253.305,38939
2026-03-18 10:17:00,253.29,253.325,253.18,253.3,16981
2026-03-18 10:18:00,253.295,253.52,253.28,253.38,32725
2026-03-18 10:19:00,253.39,253.43,253.3037,253.3037,20309
2026-03-18 10:20:00,253.32,253.38,253.12,253.135,25118
2026-03-18 10:21:00,253.13,253.21,253.09,253.16,22176
2026-03-18 10:22:00,253.17,253.31,253.14,253.205,14905
2026-03-18 10:23:00,253.21,253.23,253.08,253.165,24550
2026-03-18 10:24:00,253.19,253.195,252.96,253.01,20869
2026-03-18 10:25:00,253.03,253.0399,252.725,252.74,41715
2026-03-18 10:26:00,252.74,252.76,252.4,252.42,50809
2026-03-18 10:27:00,252.41,252.5,252.36,252.36,31134
2026-03-18 10:28:00,252.355,252.51,252.34,252.47,18062
2026-03-18 10:29:00,252.48,252.58,252.32,252.355,23758
2026-03-18 10:30:00,252.36,252.4203,252.265,252.325,44217
2026-03-18 10:31:00,252.335,252.48,252.28,252.41,41295
2026-03-18 10:32:00,252.42,252.62,252.32,252.56,30634
2026-03-18 10:33:00,252.549,252.69,252.428,252.47,44114
2026-03-18 10:34:00,252.47,252.485,252.27,252.31,49281
2026-03-18 10:35:00,252.31,252.515,252.28,252.36,40736
2026-03-18 10:36:00,252.365,252.5088,252.325,252.435,13575
2026-03-18 10:37:00,252.43,252.54,252.385,252.52,30423
2026-03-18 10:38:00,252.537,252.72,252.535,252.72,35822
2026-03-18 10:39:00,252.73,252.83,252.57,252.58,41632
2026-03-18 10:40:00,252.59,252.64,252.39,252.4493,30222
2026-03-18 10:41:00,252.46,252.47,252.38,252.388,24454
2026-03-18 10:42:00,252.4,252.51,252.35,252.35,18799
2026-03-18 10:43:00,252.355,252.36,252.08,252.12,48659
2026-03-18 10:44:00,252.115,252.22,252.11,252.16,24303
2026-03-18 10:45:00,252.17,252.45,252.17,252.335,46562
2026-03-18 10:46:00,252.34,252.39,252.24,252.34,14420
2026-03-18 10:47:00,252.328,252.34,252.1924,252.34,21840
2026-03-18 10:48:00,252.325,252.41,252.15,252.18,22740
2026-03-18 10:49:00,252.1831,252.25,252.15,252.25,20218
2026-03-18 10:50:00,252.2531,252.375,252.22,252.345,14861
2026-03-18 10:51:00,252.36,252.39,252.23,252.25,31035
2026-03-18 10:52:00,252.24,252.27,252.09,252.1,27646
2026-03-18 10:53:00,252.095,252.32,252.095,252.305,26200
2026-03-18 10:54:00,252.32,252.44,252.27,252.325,34161
2026-03-18 10:55:00,252.315,252.38,252.29,252.34,22804
2026-03-18 10:56:00,252.35,252.38,252.275,252.3101,25704
2026-03-18 10:57:00,252.32,252.41,252.25,252.35,41797
2026-03-18 10:58:00,252.35,252.42,252.29,252.38,19148
2026-03-18 10:59:00,252.3751,252.56,252.25,252.52,67578
2026-03-18 11:00:00,252.515,252.68,252.37,252.61,64678
2026-03-18 11:01:00,252.59,252.65,252.43,252.44,37998
2026-03-18 11:02:00,252.44,252.53,252.22,252.31,36426
2026-03-18 11:03:00,252.29,252.41,252.22,252.36,30755
2026-03-18 11:04:00,252.36,252.5,252.335,252.47,55220
2026-03-18 11:05:00,252.475,252.54,252.35,252.4399,23673
2026-03-18 11:06:00,252.427,252.48,252.35,252.48,24515
2026-03-18 11:07:00,252.47,252.59,252.44,252.58,34193
2026-03-18 11:08:00,252.57,252.76,252.56,252.73,58881
2026-03-18 11:09:00,252.7,252.87,252.6138,252.86,51374
2026-03-18 11:10:00,252.858,253.06,252.82,252.92,91802
2026-03-18 11:11:00,252.91,252.925,252.7001,252.77,53300
2026-03-18 11:12:00,252.74,252.82,252.65,252.81,34336
2026-03-18 11:13:00,252.81,252.82,252.67,252.77,27068
2026-03-18 11:14:00,252.76,252.78,252.49,252.52,35862
2026-03-18 11:15:00,252.52,252.6,252.428,252.47,21828
2026-03-18 11:16:00,252.47,252.562,252.34,252.38,31393
2026-03-18 11:17:00,252.38,252.56,252.38,252.5082,23030
2026-03-18 11:18:00,252.52,252.58,252.295,252.32,53157
2026-03-18 11:19:00,252.32,252.328,252.17,252.24,33960
2026-03-18 11:20:00,252.25,252.44,252.24,252.33,43846
2026-03-18 11:21:00,252.345,252.435,252.34,252.41,37897
2026-03-18 11:22:00,252.42,252.56,252.37,252.53,34573
2026-03-18 11:23:00,252.53,252.74,252.5014,252.72,51034
2026-03-18 11:24:00,252.73,252.74,252.6001,252.7,30517
2026-03-18 11:25:00,252.71,252.735,252.43,252.44,65301
2026-03-18 11:26:00,252.46,252.5099,252.32,252.3403,23397
2026-03-18 11:27:00,252.32,252.39,252.26,252.32,31323
2026-03-18 11:28:00,252.325,252.39,252.28,252.39,30509
2026-03-18 11:29:00,252.38,252.4201,252.275,252.3199,23223
2026-03-18 11:30:00,252.31,252.33,252.13,252.22,35386
2026-03-18 11:31:00,252.23,252.25,251.92,252.0001,62790
2026-03-18 11:32:00,252,252.13,251.99,252.12,25719
2026-03-18 11:33:00,252.11,252.27,252.07,252.27,30118
2026-03-18 11:34:00,252.26,252.27,252.11,252.13,34395
2026-03-18 11:35:00,252.135,252.16,251.97,252.04,30873
2026-03-18 11:36:00,252.05,252.135,251.99,252.02,26024
2026-03-18 11:37:00,252.0033,252.0678,251.9,251.98,26810
2026-03-18 11:38:00,251.99,252.09,251.98,252.08,16347
2026-03-18 11:39:00,252.075,252.075,251.87,251.91,32740
2026-03-18 11:40:00,251.89,251.95,251.8,251.8,29950
2026-03-18 11:41:00,251.8,251.91,251.71,251.775,58129
2026-03-18 11:42:00,251.79,251.83,251.75,251.81,31584
2026-03-18 11:43:00,251.81,251.87,251.75,251.79,39909
2026-03-18 11:44:00,251.79,251.83,251.665,251.8111,61456
2026-03-18 11:45:00,251.8,251.955,251.785,251.92,38461
2026-03-18 11:46:00,251.915,251.97,251.805,251.805,34499
2026-03-18 11:47:00,251.8,252,251.76,252,28659
2026-03-18 11:48:00,252.01,252.03,251.77,251.79,22647
2026-03-18 11:49:00,251.7701,251.7793,251.65,251.72,36221
2026-03-18 11:50:00,251.705,251.7352,251.56,251.63,72029
2026-03-18 11:51:00,251.62,251.72,251.54,251.54,39256
2026-03-18 11:52:00,251.543,251.77,251.5,251.74,35863
2026-03-18 11:53:00,251.75,251.75,251.6,251.64,21680
2026-03-18 11:54:00,251.62,251.82,251.62,251.815,28859
2026-03-18 11:55:00,251.82,251.93,251.785,251.87,27159
2026-03-18 11:56:00,251.86,251.915,251.785,251.85,23910
2026-03-18 11:57:00,251.85,251.85,251.705,251.74,22812
2026-03-18 11:58:00,251.735,251.97,251.735,251.95,52308
2026-03-18 11:59:00,251.93,251.93,251.755,251.77,19740
2026-03-18 12:00:00,251.76,251.7799,251.6101,251.645,36619
2026-03-18 12:01:00,251.64,251.68,251.605,251.61,19279
2026-03-18 12:02:00,251.63,251.67,251.61,251.64,40557
2026-03-18 12:03:00,251.635,251.8508,251.635,251.7979,25106
2026-03-18 12:04:00,251.79,251.84,251.731,251.84,25056
2026-03-18 12:05:00,251.845,251.845,251.5893,251.64,28179
2026-03-18 12:06:00,251.65,251.79,251.64,251.77,44501
2026-03-18 12:07:00,251.78,251.83,251.615,251.63,36183
2026-03-18 12:08:00,251.62,251.66,251.52,251.61,46403
2026-03-18 12:09:00,251.6,251.605,251.52,251.56,23310
2026-03-18 12:10:00,251.56,251.59,251.46,251.5499,37763
2026-03-18 12:11:00,251.53,251.604,251.47,251.51,31646
2026-03-18 12:12:00,251.54,251.66,251.535,251.638,27353
2026-03-18 12:13:00,251.64,251.73,251.58,251.725,32055
2026-03-18 12:14:00,251.716,251.89,251.66,251.87,30600
2026-03-18 12:15:00,251.85,251.905,251.75,251.78,29915
2026-03-18 12:16:00,251.8199,251.92,251.68,251.91,29187
2026-03-18 12:17:00,251.9,252,251.8801,251.9,35740
2026-03-18 12:18:00,251.91,251.92,251.86,251.86,13696
2026-03-18 12:19:00,251.88,251.91,251.84,251.91,11892
2026-03-18 12:20:00,251.93,251.99,251.7549,251.765,31393
2026-03-18 12:21:00,251.75,251.77,251.6,251.6215,36560
2026-03-18 12:22:00,251.63,251.755,251.55,251.71,52241
2026-03-18 12:23:00,251.715,251.85,251.7021,251.83,27863
2026-03-18 12:24:00,251.83,251.92,251.74,251.74,30276
2026-03-18 12:25:00,251.76,251.82,251.69,251.73,11597
2026-03-18 12:26:00,251.72,251.755,251.67,251.67,8099
2026-03-18 12:27:00,251.66,251.71,251.59,251.6,16064
2026-03-18 12:28:00,251.61,251.67,251.51,251.5594,35864
2026-03-18 12:29:00,251.579,251.67,251.55,251.5701,20027
2026-03-18 12:30:00,251.575,251.59,251.375,251.4,57515
2026-03-18 12:31:00,251.41,251.52,251.36,251.39,23416
2026-03-18 12:32:00,251.39,251.39,251.15,251.29,66297
2026-03-18 12:33:00,251.245,251.27,250.8,250.93,112568
2026-03-18 12:34:00,250.94,250.98,250.77,250.89,97710
2026-03-18 12:35:00,250.87,250.87,250.7,250.7899,56451
2026-03-18 12:36:00,250.78,251.105,250.78,251.04,57699
2026-03-18 12:37:00,251.045,251.15,251,251.06,40996
2026-03-18 12:38:00,251.08,251.08,250.94,251.0446,33732
2026-03-18 12:39:00,251.035,251.22,251,251.19,21099
2026-03-18 12:40:00,251.175,251.175,251.01,251.03,18362
2026-03-18 12:41:00,251.0699,251.15,251.01,251.06,24176
2026-03-18 12:42:00,251.07,251.14,251.01,251.05,14369
2026-03-18 12:43:00,251.02,251.04,250.975,251,21847
2026-03-18 12:44:00,250.98,251,250.91,250.93,27202
2026-03-18 12:45:00,250.96,250.96,250.7801,250.8424,39675
2026-03-18 12:46:00,250.85,250.85,250.71,250.7501,24424
2026-03-18 12:47:00,250.78,250.8,250.7,250.755,20253
2026-03-18 12:48:00,250.77,250.88,250.77,250.82,16315
2026-03-18 12:49:00,250.85,251,250.8499,250.96,15327
2026-03-18 12:50:00,250.95,250.97,250.89,250.94,16713
2026-03-18 12:51:00,250.94,251.09,250.93,251.09,25921
2026-03-18 12:52:00,251.075,251.16,251.025,251.14,13301
2026-03-18 12:53:00,251.12,251.26,251.045,251.2446,44524
2026-03-18 12:54:00,251.25,251.26,251.045,251.045,16092
2026-03-18 12:55:00,251.05,251.15,251.001,251.09,15996
2026-03-18 12:56:00,251.1,251.13,251.0053,251.12,9897
2026-03-18 12:57:00,251.135,251.16,251.08,251.08,13480
2026-03-18 12:58:00,251.09,251.16,251.05,251.05,8489
2026-03-18 12:59:00,251.05,251.07,250.93,250.97,27760
2026-03-18 13:00:00,250.95,251,250.9,250.91,19399
2026-03-18 13:01:00,250.915,250.92,250.51,250.53,41607
2026-03-18 13:02:00,250.54,250.66,250.54,250.66,20070
2026-03-18 13:03:00,250.69,250.75,250.6601,250.7,18903
2026-03-18 13:04:00,250.68,250.84,250.66,250.81,10769
2026-03-18 13:05:00,250.8,250.86,250.74,250.74,11461
2026-03-18 13:06:00,250.73,250.79,250.6504,250.78,10116
2026-03-18 13:07:00,250.81,250.85,250.77,250.85,12191
2026-03-18 13:08:00,250.855,250.87,250.66,250.67,19449
2026-03-18 13:09:00,250.68,250.69,250.53,250.57,11335
2026-03-18 13:10:00,250.57,250.64,250.56,250.61,17728
2026-03-18 13:11:00,250.615,250.615,250.43,250.43,23327
2026-03-18 13:12:00,250.45,250.52,250.39,250.51,37157
2026-03-18 13:13:00,250.52,250.5799,250.4601,250.505,21567
2026-03-18 13:14:00,250.5005,250.55,250.48,250.48,10175
2026-03-18 13:15:00,250.49,250.5497,250.45,250.48,21754
2026-03-18 13:16:00,250.49,250.56,250.43,250.48,20143
2026-03-18 13:17:00,250.49,250.63,250.4893,250.58,28284
2026-03-18 13:18:00,250.585,250.702,250.58,250.665,27369
2026-03-18 13:19:00,250.66,250.736,250.66,250.67,14186
2026-03-18 13:20:00,250.68,250.73,250.63,250.64,15485
2026-03-18 13:21:00,250.62,250.72,250.62,250.6601,16970
2026-03-18 13:22:00,250.65,250.7,250.64,250.655,10346
2026-03-18 13:23:00,250.66,250.78,250.65,250.78,15288
2026-03-18 13:24:00,250.77,250.9299,250.77,250.885,36796
2026-03-18 13:25:00,250.89,250.89,250.8112,250.86,17546
2026-03-18 13:26:00,250.88,250.88,250.76,250.815,12665
2026-03-18 13:27:00,250.83,250.86,250.79,250.8301,10586
2026-03-18 13:28:00,250.835,250.85,250.79,250.8,11624
2026-03-18 13:29:00,250.82,250.86,250.765,250.805,19721
2026-03-18 13:30:00,250.8,250.8,250.59,250.6,27155
2026-03-18 13:31:00,250.6,250.66,250.53,250.615,18820
2026-03-18 13:32:00,250.68,250.79,250.68,250.785,12623
2026-03-18 13:33:00,250.77,250.77,250.715,250.73,6958
2026-03-18 13:34:00,250.745,250.862,250.7399,250.81,17074
2026-03-18 13:35:00,250.83,250.92,250.81,250.89,22173
2026-03-18 13:36:00,250.88,250.92,250.8,250.915,18550
2026-03-18 13:37:00,250.93,250.95,250.81,250.858,30260
2026-03-18 13:38:00,250.865,250.91,250.8402,250.89,13787
2026-03-18 13:39:00,250.86,250.987,250.85,250.97,22389
2026-03-18 13:40:00,250.97,250.99,250.92,250.9301,16859
2026-03-18 13:41:00,250.94,250.9799,250.88,250.95,27291
2026-03-18 13:42:00,250.9293,250.9293,250.81,250.82,7642
2026-03-18 13:43:00,250.84,250.84,250.76,250.83,13303
2026-03-18 13:44:00,250.84,250.93,250.835,250.845,14284
2026-03-18 13:45:00,250.86,251.06,250.815,251.0375,19845
2026-03-18 13:46:00,251.04,251.22,251.03,251.185,38045
2026-03-18 13:47:00,251.188,251.21,251.0111,251.02,19082
2026-03-18 13:48:00,251.01,251.01,250.79,250.96,31137
2026-03-18 13:49:00,250.985,250.985,250.88,250.89,13343
2026-03-18 13:50:00,250.88,250.92,250.85,250.89,14886
2026-03-18 13:51:00,250.9,251.17,250.9,251.17,37519
2026-03-18 13:52:00,251.17,251.2291,251.11,251.1799,24549
2026-03-18 13:53:00,251.17,251.18,251.12,251.135,9702
2026-03-18 13:54:00,251.14,251.27,251.14,251.25,42488
2026-03-18 13:55:00,251.28,251.33,251.275,251.295,34626
2026-03-18 13:56:00,251.28,251.365,251.23,251.3,53462
2026-03-18 13:57:00,251.3001,251.3699,251.28,251.325,13844
2026-03-18 13:58:00,251.34,251.41,251.33,251.37,36196
2026-03-18 13:59:00,251.36,251.37,251.235,251.335,44467
2026-03-18 14:00:00,251.335,251.68,251.33,251.53,64031
2026-03-18 14:01:00,251.5,251.63,251.34,251.4,39834
2026-03-18 14:02:00,251.385,251.44,251.2,251.3,42659
2026-03-18 14:03:00,251.31,251.3299,251.15,251.32,54254
2026-03-18 14:04:00,251.28,251.52,251.23,251.3701,36886
2026-03-18 14:05:00,251.37,251.395,251.26,251.32,60572
2026-03-18 14:06:00,251.29,251.405,251.29,251.34,17622
2026-03-18 14:07:00,251.35,251.51,251.35,251.44,18238
2026-03-18 14:08:00,251.445,251.46,251.2801,251.309,23559
2026-03-18 14:09:00,251.3,251.3,251.1,251.15,23100
2026-03-18 14:10:00,251.15,251.32,251.15,251.2399,46145
2026-03-18 14:11:00,251.24,251.32,251.235,251.2701,11682
2026-03-18 14:12:00,251.235,251.32,251.17,251.3,16535
2026-03-18 14:13:00,251.31,251.36,251.27,251.36,10515
2026-03-18 14:14:00,251.37,251.3713,251.23,251.3,17786
2026-03-18 14:15:00,251.3,251.3,250.9,250.925,58088
2026-03-18 14:16:00,250.935,251.1,250.87,250.87,22098
2026-03-18 14:17:00,250.88,251.085,250.78,250.78,28539
2026-03-18 14:18:00,250.77,250.82,250.73,250.74,21989
2026-03-18 14:19:00,250.7499,250.85,250.74,250.78,35570
2026-03-18 14:20:00,250.77,250.94,250.77,250.85,14259
2026-03-18 14:21:00,250.84,250.925,250.799,250.83,26682
2026-03-18 14:22:00,250.83,250.895,250.77,250.88,15539
2026-03-18 14:23:00,250.87,250.9199,250.8442,250.89,8949
2026-03-18 14:24:00,250.9,250.92,250.7912,250.91,14829
2026-03-18 14:25:00,250.93,251,250.8701,250.91,24525
2026-03-18 14:26:00,250.92,250.97,250.825,250.868,23933
2026-03-18 14:27:00,250.84,250.9099,250.8,250.825,21912
2026-03-18 14:28:00,250.87,250.96,250.84,250.96,15381
2026-03-18 14:29:00,250.97,251,250.914,250.96,18683
2026-03-18 14:30:00,250.94,250.945,250.84,250.94,36802
2026-03-18 14:31:00,250.93,250.93,250.56,250.565,21321
2026-03-18 14:32:00,250.58,250.62,250.36,250.4,39092
2026-03-18 14:33:00,250.41,250.45,250.29,250.29,35521
2026-03-18 14:34:00,250.31,250.39,250.12,250.15,50314
2026-03-18 14:35:00,250.16,250.39,250.073,250.32,36426
2026-03-18 14:36:00,250.365,250.59,250.335,250.585,39886
2026-03-18 14:37:00,250.61,250.79,250.34,250.38,50793
2026-03-18 14:38:00,250.365,250.43,250.21,250.275,25225
2026-03-18 14:39:00,250.27,250.37,250.12,250.12,30670
2026-03-18 14:40:00,250.14,250.2099,249.97,250.12,90293
2026-03-18 14:41:00,250.14,250.34,250.12,250.15,21367
2026-03-18 14:42:00,250.16,250.43,250.16,250.36,23245
2026-03-18 14:43:00,250.345,250.53,250.34,250.445,37093
2026-03-18 14:44:00,250.445,250.47,250.3501,250.39,17725
2026-03-18 14:45:00,250.39,250.4499,250.31,250.3828,15249
2026-03-18 14:46:00,250.4,250.41,250.238,250.33,22180
2026-03-18 14:47:00,250.31,250.36,250.2,250.21,13805
2026-03-18 14:48:00,250.22,250.32,250.19,250.28,22268
2026-03-18 14:49:00,250.28,250.36,250.26,250.35,23157
2026-03-18 14:50:00,250.34,250.37,250.13,250.17,25533
2026-03-18 14:51:00,250.18,250.28,250.11,250.1998,31053
2026-03-18 14:52:00,250.18,250.22,250.035,250.04,23426
2026-03-18 14:53:00,250.06,250.16,249.98,250.02,31621
2026-03-18 14:54:00,250.04,250.09,249.92,250.01,28656
2026-03-18 14:55:00,250,250.24,249.96,250.13,34539
2026-03-18 14:56:00,250.13,250.22,249.99,250.1,31432
2026-03-18 14:57:00,250.12,250.2,250.07,250.08,8892
2026-03-18 14:58:00,250.09,250.1123,249.91,249.985,21665
2026-03-18 14:59:00,249.99,250.008,249.87,249.88,28648
2026-03-18 15:00:00,249.88,250,249.775,249.94,62015
2026-03-18 15:01:00,249.93,249.9699,249.795,249.81,44383
2026-03-18 15:02:00,249.81,249.98,249.78,249.9799,33573
2026-03-18 15:03:00,249.9899,250.2399,249.97,250.215,38108
2026-03-18 15:04:00,250.21,250.38,250.17,250.37,27397
2026-03-18 15:05:00,250.39,250.3975,250.25,250.29,49046
2026-03-18 15:06:00,250.29,250.3899,250.27,250.35,25493
2026-03-18 15:07:00,250.3499,250.3499,250.2,250.21,27778
2026-03-18 15:08:00,250.23,250.53,250.2276,250.35,33311
2026-03-18 15:09:00,250.345,250.51,250.285,250.47,45708
2026-03-18 15:10:00,250.43,250.43,250.24,250.24,23389
2026-03-18 15:11:00,250.252,250.275,250.14,250.15,21153
2026-03-18 15:12:00,250.17,250.25,250.12,250.1499,18302
2026-03-18 15:13:00,250.158,250.3099,250.15,250.265,20131
2026-03-18 15:14:00,250.26,250.31,250.18,250.18,13326
2026-03-18 15:15:00,250.1699,250.245,250.1,250.12,29091
2026-03-18 15:16:00,250.1299,250.14,249.93,249.95,42688
2026-03-18 15:17:00,249.95,250.0299,249.88,249.88,26972
2026-03-18 15:18:00,249.8801,250.04,249.8801,250.018,28056
2026-03-18 15:19:00,250.03,250.065,249.9,249.9,21708
2026-03-18 15:20:00,249.9,249.99,249.86,249.98,24566
2026-03-18 15:21:00,249.98,249.98,249.8101,249.88,25357
2026-03-18 15:22:00,249.88,249.97,249.72,249.75,48863
2026-03-18 15:23:00,249.75,249.76,249.61,249.71,29157
2026-03-18 15:24:00,249.7,249.78,249.65,249.725,25422
2026-03-18 15:25:00,249.75,249.855,249.73,249.76,28713
2026-03-18 15:26:00,249.77,249.87,249.705,249.705,33919
2026-03-18 15:27:00,249.71,249.795,249.7,249.78,25377
2026-03-18 15:28:00,249.76,249.8597,249.755,249.84,39364
2026-03-18 15:29:00,249.84,249.85,249.64,249.69,40084
2026-03-18 15:30:00,249.694,249.8599,249.694,249.81,46782
2026-03-18 15:31:00,249.82,249.82,249.7,249.74,37690
2026-03-18 15:32:00,249.76,249.784,249.595,249.76,35063
2026-03-18 15:33:00,249.76,249.8399,249.62,249.64,20518
2026-03-18 15:34:00,249.645,249.84,249.6101,249.785,30377
2026-03-18 15:35:00,249.79,249.8,249.67,249.67,33199
2026-03-18 15:36:00,249.7,249.7373,249.65,249.665,24259
2026-03-18 15:37:00,249.65,249.69,249.525,249.53,29701
2026-03-18 15:38:00,249.53,249.59,249.4101,249.52,52589
2026-03-18 15:39:00,249.51,249.51,249.37,249.3705,50494
2026-03-18 15:40:00,249.392,249.46,249.2801,249.31,71500
2026-03-18 15:41:00,249.315,249.37,249.23,249.235,41529
2026-03-18 15:42:00,249.245,249.336,249.16,249.29,37193
2026-03-18 15:43:00,249.29,249.33,249.13,249.1698,52375
2026-03-18 15:44:00,249.165,249.2499,249,249.18,79331
2026-03-18 15:45:00,249.18,249.257,249.095,249.22,77704
2026-03-18 15:46:00,249.218,249.268,249.11,249.12,46691
2026-03-18 15:47:00,249.13,249.28,249.07,249.205,54502
2026-03-18 15:48:00,249.21,249.38,249.16,249.34,50730
2026-03-18 15:49:00,249.332,249.41,249.3,249.32,43697
2026-03-18 15:50:00,249.33,249.51,249.305,249.38,127073
2026-03-18 15:51:00,249.38,249.42,249.2,249.28,77988
2026-03-18 15:52:00,249.27,249.49,249.23,249.41,94413
2026-03-18 15:53:00,249.43,249.7,249.425,249.66,109448
2026-03-18 15:54:00,249.67,250.18,249.53,250.1301,172472
2026-03-18 15:55:00,250.14,250.26,249.86,250.1,258105
2026-03-18 15:56:00,250.1,250.24,250.09,250.23,181716
2026-03-18 15:57:00,250.23,250.35,250.02,250.125,199801
2026-03-18 15:58:00,250.13,250.16,249.93,249.97,208254
2026-03-18 15:59:00,249.97,250.01,249.71,249.91,715199
2026-03-18 16:00:00,249.94,250.02,249.81,249.95,7949830
2026-03-18 16:01:00,250.04,250.09,249.97,250,1795
2026-03-18 16:02:00,250.08,250.09,249.94,249.97,38885
2026-03-18 16:03:00,249.95,249.95,249.93,249.93,825
2026-03-18 16:04:00,249.96,250,249.95,250,2109
2026-03-18 16:05:00,249.93,250.04,249.83,249.83,1212
2026-03-18 16:06:00,249.75,249.94,249.74,249.91,3300
2026-03-18 16:07:00,249.85,249.9057,249.85,249.9057,752
2026-03-18 16:08:00,249.85,249.88,249.85,249.85,2475
2026-03-18 16:09:00,249.8512,249.8512,249.8512,249.8512,198
2026-03-18 16:10:00,249.86,249.86,249.86,249.86,1100
2026-03-18 16:12:00,249.85,249.8995,249.85,249.8995,395
2026-03-18 16:13:00,249.7,249.7,249.62,249.62,328
2026-03-18 16:14:00,249.61,249.72,249.6,249.72,1381
2026-03-18 16:15:00,249.52,249.52,249.52,249.52,100
2026-03-18 16:16:00,249.52,249.59,249.52,249.59,1354
2026-03-18 16:17:00,249.63,249.6795,249.43,249.43,6163
2026-03-18 16:18:00,249.44,249.5,249.44,249.5,2186
2026-03-18 16:19:00,249.52,249.5209,249.46,249.5209,1113
2026-03-18 16:20:00,249.44,249.44,249.43,249.43,873
2026-03-18 16:21:00,249.55,249.55,249.55,249.55,500
2026-03-18 16:22:00,249.56,249.56,249.56,249.56,197
2026-03-18 16:23:00,249.51,249.51,249.4,249.4,1735
2026-03-18 16:24:00,249.4,249.4,249.3,249.3,613
2026-03-18 16:25:00,249.25,249.25,249.11,249.11,5630
2026-03-18 16:26:00,249.1481,249.1481,249.02,249.03,2656
2026-03-18 16:27:00,249.0292,249.1463,249,249.1463,1282
2026-03-18 16:28:00,249.1914,249.2,249.1914,249.2,1000
2026-03-18 16:29:00,249.05,249.05,249.05,249.05,155
2026-03-18 16:30:00,249.2,249.2,249.1,249.1,247
2026-03-18 16:32:00,249.22,249.22,249.21,249.21,200
2026-03-18 16:33:00,249.2,249.2001,249.2,249.2001,1950
2026-03-18 16:34:00,249.25,249.94,249.2461,249.94,20074
2026-03-18 16:35:00,249.94,249.94,249.94,249.94,42227
2026-03-18 16:36:00,249.263,249.263,249.263,249.263,200
2026-03-18 16:38:00,249.33,249.33,249.3,249.3,729
2026-03-18 16:39:00,249.3,249.3,249.3,249.3,100
2026-03-18 16:40:00,249.3,249.3,249.2714,249.2714,200
2026-03-18 16:41:00,249.34,249.34,249.34,249.34,552
2026-03-18 16:44:00,249.3,249.3,249.3,249.3,1466
2026-03-18 16:46:00,249.38,249.5,249.38,249.5,1875
2026-03-18 16:48:00,249.46,249.46,249.46,249.46,361
2026-03-18 16:49:00,249.5,249.5,249.5,249.5,717
2026-03-18 16:50:00,249.5,249.75,249.5,249.75,4048
2026-03-18 16:52:00,249.75,249.75,249.75,249.75,225
2026-03-18 16:53:00,249.69,249.7,249.41,249.7,1100
2026-03-18 16:54:00,249.41,249.57,249.41,249.57,1000
2026-03-18 16:56:00,249.55,249.55,249.54,249.54,327
2026-03-18 16:57:00,249.48,249.48,249.48,249.48,180
2026-03-18 16:58:00,249.42,249.65,249.42,249.65,2100
2026-03-18 16:59:00,249.605,249.605,249.605,249.605,400
2026-03-18 17:00:00,249.4365,249.75,249.4365,249.75,3830
2026-03-18 17:01:00,249.75,249.76,249.7065,249.76,1883
2026-03-18 17:02:00,249.8,249.8,249.8,249.8,301
2026-03-18 17:03:00,249.75,249.78,249.7,249.7,1600
2026-03-18 17:04:00,249.763,249.8522,249.763,249.8522,500
2026-03-18 17:06:00,249.85,249.86,249.84,249.86,350
2026-03-18 17:07:00,249.887,249.887,249.887,249.887,100
2026-03-18 17:08:00,249.85,249.86,249.85,249.86,225
2026-03-18 17:09:00,249.8783,249.8783,249.8783,249.8783,225
2026-03-18 17:11:00,249.89,250.1,249.89,250.1,1692
2026-03-18 17:13:00,249.8816,249.93,249.8816,249.89,1033
2026-03-18 17:14:00,249.89,249.89,249.89,249.89,100
2026-03-18 17:15:00,249.98,250,249.98,250,600
2026-03-18 17:18:00,250.0014,250.0014,250.0014,250.0014,100
2026-03-18 17:21:00,250,250,250,250,100
2026-03-18 17:22:00,250.0004,250.03,250.0004,250.03,399
2026-03-18 17:23:00,250.0275,250.0294,250,250,1672
2026-03-18 17:24:00,250,250.03,250,250.03,1144
2026-03-18 17:25:00,250.01,250.01,250.01,250.01,100
2026-03-18 17:27:00,250,250,250,250,2840
2026-03-18 17:28:00,250.0001,250.0001,250.0001,250.0001,125
2026-03-18 17:29:00,250.0004,250.0004,250.0004,250.0004,170
2026-03-18 17:31:00,250,250.0005,250,250,2160
2026-03-18 17:32:00,250,250.0047,250,250.0047,200
2026-03-18 17:35:00,250,250,250,250,1134
2026-03-18 17:37:00,250,250,250,250,2040
2026-03-18 17:39:00,250,250.2,250,250.2,4196
2026-03-18 17:40:00,250.01,250.02,250.01,250.02,350
2026-03-18 17:43:00,250.13,250.5,250.13,250.5,14384
2026-03-18 17:47:00,250.31,250.31,250.3,250.31,300
2026-03-18 17:48:00,250.3,250.3,250.3,250.3,300
2026-03-18 17:49:00,250.3005,250.3005,250.3,250.3,410
2026-03-18 17:50:00,250.3,250.3,250.2,250.2,791
2026-03-18 17:51:00,250.21,250.22,250.21,250.22,1176
2026-03-18 17:54:00,250.291,250.3,250.291,250.3,351
2026-03-18 17:55:00,250.2,250.2,250.2,250.2,923
2026-03-18 17:56:00,250.2,250.2,250.2,250.2,200
2026-03-18 17:57:00,250.3,250.3,250.2,250.2,200
2026-03-18 17:59:00,250.2,250.2,250.2,250.2,452
2026-03-18 18:00:00,250.2,250.2,250,250,1100
2026-03-18 18:01:00,250.25,250.25,249.95,249.95,1275
2026-03-18 18:03:00,249.95,250.1,249.95,250.1,200
2026-03-18 18:11:00,250.1057,250.1057,250.1057,250.1057,100
2026-03-18 18:13:00,250.05,250.05,250,250,800
2026-03-18 18:14:00,249.93,249.93,249.93,249.93,100
2026-03-18 18:18:00,250,250.07,250,250.07,300
2026-03-18 18:19:00,250,250,249.91,249.91,200
2026-03-18 18:20:00,250,250,249.9996,249.9996,1527
2026-03-18 18:21:00,249.95,249.95,249.8,249.8,1164
2026-03-18 18:22:00,249.77,249.8,249.77,249.8,1526
2026-03-18 18:25:00,249.7546,249.7546,249.7546,249.7546,136
2026-03-18 18:27:00,249.7218,249.7218,249.7218,249.7218,500
2026-03-18 18:28:00,249.9,249.9,249.9,249.9,100
2026-03-18 18:29:00,249.72,249.72,249.7,249.72,1500
2026-03-18 18:30:00,249.72,249.72,249.72,249.72,920
2026-03-18 18:31:00,249.8566,249.8566,249.8566,249.8566,100
2026-03-18 18:32:00,249.7,249.7,249.7,249.7,393
2026-03-18 18:33:00,249.69,249.69,249.69,249.69,100
2026-03-18 18:34:00,249.65,249.65,249.65,249.65,100
2026-03-18 18:35:00,249.54,249.54,249.54,249.54,686
2026-03-18 18:42:00,249.65,249.65,249.65,249.65,100
2026-03-18 18:43:00,249.7,249.7,249.7,249.7,1324
2026-03-18 18:49:00,249.8016,249.8016,249.8016,249.8016,100
2026-03-18 18:51:00,250.02,250.02,250.02,250.02,100
2026-03-18 18:52:00,249.9,249.9,249.9,249.9,100
2026-03-18 18:55:00,249.9,249.95,249.9,249.95,1377
2026-03-18 18:57:00,249.96,249.96,249.96,249.96,100
2026-03-18 18:58:00,250,250,250,250,158
2026-03-18 18:59:00,250.0553,250.0553,250.0553,250.0553,100
2026-03-18 19:01:00,249.92,249.92,249.92,249.92,200
2026-03-18 19:03:00,250.02,250.02,250,250,349
2026-03-18 19:10:00,250.1,250.1,250.1,250.1,877
2026-03-18 19:12:00,250.0814,250.0954,250.0814,250.0954,215
2026-03-18 19:18:00,250.06,250.06,250.01,250.01,700
2026-03-18 19:22:00,250.06,250.06,250.06,250.06,500
2026-03-18 19:23:00,250.09,250.09,250.07,250.07,571
2026-03-18 19:26:00,250.08,250.08,250.08,250.08,105
2026-03-18 19:27:00,250.08,250.08,250.08,250.08,208
2026-03-18 19:28:00,250.08,250.08,250.06,250.06,463
2026-03-18 19:29:00,250.06,250.08,250.06,250.08,1039
2026-03-18 19:32:00,250.08,250.09,250.08,250.08,2701
2026-03-18 19:33:00,250.08,250.08,250.08,250.08,150
2026-03-18 19:37:00,250.08,250.08,250.08,250.08,259
2026-03-18 19:39:00,250.25,250.25,250.25,250.25,321
2026-03-18 19:41:00,250.1374,250.3,250.1374,250.3,2062
2026-03-18 19:42:00,250.38,250.38,250.38,250.38,684
2026-03-18 19:45:00,250.08,250.19,250,250.19,517
2026-03-18 19:48:00,250.05,250.1542,250.05,250.1542,500
2026-03-18 19:49:00,250.05,250.05,250.05,250.05,128
2026-03-18 19:50:00,250,250,250,250,580
2026-03-18 19:51:00,250.0203,250.0203,249.9,249.9,780
2026-03-18 19:57:00,250,250.01,250,250.01,200
2026-03-18 19:58:00,249.8637,249.99,249.8637,249.99,480
2026-03-19 04:00:00,249.9,249.9,249.68,249.68,400
2026-03-19 04:04:00,249.46,249.46,249.4,249.4,212
2026-03-19 04:05:00,249.41,249.41,249.41,249.41,250
2026-03-19 04:08:00,249.7,249.7,249.7,249.7,368
2026-03-19 04:14:00,249.72,249.72,249.72,249.72,100
2026-03-19 04:22:00,249.73,249.73,249.73,249.73,114
2026-03-19 04:24:00,249.59,249.59,249.59,249.59,155
2026-03-19 04:26:00,249.55,249.55,249.42,249.42,418
2026-03-19 04:34:00,249.5,249.5,249.5,249.5,733
2026-03-19 04:35:00,249.52,249.52,249.49,249.51,697
2026-03-19 04:40:00,249.48,249.48,249.47,249.47,300
2026-03-19 04:42:00,249.62,249.62,249.46,249.47,399
2026-03-19 04:44:00,249.5,249.5,249.5,249.5,100
2026-03-19 04:49:00,249.51,249.52,249.51,249.52,349
2026-03-19 04:51:00,249.7,249.77,249.69,249.77,822
2026-03-19 04:52:00,249.78,249.83,249.78,249.83,223
2026-03-19 04:53:00,250,250.27,250,250.27,324
2026-03-19 05:00:00,250.2,250.29,250.2,250.28,1307
2026-03-19 05:01:00,250.3,250.63,250.3,250.58,2570
2026-03-19 05:02:00,250.07,250.07,250.07,250.07,190
2026-03-19 05:07:00,250.51,250.51,250.51,250.51,299
2026-03-19 05:17:00,250.48,250.5,250.27,250.36,989
2026-03-19 05:20:00,250.4,250.51,250.4,250.51,532
2026-03-19 05:23:00,250.63,250.65,250.63,250.63,1329
2026-03-19 05:25:00,250.38,250.38,250.28,250.37,879
2026-03-19 05:26:00,250.27,250.27,250.01,250.01,340
2026-03-19 05:29:00,250.11,250.11,250.11,250.11,107
2026-03-19 05:30:00,250.23,250.23,250.22,250.22,300
2026-03-19 05:32:00,250.48,250.48,250.48,250.48,164
2026-03-19 05:33:00,250.5,250.52,250.5,250.51,1420
2026-03-19 05:39:00,250.5,250.5,250.5,250.5,2266
2026-03-19 05:40:00,250.45,250.6,250.45,250.6,2913
2026-03-19 05:41:00,250.75,250.75,250.75,250.75,969
2026-03-19 05:42:00,250.65,250.65,250.65,250.65,469
2026-03-19 05:46:00,250.59,250.87,250.58,250.87,1308
2026-03-19 05:47:00,250.88,250.88,250.88,250.88,550
2026-03-19 05:48:00,250.9,250.9,250.9,250.9,194
2026-03-19 05:49:00,250.78,250.97,250.62,250.97,2048
2026-03-19 05:50:00,251,251.25,251,251.25,1234
2026-03-19 05:51:00,251.3,251.3,251.3,251.3,100
2026-03-19 05:53:00,251.3,251.3,251.3,251.3,500
2026-03-19 05:55:00,251.32,251.5,251.3,251.5,309
2026-03-19 05:57:00,251.5,251.5,251.5,251.5,177
2026-03-19 05:59:00,251.52,251.52,251.52,251.52,300
2026-03-19 06:00:00,251.52,251.52,251.52,251.52,100
2026-03-19 06:02:00,251.67,251.67,251.67,251.67,159
2026-03-19 06:03:00,251.62,251.62,251.62,251.62,294
2026-03-19 06:24:00,251.04,251.04,250.81,251.03,1315
2026-03-19 06:29:00,251.23,251.29,251.23,251.29,1259
2026-03-19 06:30:00,251.29,251.29,251.29,251.29,381
2026-03-19 06:36:00,251.4,251.4,251.3,251.3,973
2026-03-19 06:42:00,251.17,251.17,251.17,251.17,191
2026-03-19 06:44:00,251.09,251.09,251.09,251.09,125
2026-03-19 06:48:00,251.11,251.11,251.11,251.11,100
2026-03-19 06:50:00,251.3,251.3,251.3,251.3,605
2026-03-19 06:52:00,251.13,251.13,251.13,251.13,691
2026-03-19 06:57:00,251.15,251.15,251.09,251.09,750
2026-03-19 07:00:00,250.81,250.81,250.81,250.81,100
2026-03-19 07:02:00,251.13,251.13,251.13,251.13,300
2026-03-19 07:04:00,250.89,250.89,250.89,250.89,400
2026-03-19 07:06:00,251.1,251.1,251.1,251.1,400
2026-03-19 07:07:00,250.84,250.84,250.84,250.84,500
2026-03-19 07:10:00,251,251,250.88,250.88,830
2026-03-19 07:12:00,251.23,251.23,251.23,251.23,400
2026-03-19 07:13:00,251.23,251.23,251.23,251.23,100
2026-03-19 07:18:00,251.08,251.22,251.08,251.22,1477
2026-03-19 07:19:00,251.15,251.15,251.15,251.15,100
2026-03-19 07:23:00,251.02,251.03,251.01,251.03,450
2026-03-19 07:24:00,251.03,251.03,251.03,251.03,302
2026-03-19 07:25:00,250.92,250.92,250.84,250.84,1163
2026-03-19 07:26:00,250.69,250.69,250.69,250.69,301
2026-03-19 07:27:00,250.71,250.8,250.71,250.8,800
2026-03-19 07:28:00,250.78,250.78,250.67,250.67,200
2026-03-19 07:30:00,250.92,250.92,250.92,250.92,693
2026-03-19 07:34:00,250.87,250.87,250.7,250.7,1114
2026-03-19 07:35:00,250.65,250.65,250.65,250.65,870
2026-03-19 07:37:00,250.7,250.7,250.7,250.7,100
2026-03-19 07:38:00,250.8,250.8,250.8,250.8,328
2026-03-19 07:40:00,250.8,250.8,250.8,250.8,100
2026-03-19 07:41:00,250.7,250.7,250.69,250.7,573
2026-03-19 07:42:00,250.63,250.63,250.5,250.5,2128
2026-03-19 07:44:00,250.4,250.4,250.4,250.4,900
2026-03-19 07:45:00,250.51,250.51,250.51,250.51,140
2026-03-19 07:47:00,250.47,250.57,250.47,250.57,360
2026-03-19 07:48:00,250.47,250.5,250.38,250.5,2009
2026-03-19 07:50:00,250.46,250.56,250.46,250.56,650
2026-03-19 07:51:00,250.65,250.65,250.65,250.65,100
2026-03-19 07:52:00,250.82,251,250.81,251,3684
2026-03-19 07:53:00,251.01,251.17,251.01,251.17,1400
2026-03-19 07:54:00,251.18,251.19,251.18,251.19,300
2026-03-19 07:55:00,251.23,251.23,251.22,251.22,320
2026-03-19 07:56:00,251.11,251.14,251.11,251.14,309
2026-03-19 07:57:00,251.11,251.11,251.11,251.11,121
2026-03-19 07:58:00,251.2,251.2,251.2,251.2,104
2026-03-19 08:00:00,249.87,251.7,249.2,249.7,34989
2026-03-19 08:01:00,249.43,251.0993,249.12,250.71,3089
2026-03-19 08:02:00,250.71,250.77,249.35,250.7,1603
2026-03-19 08:04:00,250.61,250.61,250.61,250.61,500
2026-03-19 08:05:00,250.81,250.81,250.81,250.81,200
2026-03-19 08:06:00,250.3093,251,250.3093,251,1142
2026-03-19 08:07:00,250.99,251.27,250.99,251.27,1392
2026-03-19 08:08:00,251.3,251.3,251.1558,251.2,500
2026-03-19 08:09:00,250.72,251.19,250.72,251.19,2542
2026-03-19 08:11:00,251.1,251.3,251.1,251.3,830
2026-03-19 08:12:00,251.12,251.12,251.02,251.04,2069
2026-03-19 08:13:00,251.25,251.25,251.25,251.25,200
2026-03-19 08:14:00,251.02,251.1266,251.02,251.1266,1567
2026-03-19 08:15:00,251.09,251.09,251.09,251.09,100
2026-03-19 08:16:00,251.15,251.15,250.772,250.9,1260
2026-03-19 08:17:00,250.7784,250.87,250.7784,250.87,275
2026-03-19 08:19:00,250.85,250.85,250.85,250.85,200
2026-03-19 08:20:00,250.9,250.9,250.84,250.84,1572
2026-03-19 08:21:00,250.85,250.9,250.85,250.9,800
2026-03-19 08:22:00,250.89,250.9891,250.89,250.9891,200
2026-03-19 08:23:00,250.8,250.8,250.8,250.8,100
2026-03-19 08:24:00,250.7321,250.7321,250.7321,250.7321,100
2026-03-19 08:25:00,250.8,250.88,250.8,250.88,300
2026-03-19 08:26:00,250.71,250.795,250.67,250.67,868
2026-03-19 08:27:00,250.41,250.49,250.41,250.49,301
2026-03-19 08:28:00,250.362,250.41,250.3248,250.3248,600
2026-03-19 08:29:00,250.4,250.4,250.3852,250.3852,200
2026-03-19 08:30:00,250.39,250.39,250.01,250.03,3999
2026-03-19 08:31:00,250.1281,250.54,250.11,250.11,584
2026-03-19 08:32:00,250.1075,250.1075,250,250,200
2026-03-19 08:33:00,250.54,250.54,250.47,250.47,853
2026-03-19 08:34:00,250.2066,250.4,250.2066,250.25,575
2026-03-19 08:35:00,250.4,250.48,250.2,250.2,499
2026-03-19 08:36:00,250.2001,250.2001,250.2001,250.2001,110
2026-03-19 08:37:00,250.4999,250.4999,250.2,250.35,700
2026-03-19 08:38:00,250.34,250.34,250.31,250.31,200
2026-03-19 08:39:00,250.22,250.22,250.22,250.22,100
2026-03-19 08:41:00,250.0451,250.11,249.9,249.9,8721
2026-03-19 08:42:00,250.01,250.12,250,250,1100
2026-03-19 08:43:00,250,250.06,250,250.04,1650
2026-03-19 08:44:00,250.246,250.246,250,250.17,2705
2026-03-19 08:45:00,250.19,250.2,250.02,250.08,1689
2026-03-19 08:46:00,250.0685,250.0685,250.0685,250.0685,100
2026-03-19 08:47:00,250,250.31,250,250.31,6033
2026-03-19 08:48:00,250.48,250.58,250.32,250.32,2758
2026-03-19 08:49:00,250.4605,250.4605,250.3,250.3,1376
2026-03-19 08:50:00,250.31,250.31,250.3,250.3,712
2026-03-19 08:51:00,250.1,250.17,250.02,250.02,1100
2026-03-19 08:52:00,250.04,250.04,249.98,249.98,300
2026-03-19 08:53:00,250,250,249.85,249.85,1576
2026-03-19 08:54:00,250,250.18,250,250.18,3988
2026-03-19 08:55:00,250.06,250.06,250,250.01,720
2026-03-19 08:56:00,250.0804,250.0804,249.95,249.95,2543
2026-03-19 08:57:00,250.0246,250.0246,249.8,250.02,820
2026-03-19 08:58:00,250,250,250,250,400
2026-03-19 09:00:00,249.9059,250,249.9,249.9,1218
2026-03-19 09:02:00,249.88,249.98,249.88,249.98,283
2026-03-19 09:03:00,249.85,249.85,249.84,249.84,221
2026-03-19 09:04:00,249.9,250,249.8204,250,915
2026-03-19 09:05:00,249.901,250,249.901,249.99,1019
2026-03-19 09:06:00,249.96,249.96,249.89,249.89,886
2026-03-19 09:07:00,249.9,249.9,249.62,249.75,2450
2026-03-19 09:08:00,249.67,249.9,249.67,249.67,1376
2026-03-19 09:09:00,249.83,249.9,249.83,249.9,200
2026-03-19 09:10:00,249.86,249.86,249.7,249.7,1199
2026-03-19 09:11:00,249.713,249.713,249.7,249.7,668
2026-03-19 09:12:00,249.8,249.8,249.56,249.6,614
2026-03-19 09:13:00,249.57,249.8836,249.51,249.8836,2784
2026-03-19 09:14:00,249.78,249.78,249.37,249.77,800
2026-03-19 09:15:00,249.5,249.86,249.5,249.8,3377
2026-03-19 09:16:00,249.4485,249.85,249.4485,249.84,1872
2026-03-19 09:17:00,249.96,250.14,249.86,250.14,2607
2026-03-19 09:18:00,250.05,250.05,249.6,249.75,11610
2026-03-19 09:19:00,249.75,249.75,249.73,249.75,1946
2026-03-19 09:20:00,249.75,249.99,249.4,249.57,6798
2026-03-19 09:21:00,249.57,250.2,249.43,249.75,6898
2026-03-19 09:22:00,249.6,249.75,249.6,249.75,400
2026-03-19 09:23:00,249.585,249.95,249.37,249.5,2332
2026-03-19 09:24:00,249.37,249.6481,249.3,249.6481,2954
2026-03-19 09:25:00,249.55,249.95,249.54,249.67,9538
2026-03-19 09:26:00,249.819,249.86,249.4,249.5499,2929
2026-03-19 09:27:00,249.55,249.94,249,249.08,10217
2026-03-19 09:28:00,248.71,249.95,248.71,249.36,16698
2026-03-19 09:29:00,249.77,249.92,249.24,249.26,14760
2026-03-19 09:30:00,249.4,249.48,247.3,248.32,1000250
2026-03-19 09:31:00,248.35,248.6,247.97,248.56,156191
2026-03-19 09:32:00,248.615,249.21,248.12,248.13,99518
2026-03-19 09:33:00,248.1,248.86,248.025,248.59,85100
2026-03-19 09:34:00,248.6299,248.85,248.57,248.79,98825
2026-03-19 09:35:00,248.74,248.98,248.58,248.615,99547
2026-03-19 09:36:00,248.62,248.855,248.4,248.61,80178
2026-03-19 09:37:00,248.605,249.1,248.41,249.1,72754
2026-03-19 09:38:00,249.095,249.73,248.9501,249.625,97012
2026-03-19 09:39:00,249.625,249.66,249.07,249.07,94610
2026-03-19 09:40:00,249.11,249.51,248.99,249.17,86303
2026-03-19 09:41:00,249.2,249.94,249.17,249.94,93717
2026-03-19 09:42:00,249.93,250.18,249.75,250.145,201626
2026-03-19 09:43:00,250.145,250.35,249.93,250.35,60936
2026-03-19 09:44:00,250.37,250.7,250.28,250.4882,76430
2026-03-19 09:45:00,250.47,250.93,250.47,250.92,140404
2026-03-19 09:46:00,250.94,251.02,250.52,250.52,82204
2026-03-19 09:47:00,250.52,250.82,250.345,250.67,105279
2026-03-19 09:48:00,250.71,251,250.7,250.765,59536
2026-03-19 09:49:00,250.78,251.505,250.74,251.465,94471
2026-03-19 09:50:00,251.45,251.69,251.36,251.6,119976
2026-03-19 09:51:00,251.6,251.63,251.18,251.6123,114918
2026-03-19 09:52:00,251.63,251.73,251.32,251.68,104638
2026-03-19 09:53:00,251.71,251.83,251.5174,251.63,171325
2026-03-19 09:54:00,251.64,251.65,251.11,251.4,96245
2026-03-19 09:55:00,251.41,251.41,250.8906,250.906,74356
2026-03-19 09:56:00,250.91,251.13,250.9,251.08,57062
2026-03-19 09:57:00,251.06,251.06,250.74,250.835,59259
2026-03-19 09:58:00,250.85,250.9111,250.74,250.805,37770
2026-03-19 09:59:00,250.79,250.81,250.59,250.7801,47653
2026-03-19 10:00:00,250.8,251.1791,250.65,251.08,93992
2026-03-19 10:01:00,251.1,251.1,250.84,250.92,37601
2026-03-19 10:02:00,250.94,250.98,250.45,250.62,53983
2026-03-19 10:03:00,250.64,250.72,250.51,250.55,36471
2026-03-19 10:04:00,250.54,250.5599,250.2,250.27,50007
2026-03-19 10:05:00,250.28,250.65,250.27,250.515,53401
2026-03-19 10:06:00,250.515,250.74,250.36,250.57,46655
2026-03-19 10:07:00,250.56,250.72,250.41,250.56,61169
2026-03-19 10:08:00,250.545,250.64,250.32,250.49,48568
2026-03-19 10:09:00,250.47,250.66,250.38,250.562,28559
2026-03-19 10:10:00,250.57,250.9,250.56,250.71,46051
2026-03-19 10:11:00,250.75,251.07,250.72,250.96,59778
2026-03-19 10:12:00,250.96,251.14,250.85,250.98,55814
2026-03-19 10:13:00,250.98,251.01,250.47,250.5399,47825
2026-03-19 10:14:00,250.53,250.89,250.51,250.715,40082
2026-03-19 10:15:00,250.71,250.77,250.61,250.73,48329
2026-03-19 10:16:00,250.745,250.82,250.32,250.43,39909
2026-03-19 10:17:00,250.44,250.63,250.35,250.45,36338
2026-03-19 10:18:00,250.45,250.61,250.25,250.36,30693
2026-03-19 10:19:00,250.33,250.42,250.24,250.36,35125
2026-03-19 10:20:00,250.36,250.61,250.34,250.52,46067
2026-03-19 10:21:00,250.515,250.6,250.14,250.18,61193
2026-03-19 10:22:00,250.19,250.29,250.1,250.12,35292
2026-03-19 10:23:00,250.14,250.44,250.09,250.39,40135
2026-03-19 10:24:00,250.44,250.49,250.25,250.43,22201
2026-03-19 10:25:00,250.38,250.41,250.15,250.22,27509
2026-03-19 10:26:00,250.215,250.32,250.11,250.13,34991
2026-03-19 10:27:00,250.14,250.22,249.94,249.985,36927
2026-03-19 10:28:00,249.99,250.06,249.74,249.76,49721
2026-03-19 10:29:00,249.75,249.87,249.665,249.8,37832
2026-03-19 10:30:00,249.82,249.98,249.795,249.8401,43483
2026-03-19 10:31:00,249.87,250.14,249.85,250.14,40486
2026-03-19 10:32:00,250.14,250.41,250.14,250.36,46025
2026-03-19 10:33:00,250.35,250.45,250.215,250.42,39543
2026-03-19 10:34:00,250.42,250.57,250.275,250.49,64628
2026-03-19 10:35:00,250.502,250.71,250.435,250.7,42244
2026-03-19 10:36:00,250.69,250.69,250.45,250.55,29547
2026-03-19 10:37:00,250.555,250.57,250.25,250.25,59932
2026-03-19 10:38:00,250.25,250.25,249.83,249.84,33189
2026-03-19 10:39:00,249.82,249.88,249.68,249.8451,32772
2026-03-19 10:40:00,249.855,250.09,249.83,250.05,26693
2026-03-19 10:41:00,250.059,250.18,249.895,249.955,29407
2026-03-19 10:42:00,249.98,250.09,249.7851,249.7851,31213
2026-03-19 10:43:00,249.785,249.89,249.565,249.67,34990
2026-03-19 10:44:00,249.67,249.82,249.635,249.635,22445
2026-03-19 10:45:00,249.635,249.82,249.54,249.54,24206
2026-03-19 10:46:00,249.56,249.76,249.52,249.62,34182
2026-03-19 10:47:00,249.59,249.61,249.3458,249.42,38875
2026-03-19 10:48:00,249.42,249.65,249.365,249.65,50944
2026-03-19 10:49:00,249.6599,249.78,249.6,249.77,24419
2026-03-19 10:50:00,249.76,249.79,249.59,249.76,25955
2026-03-19 10:51:00,249.755,250.14,249.75,250.12,52754
2026-03-19 10:52:00,250.12,250.125,249.82,249.96,33543
2026-03-19 10:53:00,249.98,250.0898,249.92,250.025,39115
2026-03-19 10:54:00,250.03,250.1,249.9201,249.99,27471
2026-03-19 10:55:00,249.98,250.01,249.8045,249.82,21491
2026-03-19 10:56:00,249.82,250.04,249.775,249.98,23479
2026-03-19 10:57:00,249.98,250.185,249.95,250.145,43664
2026-03-19 10:58:00,250.12,250.2,250.04,250.0727,27481
2026-03-19 10:59:00,250.06,250.06,249.8301,249.865,32920
2026-03-19 11:00:00,249.86,250.04,249.83,249.97,54841
2026-03-19 11:01:00,249.99,250.03,249.8501,249.865,18362
2026-03-19 11:02:00,249.84,249.84,249.6901,249.83,28294
2026-03-19 11:03:00,249.84,249.88,249.68,249.72,17578
2026-03-19 11:04:00,249.7,249.93,249.648,249.925,26245
2026-03-19 11:05:00,249.94,250.245,249.91,250.245,39560
2026-03-19 11:06:00,250.25,250.255,250.12,250.24,24139
2026-03-19 11:07:00,250.25,250.27,249.92,249.935,37652
2026-03-19 11:08:00,249.935,249.9799,249.85,249.89,24689
2026-03-19 11:09:00,249.87,249.87,249.605,249.7399,36709
2026-03-19 11:10:00,249.75,249.92,249.74,249.9,23777
2026-03-19 11:11:00,249.89,249.92,249.76,249.77,17773
2026-03-19 11:12:00,249.775,250,249.775,249.975,24836
2026-03-19 11:13:00,249.97,250.09,249.8501,250.09,22027
2026-03-19 11:14:00,250.09,250.1,249.99,250.1,21652
2026-03-19 11:15:00,250.1,250.15,250.01,250.13,39941
2026-03-19 11:16:00,250.145,250.17,250.055,250.085,20584
2026-03-19 11:17:00,250.085,250.09,249.7107,249.74,22598
2026-03-19 11:18:00,249.735,249.81,249.605,249.605,23531
2026-03-19 11:19:00,249.61,249.62,249.38,249.42,32766
2026-03-19 11:20:00,249.44,249.53,249.1401,249.21,38244
2026-03-19 11:21:00,249.22,249.32,249.17,249.245,55293
2026-03-19 11:22:00,249.215,249.38,249.215,249.3,28065
2026-03-19 11:23:00,249.3,249.37,249.1901,249.33,23072
2026-03-19 11:24:00,249.3101,249.3599,249.18,249.25,26077
2026-03-19 11:25:00,249.235,249.32,249.16,249.24,20193
2026-03-19 11:26:00,249.26,249.4,249.2501,249.26,30521
2026-03-19 11:27:00,249.29,249.3,249.16,249.26,21584
2026-03-19 11:28:00,249.26,249.35,249.21,249.22,25795
2026-03-19 11:29:00,249.225,249.44,249.19,249.409,30372
2026-03-19 11:30:00,249.41,249.52,249.34,249.45,41932
2026-03-19 11:31:00,249.43,249.445,249.125,249.13,20379
2026-03-19 11:32:00,249.15,249.38,249.15,249.33,22012
2026-03-19 11:33:00,249.325,249.39,249.24,249.35,13906
2026-03-19 11:34:00,249.34,249.4,249.175,249.175,25339
2026-03-19 11:35:00,249.18,249.41,249.17,249.325,18233
2026-03-19 11:36:00,249.33,249.36,249.23,249.24,20576
2026-03-19 11:37:00,249.22,249.31,249.19,249.27,40509
2026-03-19 11:38:00,249.27,249.46,249.27,249.44,42501
2026-03-19 11:39:00,249.46,249.46,249.21,249.37,14815
2026-03-19 11:40:00,249.38,249.47,249.335,249.3993,13421
2026-03-19 11:41:00,249.37,249.4172,249.2803,249.2803,13292
2026-03-19 11:42:00,249.272,249.34,249.182,249.275,16985
2026-03-19 11:43:00,249.26,249.47,249.21,249.215,62059
2026-03-19 11:44:00,249.2,249.25,249.135,249.15,15179
2026-03-19 11:45:00,249.1532,249.265,249.07,249.215,22001
2026-03-19 11:46:00,249.2362,249.28,249.08,249.24,19737
2026-03-19 11:47:00,249.22,249.37,249.18,249.29,25897
2026-03-19 11:48:00,249.29,249.32,249.155,249.265,12411
2026-03-19 11:49:00,249.25,249.29,249.1774,249.21,17602
2026-03-19 11:50:00,249.25,249.33,249.185,249.31,20118
2026-03-19 11:51:00,249.32,249.38,249.05,249.148,39139
2026-03-19 11:52:00,249.17,249.23,249.04,249.21,22232
2026-03-19 11:53:00,249.21,249.3394,249.18,249.23,40252
2026-03-19 11:54:00,249.23,249.27,249.145,249.215,23450
2026-03-19 11:55:00,249.26,249.46,249.21,249.45,91656
2026-03-19 11:56:00,249.48,249.749,249.32,249.365,67668
2026-03-19 11:57:00,249.35,249.53,249.29,249.435,27001
2026-03-19 11:58:00,249.45,249.66,249.33,249.625,30864
2026-03-19 11:59:00,249.58,249.655,249.515,249.62,22514
2026-03-19 12:00:00,249.62,249.62,249.365,249.56,27833
2026-03-19 12:01:00,249.56,249.6,249.51,249.565,22479
2026-03-19 12:02:00,249.58,249.86,249.55,249.855,35640
2026-03-19 12:03:00,249.85,249.93,249.77,249.785,30630
2026-03-19 12:04:00,249.805,249.805,249.4,249.48,41118
2026-03-19 12:05:00,249.48,249.76,249.4301,249.69,22213
2026-03-19 12:06:00,249.692,249.74,249.63,249.66,25865
2026-03-19 12:07:00,249.69,249.9526,249.68,249.9526,34714
2026-03-19 12:08:00,249.94,249.94,249.57,249.65,34829
2026-03-19 12:09:00,249.66,249.8,249.535,249.705,34058
2026-03-19 12:10:00,249.73,249.79,249.51,249.515,49954
2026-03-19 12:11:00,249.51,249.66,249.48,249.6306,20736
2026-03-19 12:12:00,249.66,249.915,249.625,249.87,22199
2026-03-19 12:13:00,249.875,249.875,249.66,249.69,12408
2026-03-19 12:14:00,249.69,249.77,249.58,249.66,38123
2026-03-19 12:15:00,249.64,249.7,249.35,249.378,29072
2026-03-19 12:16:00,249.38,249.5,249.35,249.37,12032
2026-03-19 12:17:00,249.34,249.35,249.18,249.2077,17094
2026-03-19 12:18:00,249.19,249.23,249.11,249.165,22360
2026-03-19 12:19:00,249.16,249.19,249.08,249.1099,20931
2026-03-19 12:20:00,249.11,249.24,249.04,249.075,19754
2026-03-19 12:21:00,249.085,249.19,249.085,249.1,19434
2026-03-19 12:22:00,249.115,249.155,248.9,248.92,53534
2026-03-19 12:23:00,248.925,249.11,248.925,249.06,28343
2026-03-19 12:24:00,249.06,249.08,248.94,248.95,23535
2026-03-19 12:25:00,248.96,249.03,248.88,248.92,24242
2026-03-19 12:26:00,248.94,249.14,248.94,249.14,31050
2026-03-19 12:27:00,249.14,249.27,249.1005,249.125,27264
2026-03-19 12:28:00,249.135,249.31,249.12,249.31,25163
2026-03-19 12:29:00,249.325,249.37,249.26,249.26,33881
2026-03-19 12:30:00,249.27,249.42,249.16,249.17,43852
2026-03-19 12:31:00,249.17,249.17,248.9,249.07,48741
2026-03-19 12:32:00,249.04,249.06,248.72,248.76,46614
2026-03-19 12:33:00,248.765,248.78,248.65,248.73,25427
2026-03-19 12:34:00,248.73,248.8,248.655,248.665,34434
2026-03-19 12:35:00,248.65,248.72,248.57,248.59,47728
2026-03-19 12:36:00,248.602,248.62,248.48,248.58,29101
2026-03-19 12:37:00,248.56,248.63,248.53,248.53,26506
2026-03-19 12:38:00,248.52,248.8374,248.52,248.8374,40433
2026-03-19 12:39:00,248.84,248.92,248.72,248.8,39002
2026-03-19 12:40:00,248.77,248.89,248.74,248.88,24444
2026-03-19 12:41:00,248.88,248.88,248.65,248.66,30662
2026-03-19 12:42:00,248.67,248.8,248.61,248.61,25527
2026-03-19 12:43:00,248.62,248.63,248.42,248.468,29619
2026-03-19 12:44:00,248.48,248.58,248.48,248.535,28159
2026-03-19 12:45:00,248.55,248.565,248.36,248.38,27682
2026-03-19 12:46:00,248.38,248.57,248.37,248.53,23815
2026-03-19 12:47:00,248.53,248.5699,248.455,248.48,15127
2026-03-19 12:48:00,248.48,248.49,248.39,248.46,13485
2026-03-19 12:49:00,248.47,248.485,248.38,248.43,17838
2026-03-19 12:50:00,248.42,248.44,248.28,248.29,19600
2026-03-19 12:51:00,248.295,248.305,248.12,248.12,39422
2026-03-19 12:52:00,248.12,248.13,247.9301,247.975,71278
2026-03-19 12:53:00,247.975,248.09,247.87,248.06,42746
2026-03-19 12:54:00,248.09,248.18,248.05,248.141,19695
2026-03-19 12:55:00,248.14,248.15,247.97,248.03,24088
2026-03-19 12:56:00,248.02,248.08,247.955,248.08,22869
2026-03-19 12:57:00,248.07,248.1295,248.05,248.09,19601
2026-03-19 12:58:00,248.085,248.1,248,248.06,21582
2026-03-19 12:59:00,248.06,248.13,248.01,248.035,20622
2026-03-19 13:00:00,248.03,248.225,248.025,248.15,28795
2026-03-19 13:01:00,248.14,248.14,248.05,248.06,25572
2026-03-19 13:02:00,248.065,248.1499,247.99,248.045,29986
2026-03-19 13:03:00,248.05,248.06,247.9,247.92,29745
2026-03-19 13:04:00,247.92,247.95,247.76,247.79,36782
2026-03-19 13:05:00,247.79,247.82,247.71,247.75,53614
2026-03-19 13:06:00,247.77,247.84,247.72,247.82,29520
2026-03-19 13:07:00,247.82,247.8499,247.76,247.825,16275
2026-03-19 13:08:00,247.82,247.87,247.75,247.77,25938
2026-03-19 13:09:00,247.76,247.8469,247.71,247.79,25983
2026-03-19 13:10:00,247.815,247.97,247.81,247.92,32891
2026-03-19 13:11:00,247.92,248.055,247.91,248.04,19629
2026-03-19 13:12:00,248.04,248.12,248.02,248.0307,21698
2026-03-19 13:13:00,248.05,248.09,247.98,248,28215
2026-03-19 13:14:00,248.005,248.06,247.97,247.99,22397
2026-03-19 13:15:00,248,248.16,247.91,247.965,28547
2026-03-19 13:16:00,248,248.19,248,248.09,26107
2026-03-19 13:17:00,248.09,248.13,248.065,248.082,9721
2026-03-19 13:18:00,248.08,248.2,248.04,248.19,14033
2026-03-19 13:19:00,248.19,248.3,248.14,248.235,35679
2026-03-19 13:20:00,248.23,248.28,248.15,248.245,27139
2026-03-19 13:21:00,248.25,248.33,248.19,248.225,40220
2026-03-19 13:22:00,248.23,248.27,248.15,248.21,26097
2026-03-19 13:23:00,248.2,248.51,248.18,248.5,49342
2026-03-19 13:24:00,248.5,248.5,248.3315,248.35,17875
2026-03-19 13:25:00,248.365,248.39,248.3,248.35,17233
2026-03-19 13:26:00,248.34,248.46,248.26,248.45,16377
2026-03-19 13:27:00,248.47,248.53,248.435,248.515,25207
2026-03-19 13:28:00,248.52,248.5399,248.38,248.385,15412
2026-03-19 13:29:00,248.42,248.441,248.251,248.2801,14627
2026-03-19 13:30:00,248.29,248.36,248.19,248.345,21791
2026-03-19 13:31:00,248.35,248.45,248.27,248.27,21431
2026-03-19 13:32:00,248.3,248.3,248.14,248.16,13470
2026-03-19 13:33:00,248.19,248.2,248.07,248.15,24130
2026-03-19 13:34:00,248.12,248.24,248.11,248.165,18296
2026-03-19 13:35:00,248.16,248.16,248.045,248.06,36329
2026-03-19 13:36:00,248.075,248.2099,248.065,248.14,21280
2026-03-19 13:37:00,248.16,248.17,248,248.035,29107
2026-03-19 13:38:00,248.04,248.09,247.9,247.92,25728
2026-03-19 13:39:00,247.9107,247.97,247.88,247.9085,14168
2026-03-19 13:40:00,247.895,247.96,247.78,247.81,22761
2026-03-19 13:41:00,247.81,247.92,247.8,247.918,23922
2026-03-19 13:42:00,247.91,247.98,247.83,247.88,35910
2026-03-19 13:43:00,247.86,248.03,247.845,248,17475
2026-03-19 13:44:00,248.01,248.07,247.97,247.99,15685
2026-03-19 13:45:00,248.01,248.01,247.9,247.98,19197
2026-03-19 13:46:00,247.98,247.98,247.89,247.935,13224
2026-03-19 13:47:00,247.92,247.92,247.7299,247.78,26987
2026-03-19 13:48:00,247.8,247.91,247.8,247.9,13538
2026-03-19 13:49:00,247.89,247.92,247.835,247.9,14088
2026-03-19 13:50:00,247.9,248.02,247.9,247.97,15938
2026-03-19 13:51:00,247.97,248.02,247.95,248.02,16033
2026-03-19 13:52:00,248.03,248.29,248,248.23,48394
2026-03-19 13:53:00,248.24,248.27,248.16,248.252,28257
2026-03-19 13:54:00,248.2503,248.29,248.1701,248.26,17595
2026-03-19 13:55:00,248.25,248.31,248.1412,248.1412,43243
2026-03-19 13:56:00,248.1412,248.17,248.0602,248.14,24839
2026-03-19 13:57:00,248.14,248.14,247.94,247.98,51578
2026-03-19 13:58:00,247.98,248.0001,247.91,247.93,22290
2026-03-19 13:59:00,247.9391,247.98,247.93,247.9543,10717
2026-03-19 14:00:00,247.96,247.96,247.8,247.82,37984
2026-03-19 14:01:00,247.83,247.87,247.75,247.81,29344
2026-03-19 14:02:00,247.82,247.92,247.78,247.8,36543
2026-03-19 14:03:00,247.81,247.84,247.68,247.68,16826
2026-03-19 14:04:00,247.67,247.748,247.67,247.68,21619
2026-03-19 14:05:00,247.69,247.9,247.685,247.86,29217
2026-03-19 14:06:00,247.855,247.935,247.83,247.92,29853
2026-03-19 14:07:00,247.905,248.02,247.86,248.0111,28917
2026-03-19 14:08:00,248.02,248.145,247.98,248.12,30208
2026-03-19 14:09:00,248.11,248.14,248.07,248.09,22674
2026-03-19 14:10:00,248.105,248.2,248.09,248.16,27873
2026-03-19 14:11:00,248.16,248.17,247.99,248.04,52675
2026-03-19 14:12:00,248.04,248.31,248.04,248.29,55061
2026-03-19 14:13:00,248.28,248.5299,248.23,248.51,29622
2026-03-19 14:14:00,248.49,248.49,248.27,248.4,26494
2026-03-19 14:15:00,248.395,248.49,248.3501,248.49,22498
2026-03-19 14:16:00,248.5,248.5,248.28,248.365,30440
2026-03-19 14:17:00,248.35,248.38,248.2,248.235,28605
2026-03-19 14:18:00,248.24,248.25,248.1,248.19,39503
2026-03-19 14:19:00,248.185,248.28,248.18,248.28,23774
2026-03-19 14:20:00,248.29,248.37,248.275,248.275,16575
2026-03-19 14:21:00,248.255,248.35,248.25,248.29,23876
2026-03-19 14:22:00,248.3,248.41,248.285,248.37,23295
2026-03-19 14:23:00,248.3502,248.3502,248.255,248.29,20637
2026-03-19 14:24:00,248.29,248.4,248.29,248.33,18434
2026-03-19 14:25:00,248.3151,248.39,248.305,248.36,22741
2026-03-19 14:26:00,248.39,248.46,248.35,248.4,16890
2026-03-19 14:27:00,248.37,248.43,248.29,248.31,16025
2026-03-19 14:28:00,248.3,248.31,248.14,248.14,16789
2026-03-19 14:29:00,248.15,248.15,248.018,248.022,20728
2026-03-19 14:30:00,248.01,248.07,247.88,247.9,18773
2026-03-19 14:31:00,247.913,248.095,247.9051,248.02,31136
2026-03-19 14:32:00,248.03,248.145,248.03,248.145,21000
2026-03-19 14:33:00,248.14,248.18,248.08,248.14,31345
2026-03-19 14:34:00,248.13,248.19,248.11,248.15,22461
2026-03-19 14:35:00,248.15,248.22,248.13,248.2,29941
2026-03-19 14:36:00,248.165,248.165,248.045,248.05,25093
2026-03-19 14:37:00,248.05,248.075,247.885,247.91,22281
2026-03-19 14:38:00,247.91,248.09,247.9,248.03,33330
2026-03-19 14:39:00,248.015,248.02,247.92,247.94,21512
2026-03-19 14:40:00,247.95,247.98,247.9,247.91,21657
2026-03-19 14:41:00,247.91,247.93,247.84,247.85,20344
2026-03-19 14:42:00,247.86,247.88,247.785,247.8,23079
2026-03-19 14:43:00,247.805,247.81,247.67,247.67,24347
2026-03-19 14:44:00,247.68,247.76,247.68,247.7201,23890
2026-03-19 14:45:00,247.74,247.78,247.71,247.77,29645
2026-03-19 14:46:00,247.78,247.939,247.75,247.9,30426
2026-03-19 14:47:00,247.9103,247.94,247.86,247.88,17358
2026-03-19 14:48:00,247.8828,247.8828,247.78,247.8785,17099
2026-03-19 14:49:00,247.87,247.91,247.805,247.8699,23571
2026-03-19 14:50:00,247.85,247.85,247.7609,247.79,27415
2026-03-19 14:51:00,247.8,247.9,247.8,247.87,21221
2026-03-19 14:52:00,247.88,247.92,247.83,247.9,33887
2026-03-19 14:53:00,247.895,247.94,247.83,247.861,18562
2026-03-19 14:54:00,247.87,248.02,247.87,248.005,41380
2026-03-19 14:55:00,248,248.13,247.965,248.13,28314
2026-03-19 14:56:00,248.14,248.3,248.08,248.24,59547
2026-03-19 14:57:00,248.23,248.288,248.14,248.28,42683
2026-03-19 14:58:00,248.285,248.55,248.26,248.55,43959
2026-03-19 14:59:00,248.57,248.58,248.35,248.43,32635
2026-03-19 15:00:00,248.43,248.625,248.4,248.62,30609
2026-03-19 15:01:00,248.635,249.035,248.59,249.0101,89716
2026-03-19 15:02:00,249.04,249.15,248.88,249.042,69822
2026-03-19 15:03:00,249.06,249.07,248.84,248.85,94329
2026-03-19 15:04:00,248.83,248.86,248.6087,248.71,87144
2026-03-19 15:05:00,248.67,248.95,248.67,248.8,92465
2026-03-19 15:06:00,248.78,249.365,248.71,249.34,118682
2026-03-19 15:07:00,249.36,249.42,248.83,248.89,88780
2026-03-19 15:08:00,248.86,249.32,248.6884,249.32,142205
2026-03-19 15:09:00,249.2801,249.45,249.07,249.07,97178
2026-03-19 15:10:00,249.08,249.31,248.9,249.31,137988
2026-03-19 15:11:00,249.28,249.59,249.14,249.24,79495
2026-03-19 15:12:00,249.24,249.26,248.776,248.855,42712
2026-03-19 15:13:00,248.85,248.88,248.51,248.65,78022
2026-03-19 15:14:00,248.65,249.1,248.63,249.06,61645
2026-03-19 15:15:00,249.05,249.37,249.05,249.33,68992
2026-03-19 15:16:00,249.32,249.32,248.99,249.02,41495
2026-03-19 15:17:00,249.025,249.2,249.02,249.155,58981
2026-03-19 15:18:00,249.16,249.23,249.01,249.11,50487
2026-03-19 15:19:00,249.07,249.07,248.7801,248.98,62908
2026-03-19 15:20:00,248.955,249,248.83,248.84,26934
2026-03-19 15:21:00,248.82,248.94,248.75,248.765,49489
2026-03-19 15:22:00,248.7701,248.85,248.64,248.829,43650
2026-03-19 15:23:00,248.835,248.86,248.62,248.62,21587
2026-03-19 15:24:00,248.6105,248.63,248.46,248.46,39343
2026-03-19 15:25:00,248.48,248.55,248.17,248.18,46547
2026-03-19 15:26:00,248.19,248.4,248.19,248.31,28304
2026-03-19 15:27:00,248.305,248.53,248.295,248.34,33252
2026-03-19 15:28:00,248.36,248.42,248.25,248.38,34760
2026-03-19 15:29:00,248.38,248.47,248.32,248.47,42518
2026-03-19 15:30:00,248.44,248.53,248.32,248.49,32106
2026-03-19 15:31:00,248.46,248.58,248.38,248.57,52356
2026-03-19 15:32:00,248.575,248.59,248.4201,248.46,32696
2026-03-19 15:33:00,248.44,248.67,248.44,248.67,41022
2026-03-19 15:34:00,248.68,248.78,248.48,248.57,45868
2026-03-19 15:35:00,248.57,248.67,248.26,248.32,43104
2026-03-19 15:36:00,248.33,248.55,248.33,248.51,41179
2026-03-19 15:37:00,248.53,248.8499,248.5235,248.835,44969
2026-03-19 15:38:00,248.85,248.85,248.6504,248.675,23781
2026-03-19 15:39:00,248.675,248.82,248.625,248.795,28721
2026-03-19 15:40:00,248.815,248.815,248.64,248.71,32272
2026-03-19 15:41:00,248.68,248.69,248.53,248.6,36050
2026-03-19 15:42:00,248.595,248.66,248.45,248.62,36890
2026-03-19 15:43:00,248.58,248.67,248.395,248.51,53201
2026-03-19 15:44:00,248.52,248.61,248.475,248.515,38255
2026-03-19 15:45:00,248.51,248.52,248.325,248.365,57436
2026-03-19 15:46:00,248.35,248.45,248.3,248.43,41419
2026-03-19 15:47:00,248.43,248.7,248.3,248.62,59623
2026-03-19 15:48:00,248.62,248.65,248.52,248.63,50028
2026-03-19 15:49:00,248.64,248.67,248.435,248.53,45594
2026-03-19 15:50:00,248.53,248.68,248.37,248.44,71406
2026-03-19 15:51:00,248.43,248.5799,248.32,248.32,65163
2026-03-19 15:52:00,248.305,248.75,248.3,248.61,85498
2026-03-19 15:53:00,248.61,248.68,248.53,248.57,59007
2026-03-19 15:54:00,248.59,248.89,248.5717,248.715,141975
2026-03-19 15:55:00,248.72,249.16,248.72,249.16,179024
2026-03-19 15:56:00,249.17,249.18,249.04,249.17,137776
2026-03-19 15:57:00,249.18,249.33,249.03,249.31,230910
2026-03-19 15:58:00,249.3,249.31,248.89,249.13,240626
2026-03-19 15:59:00,249.14,249.14,248.78,248.907,469777
2026-03-19 16:00:00,248.89,249.03,248.8416,249,5561434
2026-03-19 16:01:00,249.01,249.02,248.84,248.96,1587
2026-03-19 16:02:00,248.9,248.98,248.9,248.96,92454
2026-03-19 16:04:00,248.9,248.95,248.9,248.95,952
2026-03-19 16:05:00,248.96,249,248.96,248.96,2410
2026-03-19 16:06:00,248.91,248.91,248.91,248.91,463
2026-03-19 16:07:00,249.01,249.01,248.96,248.97,1410
2026-03-19 16:09:00,248.91,248.91,248.91,248.91,221
2026-03-19 16:10:00,248.9,248.9675,248.9,248.9675,200
2026-03-19 16:12:00,248.9,248.9,248.9,248.9,100
2026-03-19 16:14:00,248.95,249.025,248.95,249.02,3826
2026-03-19 16:15:00,248.96,249.06,248.96,249.05,1430
2026-03-19 16:16:00,249.09,249.1,249.08,249.08,1375
2026-03-19 16:17:00,249.04,249.04,249,249,318
2026-03-19 16:18:00,249.07,249.28,249.07,249.28,2049
2026-03-19 16:19:00,249.11,249.11,249.09,249.1021,520
2026-03-19 16:20:00,249.2,249.2,249.2,249.2,118
2026-03-19 16:21:00,249.17,249.17,249.17,249.17,100
2026-03-19 16:22:00,249.1204,249.22,249.1204,249.22,339
2026-03-19 16:23:00,249.28,249.28,249.2761,249.2761,423
2026-03-19 16:24:00,249.28,249.28,249.28,249.28,228
2026-03-19 16:25:00,249.3021,249.3021,249.3021,249.3021,400
2026-03-19 16:26:00,249.39,249.39,249.39,249.39,466
2026-03-19 16:27:00,249.37,249.38,249.37,249.38,200
2026-03-19 16:28:00,249.31,249.35,249.3,249.35,1278
2026-03-19 16:29:00,249.3,249.3,249.25,249.25,395
2026-03-19 16:30:00,249.14,249.14,249.14,249.14,149
2026-03-19 16:31:00,248.96,248.96,248.96,248.96,14156
2026-03-19 16:32:00,249.1,249.1,249.1,249.1,100
2026-03-19 16:34:00,249,249,249,249,100
2026-03-19 16:35:00,249.01,249.01,248.99,249,1460
2026-03-19 16:36:00,248.99,249.1,248.96,249.1,3327
2026-03-19 16:39:00,249.02,249.02,249.02,249.02,100
2026-03-19 16:42:00,249.01,249.01,249.01,249.01,100
2026-03-19 16:46:00,249.07,249.1843,249.07,249.1843,848
2026-03-19 16:50:00,249.1,249.1,249.1,249.1,100
2026-03-19 16:52:00,249.1,249.1,249.1,249.1,150
2026-03-19 16:54:00,249.18,249.24,249.18,249.2,2244
2026-03-19 16:55:00,249.2,249.3,249.2,249.3,762
2026-03-19 16:57:00,249.2505,249.2505,249.2505,249.2505,100
2026-03-19 16:58:00,249.21,249.21,249.21,249.21,100
2026-03-19 16:59:00,249.25,249.25,249.21,249.21,8000
2026-03-19 17:01:00,249.3,249.3,249.3,249.3,100
2026-03-19 17:02:00,249.3,249.3,249.3,249.3,975
2026-03-19 17:03:00,249.22,249.22,249.2,249.2,500
2026-03-19 17:05:00,249.2935,249.2935,249.2935,249.2935,500
2026-03-19 17:06:00,249.3,249.3,249.3,249.3,100
2026-03-19 17:07:00,249.32,249.32,249.32,249.32,358
2026-03-19 17:08:00,249.35,249.35,249.35,249.35,3000
2026-03-19 17:09:00,249.35,249.35,249.35,249.35,146
2026-03-19 17:10:00,249.32,249.32,249.32,249.32,227
2026-03-19 17:14:00,249.37,249.37,249.37,249.37,100
2026-03-19 17:15:00,249.36,249.36,249.36,249.36,460
2026-03-19 17:17:00,249.44,249.44,249.44,249.44,316
2026-03-19 17:20:00,249.37,249.4,249.37,249.4,536
2026-03-19 17:21:00,249.45,249.45,249.45,249.45,1453
2026-03-19 17:23:00,249.4,249.4,249.4,249.4,200
2026-03-19 17:24:00,249.38,249.38,249.38,249.38,100
2026-03-19 17:26:00,249.37,249.45,249.3699,249.42,1558
2026-03-19 17:27:00,249.45,249.45,249.45,249.45,400
2026-03-19 17:29:00,249.38,249.38,249.36,249.3645,400
2026-03-19 17:30:00,249.44,249.45,249.44,249.45,328
2026-03-19 17:32:00,249.42,249.42,249.4,249.4,300
2026-03-19 17:33:00,249.36,249.36,249.36,249.36,200
2026-03-19 17:34:00,249.36,249.36,249.36,249.36,100
2026-03-19 17:36:00,249.4,249.4,249.4,249.4,616
2026-03-19 17:40:00,249.38,249.45,249.38,249.45,2392
2026-03-19 17:41:00,249.4481,249.45,249.4481,249.45,1200
2026-03-19 17:42:00,249.5,249.51,249.5,249.51,1100
2026-03-19 17:43:00,249.55,249.55,249.55,249.55,162
2026-03-19 17:46:00,249.55,249.55,249.55,249.55,154
2026-03-19 17:47:00,249.5,249.5,249.5,249.5,250
2026-03-19 17:48:00,249.513,249.5999,249.5,249.5011,800
2026-03-19 17:49:00,249.56,249.56,249.56,249.56,100
2026-03-19 17:51:00,249.5,249.5,249.5,249.5,100
2026-03-19 17:53:00,249.5011,249.5011,249.5,249.5,300
2026-03-19 17:55:00,249.55,249.55,249.55,249.55,241
2026-03-19 17:57:00,249.5004,249.5004,249.5004,249.5004,100
2026-03-19 18:00:00,249.5,249.74,249.5,249.74,2622
2026-03-19 18:01:00,249.76,249.87,249.5494,249.84,1403
2026-03-19 18:02:00,249.75,249.75,249.75,249.75,400
2026-03-19 18:03:00,249.52,249.52,249.51,249.51,201
2026-03-19 18:04:00,249.53,249.8478,249.53,249.79,400
2026-03-19 18:05:00,249.5,249.5,249.5,249.5,3028
2026-03-19 18:06:00,249.5,249.52,249.5,249.5,1327
2026-03-19 18:08:00,249.53,249.53,249.5,249.5,1060
2026-03-19 18:10:00,249.699,249.699,249.699,249.699,152
2026-03-19 18:12:00,249.6,249.7,249.6,249.7,901
2026-03-19 18:13:00,249.76,249.76,249.76,249.76,100
2026-03-19 18:16:00,249.75,249.75,249.75,249.75,118
2026-03-19 18:17:00,249.7,249.7,249.7,249.7,1100
2026-03-19 18:19:00,249.76,249.85,249.7007,249.85,1075
2026-03-19 18:20:00,249.85,249.88,249.85,249.88,720
2026-03-19 18:24:00,249.85,249.85,249.8,249.8,250
2026-03-19 18:25:00,249.85,249.9,249.85,249.9,1100
2026-03-19 18:26:00,249.85,249.85,249.85,249.85,100
2026-03-19 18:29:00,249.8,249.8,249.8,249.8,144
2026-03-19 18:30:00,249.85,249.85,249.85,249.85,400
2026-03-19 18:31:00,249.9,249.9,249.9,249.9,300
2026-03-19 18:33:00,249.88,249.88,249.88,249.88,100
2026-03-19 18:35:00,249.9,249.9,249.9,249.9,100
2026-03-19 18:36:00,249.77,249.86,249.77,249.86,200
2026-03-19 18:42:00,249.7,249.7,249.7,249.7,1000
2026-03-19 18:44:00,249.85,249.85,249.85,249.85,200
2026-03-19 18:46:00,249.8,249.8,249.8,249.8,114
2026-03-19 18:48:00,249.71,249.71,249.7,249.7,300
2026-03-19 18:50:00,249.7,249.7,249.7,249.7,300
2026-03-19 18:51:00,249.7,249.7,249.7,249.7,100
2026-03-19 18:52:00,249.79,249.79,249.7011,249.71,778
2026-03-19 18:55:00,249.74,249.75,249.72,249.72,400
2026-03-19 18:56:00,249.7098,249.7098,249.7098,249.7098,125
2026-03-19 18:59:00,249.8,249.84,249.8,249.81,300
2026-03-19 19:01:00,249.8,249.8,249.8,249.8,100
2026-03-19 19:05:00,249.8,249.8,249.8,249.8,100
2026-03-19 19:06:00,249.74,249.74,249.74,249.74,500
2026-03-19 19:08:00,249.85,249.9,249.85,249.9,803
2026-03-19 19:09:00,249.8164,249.8164,249.8164,249.8164,197
2026-03-19 19:11:00,249.766,249.766,249.766,249.766,113
2026-03-19 19:13:00,249.77,249.77,249.77,249.77,900
2026-03-19 19:14:00,249.74,249.74,249.73,249.73,1318
2026-03-19 19:15:00,249.7,249.71,249.7,249.7,1691
2026-03-19 19:20:00,249.77,249.77,249.77,249.77,276
2026-03-19 19:21:00,249.78,249.78,249.78,249.78,700
2026-03-19 19:22:00,249.8,249.8,249.7,249.7,200
2026-03-19 19:23:00,249.7,249.7,249.7,249.7,3032
2026-03-19 19:24:00,249.7,249.7,249.7,249.7,100
2026-03-19 19:25:00,249.57,249.57,249.57,249.57,100
2026-03-19 19:26:00,249.58,249.58,249.58,249.58,281
2026-03-19 19:33:00,249.72,249.72,249.72,249.72,100
2026-03-19 19:34:00,249.6,249.6,249.6,249.6,213
2026-03-19 19:36:00,249.75,249.75,249.75,249.75,706
2026-03-19 19:37:00,249.75,249.75,249.75,249.75,300
2026-03-19 19:39:00,249.75,249.75,249.75,249.75,200
2026-03-19 19:44:00,249.62,249.86,249.62,249.86,250
2026-03-19 19:45:00,249.86,249.86,249.86,249.86,1025
2026-03-19 19:47:00,249.71,249.71,249.71,249.71,100
2026-03-19 19:49:00,249.72,249.72,249.7,249.7,600
2026-03-19 19:51:00,249.75,249.75,249.57,249.6999,609
2026-03-19 19:52:00,249.61,249.61,249.61,249.61,100
2026-03-19 19:53:00,249.6992,249.6992,249.6992,249.6992,1000
2026-03-19 19:55:00,249.7,249.7,249.7,249.7,200
2026-03-19 19:56:00,249.75,249.75,249.75,249.75,100
2026-03-19 19:58:00,249.61,249.61,249.55,249.55,465
2026-03-19 19:59:00,249.84,249.84,249.84,249.84,290
2026-03-20 04:00:00,249.81,249.81,249.22,249.22,900
2026-03-20 04:05:00,249.32,249.32,249.3,249.3,674
2026-03-20 04:12:00,249.53,249.53,249.53,249.53,251
2026-03-20 04:14:00,249.58,249.65,249.58,249.65,700
2026-03-20 04:15:00,249.62,249.62,249.62,249.62,100
2026-03-20 04:20:00,249.5,249.5,249.5,249.5,762
2026-03-20 04:25:00,249.48,249.48,249.48,249.48,151
2026-03-20 04:28:00,249.26,249.26,249.25,249.25,404
2026-03-20 04:42:00,249.25,249.25,249.25,249.25,860
2026-03-20 04:45:00,249.13,249.13,249.13,249.13,300
2026-03-20 04:56:00,249.15,249.15,249.15,249.15,100
2026-03-20 05:02:00,249.12,249.15,249.12,249.15,229
2026-03-20 05:03:00,249.08,249.08,249.08,249.08,367
2026-03-20 05:05:00,249.01,249.01,249,249,1140
2026-03-20 05:07:00,249.1,249.1,249.1,249.1,300
2026-03-20 05:09:00,249.1,249.12,249.1,249.12,492
2026-03-20 05:12:00,249.12,249.12,249.12,249.12,100
2026-03-20 05:16:00,249.14,249.14,249.14,249.14,121
2026-03-20 05:17:00,248.84,248.84,248.83,248.83,318
2026-03-20 05:18:00,248.83,248.83,248.83,248.83,102
2026-03-20 05:19:00,248.8,248.8,248.8,248.8,107
2026-03-20 05:20:00,248.77,248.77,248.77,248.77,139
2026-03-20 05:24:00,248.72,248.72,248.67,248.67,600
2026-03-20 05:33:00,248.82,248.84,248.82,248.84,1355
2026-03-20 05:35:00,248.95,248.95,248.95,248.95,400
2026-03-20 05:40:00,248.88,248.88,248.84,248.84,537
2026-03-20 05:41:00,248.84,248.84,248.84,248.84,218
2026-03-20 05:46:00,248.66,248.66,248.36,248.36,2240
2026-03-20 05:50:00,248.36,248.36,248.36,248.36,100
2026-03-20 05:51:00,248.3,248.3,248.3,248.3,559
2026-03-20 05:52:00,248.24,248.24,248.15,248.15,3879
2026-03-20 05:54:00,248.12,248.12,248.1,248.1,800
2026-03-20 05:58:00,248.2,248.23,248.2,248.23,337
2026-03-20 05:59:00,248.14,248.26,247.55,247.9,12152
2026-03-20 06:00:00,247.75,247.93,247.75,247.86,1392
2026-03-20 06:01:00,247.67,247.7,247.575,247.68,3024
2026-03-20 06:02:00,247.51,247.52,247.5,247.52,2602
2026-03-20 06:03:00,247.52,247.52,247.5,247.5,200
2026-03-20 06:04:00,247.5,247.5,247.195,247.4,2743
2026-03-20 06:05:00,247.28,247.74,247.28,247.74,2462
2026-03-20 06:08:00,247.49,247.49,247.43,247.43,400
2026-03-20 06:09:00,247.28,247.28,247.28,247.28,228
2026-03-20 06:10:00,247.27,247.27,247.21,247.21,519
2026-03-20 06:11:00,247.34,247.36,247.34,247.36,267
2026-03-20 06:12:00,247.48,247.71,247.48,247.71,4093
2026-03-20 06:13:00,247.72,247.72,247.72,247.72,393
2026-03-20 06:16:00,247.72,247.78,247.72,247.78,1017
2026-03-20 06:18:00,247.64,247.81,247.47,247.81,829
2026-03-20 06:19:00,247.84,247.84,247.84,247.84,1906
2026-03-20 06:23:00,247.67,247.78,247.67,247.78,1467
2026-03-20 06:25:00,247.8,247.8,247.8,247.8,200
2026-03-20 06:27:00,247.98,247.98,247.98,247.98,209
2026-03-20 06:28:00,247.77,247.77,247.58,247.58,8671
2026-03-20 06:29:00,247.53,247.73,247.45,247.73,1860
2026-03-20 06:33:00,247.81,247.81,247.81,247.81,1299
2026-03-20 06:35:00,247.71,247.71,247.71,247.71,100
2026-03-20 06:38:00,248.01,248.01,248.01,248.01,201
2026-03-20 06:45:00,248.1,248.1,248.1,248.1,781
2026-03-20 06:46:00,248.07,248.07,248.06,248.06,650
2026-03-20 06:49:00,248,248,248,248,100
2026-03-20 06:57:00,247.98,247.98,247.98,247.98,301
2026-03-20 06:59:00,247.96,247.96,247.96,247.96,100
2026-03-20 07:00:00,248.16,248.17,247.83,248.02,2100
2026-03-20 07:03:00,248,248.23,248,248.23,1440
2026-03-20 07:05:00,248.22,248.23,248.22,248.22,500
2026-03-20 07:06:00,248.22,248.26,248.22,248.24,433
2026-03-20 07:07:00,248.3,248.3,248.3,248.3,200
2026-03-20 07:08:00,248.28,248.28,248.28,248.28,140
2026-03-20 07:09:00,248.2,248.2,248.2,248.2,878
2026-03-20 07:11:00,248.2,248.22,248.05,248.05,4139
2026-03-20 07:14:00,248.1,248.1,248,248,862
2026-03-20 07:18:00,248.06,248.06,247.9,247.95,2205
2026-03-20 07:20:00,248.03,248.03,248.03,248.03,201
2026-03-20 07:22:00,248.04,248.04,247.98,247.98,2941
2026-03-20 07:28:00,247.93,247.95,247.93,247.95,227
2026-03-20 07:31:00,248,248,247.98,248,1559
2026-03-20 07:37:00,247.94,247.94,247.85,247.85,750
2026-03-20 07:38:00,247.84,247.84,247.84,247.84,100
2026-03-20 07:42:00,247.96,248.05,247.96,248.05,320
2026-03-20 07:44:00,248,248.02,247.95,247.95,400
2026-03-20 07:45:00,247.95,247.95,247.85,247.85,2300
2026-03-20 07:46:00,247.84,247.84,247.68,247.68,7384
2026-03-20 07:47:00,247.7,247.7,247.7,247.7,122
2026-03-20 07:48:00,247.68,247.68,247.68,247.68,100
2026-03-20 07:52:00,247.7,247.7,247.62,247.62,600
2026-03-20 07:53:00,247.52,247.52,247.5,247.5,3452
2026-03-20 07:57:00,247.78,247.78,247.78,247.78,100
2026-03-20 07:59:00,247.68,247.71,247.57,247.71,716
2026-03-20 08:00:00,249.48,249.5,247.15,249.3,21394
2026-03-20 08:01:00,249.2,249.36,247.5,247.51,4624
2026-03-20 08:02:00,247.59,247.59,247.49,247.49,200
2026-03-20 08:03:00,247.56,247.56,247.49,247.5,2240
2026-03-20 08:04:00,249.36,249.36,247.24,247.28,2923
2026-03-20 08:05:00,247.34,247.4,247.34,247.3798,600
2026-03-20 08:06:00,247.4,247.6,247.2955,247.4,3242
2026-03-20 08:07:00,247.4,247.46,247.4,247.44,1000
2026-03-20 08:08:00,247.4035,247.4269,247.34,247.34,691
2026-03-20 08:09:00,247.42,247.45,247.42,247.45,1651
2026-03-20 08:11:00,247.6,247.6,247.41,247.57,1471
2026-03-20 08:13:00,247.52,247.52,247.45,247.5,2184
2026-03-20 08:14:00,247.4,247.4999,247.326,247.326,1200
2026-03-20 08:15:00,247.5,247.5,247.22,247.25,3293
2026-03-20 08:16:00,247.229,247.25,247.12,247.2331,3075
2026-03-20 08:17:00,247.15,247.18,247.15,247.18,200
2026-03-20 08:18:00,247.23,247.23,247.23,247.23,100
2026-03-20 08:19:00,247.2791,247.4995,247.18,247.2,2395
2026-03-20 08:20:00,247.2,247.2,247.2,247.2,300
2026-03-20 08:21:00,247.25,247.25,247.25,247.25,139
2026-03-20 08:22:00,247.2,247.2,247.2,247.2,1167
2026-03-20 08:23:00,247.5,247.5,247.5,247.5,700
2026-03-20 08:24:00,247.24,247.24,247.24,247.24,500
2026-03-20 08:25:00,247.24,247.24,247.19,247.19,300
2026-03-20 08:26:00,247.22,247.22,247.22,247.22,100
2026-03-20 08:28:00,247.25,247.39,247.25,247.39,1246
2026-03-20 08:29:00,247.49,247.5,247.49,247.5,1130
2026-03-20 08:30:00,247.38,247.38,247.38,247.38,236
2026-03-20 08:32:00,247.3799,247.3799,247.3,247.3,600
2026-03-20 08:33:00,247.25,247.3,247.19,247.2,3669
2026-03-20 08:34:00,247.16,247.1994,247.16,247.1896,618
2026-03-20 08:35:00,247.18,247.1984,247.18,247.1984,750
2026-03-20 08:37:00,247.2,247.2,247.12,247.12,4414
2026-03-20 08:38:00,247.19,247.2,247.19,247.2,3624
2026-03-20 08:39:00,247.12,247.13,247.08,247.08,1433
2026-03-20 08:40:00,247.1,247.1,246.92,246.92,4543
2026-03-20 08:41:00,246.92,247.06,246.92,247.001,1819
2026-03-20 08:42:00,247.02,247.0844,247.02,247.0844,281
2026-03-20 08:43:00,247.05,247.1,247.03,247.03,800
2026-03-20 08:45:00,247.1,247.1,247.1,247.1,800
2026-03-20 08:46:00,247.2,247.2919,247.2,247.2884,716
2026-03-20 08:47:00,247.3,247.3,247.29,247.3,1821
2026-03-20 08:48:00,247.35,247.35,247.35,247.35,253
2026-03-20 08:49:00,247.3,247.3297,247.3,247.3297,200
2026-03-20 08:51:00,247.35,247.35,247.35,247.35,100
2026-03-20 08:52:00,247.49,247.58,247.49,247.58,5042
2026-03-20 08:53:00,247.5559,247.5559,247.5559,247.5559,100
2026-03-20 08:54:00,247.5,247.51,247.5,247.51,390
2026-03-20 08:55:00,247.5,247.5,247.5,247.5,935
2026-03-20 08:56:00,247.4929,247.4929,247.4929,247.4929,150
2026-03-20 08:58:00,247.47,247.66,247.47,247.6,2069
2026-03-20 08:59:00,247.7,247.7,247.6,247.6,400
2026-03-20 09:00:00,247.7175,247.7175,247.7175,247.7175,200
2026-03-20 09:02:00,247.61,247.61,247.61,247.61,184
2026-03-20 09:03:00,247.57,247.6,247.57,247.6,620
2026-03-20 09:04:00,247.6,247.7,247.6,247.7,4713
2026-03-20 09:05:00,247.5258,247.5258,247.5258,247.5258,900
2026-03-20 09:06:00,247.75,248,247.65,247.66,6016
2026-03-20 09:07:00,247.66,247.66,247.66,247.66,550
2026-03-20 09:08:00,247.69,247.69,247.35,247.36,2757
2026-03-20 09:09:00,247.63,247.63,247.63,247.63,585
2026-03-20 09:11:00,247.64,247.64,247.54,247.54,617
2026-03-20 09:12:00,247.6708,247.6708,247.6708,247.6708,100
2026-03-20 09:13:00,247.56,247.6915,247.56,247.6915,3620
2026-03-20 09:14:00,247.69,247.69,247.69,247.69,100
2026-03-20 09:17:00,247.6996,247.76,247.6996,247.76,2200
2026-03-20 09:20:00,247.7,247.7,247.7,247.7,570
2026-03-20 09:21:00,247.7,247.7,247.7,247.7,700
2026-03-20 09:22:00,247.699,247.699,247.67,247.6962,2413
2026-03-20 09:23:00,247.6,247.6,247.6,247.6,1300
2026-03-20 09:24:00,247.58,247.58,247.5,247.5,1658
2026-03-20 09:25:00,247.69,248.3,247.55,248.2,17896
2026-03-20 09:26:00,248.15,248.24,248,248.1027,6509
2026-03-20 09:27:00,248.13,248.3,247.55,248.02,18823
2026-03-20 09:28:00,247.55,248.18,247.48,248.0225,8569
2026-03-20 09:29:00,248.15,248.26,247.68,247.68,35745
2026-03-20 09:30:00,247.64,248.73,247.06,247.405,7879916
2026-03-20 09:31:00,247.45,247.78,246.92,247.305,166452
2026-03-20 09:32:00,247.29,247.61,247.13,247.38,154324
2026-03-20 09:33:00,247.4,247.52,246.99,247.31,108089
2026-03-20 09:34:00,247.32,247.43,246.92,247.145,137082
2026-03-20 09:35:00,247.16,247.2645,246.84,246.84,83827
2026-03-20 09:36:00,246.91,247.195,246.78,246.92,93992
2026-03-20 09:37:00,246.92,247.1,246.695,246.73,69274
2026-03-20 09:38:00,246.74,246.98,246.73,246.9795,55995
2026-03-20 09:39:00,246.965,247.195,246.85,246.87,74819
2026-03-20 09:40:00,246.9025,247.12,246.61,247.07,104317
2026-03-20 09:41:00,247.04,247.45,247.01,247.36,83647
2026-03-20 09:42:00,247.4,247.65,247.32,247.44,47557
2026-03-20 09:43:00,247.44,247.63,247.13,247.225,93130
2026-03-20 09:44:00,247.2,247.4,247.08,247.33,62154
2026-03-20 09:45:00,247.33,247.915,247.3,247.71,83808
2026-03-20 09:46:00,247.68,247.74,247.37,247.51,103533
2026-03-20 09:47:00,247.51,247.88,247.47,247.8455,58778
2026-03-20 09:48:00,247.79,248.04,247.79,247.97,97429
2026-03-20 09:49:00,247.95,248.05,247.79,247.815,69192
2026-03-20 09:50:00,247.81,247.89,247.58,247.71,51058
2026-03-20 09:51:00,247.7,248.14,247.7,248,74537
2026-03-20 09:52:00,248.09,248.44,248.08,248.36,62395
2026-03-20 09:53:00,248.325,248.69,248.3,248.525,69452
2026-03-20 09:54:00,248.53,248.76,248.52,248.62,70434
2026-03-20 09:55:00,248.62,248.69,248.3,248.585,75119
2026-03-20 09:56:00,248.58,248.595,248.02,248.12,51150
2026-03-20 09:57:00,248.11,248.2833,248.03,248.08,27376
2026-03-20 09:58:00,248.105,248.12,247.531,247.6,98728
2026-03-20 09:59:00,247.605,247.81,247.53,247.68,50685
2026-03-20 10:00:00,247.66,247.755,247.26,247.425,71644
2026-03-20 10:01:00,247.48,247.62,247.16,247.34,79891
2026-03-20 10:02:00,247.4,247.47,247.28,247.32,28447
2026-03-20 10:03:00,247.3225,247.45,246.82,246.89,79357
2026-03-20 10:04:00,246.89,247.28,246.89,247.16,51528
2026-03-20 10:05:00,247.1709,247.44,247.17,247.36,24196
2026-03-20 10:06:00,247.35,247.35,247.12,247.17,49946
2026-03-20 10:07:00,247.18,247.64,247.18,247.445,98874
2026-03-20 10:08:00,247.445,247.525,247.26,247.3,32853
2026-03-20 10:09:00,247.325,247.5,247.27,247.45,32232
2026-03-20 10:10:00,247.45,247.62,247.415,247.5,39310
2026-03-20 10:11:00,247.51,247.66,247.22,247.47,53296
2026-03-20 10:12:00,247.47,247.55,247.39,247.47,29088
2026-03-20 10:13:00,247.5,247.7042,247.48,247.65,40031
2026-03-20 10:14:00,247.69,247.7,247.53,247.6409,53580
2026-03-20 10:15:00,247.63,247.82,247.59,247.71,36505
2026-03-20 10:16:00,247.69,248.15,247.63,248.06,70848
2026-03-20 10:17:00,248.065,248.33,248.04,248.31,146974
2026-03-20 10:18:00,248.31,248.33,247.89,247.94,96049
2026-03-20 10:19:00,247.93,248,247.84,247.9401,33734
2026-03-20 10:20:00,247.955,248.1,247.86,248.07,32791
2026-03-20 10:21:00,248.055,248.195,247.99,247.99,26814
2026-03-20 10:22:00,248.04,248.09,247.8996,247.92,19629
2026-03-20 10:23:00,247.9701,248.26,247.9,248.18,28231
2026-03-20 10:24:00,248.21,248.225,248.05,248.09,28776
2026-03-20 10:25:00,248.085,248.1699,247.9,248.12,33079
2026-03-20 10:26:00,248.1,248.27,248.1,248.2401,34029
2026-03-20 10:27:00,248.245,248.47,247.904,247.925,109187
2026-03-20 10:28:00,247.92,247.98,247.8001,247.815,32813
2026-03-20 10:29:00,247.82,247.87,247.74,247.77,24533
2026-03-20 10:30:00,247.79,247.91,247.74,247.865,23968
2026-03-20 10:31:00,247.86,248.03,247.77,247.93,61273
2026-03-20 10:32:00,247.93,248.08,247.74,247.755,42322
2026-03-20 10:33:00,247.77,247.94,247.6805,247.84,34745
2026-03-20 10:34:00,247.835,247.92,247.77,247.85,25508
2026-03-20 10:35:00,247.855,247.86,247.73,247.75,24031
2026-03-20 10:36:00,247.74,247.825,247.57,247.6,48873
2026-03-20 10:37:00,247.58,247.5801,247.17,247.29,52700
2026-03-20 10:38:00,247.28,247.3399,247.195,247.24,31492
2026-03-20 10:39:00,247.24,247.29,247.16,247.2056,31577
2026-03-20 10:40:00,247.18,247.38,247.18,247.34,54520
2026-03-20 10:41:00,247.32,247.84,247.32,247.74,58855
2026-03-20 10:42:00,247.75,247.85,247.63,247.79,55552
2026-03-20 10:43:00,247.83,247.9917,247.78,247.91,49394
2026-03-20 10:44:00,247.89,248.03,247.88,248.0141,48379
2026-03-20 10:45:00,248,248,247.85,247.92,33590
2026-03-20 10:46:00,247.95,248.2315,247.95,248.19,40310
2026-03-20 10:47:00,248.17,248.23,248.09,248.16,18174
2026-03-20 10:48:00,248.1899,248.26,248.1106,248.18,26836
2026-03-20 10:49:00,248.185,248.22,247.9601,248.0404,68605
2026-03-20 10:50:00,248.03,248.19,248.01,248.085,28285
2026-03-20 10:51:00,248.1,248.16,248.05,248.07,46649
2026-03-20 10:52:00,248.1,248.145,247.94,247.95,49428
2026-03-20 10:53:00,247.96,248.2,247.96,248.19,22265
2026-03-20 10:54:00,248.185,248.3,248.02,248.13,70845
2026-03-20 10:55:00,248.13,248.85,248.12,248.83,92489
2026-03-20 10:56:00,248.82,248.84,248.48,248.67,56668
2026-03-20 10:57:00,248.665,248.75,248.3,248.375,75887
2026-03-20 10:58:00,248.395,248.5368,248.335,248.3801,27548
2026-03-20 10:59:00,248.39,248.43,248.14,248.185,42663
2026-03-20 11:00:00,248.2,248.64,248.18,248.53,46266
2026-03-20 11:01:00,248.5,248.5,248.175,248.23,32280
2026-03-20 11:02:00,248.27,248.35,248.1,248.2003,24695
2026-03-20 11:03:00,248.17,248.3,248.06,248.075,15826
2026-03-20 11:04:00,248.075,248.25,248.0301,248.22,25260
2026-03-20 11:05:00,248.245,248.41,248.1801,248.37,22966
2026-03-20 11:06:00,248.39,248.5294,248.26,248.28,32472
2026-03-20 11:07:00,248.29,248.29,248.07,248.13,35843
2026-03-20 11:08:00,248.14,248.2,248.01,248.1,36699
2026-03-20 11:09:00,248.1,248.205,248.06,248.18,16423
2026-03-20 11:10:00,248.17,248.23,248.1,248.17,21786
2026-03-20 11:11:00,248.195,248.255,248.08,248.22,19446
2026-03-20 11:12:00,248.2,248.205,247.85,248.16,44634
2026-03-20 11:13:00,248.16,248.26,248.1,248.18,34277
2026-03-20 11:14:00,248.18,248.3153,248.14,248.21,44261
2026-03-20 11:15:00,248.23,248.27,248.14,248.195,24700
2026-03-20 11:16:00,248.1601,248.205,247.92,247.9501,27964
2026-03-20 11:17:00,247.99,248.22,247.99,248.18,36088
2026-03-20 11:18:00,248.22,248.39,248.21,248.34,33693
2026-03-20 11:19:00,248.36,248.38,248.19,248.19,59753
2026-03-20 11:20:00,248.18,248.195,247.99,247.995,15738
2026-03-20 11:21:00,248,248.15,247.78,248.015,76143
2026-03-20 11:22:00,248.04,248.15,247.86,247.86,25807
2026-03-20 11:23:00,247.86,248.65,247.86,248.5,77883
2026-03-20 11:24:00,248.5,248.5,248.14,248.17,32912
2026-03-20 11:25:00,248.2,248.28,248.02,248.205,31826
2026-03-20 11:26:00,248.19,248.315,248.11,248.12,19603
2026-03-20 11:27:00,248.12,248.385,248.1,248.18,24845
2026-03-20 11:28:00,248.17,248.18,247.85,247.95,22305
2026-03-20 11:29:00,247.96,248.075,247.95,247.985,16661
2026-03-20 11:30:00,247.97,248.05,247.86,247.88,11513
2026-03-20 11:31:00,247.92,248.08,247.86,247.985,24092
2026-03-20 11:32:00,247.96,248.125,247.95,248.06,22090
2026-03-20 11:33:00,248.065,248.2501,248.05,248.23,16113
2026-03-20 11:34:00,248.2186,248.32,248.19,248.2274,20270
2026-03-20 11:35:00,248.22,248.25,247.96,248.055,21008
2026-03-20 11:36:00,248.07,248.155,247.9101,247.9601,22131
2026-03-20 11:37:00,247.97,248.11,247.955,248.08,9820
2026-03-20 11:38:00,248.08,248.18,247.99,247.99,20005
2026-03-20 11:39:00,247.995,248.08,247.92,247.985,15138
2026-03-20 11:40:00,247.94,247.99,247.88,247.95,21692
2026-03-20 11:41:00,247.995,248.17,247.95,248.035,38806
2026-03-20 11:42:00,248.03,248.26,248.03,248.21,19970
2026-03-20 11:43:00,248.19,248.2799,248.19,248.24,17798
2026-03-20 11:44:00,248.21,248.32,248.135,248.31,24602
2026-03-20 11:45:00,248.3,248.325,248.125,248.275,34416
2026-03-20 11:46:00,248.26,248.31,248.14,248.2,21813
2026-03-20 11:47:00,248.2,248.38,248.1601,248.375,25213
2026-03-20 11:48:00,248.37,248.47,248.29,248.385,25275
2026-03-20 11:49:00,248.3701,248.43,248.22,248.28,8835
2026-03-20 11:50:00,248.28,248.45,248.26,248.28,29179
2026-03-20 11:51:00,248.24,248.455,248.21,248.44,19109
2026-03-20 11:52:00,248.44,248.74,248.43,248.65,21348
2026-03-20 11:53:00,248.62,248.71,248.5763,248.7,44154
2026-03-20 11:54:00,248.69,248.8692,248.655,248.86,27613
2026-03-20 11:55:00,248.83,248.91,248.81,248.87,22360
2026-03-20 11:56:00,248.87,248.87,248.68,248.851,26468
2026-03-20 11:57:00,248.875,248.93,248.82,248.89,24484
2026-03-20 11:58:00,248.89,248.9,248.79,248.87,16066
2026-03-20 11:59:00,248.86,248.87,248.785,248.84,18641
2026-03-20 12:00:00,248.85,248.91,248.8,248.87,21138
2026-03-20 12:01:00,248.86,248.935,248.76,248.82,16755
2026-03-20 12:02:00,248.82,248.86,248.75,248.85,17830
2026-03-20 12:03:00,248.86,248.905,248.8,248.865,22262
2026-03-20 12:04:00,248.83,249.06,248.8,248.9481,45104
2026-03-20 12:05:00,248.93,248.93,248.6816,248.78,39267
2026-03-20 12:06:00,248.76,248.78,248.6401,248.69,30065
2026-03-20 12:07:00,248.69,248.805,248.68,248.77,19686
2026-03-20 12:08:00,248.78,248.78,248.58,248.62,20369
2026-03-20 12:09:00,248.61,248.73,248.56,248.69,17142
2026-03-20 12:10:00,248.7,248.8075,248.65,248.8075,16679
2026-03-20 12:11:00,248.785,248.84,248.74,248.8,27311
2026-03-20 12:12:00,248.805,248.83,248.69,248.72,41531
2026-03-20 12:13:00,248.735,248.89,248.6401,248.89,17217
2026-03-20 12:14:00,248.91,248.98,248.79,248.84,40274
2026-03-20 12:15:00,248.84,248.86,248.68,248.73,32506
2026-03-20 12:16:00,248.76,248.78,248.5572,248.68,30220
2026-03-20 12:17:00,248.709,248.775,248.64,248.76,26941
2026-03-20 12:18:00,248.75,248.765,248.65,248.75,15071
2026-03-20 12:19:00,248.74,248.8,248.67,248.73,22649
2026-03-20 12:20:00,248.75,248.769,248.64,248.665,18406
2026-03-20 12:21:00,248.65,248.71,248.58,248.655,15976
2026-03-20 12:22:00,248.66,248.9,248.6328,248.785,24608
2026-03-20 12:23:00,248.7701,248.896,248.74,248.75,23555
2026-03-20 12:24:00,248.76,248.82,248.7301,248.735,29705
2026-03-20 12:25:00,248.77,248.83,248.7,248.775,22847
2026-03-20 12:26:00,248.77,248.78,248.67,248.725,22692
2026-03-20 12:27:00,248.72,248.855,248.71,248.72,43470
2026-03-20 12:28:00,248.73,248.75,248.645,248.69,16926
2026-03-20 12:29:00,248.7,248.72,248.5601,248.62,23242
2026-03-20 12:30:00,248.65,248.66,248.46,248.465,19285
2026-03-20 12:31:00,248.45,248.47,248.19,248.22,34310
2026-03-20 12:32:00,248.23,248.29,248.13,248.26,36587
2026-03-20 12:33:00,248.28,248.41,248.26,248.3,33293
2026-03-20 12:34:00,248.29,248.305,248.1601,248.2499,16293
2026-03-20 12:35:00,248.25,248.34,248.225,248.23,26903
2026-03-20 12:36:00,248.22,248.35,248.22,248.34,12429
2026-03-20 12:37:00,248.355,248.46,248.32,248.38,24883
2026-03-20 12:38:00,248.41,248.45,248.26,248.26,24592
2026-03-20 12:39:00,248.2584,248.305,248.1401,248.21,28391
2026-03-20 12:40:00,248.2,248.26,248.14,248.26,28713
2026-03-20 12:41:00,248.25,248.37,248.24,248.275,15589
2026-03-20 12:42:00,248.27,248.375,248.23,248.32,16310
2026-03-20 12:43:00,248.34,248.37,248.285,248.345,17794
2026-03-20 12:44:00,248.33,248.45,248.3105,248.41,14676
2026-03-20 12:45:00,248.4,248.42,248.34,248.39,25298
2026-03-20 12:46:00,248.41,248.55,248.39,248.53,15139
2026-03-20 12:47:00,248.52,248.545,248.26,248.31,31832
2026-03-20 12:48:00,248.33,248.37,248.245,248.26,13229
2026-03-20 12:49:00,248.26,248.31,248.2501,248.26,18920
2026-03-20 12:50:00,248.27,248.46,248.26,248.315,23974
2026-03-20 12:51:00,248.325,248.36,248.19,248.19,16885
2026-03-20 12:52:00,248.18,248.2,248.08,248.161,16480
2026-03-20 12:53:00,248.17,248.28,248.14,248.28,31709
2026-03-20 12:54:00,248.26,248.38,248.23,248.32,13297
2026-03-20 12:55:00,248.32,248.42,248.29,248.42,11122
2026-03-20 12:56:00,248.415,248.57,248.41,248.52,25469
2026-03-20 12:57:00,248.505,248.675,248.49,248.55,14730
2026-03-20 12:58:00,248.55,248.64,248.545,248.59,14319
2026-03-20 12:59:00,248.595,248.605,248.35,248.44,24446
2026-03-20 13:00:00,248.46,248.565,248.41,248.565,17789
2026-03-20 13:01:00,248.55,248.64,248.54,248.6,17664
2026-03-20 13:02:00,248.595,248.72,248.595,248.675,22733
2026-03-20 13:03:00,248.65,248.72,248.5604,248.71,33345
2026-03-20 13:04:00,248.71,248.75,248.6501,248.67,32467
2026-03-20 13:05:00,248.67,248.79,248.21,248.2301,82808
2026-03-20 13:06:00,248.27,248.57,248.27,248.525,21226
2026-03-20 13:07:00,248.52,248.5989,248.45,248.52,22434
2026-03-20 13:08:00,248.5,248.68,248.485,248.67,14937
2026-03-20 13:09:00,248.65,248.65,248.51,248.605,15082
2026-03-20 13:10:00,248.6,248.71,248.5525,248.5525,8073
2026-03-20 13:11:00,248.58,248.59,248.45,248.52,10613
2026-03-20 13:12:00,248.51,248.56,248.48,248.555,14816
2026-03-20 13:13:00,248.54,248.5975,248.5,248.54,17602
2026-03-20 13:14:00,248.52,248.59,248.4101,248.49,15749
2026-03-20 13:15:00,248.47,248.62,248.4,248.405,22880
2026-03-20 13:16:00,248.41,248.41,248.19,248.29,39239
2026-03-20 13:17:00,248.29,248.29,248.16,248.215,16053
2026-03-20 13:18:00,248.225,248.31,248.18,248.19,16833
2026-03-20 13:19:00,248.185,248.34,248.16,248.29,19185
2026-03-20 13:20:00,248.28,248.37,248.25,248.33,7995
2026-03-20 13:21:00,248.34,248.4,248.31,248.34,17873
2026-03-20 13:22:00,248.38,248.47,248.32,248.41,16370
2026-03-20 13:23:00,248.4,248.42,248.34,248.345,11531
2026-03-20 13:24:00,248.34,248.43,248.3,248.38,19663
2026-03-20 13:25:00,248.3,248.41,248.29,248.37,9304
2026-03-20 13:26:00,248.38,248.41,248.315,248.38,12647
2026-03-20 13:27:00,248.36,248.455,248.34,248.43,50265
2026-03-20 13:28:00,248.39,248.43,248.2,248.23,33387
2026-03-20 13:29:00,248.235,248.3,248.2,248.27,12981
2026-03-20 13:30:00,248.29,248.36,248.27,248.33,10200
2026-03-20 13:31:00,248.29,248.38,248.29,248.345,10850
2026-03-20 13:32:00,248.345,248.345,247.8401,247.85,36966
2026-03-20 13:33:00,247.86,247.95,247.8,247.89,30475
2026-03-20 13:34:00,247.9,247.94,247.83,247.9,47440
2026-03-20 13:35:00,247.88,248,247.83,247.85,30024
2026-03-20 13:36:00,247.85,247.85,247.54,247.555,36987
2026-03-20 13:37:00,247.57,247.68,247.53,247.68,20504
2026-03-20 13:38:00,247.68,247.74,247.58,247.645,20967
2026-03-20 13:39:00,247.66,247.945,247.63,247.88,39191
2026-03-20 13:40:00,247.87,248.057,247.78,247.945,24139
2026-03-20 13:41:00,247.96,248.03,247.915,247.97,20621
2026-03-20 13:42:00,247.98,247.9999,247.83,247.89,16124
2026-03-20 13:43:00,247.875,247.94,247.85,247.94,15203
2026-03-20 13:44:00,247.95,247.95,247.78,247.86,22698
2026-03-20 13:45:00,247.88,247.91,247.8,247.81,18170
2026-03-20 13:46:00,247.81,247.81,247.68,247.71,25049
2026-03-20 13:47:00,247.71,247.83,247.67,247.699,31562
2026-03-20 13:48:00,247.69,247.8199,247.64,247.78,23784
2026-03-20 13:49:00,247.76,247.88,247.75,247.795,22916
2026-03-20 13:50:00,247.78,247.96,247.74,247.95,25170
2026-03-20 13:51:00,247.95,248.08,247.93,247.96,25145
2026-03-20 13:52:00,247.97,248.05,247.92,247.99,17040
2026-03-20 13:53:00,247.99,248.06,247.96,248.06,17888
2026-03-20 13:54:00,248.03,248.19,247.99,248.105,43428
2026-03-20 13:55:00,248.13,248.27,248.09,248.26,33586
2026-03-20 13:56:00,248.25,248.25,248.04,248.07,24158
2026-03-20 13:57:00,248.05,248.16,248.03,248.16,18902
2026-03-20 13:58:00,248.165,248.24,248.12,248.155,35022
2026-03-20 13:59:00,248.15,248.23,248.0701,248.17,48779
2026-03-20 14:00:00,248.18,248.54,248.17,248.505,53203
2026-03-20 14:01:00,248.465,248.49,248.2301,248.28,20991
2026-03-20 14:02:00,248.245,248.37,248.24,248.37,17179
2026-03-20 14:03:00,248.37,248.44,248.3101,248.325,23029
2026-03-20 14:04:00,248.31,248.44,248.28,248.35,25894
2026-03-20 14:05:00,248.39,248.465,248.38,248.4,17673
2026-03-20 14:06:00,248.4,248.64,248.4,248.5301,46376
2026-03-20 14:07:00,248.52,248.75,248.51,248.72,44154
2026-03-20 14:08:00,248.72,248.7599,248.54,248.54,39168
2026-03-20 14:09:00,248.55,248.65,248.451,248.625,38112
2026-03-20 14:10:00,248.62,248.65,248.37,248.5,38011
2026-03-20 14:11:00,248.5,248.575,248.41,248.43,25090
2026-03-20 14:12:00,248.43,248.45,248.315,248.37,57680
2026-03-20 14:13:00,248.375,248.45,248.34,248.45,12095
2026-03-20 14:14:00,248.44,248.475,248.41,248.41,10564
2026-03-20 14:15:00,248.42,248.46,248.32,248.37,11887
2026-03-20 14:16:00,248.31,248.36,248.2601,248.29,19898
2026-03-20 14:17:00,248.29,248.33,248.21,248.22,18370
2026-03-20 14:18:00,248.24,248.33,248.2085,248.29,15680
2026-03-20 14:19:00,248.295,248.41,248.26,248.41,19957
2026-03-20 14:20:00,248.44,248.5,248.18,248.22,50296
2026-03-20 14:21:00,248.21,248.36,248.04,248.05,37920
2026-03-20 14:22:00,248.07,248.1344,247.79,247.79,53220
2026-03-20 14:23:00,247.79,248.03,247.76,248.01,53958
2026-03-20 14:24:00,248.03,248.04,247.82,247.849,39003
2026-03-20 14:25:00,247.8799,248.01,247.8,247.965,22784
2026-03-20 14:26:00,248,248.12,247.99,248.07,21159
2026-03-20 14:27:00,248.08,248.19,248.01,248.14,37580
2026-03-20 14:28:00,248.15,248.27,248.02,248.06,24550
2026-03-20 14:29:00,248.04,248.09,247.9675,248.08,23153
2026-03-20 14:30:00,248.07,248.14,247.82,247.83,51244
2026-03-20 14:31:00,247.87,248.0099,247.86,247.86,13532
2026-03-20 14:32:00,247.88,248.01,247.81,248,19878
2026-03-20 14:33:00,247.97,248.075,247.96,248.04,20510
2026-03-20 14:34:00,248.045,248.18,248.025,248.15,37441
2026-03-20 14:35:00,248.15,248.27,248.115,248.245,88747
2026-03-20 14:36:00,248.24,248.265,248.105,248.149,26234
2026-03-20 14:37:00,248.12,248.1301,248.02,248.09,26112
2026-03-20 14:38:00,248.1,248.1,247.92,248,24801
2026-03-20 14:39:00,248.02,248.11,247.929,247.97,15928
2026-03-20 14:40:00,247.96,247.97,247.88,247.91,22776
2026-03-20 14:41:00,247.93,248.0576,247.83,247.83,31177
2026-03-20 14:42:00,247.86,247.9,247.81,247.875,26167
2026-03-20 14:43:00,247.87,248.02,247.83,248.005,27064
2026-03-20 14:44:00,248,248.04,247.92,247.945,26900
2026-03-20 14:45:00,247.95,248.06,247.89,247.92,25543
2026-03-20 14:46:00,247.88,248.02,247.76,247.775,43281
2026-03-20 14:47:00,247.79,247.81,247.7,247.76,27553
2026-03-20 14:48:00,247.78,247.85,247.625,247.66,35113
2026-03-20 14:49:00,247.64,247.74,247.61,247.71,25814
2026-03-20 14:50:00,247.7,247.7,247.61,247.615,22032
2026-03-20 14:51:00,247.61,247.79,247.59,247.74,19365
2026-03-20 14:52:00,247.73,247.835,247.66,247.77,19848
2026-03-20 14:53:00,247.785,247.97,247.77,247.9,24798
2026-03-20 14:54:00,247.9099,247.92,247.84,247.92,19883
2026-03-20 14:55:00,247.9149,248.15,247.88,248.09,35626
2026-03-20 14:56:00,248.1,248.2,248.0901,248.165,31943
2026-03-20 14:57:00,248.18,248.275,248.15,248.27,42009
2026-03-20 14:58:00,248.28,248.32,248.19,248.3001,46013
2026-03-20 14:59:00,248.31,248.45,248.3,248.45,60702
2026-03-20 15:00:00,248.45,249.02,248.45,248.98,125672
2026-03-20 15:01:00,248.975,249.1999,248.97,249.1501,79291
2026-03-20 15:02:00,249.15,249.16,248.98,249.015,100617
2026-03-20 15:03:00,249.02,249.025,248.56,248.67,85890
2026-03-20 15:04:00,248.67,248.82,248.6,248.71,53756
2026-03-20 15:05:00,248.7,248.733,248.39,248.485,42590
2026-03-20 15:06:00,248.5,248.6,248.4,248.595,42509
2026-03-20 15:07:00,248.58,248.7599,248.525,248.525,41795
2026-03-20 15:08:00,248.54,248.73,248.53,248.58,38727
2026-03-20 15:09:00,248.595,248.7,248.52,248.5238,35843
2026-03-20 15:10:00,248.525,248.535,248.38,248.431,49430
2026-03-20 15:11:00,248.45,248.47,248.24,248.2998,54435
2026-03-20 15:12:00,248.28,248.33,248.18,248.2,31945
2026-03-20 15:13:00,248.215,248.3,248.14,248.205,33237
2026-03-20 15:14:00,248.1901,248.28,248.12,248.21,47246
2026-03-20 15:15:00,248.215,248.34,248.16,248.21,40696
2026-03-20 15:16:00,248.21,248.271,248.1105,248.12,38528
2026-03-20 15:17:00,248.1,248.16,248.03,248.125,51033
2026-03-20 15:18:00,248.11,248.279,248.07,248.14,41056
2026-03-20 15:19:00,248.13,248.33,248.065,248.27,40387
2026-03-20 15:20:00,248.28,248.36,248.175,248.175,28522
2026-03-20 15:21:00,248.175,248.35,248.15,248.21,39597
2026-03-20 15:22:00,248.2,248.33,248.2,248.3,45336
2026-03-20 15:23:00,248.33,248.37,248.17,248.25,53140
2026-03-20 15:24:00,248.235,248.29,247.88,247.92,79922
2026-03-20 15:25:00,247.91,248,247.87,247.95,37431
2026-03-20 15:26:00,247.94,248.08,247.87,248,78039
2026-03-20 15:27:00,248.03,248.21,248.03,248.0709,41253
2026-03-20 15:28:00,248.09,248.15,248.02,248.07,55610
2026-03-20 15:29:00,248.06,248.16,248.03,248.09,49698
2026-03-20 15:30:00,248.09,248.15,248.07,248.135,44903
2026-03-20 15:31:00,248.13,248.13,247.7762,247.875,61329
2026-03-20 15:32:00,247.86,247.87,247.69,247.78,55745
2026-03-20 15:33:00,247.77,247.83,247.62,247.65,55049
2026-03-20 15:34:00,247.65,247.65,247.37,247.4001,84108
2026-03-20 15:35:00,247.41,247.42,247.1601,247.285,55104
2026-03-20 15:36:00,247.28,247.28,247.08,247.09,51357
2026-03-20 15:37:00,247.1,247.12,246.91,246.9825,104359
2026-03-20 15:38:00,246.97,247.08,246.82,246.9701,52868
2026-03-20 15:39:00,246.98,247.13,246.9,247.11,79644
2026-03-20 15:40:00,247.115,247.24,247.08,247.21,74704
2026-03-20 15:41:00,247.21,247.47,247.1801,247.47,75193
2026-03-20 15:42:00,247.46,247.55,247.38,247.47,86955
2026-03-20 15:43:00,247.465,247.73,247.465,247.645,82984
2026-03-20 15:44:00,247.63,247.79,247.4701,247.72,95646
2026-03-20 15:45:00,247.71,247.8,247.5301,247.56,72866
2026-03-20 15:46:00,247.56,247.83,247.51,247.6,88889
2026-03-20 15:47:00,247.61,248,247.59,247.94,81018
2026-03-20 15:48:00,247.94,247.94,247.8,247.8499,106748
2026-03-20 15:49:00,247.84,247.98,247.78,247.897,79147
2026-03-20 15:50:00,247.93,247.94,247.38,247.55,119566
2026-03-20 15:51:00,247.54,247.7625,247.3208,247.36,118846
2026-03-20 15:52:00,247.37,247.5,247.24,247.32,114370
2026-03-20 15:53:00,247.31,247.325,247.03,247.23,191468
2026-03-20 15:54:00,247.23,247.28,246,247.19,452211
2026-03-20 15:55:00,247.31,247.78,247.235,247.77,255918
2026-03-20 15:56:00,247.8,247.8299,247.64,247.78,165335
2026-03-20 15:57:00,247.8,248,247.78,247.88,186471
2026-03-20 15:58:00,247.87,248.04,247.81,248,341392
2026-03-20 15:59:00,248,248.21,247.74,248.19,1011071
2026-03-20 16:00:00,248.19,248.19,247.95,247.95,31005972
2026-03-20 16:01:00,248.01,248.336,247.99,248.3,651729
2026-03-20 16:03:00,248.0166,248.1,248.0166,248.0899,3220
2026-03-20 16:04:00,248.09,248.24,248.04,248.04,1621
2026-03-20 16:05:00,248.0681,248.0681,247.67,247.8,7665
2026-03-20 16:06:00,247.8,247.8,247.7,247.75,2506
2026-03-20 16:07:00,247.61,247.9,247.61,247.9,1001
2026-03-20 16:08:00,247.8,247.8,247.77,247.77,916
2026-03-20 16:09:00,247.72,247.74,247.72,247.74,246
2026-03-20 16:10:00,247.8,247.8,247.77,247.8,765
2026-03-20 16:11:00,247.99,247.99,247.7875,247.7875,9753
2026-03-20 16:12:00,247.7781,247.84,247.7781,247.84,4308
2026-03-20 16:13:00,247.84,247.84,247.81,247.81,400
2026-03-20 16:14:00,247.85,248,247.85,247.9,4287
2026-03-20 16:16:00,247.96,247.96,247.96,247.96,100
2026-03-20 16:18:00,247.99,247.99,247.99,247.99,100
2026-03-20 16:19:00,247.91,247.92,247.9,247.92,802
2026-03-20 16:20:00,247.92,247.92,247.89,247.9,756
2026-03-20 16:22:00,247.97,247.98,247.9001,247.98,1857
2026-03-20 16:23:00,247.99,247.99,247.91,247.91,1917
2026-03-20 16:24:00,247.98,247.98,247.98,247.98,100
2026-03-20 16:25:00,247.9002,247.9002,247.9002,247.9002,198
2026-03-20 16:26:00,247.95,247.95,247.91,247.9117,700
2026-03-20 16:27:00,247.9,247.92,247.9,247.9,800
2026-03-20 16:28:00,247.85,247.85,247.85,247.85,1000
2026-03-20 16:29:00,247.8,247.81,247.8,247.81,300
2026-03-20 16:31:00,247.99,247.99,247.82,247.83,12760
2026-03-20 16:32:00,247.89,247.9,247.89,247.9,2196
2026-03-20 16:33:00,247.76,247.76,247.76,247.76,114
2026-03-20 16:34:00,247.9,247.9,247.88,247.9,432
2026-03-20 16:35:00,247.91,248,247.91,248,558
2026-03-20 16:36:00,248,248,248,248,4493
2026-03-20 16:37:00,248.03,248.08,248.03,248.08,200
2026-03-20 16:38:00,248.18,248.24,248.18,248.24,1094
2026-03-20 16:39:00,247.9629,247.9629,247.9629,247.9629,100
2026-03-20 16:40:00,248.16,248.16,248.16,248.16,100
2026-03-20 16:41:00,248.21,248.21,248.21,248.21,100
2026-03-20 16:42:00,248.25,248.3,248.25,248.3,1166
2026-03-20 16:43:00,248.26,248.26,248.24,248.24,848
2026-03-20 16:44:00,248.32,248.37,248.32,248.37,881
2026-03-20 16:45:00,248.41,248.57,248.41,248.57,2379
2026-03-20 16:46:00,248.52,248.76,248.4816,248.5848,981
2026-03-20 16:47:00,248.75,248.93,248.44,248.93,3777
2026-03-20 16:48:00,248.9,248.9,248.45,248.45,2644
2026-03-20 16:49:00,248.88,248.99,248.84,248.99,1565
2026-03-20 16:50:00,249,249.3235,249,249.27,3836
2026-03-20 16:51:00,249.21,249.21,249.1799,249.1799,6903
2026-03-20 16:52:00,248.65,249.06,248.65,249.06,206
2026-03-20 16:53:00,249.04,249.07,249.04,249.07,769
2026-03-20 16:54:00,249.07,249.07,249.06,249.07,891
2026-03-20 16:55:00,249.07,249.07,249.06,249.06,2234
2026-03-20 16:56:00,249.02,249.02,248.6821,248.6821,257
2026-03-20 16:57:00,248.89,249,248.89,249,1978
2026-03-20 16:58:00,248.94,249,248.92,249,1434
2026-03-20 16:59:00,248.98,249.07,248.62,249.07,3344
2026-03-20 17:00:00,248.99,249.04,248.99,249.04,617
2026-03-20 17:01:00,248.79,248.79,248.64,248.64,1803
2026-03-20 17:03:00,248.7,248.7,248.7,248.7,207
2026-03-20 17:04:00,248.9659,248.97,248.92,248.97,1148
2026-03-20 17:05:00,248.96,248.98,248.95,248.98,1535
2026-03-20 17:06:00,248.93,248.98,248.93,248.95,1689
2026-03-20 17:07:00,248.94,249,248.94,249,2168
2026-03-20 17:08:00,248.94,248.94,248.91,248.91,1245
2026-03-20 17:09:00,248.75,248.75,248.52,248.53,1864
2026-03-20 17:11:00,248.54,248.57,248.54,248.55,1216
2026-03-20 17:12:00,248.59,248.59,248.59,248.59,140
2026-03-20 17:13:00,248.69,250.84,248.69,250.84,15296
2026-03-20 17:14:00,250.3,250.98,249.3,249.84,7999
2026-03-20 17:15:00,249.76,250,249.6,250,7796
2026-03-20 17:16:00,249.9,250.02,249.88,249.88,1236
2026-03-20 17:17:00,249.57,249.8,249.57,249.8,500
2026-03-20 17:18:00,249.51,249.92,249.5,249.9,1672
2026-03-20 17:19:00,249.6,249.87,249.5,249.8,2842
2026-03-20 17:20:00,249.78,249.92,249.5,249.92,1230
2026-03-20 17:21:00,250,250.08,249.9,250.08,1080
2026-03-20 17:22:00,250.1415,250.1415,250.1415,250.1415,250
2026-03-20 17:23:00,249.86,249.86,249.5,249.5,1781
2026-03-20 17:24:00,249.88,249.95,249.5,249.95,3969
2026-03-20 17:25:00,250.09,250.32,249.6119,249.6119,648
2026-03-20 17:26:00,250.03,250.25,249.5,250.2339,516
2026-03-20 17:27:00,250.25,250.28,250.25,250.28,210
2026-03-20 17:28:00,250.21,250.21,249.9,249.9,2297
2026-03-20 17:29:00,249.81,249.81,249.4359,249.4359,350
2026-03-20 17:30:00,249.64,249.94,249.64,249.94,1538
2026-03-20 17:32:00,249.91,249.91,249.75,249.9,950
2026-03-20 17:37:00,249.8,249.8,249.72,249.72,269
2026-03-20 17:38:00,249.9,249.9,249.9,249.9,107
2026-03-20 17:39:00,249.89,249.89,249.7,249.7,370
2026-03-20 17:40:00,249.7,249.7,249.7,249.7,514
2026-03-20 17:45:00,249.85,249.89,249.85,249.89,729
2026-03-20 17:46:00,249.5,249.5764,249.5,249.5764,600
2026-03-20 17:53:00,249.75,249.79,249.5,249.5,935
2026-03-20 17:55:00,249.5,249.5,249.5,249.5,208
2026-03-20 17:59:00,249.78,249.78,249.78,249.78,170
2026-03-20 18:01:00,249.7,249.87,249.7,249.87,2779
2026-03-20 18:02:00,249.86,249.87,249.85,249.87,692
2026-03-20 18:04:00,249.87,249.87,249.78,249.87,634
2026-03-20 18:05:00,249.78,249.87,249.78,249.87,1000
2026-03-20 18:06:00,249.81,249.9,249.81,249.9,4520
2026-03-20 18:07:00,249.9,249.9,249.88,249.88,1343
2026-03-20 18:08:00,249.87,249.9,249.8,249.8,1449
2026-03-20 18:10:00,249.77,249.8,249.77,249.8,1785
2026-03-20 18:11:00,249.87,249.87,249.87,249.87,396
2026-03-20 18:12:00,249.73,249.9,249.73,249.9,4924
2026-03-20 18:13:00,249.9,249.9,249.9,249.9,150
2026-03-20 18:14:00,249.85,249.85,249.84,249.84,287
2026-03-20 18:15:00,249.76,249.76,249.75,249.75,1082
2026-03-20 18:16:00,249.78,249.78,249.78,249.78,295
2026-03-20 18:17:00,249.79,249.9,249.79,249.9,1205
2026-03-20 18:18:00,249.9,250,249.81,250,12608
2026-03-20 18:21:00,249.8,249.8,249.8,249.8,250
2026-03-20 18:23:00,249.8,249.8,249.8,249.8,200
2026-03-20 18:26:00,249.85,249.85,249.85,249.85,100
2026-03-20 18:32:00,249.57,249.57,249.54,249.54,1022
2026-03-20 18:33:00,249.3495,249.3495,249.3495,249.3495,100
2026-03-20 18:34:00,249.5399,249.5399,249.5399,249.5399,100
2026-03-20 18:38:00,249.5,249.57,249.5,249.57,568
2026-03-20 18:42:00,249.7,249.7,249.7,249.7,100
2026-03-20 18:44:00,249.62,249.62,249.62,249.62,104
2026-03-20 18:45:00,249.7,249.7,249.7,249.7,300
2026-03-20 18:47:00,249.7,249.7,249.7,249.7,100
2026-03-20 18:48:00,249.75,249.75,249.75,249.75,100
2026-03-20 18:49:00,249.68,249.68,249.68,249.68,1524
2026-03-20 18:50:00,249.6973,249.7083,249.6973,249.7083,645
2026-03-20 18:51:00,249.77,249.77,249.77,249.77,200
2026-03-20 18:52:00,249.94,249.94,249.94,249.94,100
2026-03-20 18:54:00,249.99,249.99,249.99,249.99,119
2026-03-20 18:57:00,249.96,249.96,249.96,249.96,222
2026-03-20 18:59:00,249.95,249.95,249.95,249.95,158
2026-03-20 19:04:00,249.95,249.95,249.75,249.75,921
2026-03-20 19:06:00,249.689,249.689,249.689,249.689,100
2026-03-20 19:10:00,249.91,249.91,249.91,249.91,100
2026-03-20 19:11:00,249.93,249.95,249.8,249.8,1762
2026-03-20 19:16:00,249.95,249.95,249.95,249.95,714
2026-03-20 19:17:00,249.95,249.95,249.95,249.95,522
2026-03-20 19:19:00,249.9175,249.9175,249.9175,249.9175,800
2026-03-20 19:20:00,249.95,249.95,249.79,249.79,351
2026-03-20 19:21:00,249.95,249.95,249.95,249.95,111
2026-03-20 19:22:00,249.95,249.95,249.95,249.95,532
2026-03-20 19:23:00,249.95,249.95,249.72,249.93,1859
2026-03-20 19:24:00,249.93,249.95,249.92,249.95,1778
2026-03-20 19:25:00,249.661,249.95,249.661,249.93,873
2026-03-20 19:27:00,249.661,249.661,249.661,249.661,100
2026-03-20 19:28:00,249.85,249.85,249.85,249.85,200
2026-03-20 19:30:00,249.85,249.93,249.85,249.85,967
2026-03-20 19:31:00,249.86,249.86,249.86,249.86,3000
2026-03-20 19:33:00,249.86,249.86,249.86,249.86,400
2026-03-20 19:35:00,249.91,249.91,249.91,249.91,549
2026-03-20 19:37:00,249.81,249.81,249.81,249.81,100
2026-03-20 19:39:00,249.8,249.8,249.8,249.8,917
2026-03-20 19:44:00,249.8,249.8,249.8,249.8,200
2026-03-20 19:46:00,249.8,249.8,249.77,249.77,461
2026-03-20 19:47:00,249.78,249.78,249.78,249.78,100
2026-03-20 19:49:00,249.8,249.8,249.8,249.8,282
2026-03-20 19:51:00,249.75,249.75,249.75,249.75,260
2026-03-20 19:52:00,249.75,249.8,249.7,249.7,2524
2026-03-20 19:54:00,249.76,249.76,249.76,249.76,1279
2026-03-20 19:55:00,249.76,249.76,249.75,249.75,429
2026-03-20 19:57:00,249.87,249.87,249.5481,249.78,500
2026-03-20 19:58:00,249.78,249.78,249.78,249.78,101
2026-03-20 19:59:00,249.6854,249.8,249.6854,249.8,270
2026-03-23 04:00:00,245.6,246.02,245.6,246.02,1072
2026-03-23 04:01:00,246.03,246.03,246.03,246.03,315
2026-03-23 04:02:00,246,246,246,246,1170
2026-03-23 04:03:00,246.12,246.12,245.85,246.09,820
2026-03-23 04:04:00,245.92,246.02,245.92,246.02,621
2026-03-23 04:05:00,246.05,246.07,245.87,246.06,2548
2026-03-23 04:07:00,246.06,246.12,246.06,246.12,800
2026-03-23 04:08:00,246.1,246.1,246.1,246.1,100
2026-03-23 04:09:00,246.13,246.14,246.13,246.13,903
2026-03-23 04:10:00,245.99,246.01,245.72,245.83,708
2026-03-23 04:11:00,245.83,245.83,245.71,245.82,1150
2026-03-23 04:12:00,245.91,246.37,245.91,246.37,1113
2026-03-23 04:13:00,246.29,246.75,246.13,246.73,2344
2026-03-23 04:14:00,246.94,247.02,246.94,247.01,1420
2026-03-23 04:15:00,247.12,247.12,247,247,1117
2026-03-23 04:16:00,247,247,246.9,246.9,302
2026-03-23 04:17:00,246.45,246.45,246.45,246.45,219
2026-03-23 04:18:00,246.75,246.75,246.5,246.5,315
2026-03-23 04:19:00,246.36,246.36,246.36,246.36,316
2026-03-23 04:20:00,246.88,246.89,246.88,246.89,200
2026-03-23 04:26:00,246.88,246.88,246.88,246.88,300
2026-03-23 04:30:00,246.8,246.82,246.8,246.82,661
2026-03-23 04:31:00,247.06,247.22,247.06,247.22,300
2026-03-23 04:32:00,247.12,247.12,247.12,247.12,100
2026-03-23 04:35:00,247.01,247.02,247.01,247.02,1297
2026-03-23 04:36:00,247.12,247.12,247.12,247.12,117
2026-03-23 04:37:00,247.04,247.04,247.01,247.01,918
2026-03-23 04:38:00,247.01,247.02,247.01,247.02,399
2026-03-23 04:39:00,247.08,247.08,247.08,247.08,240
2026-03-23 04:40:00,247.12,247.31,247.12,247.31,529
2026-03-23 04:41:00,247.49,247.5,247.49,247.5,750
2026-03-23 04:42:00,247.47,247.57,247.47,247.57,325
2026-03-23 04:43:00,247.32,247.32,247.31,247.31,200
2026-03-23 04:45:00,247.21,247.48,247.21,247.48,1205
2026-03-23 04:46:00,247.64,247.64,247.64,247.64,200
2026-03-23 04:48:00,247.64,247.64,247.64,247.64,112
2026-03-23 04:50:00,247.41,247.41,247.41,247.41,331
2026-03-23 04:51:00,247.51,247.51,247.51,247.51,100
2026-03-23 04:52:00,247.52,247.56,247.52,247.56,200
2026-03-23 04:53:00,247.64,247.64,247.64,247.64,198
2026-03-23 04:55:00,247.59,247.59,247.5,247.5,1567
2026-03-23 04:56:00,247.39,247.39,247.39,247.39,250
2026-03-23 04:57:00,247.39,247.39,247.39,247.39,160
2026-03-23 04:58:00,247.64,247.64,247.64,247.64,100
2026-03-23 05:00:00,247.53,247.53,247.37,247.45,1000
2026-03-23 05:02:00,247.36,247.37,247.36,247.37,200
2026-03-23 05:03:00,247.37,247.37,247.37,247.37,200
2026-03-23 05:04:00,247.47,247.47,247.37,247.4,858
2026-03-23 05:05:00,247.35,247.35,247.25,247.25,541
2026-03-23 05:06:00,247.49,247.49,247.49,247.49,157
2026-03-23 05:09:00,247.45,247.51,247.45,247.51,200
2026-03-23 05:10:00,247.66,247.66,247.66,247.66,100
2026-03-23 05:14:00,247.49,247.5,247.49,247.5,210
2026-03-23 05:16:00,247.5,247.5,247.5,247.5,200
2026-03-23 05:20:00,247.84,247.86,247.84,247.86,201
2026-03-23 05:21:00,247.74,247.74,247.74,247.74,100
2026-03-23 05:24:00,247.72,247.72,247.7,247.7,600
2026-03-23 05:25:00,247.72,247.72,247.72,247.72,100
2026-03-23 05:26:00,247.72,247.72,247.72,247.72,125
2026-03-23 05:27:00,247.72,247.81,247.72,247.81,300
2026-03-23 05:31:00,247.8,247.8,247.8,247.8,449
2026-03-23 05:33:00,247.78,247.78,247.74,247.75,550
2026-03-23 05:34:00,247.72,247.75,247.26,247.26,3949
2026-03-23 05:35:00,247.19,247.2,247.07,247.07,643
2026-03-23 05:36:00,247.07,247.07,247.07,247.07,170
2026-03-23 05:37:00,247.1,247.1,247.04,247.04,363
2026-03-23 05:38:00,247.06,247.09,247.02,247.06,1327
2026-03-23 05:39:00,247.17,247.2,247.17,247.17,506
2026-03-23 05:40:00,247.01,247.01,247,247.01,1014
2026-03-23 05:41:00,247.15,247.2,247.15,247.19,1302
2026-03-23 05:42:00,247.2,247.26,247.2,247.26,691
2026-03-23 05:43:00,247.04,247.08,247.03,247.08,540
2026-03-23 05:44:00,247.05,247.05,247.05,247.05,137
2026-03-23 05:47:00,247.29,247.29,247.29,247.29,100
2026-03-23 05:48:00,247.26,247.26,247.26,247.26,100
2026-03-23 05:51:00,247.15,247.15,247.15,247.15,100
2026-03-23 05:52:00,247.14,247.14,247.14,247.14,100
2026-03-23 05:55:00,247.04,247.05,247.04,247.05,200
2026-03-23 05:59:00,247.25,247.41,247.25,247.41,2390
2026-03-23 06:00:00,247.22,247.22,247.22,247.22,100
2026-03-23 06:02:00,247.2,247.2,247.2,247.2,100
2026-03-23 06:07:00,247.3,247.3,247.3,247.3,310
2026-03-23 06:09:00,247.5,247.5,247.37,247.37,391
2026-03-23 06:11:00,247.51,247.6,247.5,247.59,774
2026-03-23 06:12:00,247.7,247.7,247.65,247.65,619
2026-03-23 06:13:00,247.59,247.63,247.59,247.63,250
2026-03-23 06:14:00,247.58,247.58,247.5,247.5,400
2026-03-23 06:16:00,247.51,247.59,247.5,247.59,569
2026-03-23 06:17:00,247.65,247.66,247.64,247.65,1639
2026-03-23 06:18:00,247.75,247.75,247.65,247.75,740
2026-03-23 06:19:00,247.65,247.65,247.65,247.65,119
2026-03-23 06:20:00,247.51,247.54,247.5,247.54,617
2026-03-23 06:21:00,247.5,247.5,247.5,247.5,720
2026-03-23 06:22:00,247.5,247.5,247.5,247.5,1125
2026-03-23 06:23:00,247.21,247.21,247.19,247.19,326
2026-03-23 06:24:00,247.38,247.5,247.38,247.5,3411
2026-03-23 06:25:00,247.48,247.49,247.48,247.49,955
2026-03-23 06:26:00,247.3,247.3,247.27,247.27,215
2026-03-23 06:28:00,247.24,247.24,247.24,247.24,121
2026-03-23 06:29:00,247.38,247.38,247.38,247.38,100
2026-03-23 06:32:00,247.39,247.4,247.39,247.4,200
2026-03-23 06:36:00,247.59,247.65,247.59,247.61,727
2026-03-23 06:37:00,247.64,247.64,247.6,247.62,451
2026-03-23 06:39:00,247.23,247.24,247.2,247.2,461
2026-03-23 06:42:00,247.09,247.13,247.09,247.13,207
2026-03-23 06:46:00,247.23,247.25,247.23,247.25,450
2026-03-23 06:47:00,247.19,247.23,247.11,247.19,3252
2026-03-23 06:48:00,247.15,247.15,247.15,247.15,150
2026-03-23 06:49:00,247.17,247.19,247.11,247.11,1296
2026-03-23 06:50:00,247.19,247.75,247.19,247.75,1665
2026-03-23 06:51:00,247.49,247.49,247.49,247.49,150
2026-03-23 06:55:00,247.17,247.17,247.17,247.17,190
2026-03-23 06:56:00,247.15,247.16,247.15,247.16,249
2026-03-23 06:57:00,247.17,247.17,247.17,247.17,225
2026-03-23 06:59:00,247.26,247.31,247.26,247.31,1055
2026-03-23 07:00:00,247.39,247.5,247.34,247.5,592
2026-03-23 07:01:00,247.56,247.56,247.41,247.41,205
2026-03-23 07:02:00,247.41,247.43,247.4,247.43,1565
2026-03-23 07:03:00,247.42,247.43,247.38,247.43,497
2026-03-23 07:04:00,247.55,247.55,247.55,247.55,411
2026-03-23 07:05:00,247.73,248.81,247.73,248.62,3616
2026-03-23 07:06:00,249,250.04,249,250.04,3576
2026-03-23 07:07:00,250.07,251,249.96,250.59,5702
2026-03-23 07:08:00,250.4,251.22,250.4,251.21,2670
2026-03-23 07:09:00,251.22,251.51,251.21,251.51,1933
2026-03-23 07:10:00,251.74,252.38,250.82,251.44,7652
2026-03-23 07:11:00,251.74,252.82,251.23,251.96,2867
2026-03-23 07:12:00,251.06,252.77,251.06,252.74,3567
2026-03-23 07:13:00,252.76,253.95,252.76,253.44,11314
2026-03-23 07:14:00,253.47,255,253.03,253.94,15506
2026-03-23 07:15:00,254,254.95,253.04,254.11,3416
2026-03-23 07:16:00,253.99,254.68,252.26,252.26,6866
2026-03-23 07:17:00,253,254.24,253,254.1,5240
2026-03-23 07:18:00,253.06,253.06,253.01,253.01,800
2026-03-23 07:19:00,253.22,253.43,252.99,253.39,2783
2026-03-23 07:20:00,253.3,253.3,252.35,252.35,4431
2026-03-23 07:21:00,252.45,252.47,252.39,252.39,1270
2026-03-23 07:22:00,252.5,253,252.13,252.64,3937
2026-03-23 07:23:00,252.91,252.91,252.21,252.5,3074
2026-03-23 07:24:00,251.92,252.02,251.53,252.01,4035
2026-03-23 07:25:00,252.39,252.8,252,252.26,1185
2026-03-23 07:26:00,252.26,252.61,252.12,252.23,2686
2026-03-23 07:27:00,252.23,252.5,252.21,252.39,1349
2026-03-23 07:28:00,252.18,252.2,251.56,252,942
2026-03-23 07:29:00,251.76,252.32,251.5,252.32,3194
2026-03-23 07:30:00,252.32,253.27,252.32,252.87,2387
2026-03-23 07:31:00,253.33,253.5,252.66,253.16,3299
2026-03-23 07:32:00,253,253.36,252.6,252.63,6037
2026-03-23 07:33:00,252.7,254.2,252.61,254.2,4694
2026-03-23 07:34:00,253.61,253.94,253.45,253.63,5078
2026-03-23 07:35:00,253.32,253.63,253.27,253.63,2799
2026-03-23 07:36:00,253.34,253.53,253.02,253.26,5270
2026-03-23 07:37:00,253.26,253.5,253.25,253.3,10371
2026-03-23 07:38:00,253.46,253.59,253.27,253.5,5716
2026-03-23 07:39:00,253.57,253.82,253.57,253.65,3036
2026-03-23 07:40:00,253.63,253.63,253.25,253.29,5625
2026-03-23 07:41:00,253.29,253.31,253.04,253.2,10703
2026-03-23 07:42:00,253,253.08,252.26,252.62,3888
2026-03-23 07:43:00,252.56,252.92,252.5,252.92,2098
2026-03-23 07:44:00,252.5,252.73,252.5,252.62,10387
2026-03-23 07:45:00,252.5,252.66,252.41,252.41,6750
2026-03-23 07:46:00,252.31,252.4,251.63,251.63,2059
2026-03-23 07:47:00,251.85,251.85,251.45,251.7,6508
2026-03-23 07:48:00,251.6,251.7,251.5,251.65,1425
2026-03-23 07:49:00,251.86,252,251.75,251.83,6022
2026-03-23 07:50:00,251.6,251.62,251.24,251.29,2884
2026-03-23 07:51:00,251.36,251.71,251.26,251.57,5330
2026-03-23 07:52:00,251.6,251.6,251.51,251.6,775
2026-03-23 07:53:00,251.81,251.89,251.62,251.66,1479
2026-03-23 07:54:00,251.99,251.99,251.99,251.99,1021
2026-03-23 07:55:00,251.75,251.75,251.55,251.55,1243
2026-03-23 07:56:00,251.29,251.36,251.22,251.22,2167
2026-03-23 07:57:00,251.15,251.15,250.73,250.91,4714
2026-03-23 07:58:00,250.94,250.99,250.91,250.99,897
2026-03-23 07:59:00,250.96,251.06,250.86,250.98,2644
2026-03-23 08:00:00,247.43,255,245.66,250.8,119966
2026-03-23 08:01:00,250.8,250.9115,245.19,246.5,12136
2026-03-23 08:02:00,253.1503,253.1503,245.19,250.82,19157
2026-03-23 08:03:00,250.52,251.08,250.52,251.06,11811
2026-03-23 08:04:00,251.06,251.3,250.83,251.29,18338
2026-03-23 08:05:00,251.23,251.23,250.85,250.85,559
2026-03-23 08:06:00,251,251,250.76,250.76,700
2026-03-23 08:07:00,245.19,250.58,245.19,250.52,610
2026-03-23 08:08:00,250.85,250.96,250.63,250.81,868
2026-03-23 08:09:00,250.91,251.51,250.91,251.45,2605
2026-03-23 08:10:00,251.55,251.55,251.2,251.47,1928
2026-03-23 08:11:00,251.48,251.745,251.45,251.63,5126
2026-03-23 08:12:00,251.62,251.98,251.62,251.67,1600
2026-03-23 08:13:00,251.51,251.6316,251.5,251.5,6765
2026-03-23 08:14:00,251.37,251.5,251.26,251.4,10049
2026-03-23 08:15:00,251.3989,251.6244,251.39,251.6244,13215
2026-03-23 08:16:00,251.57,251.83,251.57,251.8056,2145
2026-03-23 08:17:00,251.82,251.95,251.82,251.8669,632
2026-03-23 08:18:00,251.91,251.98,251.86,251.9,2752
2026-03-23 08:19:00,251.99,252.4,251.99,252.39,5050
2026-03-23 08:20:00,252.22,252.31,252.13,252.17,1621
2026-03-23 08:21:00,252.34,252.36,252.34,252.35,723
2026-03-23 08:22:00,252.3523,252.3523,252.1,252.1,2100
2026-03-23 08:23:00,252.2,252.2,252.1,252.1,1454
2026-03-23 08:24:00,252.18,252.18,251.86,252,4608
2026-03-23 08:25:00,252,252.16,252,252.16,1100
2026-03-23 08:26:00,251.865,252.1,251.865,252.1,450
2026-03-23 08:27:00,252.04,252.3,252.04,252.3,1237
2026-03-23 08:28:00,252.25,252.25,252.25,252.25,109
2026-03-23 08:29:00,252.25,252.3,252.24,252.25,757
2026-03-23 08:30:00,252.2,252.22,251.6,251.78,8820
2026-03-23 08:31:00,251.55,251.67,251.55,251.66,432
2026-03-23 08:32:00,251.68,251.85,251.51,251.51,2295
2026-03-23 08:33:00,251.76,252,251.69,251.79,2199
2026-03-23 08:34:00,252,252,251.72,251.91,1950
2026-03-23 08:36:00,251.77,252.05,251.77,252.05,935
2026-03-23 08:37:00,252.1,252.19,251.99,252,1810
2026-03-23 08:38:00,251.81,251.81,251.59,251.61,1168
2026-03-23 08:39:00,251.79,251.94,251.78,251.94,901
2026-03-23 08:40:00,251.948,251.948,251.66,251.66,400
2026-03-23 08:41:00,251.8,252.61,251.8,252.61,5399
2026-03-23 08:42:00,252.5,253,252.5,252.84,2567
2026-03-23 08:43:00,252.8212,253.1,252.64,252.7,3644
2026-03-23 08:44:00,252.78,253.1224,252.78,253.1224,440
2026-03-23 08:45:00,252.81,252.92,252.6,252.6,2379
2026-03-23 08:46:00,252.51,252.81,252.51,252.81,2425
2026-03-23 08:47:00,253.07,253.09,252.84,253.02,5941
2026-03-23 08:48:00,252.86,253.24,252.86,253.24,2466
2026-03-23 08:49:00,253,253.14,253,253.14,500
2026-03-23 08:50:00,253.2,253.3,253.19,253.3,1690
2026-03-23 08:51:00,252.91,252.99,252.77,252.99,1868
2026-03-23 08:52:00,253.29,253.37,253.05,253.3,1835
2026-03-23 08:53:00,253.01,253.099,253,253,1956
2026-03-23 08:54:00,252.92,253.08,252.51,253.06,8749
2026-03-23 08:55:00,253.17,253.3025,253,253.2,2813
2026-03-23 08:56:00,253.15,253.44,253.15,253.44,925
2026-03-23 08:57:00,253.12,253.35,253.12,253.26,2131
2026-03-23 08:58:00,253.4105,253.46,253.28,253.28,1596
2026-03-23 08:59:00,253.49,253.61,253.49,253.61,9570
2026-03-23 09:00:00,253.66,253.99,253.66,253.9,6689
2026-03-23 09:01:00,253.9177,253.9177,253.53,253.53,3089
2026-03-23 09:02:00,253.56,253.58,253.28,253.35,8766
2026-03-23 09:03:00,253.35,253.52,253.35,253.52,3133
2026-03-23 09:04:00,253.45,253.45,253.11,253.11,5081
2026-03-23 09:05:00,253.08,253.5,253,253,2623
2026-03-23 09:06:00,252.939,253.0875,252.82,253.0875,2699
2026-03-23 09:07:00,252.82,253.06,252.81,252.9,27529
2026-03-23 09:08:00,252.84,252.84,252.57,252.57,7692
2026-03-23 09:09:00,252.7,252.9675,252.7,252.9,833
2026-03-23 09:10:00,252.9675,252.9675,252.74,252.75,2906
2026-03-23 09:11:00,252.6,252.6543,252.6,252.6543,352
2026-03-23 09:12:00,252.64,252.64,252.63,252.63,450
2026-03-23 09:13:00,252.51,252.51,252.27,252.37,8905
2026-03-23 09:14:00,252.4,252.5,252.05,252.5,770
2026-03-23 09:15:00,252.39,252.58,252.3173,252.58,2305
2026-03-23 09:16:00,252.52,252.54,252.3346,252.3457,2707
2026-03-23 09:18:00,252.4967,252.4967,252.4967,252.4967,700
2026-03-23 09:19:00,252.5,252.5,252.3,252.3,1600
2026-03-23 09:20:00,252.3,252.3,252.3,252.3,100
2026-03-23 09:21:00,252.45,252.5,252.25,252.35,5287
2026-03-23 09:22:00,252.3,252.48,252.3,252.35,4457
2026-03-23 09:23:00,252.32,252.32,252.11,252.28,5422
2026-03-23 09:24:00,252.14,252.24,252.1,252.15,6027
2026-03-23 09:25:00,252.1,252.19,251.9,252.08,31535
2026-03-23 09:26:00,252.01,252.25,251.95,252.25,3391
2026-03-23 09:27:00,252.14,253.15,251.98,253,9522
2026-03-23 09:28:00,253.2,253.83,253,253.59,29855
2026-03-23 09:29:00,253.69,254,253.69,254,49986
2026-03-23 09:30:00,253.93,254.6,252.37,252.57,1247243
2026-03-23 09:31:00,252.55,253.26,252.05,253.015,134147
2026-03-23 09:32:00,253.07,253.17,251.8801,251.8801,177214
2026-03-23 09:33:00,251.96,252.405,251.96,252.28,120362
2026-03-23 09:34:00,252.28,252.28,251.36,251.52,138200
2026-03-23 09:35:00,251.54,252.12,251.4401,252.06,101223
2026-03-23 09:36:00,252.0001,252.63,251.82,252.63,78222
2026-03-23 09:37:00,252.63,253.085,252.5275,252.8,116113
2026-03-23 09:38:00,252.83,253.5,252.76,253.06,122475
2026-03-23 09:39:00,253.04,253.2,252.9001,253.2,95487
2026-03-23 09:40:00,253.19,253.72,253.055,253.07,86182
2026-03-23 09:41:00,253.07,253.76,252.65,253.72,92877
2026-03-23 09:42:00,253.7,254.25,253.55,253.99,179436
2026-03-23 09:43:00,253.99,254.06,253.45,253.6551,91747
2026-03-23 09:44:00,253.67,253.865,253.3,253.32,58399
2026-03-23 09:45:00,253.39,253.59,253.17,253.5675,90481
2026-03-23 09:46:00,253.52,253.52,253.07,253.155,118715
2026-03-23 09:47:00,253.18,253.26,252.545,252.67,70711
2026-03-23 09:48:00,252.7,252.99,252.56,252.63,91750
2026-03-23 09:49:00,252.64,252.9273,252.26,252.885,63190
2026-03-23 09:50:00,252.87,253.0775,252.68,252.95,71142
2026-03-23 09:51:00,252.97,253,252.59,252.79,62365
2026-03-23 09:52:00,252.72,252.99,252.6311,252.965,60551
2026-03-23 09:53:00,252.99,253.07,252.8311,252.91,58371
2026-03-23 09:54:00,252.91,253.08,252.71,252.71,68337
2026-03-23 09:55:00,252.69,252.7685,252.25,252.325,76701
2026-03-23 09:56:00,252.34,252.44,252.05,252.24,47056
2026-03-23 09:57:00,252.1901,252.34,252.03,252.045,39593
2026-03-23 09:58:00,252.07,252.1,251.86,251.95,41251
2026-03-23 09:59:00,251.97,252.07,251.81,252.045,71094
2026-03-23 10:00:00,252.07,252.11,251.655,251.7901,95042
2026-03-23 10:01:00,251.78,251.84,251.395,251.56,67158
2026-03-23 10:02:00,251.54,251.8,251.37,251.79,54131
2026-03-23 10:03:00,251.77,252.03,251.69,251.79,70146
2026-03-23 10:04:00,251.83,251.85,251.28,251.39,93419
2026-03-23 10:05:00,251.37,251.56,251.02,251.42,63601
2026-03-23 10:06:00,251.43,251.66,251.4,251.49,44489
2026-03-23 10:07:00,251.51,251.8299,251.45,251.63,42064
2026-03-23 10:08:00,251.605,251.7,251.27,251.315,53801
2026-03-23 10:09:00,251.2901,251.64,251.22,251.6299,55410
2026-03-23 10:10:00,251.62,251.86,251.49,251.69,75716
2026-03-23 10:11:00,251.64,251.86,251.55,251.71,56641
2026-03-23 10:12:00,251.7262,251.86,251.7,251.75,56579
2026-03-23 10:13:00,251.72,251.94,251.7,251.88,89257
2026-03-23 10:14:00,251.85,252.225,251.67,252.14,187903
2026-03-23 10:15:00,252.15,252.33,252.0508,252.265,63821
2026-03-23 10:16:00,252.26,252.55,252.12,252.52,51462
2026-03-23 10:17:00,252.51,252.57,252.39,252.49,48661
2026-03-23 10:18:00,252.47,252.64,252.46,252.62,53163
2026-03-23 10:19:00,252.6,252.7,252.53,252.56,56011
2026-03-23 10:20:00,252.58,252.645,252.4381,252.6,44042
2026-03-23 10:21:00,252.655,252.86,252.5918,252.77,56404
2026-03-23 10:22:00,252.7596,253,252.7596,252.97,65251
2026-03-23 10:23:00,252.96,253.005,252.77,252.8801,70503
2026-03-23 10:24:00,252.88,252.89,252.65,252.66,40148
2026-03-23 10:25:00,252.65,252.735,252.31,252.365,46734
2026-03-23 10:26:00,252.37,252.59,252.34,252.475,53576
2026-03-23 10:27:00,252.475,252.53,252.31,252.46,40866
2026-03-23 10:28:00,252.46,252.53,252.3,252.39,30924
2026-03-23 10:29:00,252.42,252.54,252.36,252.4399,29796
2026-03-23 10:30:00,252.42,252.42,252.06,252.065,38751
2026-03-23 10:31:00,252.08,252.22,251.98,252.02,37947
2026-03-23 10:32:00,252.005,252.306,251.9309,252.295,39330
2026-03-23 10:33:00,252.295,252.55,252.225,252.525,38897
2026-03-23 10:34:00,252.515,252.56,252.37,252.46,48906
2026-03-23 10:35:00,252.49,252.7,252.42,252.64,35555
2026-03-23 10:36:00,252.66,252.67,252.1701,252.19,46735
2026-03-23 10:37:00,252.19,252.27,252.08,252.09,25098
2026-03-23 10:38:00,252.13,252.255,252.04,252.18,63191
2026-03-23 10:39:00,252.18,252.19,251.99,252.13,49053
2026-03-23 10:40:00,252.12,252.16,252.02,252.03,23529
2026-03-23 10:41:00,252,252.05,251.67,251.73,31821
2026-03-23 10:42:00,251.755,252.05,251.723,252.02,30309
2026-03-23 10:43:00,252.045,252.1,251.76,252.08,25711
2026-03-23 10:44:00,252.07,252.07,251.85,251.94,58874
2026-03-23 10:45:00,251.93,251.93,251.53,251.735,47000
2026-03-23 10:46:00,251.73,252.35,251.63,252.14,52501
2026-03-23 10:47:00,252.155,252.61,252.15,252.5651,44523
2026-03-23 10:48:00,252.51,252.5899,252.405,252.54,26468
2026-03-23 10:49:00,252.55,252.57,252.43,252.44,21962
2026-03-23 10:50:00,252.44,252.48,252.1,252.18,36517
2026-03-23 10:51:00,252.16,252.3,252.13,252.215,20785
2026-03-23 10:52:00,252.2,252.44,252.14,252.335,30811
2026-03-23 10:53:00,252.335,252.43,252.27,252.375,26205
2026-03-23 10:54:00,252.36,252.48,252.27,252.3,24563
2026-03-23 10:55:00,252.31,252.39,252.13,252.175,14681
2026-03-23 10:56:00,252.18,252.3,252.05,252.29,16331
2026-03-23 10:57:00,252.26,252.33,252.12,252.17,10716
2026-03-23 10:58:00,252.15,252.32,252.12,252.28,23504
2026-03-23 10:59:00,252.27,252.35,252.1,252.105,35403
2026-03-23 11:00:00,252.12,252.2,251.92,252.17,48562
2026-03-23 11:01:00,252.205,252.365,252.17,252.3576,33630
2026-03-23 11:02:00,252.33,252.78,252.305,252.74,52224
2026-03-23 11:03:00,252.76,252.8599,252.65,252.65,43049
2026-03-23 11:04:00,252.64,252.85,252.57,252.79,86807
2026-03-23 11:05:00,252.8,252.82,252.62,252.6401,29663
2026-03-23 11:06:00,252.62,252.68,252.41,252.55,37874
2026-03-23 11:07:00,252.55,252.75,252.49,252.75,36654
2026-03-23 11:08:00,252.72,252.85,252.66,252.685,24578
2026-03-23 11:09:00,252.69,252.8425,252.59,252.7,28379
2026-03-23 11:10:00,252.7,252.82,252.6401,252.76,21345
2026-03-23 11:11:00,252.75,252.92,252.72,252.82,28117
2026-03-23 11:12:00,252.8,252.92,252.76,252.895,38574
2026-03-23 11:13:00,252.88,252.93,252.7501,252.84,32329
2026-03-23 11:14:00,252.8,252.8399,252.62,252.71,28114
2026-03-23 11:15:00,252.7,252.76,252.6,252.66,21260
2026-03-23 11:16:00,252.62,252.62,252.36,252.45,30333
2026-03-23 11:17:00,252.47,252.545,252.36,252.42,18921
2026-03-23 11:18:00,252.41,252.47,252.2,252.27,96134
2026-03-23 11:19:00,252.28,252.32,252.2,252.21,21554
2026-03-23 11:20:00,252.2,252.2649,252.04,252.1101,22451
2026-03-23 11:21:00,252.1,252.3,252.07,252.28,22639
2026-03-23 11:22:00,252.285,252.67,252.285,252.67,44179
2026-03-23 11:23:00,252.66,252.719,252.505,252.67,38786
2026-03-23 11:24:00,252.68,252.7699,252.5701,252.67,25834
2026-03-23 11:25:00,252.67,252.7,252.57,252.61,33414
2026-03-23 11:26:00,252.61,252.63,252.47,252.48,24986
2026-03-23 11:27:00,252.5051,252.57,252.2615,252.335,34580
2026-03-23 11:28:00,252.35,252.4,252.26,252.39,27919
2026-03-23 11:29:00,252.39,252.625,252.37,252.58,54041
2026-03-23 11:30:00,252.59,252.765,252.59,252.65,34851
2026-03-23 11:31:00,252.64,252.8,252.62,252.63,55475
2026-03-23 11:32:00,252.615,252.85,252.6,252.795,119819
2026-03-23 11:33:00,252.805,252.845,252.68,252.77,29770
2026-03-23 11:34:00,252.755,252.8,252.7,252.785,17369
2026-03-23 11:35:00,252.76,252.8,252.63,252.685,28274
2026-03-23 11:36:00,252.685,252.8,252.43,252.43,42200
2026-03-23 11:37:00,252.46,252.63,252.4201,252.615,31492
2026-03-23 11:38:00,252.63,252.665,252.325,252.38,88805
2026-03-23 11:39:00,252.375,252.56,252.365,252.43,21090
2026-03-23 11:40:00,252.43,252.57,252.43,252.57,33347
2026-03-23 11:41:00,252.57,252.905,252.53,252.79,48225
2026-03-23 11:42:00,252.84,252.87,252.73,252.73,48562
2026-03-23 11:43:00,252.75,252.85,252.645,252.6601,41865
2026-03-23 11:44:00,252.72,252.81,252.65,252.72,34506
2026-03-23 11:45:00,252.72,252.725,252.52,252.545,25995
2026-03-23 11:46:00,252.54,252.54,252.23,252.4,72947
2026-03-23 11:47:00,252.38,252.56,252.25,252.48,39346
2026-03-23 11:48:00,252.465,252.5999,252.32,252.355,39064
2026-03-23 11:49:00,252.43,252.66,252.4,252.525,34476
2026-03-23 11:50:00,252.56,252.7,252.55,252.6548,23339
2026-03-23 11:51:00,252.67,252.75,252.47,252.48,41887
2026-03-23 11:52:00,252.52,252.53,251.88,252.09,77471
2026-03-23 11:53:00,252.03,252.15,251.8501,252.06,33308
2026-03-23 11:54:00,252.05,252.06,251.85,251.9,39059
2026-03-23 11:55:00,251.9,251.96,251.67,251.89,53079
2026-03-23 11:56:00,251.86,251.89,251.75,251.82,39036
2026-03-23 11:57:00,251.83,251.96,251.71,251.77,49817
2026-03-23 11:58:00,251.74,251.92,251.65,251.73,28634
2026-03-23 11:59:00,251.76,251.8194,251.56,251.58,37594
2026-03-23 12:00:00,251.55,251.81,251.53,251.7551,41378
2026-03-23 12:01:00,251.765,252.03,251.76,252.01,80471
2026-03-23 12:02:00,251.99,252.27,251.98,252.24,73955
2026-03-23 12:03:00,252.18,252.36,251.8,251.93,45688
2026-03-23 12:04:00,252.015,252.18,251.91,251.9876,35690
2026-03-23 12:05:00,252,252.25,251.925,252.11,47301
2026-03-23 12:06:00,252.13,252.13,251.87,252.03,47697
2026-03-23 12:07:00,252.04,252.33,252.04,252.25,45541
2026-03-23 12:08:00,252.27,252.37,252.17,252.305,50045
2026-03-23 12:09:00,252.3,252.33,252.14,252.23,56599
2026-03-23 12:10:00,252.21,252.24,252.13,252.17,23086
2026-03-23 12:11:00,252.18,252.3,252.13,252.22,20061
2026-03-23 12:12:00,252.21,252.41,252.2,252.3,51591
2026-03-23 12:13:00,252.3,252.355,252.16,252.16,29258
2026-03-23 12:14:00,252.17,252.23,252.09,252.1899,19560
2026-03-23 12:15:00,252.17,252.35,252.13,252.2,31135
2026-03-23 12:16:00,252.23,252.23,252.05,252.105,17476
2026-03-23 12:17:00,252.09,252.245,251.9001,251.93,40124
2026-03-23 12:18:00,251.94,251.97,251.79,251.845,36269
2026-03-23 12:19:00,251.87,251.89,251.62,251.65,25448
2026-03-23 12:20:00,251.66,251.81,251.61,251.64,24592
2026-03-23 12:21:00,251.64,251.89,251.64,251.76,56868
2026-03-23 12:22:00,251.76,251.76,251.32,251.4045,103079
2026-03-23 12:23:00,251.405,251.565,251.2,251.245,49456
2026-03-23 12:24:00,251.27,251.36,251.22,251.31,38029
2026-03-23 12:25:00,251.32,251.325,251.02,251.14,47336
2026-03-23 12:26:00,251.1251,251.22,250.97,251.06,51659
2026-03-23 12:27:00,251.06,251.11,250.995,251.05,28017
2026-03-23 12:28:00,251.05,251.2,250.99,251.09,40394
2026-03-23 12:29:00,251.08,251.08,250.66,250.805,50843
2026-03-23 12:30:00,250.81,250.925,250.71,250.77,45117
2026-03-23 12:31:00,250.7794,251,250.69,250.96,31867
2026-03-23 12:32:00,250.95,251.17,250.895,250.925,35751
2026-03-23 12:33:00,250.93,251.02,250.79,250.88,16819
2026-03-23 12:34:00,250.89,251.18,250.87,251.165,25389
2026-03-23 12:35:00,251.18,251.4,251.15,251.29,42175
2026-03-23 12:36:00,251.29,251.37,251.25,251.26,23596
2026-03-23 12:37:00,251.285,251.35,251.2,251.28,14423
2026-03-23 12:38:00,251.3,251.35,251.14,251.2,18342
2026-03-23 12:39:00,251.17,251.75,251.03,251.4299,135155
2026-03-23 12:40:00,251.39,251.46,251.24,251.4,30491
2026-03-23 12:41:00,251.41,251.47,251.32,251.425,33588
2026-03-23 12:42:00,251.41,251.6,251.37,251.58,32846
2026-03-23 12:43:00,251.585,251.6,251.43,251.53,31429
2026-03-23 12:44:00,251.56,251.625,251.19,251.42,41244
2026-03-23 12:45:00,251.4,251.69,251.21,251.66,30931
2026-03-23 12:46:00,251.62,251.62,251.25,251.35,22423
2026-03-23 12:47:00,251.39,251.48,251.28,251.423,15929
2026-03-23 12:48:00,251.46,251.49,251.35,251.44,13469
2026-03-23 12:49:00,251.41,251.57,251.36,251.475,15572
2026-03-23 12:50:00,251.45,251.58,251.33,251.35,14309
2026-03-23 12:51:00,251.33,251.34,251.02,251.02,39738
2026-03-23 12:52:00,251.0501,251.19,250.96,251.11,23945
2026-03-23 12:53:00,251.09,251.27,251.08,251.268,19671
2026-03-23 12:54:00,251.245,251.27,251.12,251.22,35931
2026-03-23 12:55:00,251.22,251.35,251.195,251.34,23257
2026-03-23 12:56:00,251.34,251.4799,251.3,251.32,18771
2026-03-23 12:57:00,251.35,251.35,250.94,251.02,18436
2026-03-23 12:58:00,251.03,251.06,250.87,251,19809
2026-03-23 12:59:00,251,251.1,250.99,251.045,15456
2026-03-23 13:00:00,251.045,251.28,251.045,251.15,32252
2026-03-23 13:01:00,251.14,251.14,250.965,251.065,24616
2026-03-23 13:02:00,251.03,251.085,250.73,250.79,43576
2026-03-23 13:03:00,250.79,250.88,250.74,250.86,22586
2026-03-23 13:04:00,250.87,250.87,250.58,250.6,22783
2026-03-23 13:05:00,250.6,250.77,250.56,250.66,27212
2026-03-23 13:06:00,250.665,250.69,250.56,250.605,13686
2026-03-23 13:07:00,250.63,250.77,250.615,250.76,28317
2026-03-23 13:08:00,250.76,250.905,250.64,250.875,21996
2026-03-23 13:09:00,250.92,251.05,250.83,250.975,47206
2026-03-23 13:10:00,250.95,251.01,250.82,250.87,22321
2026-03-23 13:11:00,250.89,251.01,250.86,250.96,17220
2026-03-23 13:12:00,250.97,251.17,250.925,250.95,28518
2026-03-23 13:13:00,250.945,250.96,250.835,250.85,25769
2026-03-23 13:14:00,250.855,250.87,250.5,250.53,29873
2026-03-23 13:15:00,250.54,250.55,250.45,250.5299,24616
2026-03-23 13:16:00,250.515,250.53,250.37,250.515,29135
2026-03-23 13:17:00,250.515,250.67,250.47,250.61,32312
2026-03-23 13:18:00,250.61,250.74,250.605,250.65,24857
2026-03-23 13:19:00,250.665,250.71,250.565,250.655,19997
2026-03-23 13:20:00,250.64,250.67,250.28,250.325,25597
2026-03-23 13:21:00,250.325,250.47,250.31,250.46,29761
2026-03-23 13:22:00,250.45,250.65,250.45,250.6,20608
2026-03-23 13:23:00,250.5951,250.76,250.54,250.76,17327
2026-03-23 13:24:00,250.73,250.73,250.63,250.6899,14366
2026-03-23 13:25:00,250.65,251.06,250.65,250.98,26910
2026-03-23 13:26:00,251,251.1,250.96,251.02,13830
2026-03-23 13:27:00,251.02,251.05,250.78,250.86,16233
2026-03-23 13:28:00,250.85,250.93,250.785,250.88,16634
2026-03-23 13:29:00,250.87,251,250.87,250.91,14211
2026-03-23 13:30:00,250.94,251.14,250.9,251.035,25920
2026-03-23 13:31:00,251.04,251.165,251.02,251.03,15768
2026-03-23 13:32:00,251.045,251.135,251.01,251.06,14054
2026-03-23 13:33:00,251.05,251.53,251.025,251.35,71118
2026-03-23 13:34:00,251.3201,251.4599,251.32,251.39,21495
2026-03-23 13:35:00,251.44,251.67,251.35,251.495,30981
2026-03-23 13:36:00,251.51,251.54,251.42,251.51,25304
2026-03-23 13:37:00,251.51,251.58,251.36,251.38,26106
2026-03-23 13:38:00,251.4,251.46,251.28,251.355,54597
2026-03-23 13:39:00,251.38,251.56,251.32,251.555,16994
2026-03-23 13:40:00,251.56,251.56,251.39,251.46,22641
2026-03-23 13:41:00,251.45,251.455,251.3,251.35,16495
2026-03-23 13:42:00,251.37,251.45,251.3,251.31,17425
2026-03-23 13:43:00,251.28,251.35,250.96,251.055,31078
2026-03-23 13:44:00,251.04,251.175,251.04,251.09,13126
2026-03-23 13:45:00,251.1,251.1899,250.98,251.1,19931
2026-03-23 13:46:00,251.09,251.19,251.04,251.17,49299
2026-03-23 13:47:00,251.2,251.2,251.01,251.13,20439
2026-03-23 13:48:00,251.12,251.235,251.07,251.23,20199
2026-03-23 13:49:00,251.225,251.225,251.14,251.21,30347
2026-03-23 13:50:00,251.18,251.445,251.15,251.425,26972
2026-03-23 13:51:00,251.4,251.44,251.31,251.42,30695
2026-03-23 13:52:00,251.415,251.477,251.39,251.41,21362
2026-03-23 13:53:00,251.41,251.59,251.39,251.56,23668
2026-03-23 13:54:00,251.58,251.65,251.48,251.53,49786
2026-03-23 13:55:00,251.52,251.705,251.49,251.65,23624
2026-03-23 13:56:00,251.69,251.72,251.62,251.665,26124
2026-03-23 13:57:00,251.66,251.73,251.56,251.705,20923
2026-03-23 13:58:00,251.7201,251.9,251.72,251.875,27467
2026-03-23 13:59:00,251.87,251.95,251.75,251.87,25923
2026-03-23 14:00:00,251.875,251.985,251.84,251.84,35032
2026-03-23 14:01:00,251.81,251.85,251.705,251.71,16607
2026-03-23 14:02:00,251.73,251.75,251.605,251.68,14704
2026-03-23 14:03:00,251.66,251.7599,251.65,251.745,22856
2026-03-23 14:04:00,251.76,251.86,251.69,251.78,17179
2026-03-23 14:05:00,251.78,251.85,251.69,251.69,22952
2026-03-23 14:06:00,251.71,251.71,251.58,251.7,24464
2026-03-23 14:07:00,251.7,251.74,251.22,251.24,59387
2026-03-23 14:08:00,251.26,251.52,251.24,251.43,20113
2026-03-23 14:09:00,251.42,251.46,251.36,251.4399,18821
2026-03-23 14:10:00,251.43,251.58,251.42,251.47,45109
2026-03-23 14:11:00,251.47,251.59,251.43,251.53,27054
2026-03-23 14:12:00,251.52,251.57,251.47,251.51,16904
2026-03-23 14:13:00,251.5,251.65,251.48,251.55,19479
2026-03-23 14:14:00,251.6,251.61,251.4,251.43,23723
2026-03-23 14:15:00,251.43,251.5,251.36,251.47,22500
2026-03-23 14:16:00,251.525,251.525,251.33,251.35,28317
2026-03-23 14:17:00,251.32,251.36,251.19,251.27,20935
2026-03-23 14:18:00,251.26,251.43,251.255,251.41,37787
2026-03-23 14:19:00,251.42,251.49,251.29,251.37,25748
2026-03-23 14:20:00,251.36,251.43,251.29,251.355,18532
2026-03-23 14:21:00,251.355,251.37,251.2575,251.37,23311
2026-03-23 14:22:00,251.35,251.35,251.2,251.24,20357
2026-03-23 14:23:00,251.24,251.37,251.24,251.29,14613
2026-03-23 14:24:00,251.3059,251.38,251.27,251.37,19718
2026-03-23 14:25:00,251.36,251.48,251.34,251.4,16042
2026-03-23 14:26:00,251.355,251.45,251.34,251.45,15873
2026-03-23 14:27:00,251.4051,251.49,251.3751,251.41,36749
2026-03-23 14:28:00,251.4,251.55,251.35,251.5,22304
2026-03-23 14:29:00,251.5,251.53,251.28,251.34,47321
2026-03-23 14:30:00,251.35,251.6,251.35,251.55,25640
2026-03-23 14:31:00,251.55,251.56,251.4263,251.51,33231
2026-03-23 14:32:00,251.49,251.52,251.41,251.48,25278
2026-03-23 14:33:00,251.48,251.79,251.45,251.72,40038
2026-03-23 14:34:00,251.73,251.85,251.64,251.805,43672
2026-03-23 14:35:00,251.84,252.02,251.8,251.8,64970
2026-03-23 14:36:00,251.83,252.05,251.83,251.99,41704
2026-03-23 14:37:00,251.99,252.12,251.99,252.01,39027
2026-03-23 14:38:00,251.975,252.01,251.895,251.945,28803
2026-03-23 14:39:00,251.96,251.96,251.58,251.68,78522
2026-03-23 14:40:00,251.68,251.77,251.59,251.75,24388
2026-03-23 14:41:00,251.745,251.75,251.645,251.69,23258
2026-03-23 14:42:00,251.71,251.765,251.65,251.76,22323
2026-03-23 14:43:00,251.75,251.88,251.71,251.84,53323
2026-03-23 14:44:00,251.83,251.89,251.77,251.805,44728
2026-03-23 14:45:00,251.8,251.93,251.76,251.89,31636
2026-03-23 14:46:00,251.895,252.06,251.895,252.04,24512
2026-03-23 14:47:00,252.06,252.18,252.02,252.1793,44659
2026-03-23 14:48:00,252.18,252.24,252.13,252.13,24765
2026-03-23 14:49:00,252.1251,252.25,252.1,252.17,43869
2026-03-23 14:50:00,252.165,252.23,251.955,251.955,19192
2026-03-23 14:51:00,251.97,252.08,251.81,252.08,46433
2026-03-23 14:52:00,252.07,252.14,251.965,252.01,21742
2026-03-23 14:53:00,252.01,252.08,251.95,252.0678,23574
2026-03-23 14:54:00,252.07,252.23,252,252.19,37183
2026-03-23 14:55:00,252.19,252.35,252.19,252.3,37507
2026-03-23 14:56:00,252.3,252.3499,252.25,252.29,21694
2026-03-23 14:57:00,252.28,252.2899,252.19,252.2899,23242
2026-03-23 14:58:00,252.29,252.36,252.255,252.34,22012
2026-03-23 14:59:00,252.339,252.43,252.29,252.32,27235
2026-03-23 15:00:00,252.325,252.37,252.26,252.3,26388
2026-03-23 15:01:00,252.299,252.32,252.22,252.32,27630
2026-03-23 15:02:00,252.32,252.36,252.26,252.31,19047
2026-03-23 15:03:00,252.31,252.335,252.21,252.26,23416
2026-03-23 15:04:00,252.26,252.29,252.19,252.2101,25166
2026-03-23 15:05:00,252.21,252.2801,252.2,252.25,37985
2026-03-23 15:06:00,252.2401,252.34,252.21,252.21,24778
2026-03-23 15:07:00,252.215,252.28,252.15,252.18,28265
2026-03-23 15:08:00,252.175,252.19,252.09,252.135,22664
2026-03-23 15:09:00,252.13,252.14,251.89,252.022,39376
2026-03-23 15:10:00,252.05,252.07,251.91,251.98,41646
2026-03-23 15:11:00,251.99,251.99,251.89,251.91,60606
2026-03-23 15:12:00,251.92,251.96,251.88,251.95,25807
2026-03-23 15:13:00,251.955,251.98,251.89,251.92,17152
2026-03-23 15:14:00,251.91,251.97,251.85,251.94,26064
2026-03-23 15:15:00,251.94,251.96,251.87,251.9,22356
2026-03-23 15:16:00,251.9,251.9221,251.81,251.9,25482
2026-03-23 15:17:00,251.895,251.985,251.895,251.9101,23919
2026-03-23 15:18:00,251.91,251.98,251.87,251.94,20508
2026-03-23 15:19:00,251.94,251.98,251.92,251.9699,21558
2026-03-23 15:20:00,251.98,252,251.84,251.8901,26726
2026-03-23 15:21:00,251.895,251.9399,251.83,251.86,23869
2026-03-23 15:22:00,251.861,251.9,251.825,251.85,31651
2026-03-23 15:23:00,251.867,251.945,251.84,251.86,24921
2026-03-23 15:24:00,251.85,251.885,251.815,251.88,27807
2026-03-23 15:25:00,251.89,251.98,251.83,251.85,21758
2026-03-23 15:26:00,251.83,251.855,251.67,251.73,20756
2026-03-23 15:27:00,251.73,251.77,251.62,251.69,65986
2026-03-23 15:28:00,251.7,251.9001,251.69,251.845,40798
2026-03-23 15:29:00,251.83,251.87,251.74,251.765,37008
2026-03-23 15:30:00,251.765,251.95,251.76,251.865,26351
2026-03-23 15:31:00,251.87,251.87,251.715,251.76,20663
2026-03-23 15:32:00,251.755,251.85,251.73,251.82,19037
2026-03-23 15:33:00,251.83,251.93,251.79,251.87,54901
2026-03-23 15:34:00,251.8601,251.87,251.78,251.86,17720
2026-03-23 15:35:00,251.88,251.95,251.86,251.87,16593
2026-03-23 15:36:00,251.88,251.9053,251.83,251.855,17185
2026-03-23 15:37:00,251.85,251.92,251.81,251.89,28471
2026-03-23 15:38:00,251.8801,252.11,251.88,252.09,44677
2026-03-23 15:39:00,252.08,252.1,252.02,252.06,17512
2026-03-23 15:40:00,252.064,252.14,252.0402,252.0402,27085
2026-03-23 15:41:00,252.06,252.15,252.01,252.01,37525
2026-03-23 15:42:00,252.01,252.165,252,252.16,31306
2026-03-23 15:43:00,252.16,252.27,252.15,252.27,49055
2026-03-23 15:44:00,252.26,252.42,252.2,252.41,43937
2026-03-23 15:45:00,252.41,252.48,252.36,252.48,40802
2026-03-23 15:46:00,252.49,252.525,252.405,252.495,50614
2026-03-23 15:47:00,252.49,252.52,252.41,252.45,38112
2026-03-23 15:48:00,252.44,252.46,252.34,252.415,38357
2026-03-23 15:49:00,252.42,252.5175,252.41,252.475,75594
2026-03-23 15:50:00,252.44,252.49,251.88,251.98,153388
2026-03-23 15:51:00,251.98,252.06,251.87,251.92,77179
2026-03-23 15:52:00,251.92,251.94,251.7802,251.7802,119096
2026-03-23 15:53:00,251.78,251.94,251.63,251.8,119958
2026-03-23 15:54:00,251.8,251.8,251.52,251.6,108684
2026-03-23 15:55:00,251.6,251.65,251.27,251.37,222734
2026-03-23 15:56:00,251.36,251.42,251.18,251.28,189773
2026-03-23 15:57:00,251.28,251.49,250.97,251.43,272506
2026-03-23 15:58:00,251.43,251.58,251.36,251.44,214253
2026-03-23 15:59:00,251.44,251.88,251.37,251.44,730787
2026-03-23 16:00:00,251.43,251.57,251.26,251.26,7787210
2026-03-23 16:01:00,251.48,251.49,251.26,251.3,3400
2026-03-23 16:02:00,251.31,251.31,251.26,251.29,849
2026-03-23 16:03:00,251.26,251.4,251.16,251.4,2629
2026-03-23 16:04:00,251.2,251.2,251.17,251.17,815
2026-03-23 16:05:00,251.16,251.3,251.16,251.3,3597
2026-03-23 16:06:00,251.17,251.17,251.17,251.17,158
2026-03-23 16:07:00,251.7228,251.7228,251.7228,251.7228,9328
2026-03-23 16:08:00,251.11,251.32,251.11,251.32,649
2026-03-23 16:09:00,251.2,251.2,251.2,251.2,100
2026-03-23 16:11:00,251.4,251.4,251.4,251.4,100
2026-03-23 16:12:00,251.4,251.49,251.4,251.49,48590
2026-03-23 16:13:00,251.48,251.48,251.48,251.48,800
2026-03-23 16:14:00,251.48,251.48,251.48,251.48,132
2026-03-23 16:15:00,251.5,251.5,251.5,251.5,100
2026-03-23 16:16:00,251.48,251.58,251.3751,251.3751,300
2026-03-23 16:18:00,251.49,251.49,251.49,251.49,198
2026-03-23 16:21:00,251.44,251.46,251.34,251.34,599
2026-03-23 16:24:00,251.5,251.5,251.5,251.5,100
2026-03-23 16:25:00,251.52,251.52,251.5,251.5,394
2026-03-23 16:26:00,251.48,251.48,251.48,251.48,298
2026-03-23 16:28:00,251.49,251.49,251.49,251.49,702
2026-03-23 16:29:00,251.4,251.4897,251.39,251.4897,858
2026-03-23 16:35:00,251.49,251.49,251.49,251.49,54171
2026-03-23 16:36:00,251.49,251.49,251.36,251.48,588
2026-03-23 16:38:00,251.776,251.776,251.776,251.776,100
2026-03-23 16:41:00,251.5321,251.5321,251.5,251.5,600
2026-03-23 16:46:00,251.761,251.761,251.761,251.761,100
2026-03-23 16:48:00,251.5,251.5325,251.5,251.5325,576
2026-03-23 16:51:00,251.53,251.53,251.5039,251.5039,300
2026-03-23 16:52:00,251.5,251.5,251.5,251.5,841
2026-03-23 16:54:00,251.5,251.5,251.5,251.5,1500
2026-03-23 16:56:00,251.53,251.53,251.52,251.52,200
2026-03-23 16:57:00,251.53,251.55,251.53,251.55,513
2026-03-23 16:59:00,251.53,251.53,251.53,251.53,200
2026-03-23 17:01:00,251.57,251.57,251.57,251.57,100
2026-03-23 17:03:00,251.57,251.57,251.53,251.53,242
2026-03-23 17:04:00,251.57,251.72,251.57,251.72,200
2026-03-23 17:09:00,251.78,251.78,251.78,251.78,100
2026-03-23 17:11:00,251.6918,251.6918,251.6918,251.6918,100
2026-03-23 17:23:00,251.58,251.58,251.5407,251.5407,243
2026-03-23 17:25:00,251.5909,251.5909,251.5909,251.5909,155
2026-03-23 17:27:00,251.54,251.5825,251.54,251.5825,500
2026-03-23 17:29:00,251.53,251.53,251.53,251.53,379
2026-03-23 17:30:00,251.7475,251.7475,251.7475,251.7475,100
2026-03-23 17:38:00,251.59,251.59,251.59,251.59,100
2026-03-23 17:43:00,251.72,251.72,251.72,251.72,400
2026-03-23 17:46:00,251.6,251.6,251.6,251.6,400
2026-03-23 17:56:00,251.55,251.55,251.55,251.55,200
2026-03-23 17:59:00,251.62,251.63,251.56,251.56,562
2026-03-23 18:00:00,251.55,251.55,251.53,251.53,2665
2026-03-23 18:01:00,251.62,251.62,251.5486,251.5486,700
2026-03-23 18:03:00,251.53,251.53,251.53,251.53,3000
2026-03-23 18:04:00,251.54,251.54,251.53,251.53,1500
2026-03-23 18:06:00,251.53,251.53,251.36,251.36,651
2026-03-23 18:07:00,251.2,251.2,251.2,251.2,2000
2026-03-23 18:08:00,251.59,251.8,251.2323,251.8,934
2026-03-23 18:10:00,251.79,251.79,251.79,251.79,100
2026-03-23 18:22:00,251.7498,251.7498,251.7498,251.7498,250
2026-03-23 18:23:00,251.452,251.77,251.452,251.77,500
2026-03-23 18:25:00,251.79,251.82,251.79,251.82,200
2026-03-23 18:32:00,251.7,251.7,251.7,251.7,101
2026-03-23 18:35:00,251.76,251.76,251.76,251.76,100
2026-03-23 18:36:00,251.92,251.92,251.8,251.8,280
2026-03-23 18:40:00,251.8,251.8,251.8,251.8,200
2026-03-23 18:44:00,251.71,251.71,251.35,251.58,2297
2026-03-23 18:45:00,251.77,251.77,251.76,251.76,462
2026-03-23 18:46:00,251.75,251.75,251.75,251.75,100
2026-03-23 18:47:00,251.83,251.87,251.81,251.87,718
2026-03-23 18:48:00,251.92,251.95,251.92,251.95,525
2026-03-23 18:50:00,251.94,251.94,251.5565,251.5565,843
2026-03-23 18:51:00,251.5559,251.6126,251.5559,251.6126,650
2026-03-23 18:52:00,252,252,252,252,743
2026-03-23 18:54:00,252.25,252.25,252.09,252.16,1188
2026-03-23 18:55:00,252.32,252.32,252.32,252.32,100
2026-03-23 18:58:00,252.31,252.31,252.31,252.31,100
2026-03-23 19:01:00,252.21,252.37,252.21,252.37,1925
2026-03-23 19:06:00,252.28,252.28,252.28,252.28,100
2026-03-23 19:10:00,252.36,252.36,252.36,252.36,595
2026-03-23 19:13:00,252.01,252.01,252.01,252.01,899
2026-03-23 19:14:00,252,252,252,252,150
2026-03-23 19:15:00,252.36,252.36,252.36,252.36,500
2026-03-23 19:17:00,252.27,252.29,252.27,252.29,200
2026-03-23 19:18:00,252.36,252.3677,252.36,252.3677,203
2026-03-23 19:19:00,252.35,252.37,252.3403,252.3685,500
2026-03-23 19:20:00,252.3478,252.3478,252.29,252.29,1318
2026-03-23 19:21:00,252.2,252.36,252.2,252.36,200
2026-03-23 19:22:00,252.04,252.04,252.04,252.04,1000
2026-03-23 19:25:00,252.28,252.28,252.28,252.28,100
2026-03-23 19:27:00,252.28,252.28,252.28,252.28,499
2026-03-23 19:29:00,252.2973,252.2973,252.2973,252.2973,100
2026-03-23 19:30:00,252.05,252.05,252.05,252.05,201
2026-03-23 19:32:00,252.05,252.05,252.05,252.05,250
2026-03-23 19:34:00,252.1,252.1,252.04,252.04,1354
2026-03-23 19:36:00,251.92,251.92,251.92,251.92,180
2026-03-23 19:37:00,251.82,251.82,251.82,251.82,3335
2026-03-23 19:38:00,251.9788,251.9788,251.9788,251.9788,500
2026-03-23 19:39:00,251.9,251.9,251.9,251.9,100
2026-03-23 19:40:00,252.29,252.29,252.29,252.29,100
2026-03-23 19:44:00,252.15,252.15,252.15,252.15,100
2026-03-23 19:45:00,251.89,251.89,251.83,251.83,243
2026-03-23 19:48:00,251.35,251.35,251.35,251.35,316
2026-03-23 19:49:00,251.67,251.67,251.46,251.46,300
2026-03-23 19:50:00,251.52,251.52,251.52,251.52,300
2026-03-23 19:54:00,251.99,251.99,251.99,251.99,200
2026-03-23 19:57:00,251.55,251.55,251.55,251.55,197
2026-03-23 19:59:00,251.97,251.97,251.97,251.97,100
2026-03-24 04:01:00,251.8,251.8,251.8,251.8,100
2026-03-24 04:02:00,251.81,251.81,251.81,251.81,134
2026-03-24 04:07:00,251.98,251.98,251.98,251.98,197
2026-03-24 04:10:00,251.84,251.84,251.83,251.83,200
2026-03-24 04:18:00,251.85,251.95,251.8,251.8,1659
2026-03-24 04:19:00,251.6,251.6,251.6,251.6,134
2026-03-24 04:21:00,251.68,251.68,251.68,251.68,379
2026-03-24 04:22:00,251.65,251.65,251.65,251.65,100
2026-03-24 04:24:00,251.51,251.51,251.51,251.51,100
2026-03-24 04:30:00,251.37,251.37,251.37,251.37,123
2026-03-24 04:37:00,251.59,251.59,251.59,251.59,100
2026-03-24 04:50:00,251.58,251.58,251.01,251.07,1454
2026-03-24 04:51:00,251.15,251.15,251.15,251.15,100
2026-03-24 04:54:00,251.49,251.49,251.49,251.49,206
2026-03-24 05:07:00,251.23,251.23,251.22,251.22,311
2026-03-24 05:11:00,251.2,251.37,251.2,251.37,1611
2026-03-24 05:13:00,251.2,251.2,251.2,251.2,100
2026-03-24 05:48:00,251.47,251.47,251.47,251.47,240
2026-03-24 06:01:00,251.56,251.56,251.55,251.55,222
2026-03-24 06:10:00,251.65,251.65,251.65,251.65,445
2026-03-24 06:34:00,251.5,251.5,251.4,251.4,463
2026-03-24 06:39:00,251.5,251.5,251.5,251.5,253
2026-03-24 07:00:00,251.57,251.57,251.57,251.57,131
2026-03-24 07:01:00,251.5,251.5,251.5,251.5,199
2026-03-24 07:13:00,251.5,251.5,251.5,251.5,458
2026-03-24 07:15:00,251.44,251.44,251.44,251.44,225
2026-03-24 07:16:00,251.21,251.21,251.01,251.01,200
2026-03-24 07:25:00,251.3,251.3,251.3,251.3,667
2026-03-24 07:32:00,251.3,251.3,251.3,251.3,359
2026-03-24 07:35:00,251.4,251.4,251.4,251.4,876
2026-03-24 07:36:00,251.49,251.49,251.49,251.49,100
2026-03-24 07:37:00,251.48,251.48,251.48,251.48,100
2026-03-24 07:41:00,251.5,251.5,251.5,251.5,160
2026-03-24 07:43:00,251.5,251.6,251.5,251.5,1241
2026-03-24 07:44:00,251.5,251.5,251.5,251.5,200
2026-03-24 07:46:00,251.6,251.65,251.6,251.65,466
2026-03-24 07:48:00,251.78,251.78,251.77,251.77,200
2026-03-24 07:49:00,251.79,251.79,251.79,251.79,200
2026-03-24 07:51:00,251.6,251.6,251.5,251.5,377
2026-03-24 07:52:00,251.5,251.5,251.3,251.3,2397
2026-03-24 07:53:00,251.02,251.03,250.77,250.89,2009
2026-03-24 07:55:00,251,251,251,251,743
2026-03-24 07:56:00,251.13,251.13,251.13,251.13,197
2026-03-24 07:57:00,251.23,251.25,251.23,251.25,300
2026-03-24 07:59:00,251.3,251.39,251.3,251.39,600
2026-03-24 08:00:00,252.33,252.33,250,252.2,38037
2026-03-24 08:01:00,252.12,252.12,250.35,251.39,2029
2026-03-24 08:02:00,251.5,251.5,251.49,251.49,1382
2026-03-24 08:03:00,251.5,251.5,251.25,251.25,1648
2026-03-24 08:04:00,251.35,251.35,251.35,251.35,100
2026-03-24 08:05:00,251.35,251.35,251.2,251.2,2245
2026-03-24 08:06:00,251.4,251.4,251.4,251.4,110
2026-03-24 08:07:00,251.19,251.31,251.19,251.31,737
2026-03-24 08:08:00,251.13,251.18,251.13,251.18,218
2026-03-24 08:10:00,251.13,251.13,251.13,251.13,658
2026-03-24 08:11:00,251.17,251.17,251.1308,251.1308,466
2026-03-24 08:13:00,251.27,251.28,251.27,251.28,618
2026-03-24 08:18:00,251.13,251.15,251.13,251.15,349
2026-03-24 08:20:00,251.14,251.14,251.1316,251.1316,200
2026-03-24 08:24:00,251.24,251.25,251.24,251.24,603
2026-03-24 08:26:00,251.45,251.46,251.45,251.46,200
2026-03-24 08:28:00,251.3,251.3,251.3,251.3,446
2026-03-24 08:30:00,251.25,251.25,251.25,251.25,215
2026-03-24 08:32:00,251.13,251.13,251.13,251.13,100
2026-03-24 08:33:00,251.13,251.13,251,251.13,900
2026-03-24 08:36:00,250.93,250.93,250.93,250.93,250
2026-03-24 08:37:00,250.8,250.8,250.8,250.8,100
2026-03-24 08:38:00,250.63,250.63,250.6,250.6,1514
2026-03-24 08:39:00,250.7,250.87,250.7,250.7,761
2026-03-24 08:40:00,250.76,250.76,250.76,250.76,100
2026-03-24 08:41:00,250.77,250.77,250.77,250.77,100
2026-03-24 08:42:00,250.75,250.75,250.6851,250.6851,322
2026-03-24 08:43:00,250.66,250.75,250.65,250.75,920
2026-03-24 08:44:00,250.4836,250.4836,250.4836,250.4836,100
2026-03-24 08:46:00,250.6,250.6,250.6,250.6,222
2026-03-24 08:47:00,250.5,250.565,250.5,250.565,600
2026-03-24 08:49:00,250.62,250.62,250.62,250.62,490
2026-03-24 08:50:00,250.57,250.57,250.57,250.57,100
2026-03-24 08:51:00,250.7,250.7,250.7,250.7,100
2026-03-24 08:52:00,250.761,250.761,250.761,250.761,125
2026-03-24 08:55:00,250.701,250.701,250.7,250.7,689
2026-03-24 08:56:00,250.5617,250.5617,250.5617,250.5617,100
2026-03-24 08:58:00,250.74,250.74,250.74,250.74,190
2026-03-24 08:59:00,250.6,250.61,250.6,250.6,781
2026-03-24 09:02:00,250.71,250.71,250.65,250.65,600
2026-03-24 09:03:00,250.6351,250.6351,250.62,250.62,260
2026-03-24 09:04:00,250.6267,250.7,250.6,250.67,1119
2026-03-24 09:05:00,250.74,250.79,250.74,250.79,450
2026-03-24 09:07:00,250.56,250.56,250.35,250.35,1930
2026-03-24 09:08:00,250.34,250.34,250.3,250.3,209
2026-03-24 09:09:00,250.25,250.25,250,250.19,3579
2026-03-24 09:10:00,250,250.16,250,250.16,800
2026-03-24 09:11:00,250.37,250.37,250,250,475
2026-03-24 09:12:00,250,250.1293,250,250.1114,2230
2026-03-24 09:13:00,250.18,250.6642,250.18,250.6642,2888
2026-03-24 09:14:00,250.55,250.6551,250.55,250.6551,698
2026-03-24 09:15:00,250.57,250.63,250.57,250.63,425
2026-03-24 09:17:00,250.5,250.5,250.5,250.5,1800
2026-03-24 09:20:00,250.5,250.5,250.5,250.5,100
2026-03-24 09:21:00,250.52,250.52,250.25,250.4,4480
2026-03-24 09:22:00,250.3,250.58,250.3,250.58,460
2026-03-24 09:23:00,250.5,250.74,250.5,250.74,450
2026-03-24 09:24:00,250.75,250.75,250.31,250.31,984
2026-03-24 09:25:00,250.26,250.4,250.16,250.4,832
2026-03-24 09:26:00,250.48,250.7467,250.18,250.7467,812
2026-03-24 09:27:00,250.43,250.7996,250.37,250.61,1848
2026-03-24 09:28:00,250.12,250.2,250,250.2,12260
2026-03-24 09:29:00,250.25,250.75,250.25,250.56,4561
2026-03-24 09:30:00,250.35,250.93,249.55,250.19,523633
2026-03-24 09:31:00,250.2,251.1881,249.8201,250.99,99491
2026-03-24 09:32:00,251.03,251.1,250.68,250.83,60750
2026-03-24 09:33:00,250.845,251.02,250.39,251.02,59879
2026-03-24 09:34:00,251,251.4499,250.99,251.21,48554
2026-03-24 09:35:00,251.3,251.45,250.81,251.305,50258
2026-03-24 09:36:00,251.34,251.5,251.15,251.5,71059
2026-03-24 09:37:00,251.5,251.99,251.46,251.76,73531
2026-03-24 09:38:00,251.795,251.86,251.43,251.49,34529
2026-03-24 09:39:00,251.44,251.6,251.26,251.38,57638
2026-03-24 09:40:00,251.3704,251.56,251.24,251.3472,59549
2026-03-24 09:41:00,251.34,251.425,251.07,251.08,48309
2026-03-24 09:42:00,251.15,252.0551,251.12,252.0551,110877
2026-03-24 09:43:00,252.03,252.09,251.72,251.79,92036
2026-03-24 09:44:00,251.82,251.96,251.6,251.68,41343
2026-03-24 09:45:00,251.69,251.75,251.38,251.455,57781
2026-03-24 09:46:00,251.46,252.14,251.34,251.98,70062
2026-03-24 09:47:00,251.97,252.15,251.86,251.9801,54141
2026-03-24 09:48:00,252.005,252.17,251.56,251.6852,44331
2026-03-24 09:49:00,251.6,251.72,251.42,251.66,53407
2026-03-24 09:50:00,251.655,251.87,251.65,251.83,26379
2026-03-24 09:51:00,251.84,252.1,251.66,251.72,49906
2026-03-24 09:52:00,251.73,251.91,251.67,251.85,25198
2026-03-24 09:53:00,251.85,251.85,251.42,251.536,26758
2026-03-24 09:54:00,251.55,251.59,251.17,251.23,31054
2026-03-24 09:55:00,251.26,251.47,251.195,251.41,34450
2026-03-24 09:56:00,251.46,251.71,251.41,251.6,37932
2026-03-24 09:57:00,251.58,251.9399,251.57,251.69,37973
2026-03-24 09:58:00,251.68,251.68,251.36,251.57,28749
2026-03-24 09:59:00,251.53,251.65,251.48,251.65,12774
2026-03-24 10:00:00,251.64,252.25,251.59,251.96,67943
2026-03-24 10:01:00,251.9699,252.005,251.84,251.89,25728
2026-03-24 10:02:00,251.87,252,251.73,251.9,29890
2026-03-24 10:03:00,251.89,252.0699,251.805,251.99,29166
2026-03-24 10:04:00,252.015,252.1855,251.96,252.1408,36799
2026-03-24 10:05:00,252.17,252.2199,252.04,252.19,31289
2026-03-24 10:06:00,252.145,252.425,252.125,252.38,43348
2026-03-24 10:07:00,252.39,252.7,252.37,252.61,62400
2026-03-24 10:08:00,252.63,252.7,252.505,252.68,33215
2026-03-24 10:09:00,252.68,253.05,252.6601,253.02,76901
2026-03-24 10:10:00,253.025,253.12,252.9301,253.05,38138
2026-03-24 10:11:00,253.02,253.02,252.875,252.91,42412
2026-03-24 10:12:00,252.94,253.04,252.73,252.76,71989
2026-03-24 10:13:00,252.76,252.82,252.48,252.605,42808
2026-03-24 10:14:00,252.5908,252.8799,252.52,252.73,41337
2026-03-24 10:15:00,252.75,252.92,252.6701,252.73,43251
2026-03-24 10:16:00,252.7101,252.76,252.285,252.3,47678
2026-03-24 10:17:00,252.32,252.62,252.32,252.55,38442
2026-03-24 10:18:00,252.56,252.73,252.41,252.615,51311
2026-03-24 10:19:00,252.64,252.69,252.55,252.64,19880
2026-03-24 10:20:00,252.62,252.88,252.55,252.86,37861
2026-03-24 10:21:00,252.8401,253,252.76,252.85,23217
2026-03-24 10:22:00,252.8501,252.93,252.49,252.5691,24017
2026-03-24 10:23:00,252.58,252.83,252.58,252.72,16844
2026-03-24 10:24:00,252.72,252.7799,252.482,252.56,44100
2026-03-24 10:25:00,252.555,252.5899,252.36,252.38,37535
2026-03-24 10:26:00,252.38,252.63,252.38,252.48,29970
2026-03-24 10:27:00,252.49,252.8799,252.47,252.83,35009
2026-03-24 10:28:00,252.805,253.1157,252.76,252.93,84138
2026-03-24 10:29:00,252.91,252.94,252.41,252.47,52723
2026-03-24 10:30:00,252.44,252.66,252.39,252.59,41174
2026-03-24 10:31:00,252.56,252.77,252.545,252.73,37380
2026-03-24 10:32:00,252.7,252.8,252.65,252.765,26634
2026-03-24 10:33:00,252.775,252.86,252.72,252.72,18848
2026-03-24 10:34:00,252.73,252.775,252.59,252.65,18444
2026-03-24 10:35:00,252.64,252.7499,252.55,252.59,40497
2026-03-24 10:36:00,252.5952,252.5952,252.17,252.31,56991
2026-03-24 10:37:00,252.28,252.55,252.28,252.395,54130
2026-03-24 10:38:00,252.39,252.5001,252.34,252.44,48938
2026-03-24 10:39:00,252.43,252.49,252.33,252.39,35949
2026-03-24 10:40:00,252.38,252.5,252.23,252.49,31690
2026-03-24 10:41:00,252.49,252.55,252.4,252.4,18756
2026-03-24 10:42:00,252.41,252.5,252.295,252.495,21103
2026-03-24 10:43:00,252.455,252.5663,252.22,252.3,38832
2026-03-24 10:44:00,252.29,252.47,252.22,252.47,21944
2026-03-24 10:45:00,252.46,252.48,252.29,252.29,25612
2026-03-24 10:46:00,252.305,252.74,252.305,252.6902,45657
2026-03-24 10:47:00,252.66,252.68,252.445,252.59,47587
2026-03-24 10:48:00,252.58,252.615,252.52,252.5801,14691
2026-03-24 10:49:00,252.58,252.59,252.38,252.395,29177
2026-03-24 10:50:00,252.41,252.41,252.225,252.3,25360
2026-03-24 10:51:00,252.31,253,252.253,252.905,55774
2026-03-24 10:52:00,252.9025,253.31,252.895,252.9691,159764
2026-03-24 10:53:00,252.97,253.155,252.79,253.155,39894
2026-03-24 10:54:00,253.11,253.26,252.85,252.8999,100682
2026-03-24 10:55:00,252.9,252.98,252.62,252.92,74660
2026-03-24 10:56:00,252.89,253.1,252.81,253.0101,25677
2026-03-24 10:57:00,253.02,253.16,252.9,253.08,38340
2026-03-24 10:58:00,253.01,253.01,252.4,252.45,69645
2026-03-24 10:59:00,252.45,252.49,251.74,252.11,159325
2026-03-24 11:00:00,252.1,252.8185,252.05,252.7245,92620
2026-03-24 11:01:00,252.715,252.88,252.67,252.81,27459
2026-03-24 11:02:00,252.85,252.9,252.59,252.71,26765
2026-03-24 11:03:00,252.6772,252.89,252.58,252.865,22157
2026-03-24 11:04:00,252.87,252.89,252.69,252.72,30024
2026-03-24 11:05:00,252.7,252.93,252.6201,252.78,25841
2026-03-24 11:06:00,252.8,253.04,252.76,253.02,28668
2026-03-24 11:07:00,253.03,253.25,252.97,253.2,93796
2026-03-24 11:08:00,253.195,253.25,252.95,253.02,64146
2026-03-24 11:09:00,253.04,253.41,253.03,253.34,76676
2026-03-24 11:10:00,253.33,253.39,253.165,253.355,78277
2026-03-24 11:11:00,253.37,253.54,253.3,253.465,67105
2026-03-24 11:12:00,253.47,253.6,253.39,253.54,57640
2026-03-24 11:13:00,253.565,253.69,253.51,253.68,69197
2026-03-24 11:14:00,253.675,253.81,253.53,253.75,69903
2026-03-24 11:15:00,253.76,254.065,253.725,254.05,127378
2026-03-24 11:16:00,254.045,254.17,253.97,254.14,76067
2026-03-24 11:17:00,254.15,254.15,253.9005,253.915,97871
2026-03-24 11:18:00,253.93,254.06,253.8901,253.9,51843
2026-03-24 11:19:00,253.92,253.98,253.82,253.955,65365
2026-03-24 11:20:00,253.98,253.98,253.8,253.96,46731
2026-03-24 11:21:00,253.965,253.965,253.64,253.67,44914
2026-03-24 11:22:00,253.68,253.85,253.64,253.825,52495
2026-03-24 11:23:00,253.79,253.86,253.62,253.8199,29421
2026-03-24 11:24:00,253.8,253.94,253.785,253.8101,15529
2026-03-24 11:25:00,253.85,253.97,253.78,253.97,25288
2026-03-24 11:26:00,253.966,254.025,253.87,253.9062,27331
2026-03-24 11:27:00,253.89,253.9786,253.7,253.85,58906
2026-03-24 11:28:00,253.85,253.94,253.84,253.845,24056
2026-03-24 11:29:00,253.83,253.99,253.8,253.985,25808
2026-03-24 11:30:00,253.98,254.19,253.98,254.066,45973
2026-03-24 11:31:00,254.08,254.32,253.97,254.01,49763
2026-03-24 11:32:00,253.996,254.02,253.824,253.9409,26634
2026-03-24 11:33:00,254,254,253.83,253.88,28248
2026-03-24 11:34:00,253.88,254.11,253.88,254.0801,34930
2026-03-24 11:35:00,254.1,254.13,253.99,253.99,35601
2026-03-24 11:36:00,253.9899,254.15,253.959,254.115,18308
2026-03-24 11:37:00,254.1,254.18,254.03,254.17,18097
2026-03-24 11:38:00,254.15,254.24,254.05,254.0501,17628
2026-03-24 11:39:00,254.084,254.17,254.06,254.1117,14057
2026-03-24 11:40:00,254.1,254.28,254.1,254.2399,27060
2026-03-24 11:41:00,254.238,254.29,254.13,254.24,20734
2026-03-24 11:42:00,254.26,254.31,254.13,254.16,24542
2026-03-24 11:43:00,254.165,254.1899,254.03,254.135,16044
2026-03-24 11:44:00,254.12,254.27,254.12,254.255,19615
2026-03-24 11:45:00,254.2505,254.36,254.21,254.31,29126
2026-03-24 11:46:00,254.315,254.37,254.24,254.29,35727
2026-03-24 11:47:00,254.29,254.4,254.19,254.3,37043
2026-03-24 11:48:00,254.3,254.3739,254.28,254.35,21671
2026-03-24 11:49:00,254.33,254.48,254.32,254.4799,41446
2026-03-24 11:50:00,254.48,254.67,254.465,254.5001,80087
2026-03-24 11:51:00,254.52,254.69,254.5101,254.665,44642
2026-03-24 11:52:00,254.665,254.665,254.43,254.46,29650
2026-03-24 11:53:00,254.465,254.465,254.2101,254.2732,23613
2026-03-24 11:54:00,254.25,254.2801,254.1,254.101,42750
2026-03-24 11:55:00,254.08,254.1093,253.88,253.9,39354
2026-03-24 11:56:00,253.895,253.94,253.66,253.685,52664
2026-03-24 11:57:00,253.7,253.86,253.7,253.765,26421
2026-03-24 11:58:00,253.75,253.87,253.735,253.8599,22923
2026-03-24 11:59:00,253.84,253.99,253.83,253.88,35633
2026-03-24 12:00:00,253.88,253.98,253.85,253.94,29636
2026-03-24 12:01:00,253.88,253.96,253.64,253.64,35350
2026-03-24 12:02:00,253.68,253.8021,253.54,253.575,48892
2026-03-24 12:03:00,253.575,253.63,253.475,253.51,31208
2026-03-24 12:04:00,253.52,253.6099,253.495,253.52,25012
2026-03-24 12:05:00,253.55,253.61,253.47,253.505,20184
2026-03-24 12:06:00,253.5,253.53,253.39,253.5,26576
2026-03-24 12:07:00,253.49,253.65,253.48,253.565,17393
2026-03-24 12:08:00,253.565,253.67,253.495,253.535,28278
2026-03-24 12:09:00,253.55,253.64,253.53,253.64,17291
2026-03-24 12:10:00,253.64,253.68,253.47,253.52,30569
2026-03-24 12:11:00,253.52,253.575,253.46,253.48,34541
2026-03-24 12:12:00,253.475,253.58,253.3849,253.4701,34269
2026-03-24 12:13:00,253.49,253.575,253.45,253.56,31687
2026-03-24 12:14:00,253.57,253.61,253.48,253.535,34602
2026-03-24 12:15:00,253.55,253.63,253.52,253.6,45694
2026-03-24 12:16:00,253.61,253.88,253.58,253.87,73621
2026-03-24 12:17:00,253.85,254.16,253.83,254.1301,56145
2026-03-24 12:18:00,254.1499,254.15,253.91,253.985,35324
2026-03-24 12:19:00,253.98,254.2,253.98,254.2,20733
2026-03-24 12:20:00,254.19,254.285,254.04,254.2499,38115
2026-03-24 12:21:00,254.24,254.34,254.19,254.305,22956
2026-03-24 12:22:00,254.34,254.5871,254.33,254.55,39366
2026-03-24 12:23:00,254.54,254.68,254.46,254.63,44279
2026-03-24 12:24:00,254.635,254.645,254.48,254.54,35232
2026-03-24 12:25:00,254.56,254.6,254.45,254.55,46652
2026-03-24 12:26:00,254.5613,254.71,254.5201,254.535,66443
2026-03-24 12:27:00,254.52,254.72,254.4207,254.7,39365
2026-03-24 12:28:00,254.7,254.825,254.645,254.82,48936
2026-03-24 12:29:00,254.82,254.82,254.555,254.59,33812
2026-03-24 12:30:00,254.59,254.71,254.52,254.52,26441
2026-03-24 12:31:00,254.52,254.575,254.48,254.575,22748
2026-03-24 12:32:00,254.585,254.65,254.52,254.605,27148
2026-03-24 12:33:00,254.58,254.59,254.42,254.435,46413
2026-03-24 12:34:00,254.42,254.425,254.3,254.3,15117
2026-03-24 12:35:00,254.3,254.31,253.94,254.02,42105
2026-03-24 12:36:00,254.035,254.18,254.03,254.125,19898
2026-03-24 12:37:00,254.14,254.22,253.98,253.98,25246
2026-03-24 12:38:00,253.97,254.01,253.8204,253.94,28234
2026-03-24 12:39:00,253.92,253.93,253.66,253.67,28305
2026-03-24 12:40:00,253.675,253.78,253.55,253.565,54959
2026-03-24 12:41:00,253.57,253.755,253.55,253.75,38343
2026-03-24 12:42:00,253.735,253.79,253.65,253.66,24034
2026-03-24 12:43:00,253.67,253.7196,253.5212,253.68,36501
2026-03-24 12:44:00,253.69,253.71,253.59,253.655,16373
2026-03-24 12:45:00,253.66,253.85,253.645,253.785,45037
2026-03-24 12:46:00,253.785,253.88,253.745,253.745,24964
2026-03-24 12:47:00,253.745,253.91,253.6801,253.84,52120
2026-03-24 12:48:00,253.85,253.85,253.5,253.54,22668
2026-03-24 12:49:00,253.57,253.7077,253.57,253.67,15885
2026-03-24 12:50:00,253.65,253.67,253.56,253.615,15551
2026-03-24 12:51:00,253.64,253.73,253.63,253.7,13271
2026-03-24 12:52:00,253.73,253.83,253.73,253.795,13834
2026-03-24 12:53:00,253.78,253.7826,253.62,253.68,17841
2026-03-24 12:54:00,253.635,253.69,253.59,253.59,9232
2026-03-24 12:55:00,253.58,253.6399,253.37,253.49,31582
2026-03-24 12:56:00,253.5,253.72,253.5,253.68,14552
2026-03-24 12:57:00,253.71,253.75,253.61,253.65,11219
2026-03-24 12:58:00,253.665,253.72,253.61,253.63,13681
2026-03-24 12:59:00,253.645,253.71,253.58,253.65,9628
2026-03-24 13:00:00,253.6301,253.84,253.6301,253.74,40056
2026-03-24 13:01:00,253.765,253.84,253.715,253.8,26894
2026-03-24 13:02:00,253.79,253.835,253.53,253.57,44423
2026-03-24 13:03:00,253.615,253.62,253.345,253.345,26225
2026-03-24 13:04:00,253.4,253.47,253.21,253.234,21870
2026-03-24 13:05:00,253.22,253.22,252.865,252.9,71668
2026-03-24 13:06:00,252.88,253.25,252.88,253.12,40467
2026-03-24 13:07:00,253.1,253.19,253.02,253.07,54375
2026-03-24 13:08:00,253.08,253.165,253.05,253.115,22088
2026-03-24 13:09:00,253.12,253.25,253.03,253.04,15154
2026-03-24 13:10:00,253.05,253.11,252.9,253.08,22447
2026-03-24 13:11:00,253.1,253.21,253.055,253.06,16939
2026-03-24 13:12:00,253.07,253.12,252.89,252.91,41846
2026-03-24 13:13:00,252.93,253.05,252.88,253,27726
2026-03-24 13:14:00,253.015,253.04,252.95,252.99,14564
2026-03-24 13:15:00,252.99,253.03,252.93,252.97,12434
2026-03-24 13:16:00,252.95,252.95,252.83,252.91,18507
2026-03-24 13:17:00,252.905,252.97,252.77,252.77,39265
2026-03-24 13:18:00,252.78,252.88,252.768,252.768,18955
2026-03-24 13:19:00,252.785,252.89,252.785,252.85,12519
2026-03-24 13:20:00,252.85,253.025,252.78,252.995,25584
2026-03-24 13:21:00,252.99,253.07,252.94,253.01,15678
2026-03-24 13:22:00,252.99,253.039,252.765,252.87,15348
2026-03-24 13:23:00,252.86,253,252.86,252.93,20138
2026-03-24 13:24:00,252.9001,253.02,252.8601,252.96,15082
2026-03-24 13:25:00,252.945,252.945,252.8,252.85,15085
2026-03-24 13:26:00,252.86,252.929,252.79,252.87,8934
2026-03-24 13:27:00,252.8701,252.92,252.84,252.86,12986
2026-03-24 13:28:00,252.87,253.03,252.8454,253.03,19408
2026-03-24 13:29:00,253.03,253.07,252.97,253.04,25159
2026-03-24 13:30:00,253.05,253.45,253.0212,253.38,40084
2026-03-24 13:31:00,253.4,253.54,253.3451,253.54,31197
2026-03-24 13:32:00,253.495,253.495,253.29,253.32,12377
2026-03-24 13:33:00,253.32,253.33,253.04,253.0897,36661
2026-03-24 13:34:00,253.1,253.11,252.9401,253,22627
2026-03-24 13:35:00,252.98,253.07,252.84,252.94,23299
2026-03-24 13:36:00,252.905,253,252.84,252.9,22421
2026-03-24 13:37:00,252.87,253.01,252.87,252.97,7013
2026-03-24 13:38:00,252.99,253.075,252.815,252.83,18914
2026-03-24 13:39:00,252.85,252.89,252.77,252.88,9277
2026-03-24 13:40:00,252.87,252.93,252.73,252.77,86238
2026-03-24 13:41:00,252.77,252.775,252.6,252.62,44157
2026-03-24 13:42:00,252.61,252.61,252.33,252.43,28390
2026-03-24 13:43:00,252.47,252.4999,252.3,252.32,42847
2026-03-24 13:44:00,252.33,252.43,252.295,252.41,50606
2026-03-24 13:45:00,252.42,252.44,252.325,252.41,27908
2026-03-24 13:46:00,252.41,252.55,252.4,252.51,10034
2026-03-24 13:47:00,252.51,252.53,252.46,252.5,6580
2026-03-24 13:48:00,252.495,252.56,252.47,252.52,24903
2026-03-24 13:49:00,252.52,252.55,252.4301,252.4321,23820
2026-03-24 13:50:00,252.41,252.45,252.4,252.45,12110
2026-03-24 13:51:00,252.46,252.48,252.36,252.44,13397
2026-03-24 13:52:00,252.44,253.21,252.4,252.59,64499
2026-03-24 13:53:00,252.57,252.7,252.53,252.7,11745
2026-03-24 13:54:00,252.69,252.83,252.655,252.785,13618
2026-03-24 13:55:00,252.77,253.2,252.69,252.92,81900
2026-03-24 13:56:00,252.94,253.27,252.94,253.11,45766
2026-03-24 13:57:00,253.12,253.25,252.82,252.9401,56137
2026-03-24 13:58:00,252.945,253.125,252.93,253.05,33430
2026-03-24 13:59:00,253.0001,253.21,252.93,253.21,24654
2026-03-24 14:00:00,253.21,253.5,253.14,253.31,52894
2026-03-24 14:01:00,253.3,253.32,253.1263,253.185,17678
2026-03-24 14:02:00,253.155,253.155,252.94,252.99,23289
2026-03-24 14:03:00,252.985,253.03,252.89,253,15180
2026-03-24 14:04:00,253.01,253.03,252.91,252.955,22389
2026-03-24 14:05:00,252.94,253.005,252.88,253,12805
2026-03-24 14:06:00,253.0099,253.03,252.91,252.94,17737
2026-03-24 14:07:00,252.94,253,252.84,253,12910
2026-03-24 14:08:00,253.005,253.0299,252.71,252.76,15191
2026-03-24 14:09:00,252.72,252.82,252.72,252.75,22563
2026-03-24 14:10:00,252.745,252.84,252.745,252.825,21668
2026-03-24 14:11:00,252.81,252.88,252.77,252.835,10835
2026-03-24 14:12:00,252.835,252.895,252.81,252.83,8255
2026-03-24 14:13:00,252.83,252.83,252.7,252.7638,21226
2026-03-24 14:14:00,252.76,252.785,252.65,252.75,11093
2026-03-24 14:15:00,252.705,252.72,252.4734,252.485,23631
2026-03-24 14:16:00,252.48,252.51,252.41,252.5,12573
2026-03-24 14:17:00,252.505,252.53,252.37,252.445,29121
2026-03-24 14:18:00,252.44,252.49,252.4,252.49,35263
2026-03-24 14:19:00,252.49,252.795,252.48,252.7,62862
2026-03-24 14:20:00,252.705,252.78,252.5801,252.71,40308
2026-03-24 14:21:00,252.7,252.71,252.63,252.69,15599
2026-03-24 14:22:00,252.67,252.67,252.43,252.44,16550
2026-03-24 14:23:00,252.445,252.5716,252.445,252.46,11330
2026-03-24 14:24:00,252.455,252.58,252.455,252.52,16519
2026-03-24 14:25:00,252.51,252.68,252.485,252.66,33575
2026-03-24 14:26:00,252.65,252.7,252.605,252.63,13232
2026-03-24 14:27:00,252.64,252.865,252.64,252.8401,18614
2026-03-24 14:28:00,252.85,252.85,252.45,252.55,104010
2026-03-24 14:29:00,252.53,252.63,252.465,252.57,26831
2026-03-24 14:30:00,252.58,252.6,252.4093,252.47,17452
2026-03-24 14:31:00,252.45,252.72,252.38,252.72,36186
2026-03-24 14:32:00,252.73,252.86,252.7,252.73,38215
2026-03-24 14:33:00,252.72,252.72,252.5145,252.53,14147
2026-03-24 14:34:00,252.57,252.6,252.47,252.48,21357
2026-03-24 14:35:00,252.47,252.6301,252.46,252.61,22001
2026-03-24 14:36:00,252.625,252.625,252.48,252.59,19661
2026-03-24 14:37:00,252.6,252.66,252.5,252.5374,14832
2026-03-24 14:38:00,252.53,252.865,252.505,252.86,33958
2026-03-24 14:39:00,252.86,253.06,252.75,253.0199,41617
2026-03-24 14:40:00,252.97,252.98,252.86,252.91,39609
2026-03-24 14:41:00,252.89,252.89,252.46,252.51,43006
2026-03-24 14:42:00,252.55,252.56,252.22,252.42,43601
2026-03-24 14:43:00,252.415,252.51,252.31,252.49,16493
2026-03-24 14:44:00,252.49,252.55,252.47,252.48,19763
2026-03-24 14:45:00,252.52,252.53,252.28,252.33,45231
2026-03-24 14:46:00,252.34,252.3839,252.235,252.38,16717
2026-03-24 14:47:00,252.355,252.38,252.25,252.28,13246
2026-03-24 14:48:00,252.27,252.73,252.27,252.53,80885
2026-03-24 14:49:00,252.525,252.61,252.42,252.4601,28268
2026-03-24 14:50:00,252.475,252.7,252.47,252.57,27773
2026-03-24 14:51:00,252.565,252.72,252.52,252.63,25902
2026-03-24 14:52:00,252.66,252.71,252.59,252.67,14924
2026-03-24 14:53:00,252.68,252.79,252.59,252.605,30560
2026-03-24 14:54:00,252.6,252.6,252.4201,252.515,19014
2026-03-24 14:55:00,252.49,252.55,252.46,252.52,23702
2026-03-24 14:56:00,252.5,252.51,252.25,252.355,21233
2026-03-24 14:57:00,252.38,252.44,252.355,252.36,14459
2026-03-24 14:58:00,252.36,252.5,252.36,252.445,16954
2026-03-24 14:59:00,252.4301,252.48,252.425,252.425,11253
2026-03-24 15:00:00,252.42,252.73,252.406,252.72,25643
2026-03-24 15:01:00,252.725,252.91,252.72,252.725,22532
2026-03-24 15:02:00,252.72,252.7618,252.55,252.55,11165
2026-03-24 15:03:00,252.54,252.7,252.54,252.64,15778
2026-03-24 15:04:00,252.64,252.77,252.64,252.7,17119
2026-03-24 15:05:00,252.67,252.72,252.56,252.72,12289
2026-03-24 15:06:00,252.725,252.76,252.66,252.705,18119
2026-03-24 15:07:00,252.7,252.75,252.67,252.7,13389
2026-03-24 15:08:00,252.69,252.885,252.69,252.885,19744
2026-03-24 15:09:00,252.89,252.99,252.871,252.96,25302
2026-03-24 15:10:00,252.96,252.9999,252.91,252.965,33088
2026-03-24 15:11:00,252.96,253.16,252.95,253.07,39735
2026-03-24 15:12:00,253.04,253.07,252.95,253,13400
2026-03-24 15:13:00,253,253.04,252.9601,253,16055
2026-03-24 15:14:00,252.99,253.1,252.96,253.08,14881
2026-03-24 15:15:00,253.04,253.075,252.9801,253.0001,17431
2026-03-24 15:16:00,253,253,252.87,252.93,17212
2026-03-24 15:17:00,252.93,252.93,252.77,252.79,13087
2026-03-24 15:18:00,252.7999,252.82,252.65,252.72,28393
2026-03-24 15:19:00,252.73,252.8,252.73,252.74,38298
2026-03-24 15:20:00,252.74,252.77,252.6001,252.665,20833
2026-03-24 15:21:00,252.645,252.65,252.49,252.575,19977
2026-03-24 15:22:00,252.56,252.62,252.54,252.61,18164
2026-03-24 15:23:00,252.6,252.62,252.515,252.59,25417
2026-03-24 15:24:00,252.58,252.62,252.485,252.56,30125
2026-03-24 15:25:00,252.57,252.585,252.49,252.525,17826
2026-03-24 15:26:00,252.52,252.535,252.34,252.351,21853
2026-03-24 15:27:00,252.32,252.4002,252.29,252.305,13461
2026-03-24 15:28:00,252.3,252.34,252.13,252.15,25627
2026-03-24 15:29:00,252.15,252.195,252.08,252.0896,23168
2026-03-24 15:30:00,252.0899,252.11,251.9301,252.08,48742
2026-03-24 15:31:00,252.08,252.13,251.97,251.99,23792
2026-03-24 15:32:00,252,252.1,251.95,251.95,13707
2026-03-24 15:33:00,251.93,251.94,251.76,251.81,49453
2026-03-24 15:34:00,251.8,251.8,251.665,251.745,33132
2026-03-24 15:35:00,251.755,251.8,251.57,251.6,38118
2026-03-24 15:36:00,251.575,251.68,251.56,251.64,31361
2026-03-24 15:37:00,251.635,251.72,251.59,251.67,48152
2026-03-24 15:38:00,251.65,251.66,251.54,251.54,28113
2026-03-24 15:39:00,251.54,251.54,251.3804,251.435,43972
2026-03-24 15:40:00,251.435,251.49,251.36,251.4,28219
2026-03-24 15:41:00,251.4,251.48,251.3,251.47,75716
2026-03-24 15:42:00,251.475,251.65,251.44,251.64,59244
2026-03-24 15:43:00,251.65,251.67,251.5,251.5284,17852
2026-03-24 15:44:00,251.51,251.57,251.47,251.48,21363
2026-03-24 15:45:00,251.46,251.51,251.32,251.34,54442
2026-03-24 15:46:00,251.31,251.37,251.22,251.314,49326
2026-03-24 15:47:00,251.34,251.42,251.25,251.365,71606
2026-03-24 15:48:00,251.36,251.49,251.306,251.39,49229
2026-03-24 15:49:00,251.39,251.55,251.39,251.53,40469
2026-03-24 15:50:00,251.54,251.58,251.29,251.425,49639
2026-03-24 15:51:00,251.415,251.53,251.37,251.395,41510
2026-03-24 15:52:00,251.38,251.52,251.34,251.44,32582
2026-03-24 15:53:00,251.45,251.5,251.4,251.4,36941
2026-03-24 15:54:00,251.4,251.6499,251.39,251.64,71340
2026-03-24 15:55:00,251.61,251.64,251.38,251.55,98671
2026-03-24 15:56:00,251.531,251.62,251.4801,251.57,58734
2026-03-24 15:57:00,251.59,251.59,251.35,251.54,101170
2026-03-24 15:58:00,251.53,251.6,251.5,251.59,125452
2026-03-24 15:59:00,251.6,251.77,251.5,251.75,464833
2026-03-24 16:00:00,251.75,251.75,251.24,251.64,4777754
2026-03-24 16:01:00,251.67,251.67,251.4521,251.4521,5750
2026-03-24 16:02:00,251.58,251.6,251.58,251.6,545
2026-03-24 16:03:00,251.6,251.6,251.54,251.58,1882
2026-03-24 16:04:00,251.58,251.58,251.5108,251.5108,1180
2026-03-24 16:05:00,251.5215,251.55,251.5043,251.5043,400
2026-03-24 16:06:00,251.54,251.55,251.53,251.55,4854
2026-03-24 16:07:00,251.55,251.6,251.55,251.6,1690
2026-03-24 16:09:00,251.61,251.61,251.61,251.61,295
2026-03-24 16:10:00,251.61,251.61,251.61,251.61,104
2026-03-24 16:11:00,251.64,251.67,251.64,251.645,2914
2026-03-24 16:12:00,251.64,251.68,251.64,251.67,1040
2026-03-24 16:13:00,251.71,251.78,251.71,251.78,1255
2026-03-24 16:15:00,251.77,251.77,251.77,251.77,205
2026-03-24 16:16:00,251.7117,251.7117,251.7067,251.7067,1000
2026-03-24 16:17:00,251.79,251.79,251.79,251.79,200
2026-03-24 16:18:00,251.79,251.79,251.79,251.79,131
2026-03-24 16:19:00,251.8,251.93,251.8,251.93,1265
2026-03-24 16:20:00,251.95,253.72,251.95,253.72,30392
2026-03-24 16:21:00,253.73,254.1,253,253,7113
2026-03-24 16:22:00,253.17,255,252.7,254.56,6597
2026-03-24 16:23:00,254.74,254.75,253.5501,254,5914
2026-03-24 16:24:00,254.3543,254.89,254,254.75,5513
2026-03-24 16:25:00,254.88,254.94,254.065,254.065,5546
2026-03-24 16:26:00,254.46,255.23,254.46,255.23,18236
2026-03-24 16:27:00,255.23,255.23,254.25,254.35,7238
2026-03-24 16:28:00,254.46,254.46,253.74,253.74,1949
2026-03-24 16:29:00,253.78,254.1,253.5,254.1,4165
2026-03-24 16:30:00,253.9532,253.9532,251.64,253.7,5965
2026-03-24 16:31:00,253.7,253.9,253.7,253.81,1860
2026-03-24 16:32:00,253.8,253.88,253.75,253.88,520
2026-03-24 16:33:00,254.02,254.37,254.02,254.17,1649
2026-03-24 16:34:00,253.91,254.1,253.63,253.75,5081
2026-03-24 16:35:00,253.56,254.1,253.35,254.1,4215
2026-03-24 16:36:00,254.1,254.65,254.1,254.51,3600
2026-03-24 16:37:00,254.11,254.65,254.11,254.298,703
2026-03-24 16:38:00,254.302,254.83,254.302,254.5,2013
2026-03-24 16:39:00,254.37,255.29,254.37,254.8,11653
2026-03-24 16:40:00,254.71,254.71,254.23,254.35,1548
2026-03-24 16:41:00,254.2,254.2,253.75,253.75,1666
2026-03-24 16:42:00,253.6,253.6,253.41,253.41,394
2026-03-24 16:43:00,253.02,253.02,253.01,253.02,325
2026-03-24 16:44:00,253.24,253.76,253.01,253.76,2809
2026-03-24 16:46:00,253.3,253.3,253,253.03,2031
2026-03-24 16:47:00,253.09,253.09,252.16,252.69,6363
2026-03-24 16:48:00,253,253.24,253,253.24,200
2026-03-24 16:49:00,253.6,253.67,253.6,253.67,211
2026-03-24 16:50:00,253.4,253.4,253.14,253.14,277
2026-03-24 16:52:00,253.48,253.48,253.3,253.3,752
2026-03-24 16:53:00,253.2,253.22,253.08,253.15,1425
2026-03-24 16:54:00,253.15,253.4,253.15,253.4,2900
2026-03-24 16:55:00,253.3,253.5,253.3,253.5,1868
2026-03-24 16:56:00,253.49,253.49,253.29,253.29,252
2026-03-24 16:57:00,253.4,253.4,253.4,253.4,100
2026-03-24 16:58:00,253.4,253.47,253.4,253.45,1256
2026-03-24 16:59:00,253.6,253.6416,253.5,253.5,1001
2026-03-24 17:01:00,253.4,253.4,253.02,253.02,393
2026-03-24 17:02:00,252.5,252.5,252.5,252.5,200
2026-03-24 17:03:00,253.1,253.1,253.1,253.1,100
2026-03-24 17:04:00,253.66,253.66,253.66,253.66,200
2026-03-24 17:05:00,253.05,253.05,253.05,253.05,300
2026-03-24 17:06:00,252.85,252.85,252.85,252.85,240
2026-03-24 17:07:00,252.7,253.5,252.7,253.5,200
2026-03-24 17:17:00,253.1,253.11,253.1,253.11,219
2026-03-24 17:18:00,253.22,253.3,253.22,253.3,1119
2026-03-24 17:20:00,253.24,253.24,253.23,253.23,380
2026-03-24 17:29:00,253.11,253.11,253.07,253.07,247
2026-03-24 17:30:00,253.1,253.1,253.1,253.1,118
2026-03-24 17:31:00,253.26,253.26,253.26,253.26,158
2026-03-24 17:34:00,253.1416,253.1416,253.1416,253.1416,121
2026-03-24 17:36:00,253.2,253.2,253.2,253.2,300
2026-03-24 17:37:00,253.33,253.33,253.33,253.33,313
2026-03-24 17:38:00,253.14,253.22,253.14,253.22,4995
2026-03-24 17:45:00,253.34,253.3562,253.34,253.3562,1088
2026-03-24 17:46:00,253.34,253.38,253.25,253.25,414
2026-03-24 17:47:00,253.42,253.42,253.42,253.42,100
2026-03-24 17:48:00,253.45,253.5,253.45,253.5,300
2026-03-24 17:49:00,253.65,253.65,253.62,253.62,454
2026-03-24 17:50:00,253.7,253.7,253.26,253.26,400
2026-03-24 17:51:00,253.62,253.62,253.62,253.62,1035
2026-03-24 17:54:00,253.63,253.63,253.63,253.63,100
2026-03-24 17:56:00,253.3916,253.3916,253.3916,253.3916,100
2026-03-24 17:59:00,253.45,253.45,253.45,253.45,200
2026-03-24 18:00:00,253.5,254,253.5,254,3876
2026-03-24 18:01:00,253.99,254.13,253.55,253.55,1427
2026-03-24 18:03:00,254.4205,254.4205,253.97,253.97,681
2026-03-24 18:04:00,253.95,254.43,253.95,254.43,2300
2026-03-24 18:05:00,254.14,254.284,254.14,254.22,1911
2026-03-24 18:06:00,254.22,254.31,254.19,254.28,1924
2026-03-24 18:07:00,254.31,254.44,254.01,254.23,759
2026-03-24 18:08:00,254.11,254.44,254.11,254.38,396
2026-03-24 18:12:00,253.8512,253.8512,253.8,253.8,1013
2026-03-24 18:15:00,253.61,253.61,253.6,253.6,200
2026-03-24 18:18:00,253.28,253.28,253.28,253.28,1245
2026-03-24 18:22:00,253.6,253.6,253.6,253.6,150
2026-03-24 18:24:00,253.47,254,253.47,253.51,2600
2026-03-24 18:25:00,253.33,253.33,253.06,253.06,706
2026-03-24 18:26:00,253.5,253.5,253.11,253.11,300
2026-03-24 18:29:00,253.41,253.41,253.41,253.41,100
2026-03-24 18:31:00,253.5,253.51,253.5,253.5,1909
2026-03-24 18:34:00,253.56,253.56,253.56,253.56,200
2026-03-24 18:35:00,253.75,253.75,253.75,253.75,1500
2026-03-24 18:37:00,253.59,253.76,253.59,253.75,1503
2026-03-24 18:39:00,253.32,253.32,253.32,253.32,100
2026-03-24 18:41:00,253.2043,253.2043,253.2043,253.2043,355
2026-03-24 18:45:00,253.68,253.68,253.68,253.68,100
2026-03-24 18:47:00,253.86,253.97,253.86,253.97,1246
2026-03-24 18:48:00,253.8705,253.95,253.87,253.87,313
2026-03-24 18:50:00,253.8,253.8,253.8,253.8,400
2026-03-24 18:53:00,253.55,253.67,253.55,253.67,340
2026-03-24 18:54:00,253.67,253.67,253.67,253.67,100
2026-03-24 18:55:00,253.8838,253.8838,253.8838,253.8838,200
2026-03-24 19:00:00,253.82,253.84,253.82,253.84,403
2026-03-24 19:01:00,253.84,253.84,253.84,253.84,1200
2026-03-24 19:02:00,253.59,253.59,253.57,253.57,209
2026-03-24 19:05:00,253.57,253.57,253.57,253.57,100
2026-03-24 19:06:00,253.68,253.68,253.68,253.68,100
2026-03-24 19:07:00,253.79,253.79,253.79,253.79,100
2026-03-24 19:11:00,253.85,253.85,253.85,253.85,100
2026-03-24 19:13:00,253.66,253.71,253.66,253.7,300
2026-03-24 19:14:00,253.79,253.79,253.79,253.79,100
2026-03-24 19:17:00,253.8,253.8,253.8,253.8,1000
2026-03-24 19:18:00,253.95,253.95,253.95,253.95,100
2026-03-24 19:20:00,253.84,253.84,253.84,253.84,100
2026-03-24 19:24:00,253.88,253.95,253.88,253.95,440
2026-03-24 19:27:00,253.95,253.97,253.86,253.86,970
2026-03-24 19:28:00,253.77,253.77,253.77,253.77,100
2026-03-24 19:29:00,253.75,253.75,253.75,253.75,104
2026-03-24 19:30:00,253.8,253.8,253.8,253.8,100
2026-03-24 19:33:00,253.9,253.9,253.9,253.9,199
2026-03-24 19:34:00,253.8,253.8,253.8,253.8,109
2026-03-24 19:37:00,253.85,253.85,253.85,253.85,300
2026-03-24 19:38:00,253.81,253.81,253.81,253.81,100
2026-03-24 19:40:00,253.9588,253.9588,253.9588,253.9588,200
2026-03-24 19:41:00,253.75,253.75,253.75,253.75,387
2026-03-24 19:42:00,253.51,253.54,253.5,253.54,400
2026-03-24 19:44:00,253.54,253.75,253.12,253.12,977
2026-03-24 19:47:00,253.4,253.4,253.4,253.4,100
2026-03-24 19:52:00,253.33,253.7499,253.33,253.43,1061
2026-03-24 19:55:00,253.2945,253.2945,253.2945,253.2945,200
2026-03-24 19:56:00,253.26,253.26,253.26,253.26,100
2026-03-24 19:57:00,253.33,253.33,253.33,253.33,218
2026-03-24 19:59:00,253.2,253.34,253.13,253.34,412
2026-03-25 04:00:00,253.3,253.3,253.3,253.3,365
2026-03-25 04:02:00,253.3,253.3,253.3,253.3,108
2026-03-25 04:04:00,253.4,253.4,253.31,253.31,202
2026-03-25 04:05:00,253.44,253.66,253.44,253.66,364
2026-03-25 04:09:00,253.63,253.69,253.6,253.69,953
2026-03-25 04:13:00,253.74,253.74,253.74,253.74,586
2026-03-25 04:15:00,253.84,253.99,253.84,253.99,1396
2026-03-25 04:16:00,254.25,254.25,254.23,254.23,530
2026-03-25 04:18:00,254.25,254.25,254.25,254.25,448
2026-03-25 04:19:00,254.2,254.24,254.2,254.24,300
2026-03-25 04:25:00,254.13,254.13,254.03,254.03,756
2026-03-25 04:29:00,254.03,254.03,254.03,254.03,159
2026-03-25 04:32:00,254.11,254.11,254.11,254.11,100
2026-03-25 04:36:00,254,254,254,254,285
2026-03-25 04:41:00,253.79,253.79,253.79,253.79,100
2026-03-25 04:47:00,253.7,253.7,253.7,253.7,609
2026-03-25 04:48:00,253.71,253.71,253.7,253.7,200
2026-03-25 04:50:00,253.73,253.73,253.73,253.73,100
2026-03-25 04:51:00,253.79,253.79,253.79,253.79,151
2026-03-25 04:53:00,253.56,253.56,253.56,253.56,100
2026-03-25 04:59:00,253.51,253.51,253.51,253.51,100
2026-03-25 05:01:00,253.3,253.3,253.3,253.3,100
2026-03-25 05:03:00,253.5,253.5,253.5,253.5,100
2026-03-25 05:17:00,253.51,253.51,253.51,253.51,100
2026-03-25 05:26:00,253.21,253.21,253.21,253.21,200
2026-03-25 05:32:00,253.37,253.56,253.37,253.56,899
2026-03-25 05:37:00,253.49,253.49,253.49,253.49,108
2026-03-25 05:39:00,253.31,253.31,253.31,253.31,115
2026-03-25 05:43:00,253.2,253.26,253.2,253.26,202
2026-03-25 05:48:00,253,253,252.93,252.93,210
2026-03-25 05:53:00,253.03,253.03,253.01,253.01,400
2026-03-25 05:59:00,253.4,253.41,253.4,253.4,500
2026-03-25 06:01:00,253.57,253.57,253.57,253.57,133
2026-03-25 06:02:00,253.57,253.65,253.57,253.65,698
2026-03-25 06:06:00,253.5,253.5,253.4,253.4,570
2026-03-25 06:13:00,253.4,253.4,253.4,253.4,450
2026-03-25 06:17:00,253.4,253.4,253.4,253.4,100
2026-03-25 06:21:00,253.38,253.38,253.38,253.38,518
2026-03-25 06:23:00,253.44,253.44,253.44,253.44,139
2026-03-25 06:29:00,253.28,253.28,253.28,253.28,247
2026-03-25 06:42:00,253.3,253.3,253.3,253.3,200
2026-03-25 06:43:00,253.45,253.56,253.45,253.56,921
2026-03-25 06:45:00,253.45,253.55,253.45,253.55,761
2026-03-25 06:46:00,253.54,253.54,253.49,253.49,300
2026-03-25 06:47:00,253.58,253.58,253.58,253.58,200
2026-03-25 06:48:00,253.58,253.58,253.58,253.58,200
2026-03-25 06:49:00,253.58,253.58,253.58,253.58,300
2026-03-25 06:51:00,253.56,253.56,253.47,253.47,484
2026-03-25 06:52:00,253.47,253.47,253.32,253.43,740
2026-03-25 06:53:00,253.43,253.47,253.43,253.47,1036
2026-03-25 06:54:00,253.47,253.49,253.46,253.46,936
2026-03-25 06:57:00,253.53,253.53,253.53,253.53,500
2026-03-25 06:59:00,253.55,253.55,253.55,253.55,299
2026-03-25 07:00:00,253.55,253.55,253.51,253.51,200
2026-03-25 07:03:00,253.6,253.76,253.58,253.76,909
2026-03-25 07:04:00,253.73,253.76,253.73,253.76,803
2026-03-25 07:06:00,253.74,253.74,253.74,253.74,100
2026-03-25 07:08:00,253.75,253.8,253.75,253.8,542
2026-03-25 07:10:00,253.7,253.7,253.7,253.7,700
2026-03-25 07:20:00,253.71,253.72,253.71,253.72,300
2026-03-25 07:22:00,253.69,253.71,253.69,253.71,499
2026-03-25 07:23:00,253.85,253.85,253.85,253.85,500
2026-03-25 07:27:00,253.8,253.8,253.8,253.8,502
2026-03-25 07:28:00,253.89,253.89,253.89,253.89,100
2026-03-25 07:36:00,253.95,253.95,253.95,253.95,452
2026-03-25 07:37:00,254,254,254,254,200
2026-03-25 07:38:00,254.19,254.19,254.19,254.19,280
2026-03-25 07:39:00,254.19,254.19,254.18,254.19,600
2026-03-25 07:40:00,254.18,254.18,254.18,254.18,200
2026-03-25 07:42:00,254,254.32,254,254.25,3640
2026-03-25 07:43:00,254.43,254.45,254.37,254.37,2285
2026-03-25 07:46:00,254.27,254.27,254.26,254.26,345
2026-03-25 07:47:00,254.3,254.3,253.68,253.68,2144
2026-03-25 07:52:00,254.09,254.1,254,254,300
2026-03-25 07:53:00,254.15,254.15,254.15,254.15,100
2026-03-25 08:00:00,253.3,254.5,252.61,253.09,29858
2026-03-25 08:01:00,252.75,252.75,252.75,252.75,2498
2026-03-25 08:02:00,254.0203,254.487,254.0203,254.487,1256
2026-03-25 08:03:00,254.46,254.46,254.46,254.46,100
2026-03-25 08:05:00,254.44,254.45,254.41,254.42,500
2026-03-25 08:06:00,254.47,254.54,254.47,254.54,2069
2026-03-25 08:07:00,254.5159,254.5159,254.5159,254.5159,200
2026-03-25 08:08:00,254.8,254.8,254.8,254.8,145
2026-03-25 08:09:00,254.56,254.86,254.56,254.5687,600
2026-03-25 08:11:00,254.55,254.55,254.55,254.55,194
2026-03-25 08:12:00,254.61,254.61,254.61,254.61,100
2026-03-25 08:13:00,254.5,254.5,254.5,254.5,122
2026-03-25 08:14:00,254.55,254.55,254.55,254.55,100
2026-03-25 08:15:00,254.3168,254.3168,254.3168,254.3168,100
2026-03-25 08:16:00,254.47,254.47,254.47,254.47,100
2026-03-25 08:17:00,253.61,253.84,253.61,253.81,2144
2026-03-25 08:18:00,253.72,253.8,253.72,253.8,300
2026-03-25 08:19:00,253.83,253.91,253.6,253.91,3100
2026-03-25 08:21:00,254,254,254,254,100
2026-03-25 08:23:00,253.63,254,253.55,254,3395
2026-03-25 08:24:00,253.6686,253.9,253.6686,253.75,600
2026-03-25 08:26:00,254,254,254,254,190
2026-03-25 08:28:00,254.1,254.1,253.99,253.99,300
2026-03-25 08:29:00,253.99,253.99,253.87,253.89,1292
2026-03-25 08:30:00,253.76,253.76,253.3968,253.3968,3301
2026-03-25 08:31:00,253.5,253.5,253.1242,253.2,3132
2026-03-25 08:32:00,253.08,253.55,253.08,253.3,2244
2026-03-25 08:33:00,253.6,253.6,253.23,253.23,990
2026-03-25 08:34:00,253.68,253.69,253.68,253.69,500
2026-03-25 08:37:00,253.5,253.5,253.5,253.5,125
2026-03-25 08:39:00,253.746,253.746,253.746,253.746,300
2026-03-25 08:40:00,253.79,253.92,253.72,253.72,1062
2026-03-25 08:42:00,253.78,253.8,253.78,253.79,602
2026-03-25 08:43:00,253.8,253.8,253.77,253.78,1300
2026-03-25 08:45:00,253.57,253.57,253.55,253.55,410
2026-03-25 08:47:00,253.65,253.65,253.65,253.65,666
2026-03-25 08:48:00,253.8,253.8,253.8,253.8,341
2026-03-25 08:51:00,253.92,253.92,253.92,253.92,1500
2026-03-25 08:54:00,253.62,253.89,253.61,253.74,1111
2026-03-25 08:55:00,253.92,253.97,253.62,253.62,600
2026-03-25 08:56:00,254,254,254,254,350
2026-03-25 08:57:00,254.3,254.42,254.2,254.2,1457
2026-03-25 08:58:00,254.25,254.35,254.25,254.3,4874
2026-03-25 08:59:00,254.4,254.5,254.17,254.17,1081
2026-03-25 09:00:00,254.4,254.46,254.353,254.46,600
2026-03-25 09:01:00,254.25,254.4,253.878,254.29,939
2026-03-25 09:02:00,254.5,254.6,254.3,254.3,3435
2026-03-25 09:03:00,254.3772,254.3772,254.3772,254.3772,606
2026-03-25 09:04:00,254.3851,254.601,254.3533,254.3533,1292
2026-03-25 09:05:00,254.6,254.6,254.57,254.6,823
2026-03-25 09:06:00,254.48,254.48,254.46,254.46,223
2026-03-25 09:07:00,254.45,254.5,254.45,254.5,300
2026-03-25 09:08:00,254.383,254.45,254.31,254.45,3260
2026-03-25 09:09:00,254.32,254.58,254.32,254.56,2699
2026-03-25 09:10:00,254.43,254.43,254.34,254.35,1050
2026-03-25 09:11:00,254.59,254.59,254.33,254.33,1487
2026-03-25 09:12:00,254.33,254.42,254.31,254.38,2248
2026-03-25 09:13:00,254.33,254.33,254.0243,254.0243,425
2026-03-25 09:14:00,254.1,254.31,254.03,254.1113,2059
2026-03-25 09:15:00,254.23,254.32,254.23,254.32,624
2026-03-25 09:17:00,254.15,254.15,254.01,254.03,1597
2026-03-25 09:19:00,254.45,254.45,254.45,254.45,200
2026-03-25 09:21:00,254.12,254.14,254,254,1302
2026-03-25 09:22:00,254.07,254.1,254.07,254.1,428
2026-03-25 09:23:00,253.84,253.84,253.84,253.84,102
2026-03-25 09:24:00,254,254.2,253.99,254.2,1850
2026-03-25 09:25:00,253.93,254.2,253.72,253.72,2820
2026-03-25 09:26:00,253.65,253.85,253.58,253.82,1013
2026-03-25 09:27:00,254.16,254.59,253.95,254.59,2939
2026-03-25 09:28:00,254.41,254.41,254.1,254.1,4726
2026-03-25 09:29:00,254.1,254.35,254.1,254.1795,7959
2026-03-25 09:30:00,254.095,254.7,254,254.28,523283
2026-03-25 09:31:00,254.25,254.54,254.175,254.5,79586
2026-03-25 09:32:00,254.49,255,254.42,254.87,79837
2026-03-25 09:33:00,254.84,254.99,254,254.05,80761
2026-03-25 09:34:00,254.05,254.4,253.95,254.03,58283
2026-03-25 09:35:00,254.04,254.4599,254.04,254.45,53804
2026-03-25 09:36:00,254.465,254.665,254.15,254.655,48064
2026-03-25 09:37:00,254.7,254.9049,254.29,254.45,70798
2026-03-25 09:38:00,254.46,254.62,254.16,254.28,89155
2026-03-25 09:39:00,254.28,254.43,254.01,254.04,55293
2026-03-25 09:40:00,254.03,254.12,253.785,253.9,59007
2026-03-25 09:41:00,253.92,254.15,253.79,253.96,49988
2026-03-25 09:42:00,253.97,254.025,253.86,253.895,32815
2026-03-25 09:43:00,253.91,253.98,253.69,253.79,55349
2026-03-25 09:44:00,253.79,253.89,253.5,253.52,42473
2026-03-25 09:45:00,253.5,253.61,253.29,253.355,45671
2026-03-25 09:46:00,253.33,253.4149,253.22,253.355,30706
2026-03-25 09:47:00,253.37,253.41,253.11,253.14,34188
2026-03-25 09:48:00,253.155,253.23,252.77,252.79,45828
2026-03-25 09:49:00,252.78,252.825,252.39,252.435,54418
2026-03-25 09:50:00,252.41,252.61,252.24,252.52,70884
2026-03-25 09:51:00,252.53,252.85,252.53,252.67,104553
2026-03-25 09:52:00,252.67,252.6875,252.44,252.6,50153
2026-03-25 09:53:00,252.62,252.74,252.39,252.455,39695
2026-03-25 09:54:00,252.44,252.55,252.25,252.34,53435
2026-03-25 09:55:00,252.385,252.4899,252.27,252.3261,60394
2026-03-25 09:56:00,252.33,252.45,252.26,252.32,53117
2026-03-25 09:57:00,252.34,252.355,252.16,252.31,94301
2026-03-25 09:58:00,252.3,252.54,252.19,252.24,46102
2026-03-25 09:59:00,252.25,252.26,251.82,251.88,77364
2026-03-25 10:00:00,251.89,251.99,251.6,251.65,62976
2026-03-25 10:01:00,251.65,252,251.65,251.8535,69838
2026-03-25 10:02:00,251.82,252.1,251.773,252.05,54686
2026-03-25 10:03:00,252.03,252.21,251.96,252.03,35448
2026-03-25 10:04:00,252.0161,252.22,252,252.03,31976
2026-03-25 10:05:00,252.03,252.295,251.98,252.23,56263
2026-03-25 10:06:00,252.2551,252.28,251.93,251.98,32142
2026-03-25 10:07:00,252.01,252.1499,251.93,251.98,32981
2026-03-25 10:08:00,252.02,252.23,251.94,251.9799,43104
2026-03-25 10:09:00,251.98,252.2799,251.94,252.24,29347
2026-03-25 10:10:00,252.28,252.28,252.13,252.25,32677
2026-03-25 10:11:00,252.255,252.5,252.255,252.405,52742
2026-03-25 10:12:00,252.41,252.56,252.24,252.5,38360
2026-03-25 10:13:00,252.526,252.6999,252.42,252.4401,36101
2026-03-25 10:14:00,252.45,252.845,252.43,252.84,43121
2026-03-25 10:15:00,252.83,252.88,252.707,252.815,35258
2026-03-25 10:16:00,252.8,252.87,252.73,252.81,20738
2026-03-25 10:17:00,252.79,252.83,252.5401,252.6,28830
2026-03-25 10:18:00,252.62,252.74,252.6,252.72,18530
2026-03-25 10:19:00,252.705,252.705,252.47,252.57,40266
2026-03-25 10:20:00,252.55,252.64,252.4378,252.6266,28575
2026-03-25 10:21:00,252.6299,252.73,252.58,252.67,30302
2026-03-25 10:22:00,252.65,252.71,252.55,252.66,39523
2026-03-25 10:23:00,252.66,252.66,252.39,252.5,16266
2026-03-25 10:24:00,252.49,252.49,252.23,252.26,28718
2026-03-25 10:25:00,252.265,252.73,252.18,252.6482,40414
2026-03-25 10:26:00,252.62,252.72,252.55,252.6501,49560
2026-03-25 10:27:00,252.66,252.96,252.63,252.96,36904
2026-03-25 10:28:00,252.915,252.915,252.6212,252.67,22414
2026-03-25 10:29:00,252.675,252.86,252.63,252.86,24784
2026-03-25 10:30:00,252.87,252.93,252.58,252.7551,49499
2026-03-25 10:31:00,252.73,252.89,252.68,252.835,23867
2026-03-25 10:32:00,252.85,252.96,252.8201,252.86,21949
2026-03-25 10:33:00,252.82,253.09,252.8,253.05,29004
2026-03-25 10:34:00,253,253.09,252.94,253.0801,15875
2026-03-25 10:35:00,253.1,253.17,252.92,253,30696
2026-03-25 10:36:00,253.0051,253.05,252.83,252.9,42473
2026-03-25 10:37:00,252.89,253.01,252.84,252.85,25278
2026-03-25 10:38:00,252.85,252.99,252.84,252.93,24530
2026-03-25 10:39:00,252.945,252.95,252.78,252.9,32032
2026-03-25 10:40:00,252.895,253.005,252.79,253,32390
2026-03-25 10:41:00,253.01,253.24,253.0024,253.125,37898
2026-03-25 10:42:00,253.12,253.33,253.1,253.21,37741
2026-03-25 10:43:00,253.21,253.3,253.14,253.27,26226
2026-03-25 10:44:00,253.28,253.3627,253.25,253.25,34262
2026-03-25 10:45:00,253.26,253.44,253.26,253.4,43248
2026-03-25 10:46:00,253.36,253.44,253.28,253.38,28422
2026-03-25 10:47:00,253.37,253.49,253.33,253.44,30421
2026-03-25 10:48:00,253.4394,253.55,253.38,253.525,31283
2026-03-25 10:49:00,253.51,253.57,253.47,253.52,45311
2026-03-25 10:50:00,253.505,253.61,253.46,253.58,45257
2026-03-25 10:51:00,253.56,253.6597,253.53,253.635,27160
2026-03-25 10:52:00,253.62,253.67,253.5,253.58,32682
2026-03-25 10:53:00,253.59,253.66,253.55,253.62,25728
2026-03-25 10:54:00,253.585,253.67,253.43,253.46,35592
2026-03-25 10:55:00,253.47,253.54,253.44,253.5,36503
2026-03-25 10:56:00,253.5099,253.53,253.47,253.52,16699
2026-03-25 10:57:00,253.5101,253.53,253.38,253.49,38617
2026-03-25 10:58:00,253.48,253.56,253.4001,253.56,21747
2026-03-25 10:59:00,253.54,253.59,253.32,253.42,39030
2026-03-25 11:00:00,253.4225,253.48,253.38,253.41,22672
2026-03-25 11:01:00,253.43,253.52,253.365,253.45,30577
2026-03-25 11:02:00,253.46,253.54,253.46,253.49,18009
2026-03-25 11:03:00,253.49,253.61,253.46,253.575,18357
2026-03-25 11:04:00,253.55,253.6488,253.52,253.53,32535
2026-03-25 11:05:00,253.53,253.58,253.43,253.48,23283
2026-03-25 11:06:00,253.48,253.52,253.29,253.29,24533
2026-03-25 11:07:00,253.295,253.33,253.11,253.13,33704
2026-03-25 11:08:00,253.15,253.4785,253.15,253.47,32269
2026-03-25 11:09:00,253.475,253.54,253.38,253.445,27571
2026-03-25 11:10:00,253.45,253.65,253.45,253.6199,23152
2026-03-25 11:11:00,253.62,253.8949,253.62,253.85,43211
2026-03-25 11:12:00,253.86,253.95,253.68,253.69,47283
2026-03-25 11:13:00,253.69,253.8,253.56,253.7736,55465
2026-03-25 11:14:00,253.765,253.86,253.6925,253.75,29383
2026-03-25 11:15:00,253.74,253.93,253.61,253.725,90179
2026-03-25 11:16:00,253.76,253.8,253.11,253.135,132943
2026-03-25 11:17:00,253.135,253.31,252.98,253.01,51465
2026-03-25 11:18:00,253.04,253.608,253.03,253.54,39519
2026-03-25 11:19:00,253.54,253.84,253.44,253.805,77527
2026-03-25 11:20:00,253.81,253.83,253.62,253.71,57772
2026-03-25 11:21:00,253.7101,253.955,253.71,253.775,28326
2026-03-25 11:22:00,253.79,254,253.79,253.9599,46707
2026-03-25 11:23:00,253.93,254.01,253.8001,253.93,62646
2026-03-25 11:24:00,253.925,254.25,253.9,254.12,101458
2026-03-25 11:25:00,254.1399,254.29,254.065,254.23,40923
2026-03-25 11:26:00,254.205,254.205,253.87,253.985,22620
2026-03-25 11:27:00,253.96,253.97,253.8401,253.94,17169
2026-03-25 11:28:00,253.93,254.045,253.865,253.98,18663
2026-03-25 11:29:00,254,254.245,253.99,254.245,23315
2026-03-25 11:30:00,254.25,254.29,254.11,254.26,30270
2026-03-25 11:31:00,254.26,254.29,254.17,254.2517,31190
2026-03-25 11:32:00,254.245,254.28,254.195,254.23,38236
2026-03-25 11:33:00,254.22,254.46,254.1323,254.4245,39389
2026-03-25 11:34:00,254.43,254.46,254.24,254.2492,27281
2026-03-25 11:35:00,254.28,254.28,254.07,254.165,22327
2026-03-25 11:36:00,254.1608,254.25,254.13,254.2,20369
2026-03-25 11:37:00,254.2,254.25,254.13,254.165,32957
2026-03-25 11:38:00,254.16,254.1999,254.06,254.06,36526
2026-03-25 11:39:00,254.065,254.14,253.96,254.02,59598
2026-03-25 11:40:00,254,254.08,253.88,253.89,28305
2026-03-25 11:41:00,253.91,254.02,253.8206,253.83,34014
2026-03-25 11:42:00,253.85,253.881,253.69,253.76,33780
2026-03-25 11:43:00,253.75,253.8175,253.7,253.74,10613
2026-03-25 11:44:00,253.74,253.85,253.65,253.71,18128
2026-03-25 11:45:00,253.685,253.855,253.685,253.795,28456
2026-03-25 11:46:00,253.795,253.835,253.73,253.78,15515
2026-03-25 11:47:00,253.785,253.7899,253.68,253.71,15647
2026-03-25 11:48:00,253.71,253.74,253.6,253.7,15200
2026-03-25 11:49:00,253.68,253.77,253.645,253.69,23848
2026-03-25 11:50:00,253.725,253.915,253.725,253.8871,20573
2026-03-25 11:51:00,253.88,253.95,253.8099,253.825,15828
2026-03-25 11:52:00,253.85,253.85,253.43,253.465,45944
2026-03-25 11:53:00,253.465,253.55,253.38,253.3909,43143
2026-03-25 11:54:00,253.3909,253.55,253.38,253.505,22047
2026-03-25 11:55:00,253.52,253.759,253.47,253.6,32680
2026-03-25 11:56:00,253.6,253.74,253.57,253.72,13740
2026-03-25 11:57:00,253.71,253.76,253.56,253.56,19978
2026-03-25 11:58:00,253.61,253.63,253.53,253.55,25212
2026-03-25 11:59:00,253.56,253.61,253.5,253.5,22513
2026-03-25 12:00:00,253.51,253.51,253.2996,253.3099,30160
2026-03-25 12:01:00,253.275,253.45,253.246,253.37,27975
2026-03-25 12:02:00,253.37,253.45,253.27,253.365,24596
2026-03-25 12:03:00,253.35,253.38,253.28,253.31,8190
2026-03-25 12:04:00,253.28,253.33,253.2,253.235,26602
2026-03-25 12:05:00,253.22,253.2601,253.09,253.25,20793
2026-03-25 12:06:00,253.26,253.42,253.26,253.405,15084
2026-03-25 12:07:00,253.4,253.565,253.4,253.46,12983
2026-03-25 12:08:00,253.46,253.46,253.32,253.455,13991
2026-03-25 12:09:00,253.49,253.54,253.41,253.48,12043
2026-03-25 12:10:00,253.47,253.5,253.32,253.4,23048
2026-03-25 12:11:00,253.4,253.5,253.365,253.4555,15525
2026-03-25 12:12:00,253.44,253.51,253.38,253.4,14973
2026-03-25 12:13:00,253.44,253.445,253.33,253.435,10575
2026-03-25 12:14:00,253.42,253.54,253.42,253.505,13552
2026-03-25 12:15:00,253.5,253.6,253.45,253.46,16987
2026-03-25 12:16:00,253.475,253.58,253.465,253.545,9936
2026-03-25 12:17:00,253.53,253.5599,253.44,253.55,16728
2026-03-25 12:18:00,253.53,253.585,253.5167,253.58,10851
2026-03-25 12:19:00,253.585,253.59,253.45,253.475,12381
2026-03-25 12:20:00,253.49,253.58,253.43,253.51,15924
2026-03-25 12:21:00,253.5175,253.61,253.49,253.535,14847
2026-03-25 12:22:00,253.53,253.64,253.44,253.59,10730
2026-03-25 12:23:00,253.625,253.84,253.625,253.7191,21628
2026-03-25 12:24:00,253.715,254.17,253.715,254.1,37091
2026-03-25 12:25:00,254.13,254.15,253.84,253.97,62153
2026-03-25 12:26:00,253.97,253.99,253.8,253.955,27590
2026-03-25 12:27:00,253.965,253.97,253.82,253.9393,12815
2026-03-25 12:28:00,253.92,253.975,253.83,253.9425,27589
2026-03-25 12:29:00,253.92,253.945,253.86,253.925,9551
2026-03-25 12:30:00,253.95,254.12,253.86,254.0399,28926
2026-03-25 12:31:00,254.0283,254.23,254,254.215,28244
2026-03-25 12:32:00,254.23,254.37,254.19,254.37,22170
2026-03-25 12:33:00,254.4,254.65,254.38,254.61,65031
2026-03-25 12:34:00,254.61,254.644,254.42,254.471,45743
2026-03-25 12:35:00,254.47,254.54,254.33,254.4899,35565
2026-03-25 12:36:00,254.495,254.58,254.43,254.52,22419
2026-03-25 12:37:00,254.52,254.55,254.43,254.47,13849
2026-03-25 12:38:00,254.49,254.49,254.27,254.33,24529
2026-03-25 12:39:00,254.36,254.4,254.32,254.385,9792
2026-03-25 12:40:00,254.41,254.41,254.23,254.26,15120
2026-03-25 12:41:00,254.28,254.3,254.16,254.25,16297
2026-03-25 12:42:00,254.23,254.315,254.18,254.18,16878
2026-03-25 12:43:00,254.21,254.26,254.16,254.26,8999
2026-03-25 12:44:00,254.2399,254.27,254.19,254.26,12138
2026-03-25 12:45:00,254.28,254.305,254.21,254.3,13957
2026-03-25 12:46:00,254.3,254.3,254.17,254.27,20322
2026-03-25 12:47:00,254.26,254.28,254.16,254.23,12396
2026-03-25 12:48:00,254.25,254.35,254.24,254.2799,18751
2026-03-25 12:49:00,254.26,254.27,254.18,254.2,7677
2026-03-25 12:50:00,254.21,254.21,254.03,254.08,18684
2026-03-25 12:51:00,254.085,254.28,254.065,254.065,13459
2026-03-25 12:52:00,254.0601,254.26,254.02,254.205,20176
2026-03-25 12:53:00,254.23,254.29,254.185,254.225,21477
2026-03-25 12:54:00,254.24,254.29,254.15,254.275,17511
2026-03-25 12:55:00,254.27,254.4,254.24,254.375,11750
2026-03-25 12:56:00,254.37,254.375,254.23,254.265,26470
2026-03-25 12:57:00,254.265,254.29,254.2,254.215,9890
2026-03-25 12:58:00,254.225,254.23,254.12,254.165,12963
2026-03-25 12:59:00,254.16,254.31,254.1583,254.2399,15350
2026-03-25 13:00:00,254.22,254.3,254.195,254.195,27756
2026-03-25 13:01:00,254.1701,254.365,254.1701,254.365,19903
2026-03-25 13:02:00,254.37,254.45,254,254.31,65209
2026-03-25 13:03:00,254.32,254.385,254.25,254.2596,11835
2026-03-25 13:04:00,254.26,254.305,254.215,254.26,14347
2026-03-25 13:05:00,254.275,254.28,253.95,254.045,29346
2026-03-25 13:06:00,254.04,254.08,253.93,254.0648,17371
2026-03-25 13:07:00,254.055,254.15,254,254.0499,20519
2026-03-25 13:08:00,254.03,254.03,253.955,253.965,19353
2026-03-25 13:09:00,253.96,254.11,253.855,253.855,49803
2026-03-25 13:10:00,253.865,253.93,253.79,253.87,13679
2026-03-25 13:11:00,253.86,253.94,253.86,253.93,14320
2026-03-25 13:12:00,253.97,254.1,253.93,254.07,13963
2026-03-25 13:13:00,254.05,254.2099,254.03,254.195,23641
2026-03-25 13:14:00,254.19,254.19,254.02,254.02,16344
2026-03-25 13:15:00,254,254.02,253.86,253.86,12702
2026-03-25 13:16:00,253.88,253.91,253.77,253.78,19624
2026-03-25 13:17:00,253.81,253.83,253.75,253.76,12635
2026-03-25 13:18:00,253.77,253.895,253.76,253.795,15141
2026-03-25 13:19:00,253.8,254,253.74,253.92,19715
2026-03-25 13:20:00,253.92,253.98,253.88,253.97,9968
2026-03-25 13:21:00,253.97,254.0025,253.9201,254,13831
2026-03-25 13:22:00,253.98,254.01,253.91,253.915,43438
2026-03-25 13:23:00,253.92,254,253.9101,253.96,13879
2026-03-25 13:24:00,253.94,253.94,253.86,253.93,9852
2026-03-25 13:25:00,253.94,254,253.9101,253.97,11029
2026-03-25 13:26:00,253.97,254.2499,253.97,254.23,52119
2026-03-25 13:27:00,254.23,254.331,254.23,254.285,13653
2026-03-25 13:28:00,254.27,254.29,254.19,254.29,14941
2026-03-25 13:29:00,254.27,254.27,254.14,254.145,11210
2026-03-25 13:30:00,254.13,254.15,254.06,254.1499,11328
2026-03-25 13:31:00,254.13,254.15,254.02,254.02,8472
2026-03-25 13:32:00,254.01,254.09,253.98,254.09,16953
2026-03-25 13:33:00,254.09,254.21,254.09,254.21,12240
2026-03-25 13:34:00,254.215,254.3,254.13,254.16,46179
2026-03-25 13:35:00,254.17,254.23,254.14,254.18,11702
2026-03-25 13:36:00,254.19,254.2,254.125,254.17,6554
2026-03-25 13:37:00,254.14,254.19,254.115,254.185,10868
2026-03-25 13:38:00,254.18,254.19,254.05,254.17,25047
2026-03-25 13:39:00,254.175,254.3,254.15,254.18,28386
2026-03-25 13:40:00,254.17,254.185,254.11,254.16,12282
2026-03-25 13:41:00,254.17,254.21,254.07,254.1,14716
2026-03-25 13:42:00,254.125,254.18,254.06,254.1,16184
2026-03-25 13:43:00,254.12,254.51,254.12,254.41,72590
2026-03-25 13:44:00,254.39,254.46,254.3,254.38,17362
2026-03-25 13:45:00,254.38,254.395,254.23,254.3,18030
2026-03-25 13:46:00,254.285,254.33,254.23,254.31,16521
2026-03-25 13:47:00,254.29,254.3,254.15,254.225,19158
2026-03-25 13:48:00,254.24,254.29,254.105,254.17,15446
2026-03-25 13:49:00,254.16,254.17,253.99,254.03,16903
2026-03-25 13:50:00,254.04,254.04,253.94,253.97,18965
2026-03-25 13:51:00,253.96,254.03,253.92,254.03,21736
2026-03-25 13:52:00,254.05,254.43,253.98,254.005,25970
2026-03-25 13:53:00,254.01,254.0591,253.84,253.97,13865
2026-03-25 13:54:00,253.99,254.04,253.89,253.9,6793
2026-03-25 13:55:00,253.89,253.99,253.84,253.98,16414
2026-03-25 13:56:00,253.975,254.03,253.87,254.015,19822
2026-03-25 13:57:00,254.01,254.14,253.98,254.14,8327
2026-03-25 13:58:00,254.13,254.38,253.9,254.04,39314
2026-03-25 13:59:00,254.03,254.075,253.9402,253.97,29190
2026-03-25 14:00:00,253.96,254.03,253.905,253.99,14495
2026-03-25 14:01:00,253.99,254.04,253.9708,253.9708,14926
2026-03-25 14:02:00,254.01,254.05,253.96,253.96,11653
2026-03-25 14:03:00,253.97,254.035,253.9,253.91,9615
2026-03-25 14:04:00,253.93,253.94,253.85,253.925,9770
2026-03-25 14:05:00,253.925,254.13,253.91,254.11,11691
2026-03-25 14:06:00,254.11,254.13,254.03,254.0341,13332
2026-03-25 14:07:00,254.03,254.095,253.95,253.975,9300
2026-03-25 14:08:00,254,254.025,253.735,253.8705,47306
2026-03-25 14:09:00,253.88,254,253.87,253.92,20391
2026-03-25 14:10:00,253.93,254,253.91,253.94,9569
2026-03-25 14:11:00,253.99,254.05,253.9701,254.01,7775
2026-03-25 14:12:00,254,254.09,253.99,254.07,19977
2026-03-25 14:13:00,254.085,254.11,254.02,254.06,10313
2026-03-25 14:14:00,254.05,254.0905,254.03,254.09,13278
2026-03-25 14:15:00,254.1,254.13,254.06,254.06,10714
2026-03-25 14:16:00,254.07,254.151,254.07,254.0934,17673
2026-03-25 14:17:00,254.1,254.25,254.01,254.185,25037
2026-03-25 14:18:00,254.16,254.16,253.98,254.11,18456
2026-03-25 14:19:00,254.1,254.12,254.02,254.04,15706
2026-03-25 14:20:00,254.03,254.2,254.02,254.1551,14227
2026-03-25 14:21:00,254.155,254.2,254.13,254.195,9149
2026-03-25 14:22:00,254.2199,254.22,254.19,254.2,12330
2026-03-25 14:23:00,254.2,254.215,254.13,254.155,10724
2026-03-25 14:24:00,254.14,254.21,254.13,254.21,9466
2026-03-25 14:25:00,254.19,254.22,254.17,254.21,9551
2026-03-25 14:26:00,254.22,254.23,254.11,254.17,13294
2026-03-25 14:27:00,254.16,254.21,254.12,254.12,7912
2026-03-25 14:28:00,254.11,254.155,253.99,254.035,11866
2026-03-25 14:29:00,254.03,254.04,253.935,253.96,14850
2026-03-25 14:30:00,253.96,254.02,253.94,253.995,15890
2026-03-25 14:31:00,253.97,254.01,253.92,253.95,14676
2026-03-25 14:32:00,253.94,254.02,253.925,254.02,16735
2026-03-25 14:33:00,254,254.055,253.98,254.04,11822
2026-03-25 14:34:00,254.03,254.03,253.94,253.96,12861
2026-03-25 14:35:00,253.955,253.955,253.81,253.83,32182
2026-03-25 14:36:00,253.8001,253.85,253.75,253.8,16891
2026-03-25 14:37:00,253.7901,253.81,253.7201,253.78,13444
2026-03-25 14:38:00,253.78,253.78,253.61,253.63,28835
2026-03-25 14:39:00,253.63,253.6999,253.6105,253.685,27542
2026-03-25 14:40:00,253.68,253.685,253.51,253.545,20760
2026-03-25 14:41:00,253.51,253.61,253.51,253.57,22533
2026-03-25 14:42:00,253.57,253.61,253.5,253.535,28064
2026-03-25 14:43:00,253.53,253.54,253.46,253.515,30026
2026-03-25 14:44:00,253.5,253.57,253.46,253.46,32250
2026-03-25 14:45:00,253.46,253.47,253.36,253.43,28723
2026-03-25 14:46:00,253.4201,253.53,253.4201,253.48,17302
2026-03-25 14:47:00,253.46,253.5,253.3807,253.3807,27833
2026-03-25 14:48:00,253.4,253.45,253.21,253.21,41799
2026-03-25 14:49:00,253.2,253.205,253.115,253.18,47482
2026-03-25 14:50:00,253.1701,253.26,253.05,253.23,66351
2026-03-25 14:51:00,253.24,253.4,253.2,253.4,31142
2026-03-25 14:52:00,253.38,253.4,253.2,253.32,33486
2026-03-25 14:53:00,253.33,253.35,253.28,253.31,14303
2026-03-25 14:54:00,253.33,253.37,253.31,253.32,9723
2026-03-25 14:55:00,253.32,253.35,252.7,252.7,79695
2026-03-25 14:56:00,252.73,252.89,252.71,252.76,41372
2026-03-25 14:57:00,252.79,252.925,252.78,252.835,25871
2026-03-25 14:58:00,252.82,253.07,252.82,252.905,30732
2026-03-25 14:59:00,252.92,252.93,252.785,252.8,24650
2026-03-25 15:00:00,252.7801,252.7801,252.48,252.65,42253
2026-03-25 15:01:00,252.65,252.69,252.5,252.62,45367
2026-03-25 15:02:00,252.6,252.69,252.5,252.5,33747
2026-03-25 15:03:00,252.49,252.54,252.26,252.3201,38794
2026-03-25 15:04:00,252.33,252.62,252.32,252.55,26993
2026-03-25 15:05:00,252.539,252.72,252.539,252.64,24348
2026-03-25 15:06:00,252.64,252.78,252.64,252.72,23513
2026-03-25 15:07:00,252.72,252.73,252.59,252.63,28506
2026-03-25 15:08:00,252.62,252.69,252.59,252.65,19630
2026-03-25 15:09:00,252.655,252.695,252.63,252.68,9343
2026-03-25 15:10:00,252.665,252.74,252.61,252.675,34797
2026-03-25 15:11:00,252.675,252.78,252.675,252.68,20321
2026-03-25 15:12:00,252.6775,252.79,252.665,252.71,18025
2026-03-25 15:13:00,252.7,252.87,252.66,252.85,26471
2026-03-25 15:14:00,252.845,252.885,252.72,252.81,21984
2026-03-25 15:15:00,252.8,252.95,252.78,252.93,21853
2026-03-25 15:16:00,252.92,252.97,252.82,252.87,26680
2026-03-25 15:17:00,252.845,252.9,252.81,252.84,21009
2026-03-25 15:18:00,252.84,252.91,252.8,252.85,23447
2026-03-25 15:19:00,252.87,253.03,252.82,252.9326,22103
2026-03-25 15:20:00,252.92,253.06,252.87,253.05,35894
2026-03-25 15:21:00,253.05,253.05,252.8401,252.88,21601
2026-03-25 15:22:00,252.87,252.89,252.74,252.75,16462
2026-03-25 15:23:00,252.73,252.825,252.7,252.82,12094
2026-03-25 15:24:00,252.83,252.845,252.76,252.78,24395
2026-03-25 15:25:00,252.775,252.81,252.67,252.67,21442
2026-03-25 15:26:00,252.67,252.74,252.625,252.63,16776
2026-03-25 15:27:00,252.635,252.69,252.57,252.69,21149
2026-03-25 15:28:00,252.68,252.765,252.68,252.7499,16661
2026-03-25 15:29:00,252.75,252.77,252.625,252.63,22086
2026-03-25 15:30:00,252.635,252.66,252.43,252.46,34128
2026-03-25 15:31:00,252.44,252.475,252.36,252.41,30593
2026-03-25 15:32:00,252.43,252.44,252.35,252.38,27250
2026-03-25 15:33:00,252.37,252.405,252.33,252.345,27461
2026-03-25 15:34:00,252.36,252.39,252.33,252.35,21410
2026-03-25 15:35:00,252.34,252.38,252.25,252.25,30820
2026-03-25 15:36:00,252.2402,252.275,252.09,252.12,33002
2026-03-25 15:37:00,252.1201,252.15,252.06,252.13,36302
2026-03-25 15:38:00,252.12,252.15,252.07,252.1399,33338
2026-03-25 15:39:00,252.12,252.18,252.11,252.12,35507
2026-03-25 15:40:00,252.11,252.175,252.08,252.12,33220
2026-03-25 15:41:00,252.125,252.25,252.08,252.1525,31686
2026-03-25 15:42:00,252.15,252.22,252.1,252.115,30146
2026-03-25 15:43:00,252.11,252.27,252.08,252.1801,29743
2026-03-25 15:44:00,252.2,252.24,252.115,252.18,46931
2026-03-25 15:45:00,252.18,252.18,252.0855,252.11,39295
2026-03-25 15:46:00,252.11,252.18,252.04,252.075,37444
2026-03-25 15:47:00,252.079,252.21,252.02,252.13,55902
2026-03-25 15:48:00,252.13,252.13,252.01,252.0667,48576
2026-03-25 15:49:00,252.085,252.22,252.085,252.18,17810
2026-03-25 15:50:00,252.2,252.66,252.19,252.45,125879
2026-03-25 15:51:00,252.45,252.45,252.27,252.28,74248
2026-03-25 15:52:00,252.285,252.41,252.25,252.3,83547
2026-03-25 15:53:00,252.34,252.6,252.32,252.585,71829
2026-03-25 15:54:00,252.595,252.72,252.45,252.6,67983
2026-03-25 15:55:00,252.6,252.65,252.37,252.43,98051
2026-03-25 15:56:00,252.44,252.46,252.27,252.29,72418
2026-03-25 15:57:00,252.29,252.455,252.25,252.37,115483
2026-03-25 15:58:00,252.39,252.52,252.39,252.485,159838
2026-03-25 15:59:00,252.48,252.71,252.47,252.61,491015
2026-03-25 16:00:00,252.57,252.93,252.57,252.81,5503670
2026-03-25 16:01:00,252.8243,252.88,252.8107,252.88,2468
2026-03-25 16:02:00,252.99,253.13,252.92,253,4003
2026-03-25 16:03:00,252.9981,253.1,252.9981,253.07,600
2026-03-25 16:04:00,253.1,253.1,253.01,253.1,2802
2026-03-25 16:05:00,253.1,253.1,253.1,253.1,780
2026-03-25 16:06:00,253.07,253.1,253.01,253.1,3397
2026-03-25 16:07:00,253,253,252.95,252.95,2425
2026-03-25 16:08:00,252.98,252.98,252.98,252.98,100
2026-03-25 16:09:00,252.99,253,252.62,252.62,21051
2026-03-25 16:10:00,253.03,253.03,252.9534,252.9534,1084
2026-03-25 16:11:00,252.62,253.05,252.62,252.95,56498
2026-03-25 16:12:00,253.05,253.05,253.05,253.05,496
2026-03-25 16:13:00,253.04,253.07,253.04,253.07,900
2026-03-25 16:14:00,253.07,253.07,253.06,253.07,1235
2026-03-25 16:15:00,253.06,253.08,253.06,253.08,2018
2026-03-25 16:16:00,252.62,253.18,252.62,253.18,422
2026-03-25 16:17:00,253.17,253.2,253.17,253.2,802
2026-03-25 16:18:00,253.07,253.25,253.03,253.25,8737
2026-03-25 16:19:00,253.28,253.28,253.17,253.24,2477
2026-03-25 16:20:00,253.21,253.29,253.21,253.21,760
2026-03-25 16:23:00,253.18,253.1984,253.15,253.15,876
2026-03-25 16:24:00,253.25,253.25,253.06,253.21,648
2026-03-25 16:25:00,253.06,253.07,253,253.04,1658
2026-03-25 16:26:00,253.1,253.1,253.03,253.03,563
2026-03-25 16:27:00,253,253.15,252.99,253.15,6705
2026-03-25 16:28:00,253,253,252.99,252.99,1000
2026-03-25 16:30:00,253,253,253,253,1257
2026-03-25 16:33:00,253.13,253.13,253.13,253.13,1072
2026-03-25 16:35:00,253.13,253.13,253.12,253.12,1459
2026-03-25 16:39:00,253.03,253.09,252.99,253,2816
2026-03-25 16:40:00,252.95,253.0282,252.93,252.93,1385
2026-03-25 16:41:00,252.9287,252.9287,252.62,252.62,13263
2026-03-25 16:42:00,252.85,252.85,252.85,252.85,300
2026-03-25 16:43:00,252.85,252.85,252.85,252.85,1130
2026-03-25 16:44:00,252.85,252.85,252.85,252.85,3110
2026-03-25 16:45:00,252.85,252.85,252.85,252.85,100
2026-03-25 16:46:00,252.82,252.82,252.82,252.82,100
2026-03-25 16:47:00,252.93,252.93,252.93,252.93,2300
2026-03-25 16:49:00,252.86,252.86,252.86,252.86,219
2026-03-25 16:50:00,252.85,252.85,252.82,252.82,1496
2026-03-25 16:51:00,252.82,252.82,252.82,252.82,480
2026-03-25 16:53:00,252.8499,252.8499,252.8,252.8,3437
2026-03-25 16:54:00,252.8,252.81,252.8,252.81,1431
2026-03-25 16:55:00,252.85,252.85,252.85,252.85,1000
2026-03-25 16:56:00,252.85,252.85,252.73,252.73,4860
2026-03-25 16:58:00,252.8,252.8,252.8,252.8,500
2026-03-25 17:00:00,252.8,252.8,252.8,252.8,162
2026-03-25 17:02:00,252.85,252.85,252.8486,252.8486,1545
2026-03-25 17:04:00,252.85,252.85,252.85,252.85,221
2026-03-25 17:07:00,252.7404,252.7404,252.7404,252.7404,1000
2026-03-25 17:11:00,252.85,252.85,252.85,252.85,250
2026-03-25 17:12:00,252.8491,252.8491,252.8491,252.8491,100
2026-03-25 17:14:00,252.8,252.8,252.8,252.8,2646
2026-03-25 17:17:00,252.8065,252.8065,252.8065,252.8065,200
2026-03-25 17:18:00,252.8,252.8,252.75,252.75,1805
2026-03-25 17:19:00,252.73,252.73,252.73,252.73,500
2026-03-25 17:22:00,252.72,252.72,252.72,252.72,100
2026-03-25 17:28:00,252.67,252.67,252.67,252.67,2626
2026-03-25 17:45:00,252.662,252.662,252.662,252.662,200
2026-03-25 17:48:00,252.65,252.65,252.65,252.65,182
2026-03-25 17:49:00,252.62,252.6257,252.62,252.62,433
2026-03-25 17:51:00,252.65,252.65,252.65,252.65,100
2026-03-25 18:00:00,252.61,252.65,252.61,252.65,2200
2026-03-25 18:02:00,252.64,252.64,252.64,252.64,170
2026-03-25 18:03:00,252.5,252.5,252.5,252.5,100
2026-03-25 18:09:00,252.5,252.5,252.5,252.5,250
2026-03-25 18:15:00,252.59,252.59,252.59,252.59,100
2026-03-25 18:19:00,252.4779,252.4779,252.4779,252.4779,100
2026-03-25 18:21:00,252.3521,252.3521,252.3521,252.3521,100
2026-03-25 18:24:00,252.33,252.33,252.33,252.33,177
2026-03-25 18:25:00,252.32,252.32,252.32,252.32,569
2026-03-25 18:27:00,252.35,252.35,252.35,252.35,127
2026-03-25 18:28:00,252.33,252.33,252.33,252.33,100
2026-03-25 18:31:00,252.33,252.33,252.33,252.33,840
2026-03-25 18:34:00,252.37,252.62,252.3214,252.6,4308
2026-03-25 18:46:00,252.54,252.54,252.54,252.54,100
2026-03-25 18:47:00,252.54,252.54,252.54,252.54,120
2026-03-25 18:59:00,252.62,252.62,252.62,252.62,250
2026-03-25 19:04:00,252.55,252.65,252.55,252.65,1443
2026-03-25 19:13:00,252.5871,252.5871,252.5871,252.5871,250
2026-03-25 19:16:00,252.42,252.42,252.42,252.42,100
2026-03-25 19:21:00,252.38,252.38,252.38,252.38,1525
2026-03-25 19:23:00,252.39,252.39,252.39,252.39,100
2026-03-25 19:25:00,252.21,252.21,252.21,252.21,196
2026-03-25 19:26:00,252.43,252.43,252.43,252.43,100
2026-03-25 19:28:00,252.15,252.15,252.15,252.15,100
2026-03-25 19:32:00,252.48,252.48,252.37,252.37,2168
2026-03-25 19:33:00,252.3,252.3,252.3,252.3,100
2026-03-25 19:38:00,252.35,252.35,252.35,252.35,119
2026-03-25 19:39:00,252.39,252.39,252.39,252.39,264
2026-03-25 19:44:00,252.3,252.3,252.3,252.3,282
2026-03-25 19:49:00,252.2,252.2,252.2,252.2,200
2026-03-25 19:55:00,252.39,252.39,252.39,252.39,872
2026-03-25 19:56:00,252.4,252.4325,252.4,252.4325,400
2026-03-25 19:57:00,252.5,252.5,252.5,252.5,650
2026-03-25 19:59:00,252.57,252.57,252.57,252.57,100
2026-03-26 04:02:00,252.4,252.4,252.4,252.4,108
2026-03-26 04:04:00,252.41,252.41,252.41,252.41,132
2026-03-26 04:10:00,252.93,253,252.93,253,578
2026-03-26 04:12:00,252.98,253.04,252.81,252.81,749
2026-03-26 04:13:00,252.81,252.81,252.7,252.7,581
2026-03-26 04:14:00,252.61,252.61,252.6,252.6,523
2026-03-26 04:15:00,252.42,252.42,252.41,252.41,200
2026-03-26 04:22:00,252.44,252.44,252.34,252.34,369
2026-03-26 04:44:00,252.12,252.12,252.12,252.12,105
2026-03-26 04:48:00,252.21,252.21,252.04,252.04,937
2026-03-26 04:49:00,252.19,252.19,252.02,252.03,945
2026-03-26 05:12:00,252.19,252.19,252.19,252.19,101
2026-03-26 05:15:00,252.19,252.19,252.19,252.19,158
2026-03-26 05:23:00,252.23,252.23,252.22,252.22,1063
2026-03-26 05:30:00,252.1,252.1,251.81,251.88,904
2026-03-26 05:38:00,251.85,251.85,251.85,251.85,107
2026-03-26 05:40:00,251.86,251.9,251.86,251.9,250
2026-03-26 05:53:00,252.1,252.1,252.1,252.1,204
2026-03-26 06:04:00,252.19,252.19,252.19,252.19,100
2026-03-26 06:05:00,252.35,252.35,252.35,252.35,187
2026-03-26 06:10:00,252.24,252.24,252.17,252.17,230
2026-03-26 06:11:00,252.15,252.15,251.93,251.99,1350
2026-03-26 06:14:00,252.09,252.09,252.09,252.09,100
2026-03-26 06:24:00,251.98,251.98,251.89,251.9,5600
2026-03-26 06:26:00,252.02,252.05,252.02,252.05,200
2026-03-26 06:27:00,252.06,252.06,252.06,252.06,350
2026-03-26 06:29:00,252.25,252.26,252.25,252.25,500
2026-03-26 06:41:00,251.95,251.95,251.92,251.92,430
2026-03-26 06:43:00,251.93,251.93,251.93,251.93,195
2026-03-26 07:00:00,252.02,252.02,251.96,251.96,1105
2026-03-26 07:04:00,252.2,252.26,252.08,252.26,1850
2026-03-26 07:16:00,251.92,251.92,251.92,251.92,250
2026-03-26 07:17:00,252.06,252.1,252.06,252.1,581
2026-03-26 07:20:00,251.93,251.93,251.93,251.93,108
2026-03-26 07:26:00,251.96,251.96,251.9,251.9,637
2026-03-26 07:31:00,251.91,251.96,251.9,251.96,801
2026-03-26 07:33:00,251.99,252,251.99,252,852
2026-03-26 07:37:00,251.98,251.99,251.98,251.99,200
2026-03-26 07:38:00,251.99,251.99,251.86,251.86,300
2026-03-26 07:39:00,251.98,252.01,251.98,251.99,345
2026-03-26 07:41:00,252.01,252.01,252,252,1852
2026-03-26 07:45:00,251.9,252,251.85,252,1757
2026-03-26 07:46:00,252.02,252.02,252.02,252.02,100
2026-03-26 07:50:00,252,252,252,252,437
2026-03-26 07:54:00,251.84,251.99,251.84,251.99,4531
2026-03-26 07:56:00,251.82,251.82,251.8,251.8,837
2026-03-26 07:57:00,251.63,251.63,251.63,251.63,101
2026-03-26 07:59:00,251.6,251.6,251.6,251.6,265
2026-03-26 08:00:00,251.82,252.7,251.5283,252.51,43625
2026-03-26 08:01:00,252.45,252.45,252.45,252.45,600
2026-03-26 08:02:00,251.55,251.6,251.52,251.6,2948
2026-03-26 08:04:00,251.65,251.9371,251.65,251.9371,200
2026-03-26 08:05:00,251.65,251.71,251.6,251.6,1015
2026-03-26 08:06:00,251.5585,251.5585,251.5585,251.5585,150
2026-03-26 08:07:00,251.7,251.7,251.7,251.7,109
2026-03-26 08:08:00,251.9,251.9,251.85,251.85,400
2026-03-26 08:09:00,251.86,251.88,251.86,251.87,550
2026-03-26 08:11:00,251.93,251.99,251.93,251.99,6820
2026-03-26 08:13:00,252.2,252.2,252.2,252.2,1000
2026-03-26 08:16:00,252,252,252,252,358
2026-03-26 08:18:00,252.1897,252.1897,252.1897,252.1897,100
2026-03-26 08:19:00,252.04,252.04,252.02,252.02,943
2026-03-26 08:22:00,252.164,252.164,252.164,252.164,200
2026-03-26 08:23:00,252.18,252.18,252.18,252.18,200
2026-03-26 08:24:00,252.164,252.164,251.99,251.99,1155
2026-03-26 08:28:00,252.06,252.06,252.06,252.06,390
2026-03-26 08:29:00,252.25,252.25,252.11,252.11,600
2026-03-26 08:30:00,252,252,252,252,200
2026-03-26 08:31:00,252.02,252.02,251.9034,252.01,616
2026-03-26 08:33:00,251.96,251.96,251.88,251.88,504
2026-03-26 08:35:00,251.77,251.77,251.77,251.77,198
2026-03-26 08:37:00,251.8,251.8,251.8,251.8,502
2026-03-26 08:38:00,251.66,251.85,251.66,251.85,1328
2026-03-26 08:39:00,251.72,251.7844,251.72,251.7844,200
2026-03-26 08:40:00,251.8061,251.8061,251.75,251.75,1000
2026-03-26 08:42:00,251.75,251.75,251.75,251.75,1065
2026-03-26 08:43:00,251.7,251.79,251.7,251.79,400
2026-03-26 08:44:00,251.77,251.77,251.7,251.7,593
2026-03-26 08:46:00,251.91,251.94,251.91,251.94,437
2026-03-26 08:47:00,251.65,251.65,251.65,251.65,310
2026-03-26 08:48:00,251.91,251.91,251.91,251.91,230
2026-03-26 08:49:00,251.94,251.95,251.9389,251.9389,1577
2026-03-26 08:50:00,251.922,251.922,251.922,251.922,129
2026-03-26 08:51:00,251.95,251.95,251.95,251.95,113
2026-03-26 08:52:00,251.9058,251.95,251.9058,251.95,500
2026-03-26 08:56:00,251.89,251.94,251.89,251.94,200
2026-03-26 08:57:00,251.95,251.95,251.95,251.95,250
2026-03-26 08:58:00,251.94,251.94,251.61,251.61,1850
2026-03-26 09:00:00,251.95,252,251.95,252,331
2026-03-26 09:01:00,251.7912,251.808,251.7912,251.808,1456
2026-03-26 09:03:00,251.95,251.95,251.95,251.95,100
2026-03-26 09:04:00,251.96,251.96,251.96,251.96,100
2026-03-26 09:05:00,251.7901,252.05,251.7901,252.05,534
2026-03-26 09:06:00,251.75,251.75,251.75,251.75,100
2026-03-26 09:08:00,251.8,252,251.8,252,350
2026-03-26 09:10:00,251.9936,251.9936,251.9936,251.9936,250
2026-03-26 09:11:00,251.97,251.99,251.9,251.9,460
2026-03-26 09:12:00,251.9901,251.9901,251.9901,251.9901,200
2026-03-26 09:15:00,252,252,251.95,251.95,1950
2026-03-26 09:16:00,251.92,252,251.9,251.9,885
2026-03-26 09:17:00,252,252.02,251.91,251.91,400
2026-03-26 09:18:00,252,252.01,252,252.01,220
2026-03-26 09:19:00,252.01,252.01,251.99,251.99,948
2026-03-26 09:20:00,251.98,251.98,251.98,251.98,100
2026-03-26 09:21:00,251.85,251.85,251.85,251.85,360
2026-03-26 09:22:00,251.89,251.89,251.89,251.89,100
2026-03-26 09:23:00,251.89,251.93,251.87,251.93,574
2026-03-26 09:24:00,251.79,251.79,251.79,251.79,250
2026-03-26 09:25:00,251.98,252,251.98,252,1028
2026-03-26 09:26:00,252.1131,252.2736,252.05,252.2736,2777
2026-03-26 09:27:00,252.35,252.73,251.9,252.34,4083
2026-03-26 09:28:00,252,252.21,251.91,252.07,3433
2026-03-26 09:29:00,251.98,252.21,251.98,252.12,2353
2026-03-26 09:30:00,252.22,252.47,250.77,251.54,587091
2026-03-26 09:31:00,251.55,251.55,251.04,251.2999,36634
2026-03-26 09:32:00,251.28,251.66,251.06,251.555,150986
2026-03-26 09:33:00,251.59,251.71,251.32,251.395,66934
2026-03-26 09:34:00,251.38,251.8,251.3,251.7526,52123
2026-03-26 09:35:00,251.77,251.77,251.33,251.43,45500
2026-03-26 09:36:00,251.44,251.65,251.44,251.6201,43738
2026-03-26 09:37:00,251.655,251.84,251.655,251.78,50161
2026-03-26 09:38:00,251.755,251.81,251.3363,251.35,61506
2026-03-26 09:39:00,251.29,251.44,251.2301,251.28,52995
2026-03-26 09:40:00,251.295,251.735,251.23,251.52,73307
2026-03-26 09:41:00,251.52,251.705,251.3,251.55,134497
2026-03-26 09:42:00,251.51,251.875,251.37,251.5,57256
2026-03-26 09:43:00,251.51,251.93,251.42,251.635,31867
2026-03-26 09:44:00,251.58,251.88,251.57,251.86,18936
2026-03-26 09:45:00,251.86,252.08,251.81,251.99,53876
2026-03-26 09:46:00,251.99,252.11,251.81,252.04,52306
2026-03-26 09:47:00,252.04,252.42,251.94,252.42,47635
2026-03-26 09:48:00,252.41,252.42,252.225,252.385,29947
2026-03-26 09:49:00,252.37,252.45,252.24,252.35,34513
2026-03-26 09:50:00,252.3972,252.47,252.21,252.35,33130
2026-03-26 09:51:00,252.36,252.575,252.33,252.55,118558
2026-03-26 09:52:00,252.57,252.57,252.34,252.44,54480
2026-03-26 09:53:00,252.43,252.9,252.32,252.825,55657
2026-03-26 09:54:00,252.8001,252.95,252.74,252.845,102794
2026-03-26 09:55:00,252.83,252.91,252.7306,252.87,50786
2026-03-26 09:56:00,252.89,253.035,252.74,253.01,46845
2026-03-26 09:57:00,253.015,253.06,252.78,252.98,59079
2026-03-26 09:58:00,252.97,253.18,252.97,253.02,64583
2026-03-26 09:59:00,253.05,253.85,252.89,253.77,99941
2026-03-26 10:00:00,253.8,253.87,253.45,253.61,81409
2026-03-26 10:01:00,253.59,254.09,253.55,254.06,151615
2026-03-26 10:02:00,254.05,254.074,253.756,254.061,47697
2026-03-26 10:03:00,254.05,254.325,253.98,254.32,79285
2026-03-26 10:04:00,254.3,254.61,254.2,254.54,160636
2026-03-26 10:05:00,254.53,254.67,254.13,254.605,108968
2026-03-26 10:06:00,254.62,254.8297,254.3,254.34,100719
2026-03-26 10:07:00,254.3,254.53,254.23,254.275,49802
2026-03-26 10:08:00,254.27,254.41,253.88,254.1,79062
2026-03-26 10:09:00,254.0701,254.35,254.04,254.28,78488
2026-03-26 10:10:00,254.26,254.39,254.23,254.275,36746
2026-03-26 10:11:00,254.23,254.68,254.23,254.575,70150
2026-03-26 10:12:00,254.57,254.6,254.4,254.52,52114
2026-03-26 10:13:00,254.51,254.8,254.49,254.76,85622
2026-03-26 10:14:00,254.765,255.13,254.765,255.05,190233
2026-03-26 10:15:00,255.05,255.27,254.86,255.19,139388
2026-03-26 10:16:00,255.1996,255.25,254.924,255.2301,133706
2026-03-26 10:17:00,255.23,255.35,255.14,255.335,176090
2026-03-26 10:18:00,255.335,255.56,255.33,255.4,109285
2026-03-26 10:19:00,255.39,255.41,255.06,255.1,51347
2026-03-26 10:20:00,255.09,255.47,254.94,255.37,75783
2026-03-26 10:21:00,255.36,255.65,255.336,255.59,104228
2026-03-26 10:22:00,255.6,256.21,255.5811,256.1699,201062
2026-03-26 10:23:00,256.14,256.19,255.93,256.07,95535
2026-03-26 10:24:00,256.05,256.13,255.961,256.015,60324
2026-03-26 10:25:00,256,256.1,255.88,256.08,69557
2026-03-26 10:26:00,256.08,256.2,256.08,256.1749,66296
2026-03-26 10:27:00,256.185,256.24,255.8312,255.88,94439
2026-03-26 10:28:00,255.9,255.99,255.72,255.98,74256
2026-03-26 10:29:00,255.955,256.04,255.8101,255.91,44225
2026-03-26 10:30:00,255.9,256.07,255.83,255.89,51340
2026-03-26 10:31:00,255.89,256.02,255.8,255.97,47403
2026-03-26 10:32:00,255.96,256.2,255.9201,256.11,84363
2026-03-26 10:33:00,256.09,256.1455,255.81,255.9001,61763
2026-03-26 10:34:00,255.9093,256.03,255.83,256.01,90622
2026-03-26 10:35:00,256.02,256.12,255.94,255.94,40800
2026-03-26 10:36:00,255.94,256.13,255.9,255.9709,66189
2026-03-26 10:37:00,255.955,256,255.83,255.95,52487
2026-03-26 10:38:00,255.95,256.1699,255.87,256.085,60455
2026-03-26 10:39:00,256.065,256.26,256.065,256.23,61846
2026-03-26 10:40:00,256.23,256.73,256.22,256.325,172769
2026-03-26 10:41:00,256.31,256.41,255.85,256.38,100347
2026-03-26 10:42:00,256.37,256.58,256.22,256.4001,98824
2026-03-26 10:43:00,256.405,256.5399,256.32,256.46,93708
2026-03-26 10:44:00,256.44,256.59,256.28,256.41,137337
2026-03-26 10:45:00,256.39,256.42,256.0315,256.07,89522
2026-03-26 10:46:00,256.08,256.41,256.05,256.32,78489
2026-03-26 10:47:00,256.32,256.86,256.28,256.68,141373
2026-03-26 10:48:00,256.68,256.76,256.535,256.61,94001
2026-03-26 10:49:00,256.61,256.61,255.95,256.23,100505
2026-03-26 10:50:00,256.23,256.51,256.2,256.425,50821
2026-03-26 10:51:00,256.45,256.55,256.27,256.2909,39636
2026-03-26 10:52:00,256.295,256.41,256.09,256.17,53411
2026-03-26 10:53:00,256.23,256.37,256.12,256.1588,53200
2026-03-26 10:54:00,256.17,256.18,255.92,255.92,68490
2026-03-26 10:55:00,255.93,255.93,255.51,255.874,147140
2026-03-26 10:56:00,255.86,256.25,255.795,256.08,68645
2026-03-26 10:57:00,256.09,256.29,256.0101,256.225,42273
2026-03-26 10:58:00,256.2399,256.4199,256.15,256.365,38581
2026-03-26 10:59:00,256.375,256.59,256.3107,256.47,52622
2026-03-26 11:00:00,256.44,257,256.44,256.8,174887
2026-03-26 11:01:00,256.78,256.86,256.68,256.8,49257
2026-03-26 11:02:00,256.7901,256.829,256.55,256.65,42107
2026-03-26 11:03:00,256.65,256.69,256.5467,256.56,41776
2026-03-26 11:04:00,256.575,256.575,256.27,256.27,68065
2026-03-26 11:05:00,256.25,256.34,256.06,256.33,78728
2026-03-26 11:06:00,256.3102,256.6899,256.28,256.6399,96441
2026-03-26 11:07:00,256.65,256.7,256.43,256.56,56406
2026-03-26 11:08:00,256.54,256.6,256.41,256.48,31310
2026-03-26 11:09:00,256.46,256.55,256.43,256.442,29440
2026-03-26 11:10:00,256.455,256.6,256.4401,256.48,42847
2026-03-26 11:11:00,256.485,256.49,256.335,256.37,28717
2026-03-26 11:12:00,256.36,256.45,256.27,256.31,32426
2026-03-26 11:13:00,256.305,256.6,256.25,256.31,52906
2026-03-26 11:14:00,256.32,256.38,256.15,256.16,44764
2026-03-26 11:15:00,256.2,256.28,256.14,256.205,29181
2026-03-26 11:16:00,256.19,256.245,255.94,256.005,86727
2026-03-26 11:17:00,256.02,256.105,255.99,256.0501,46623
2026-03-26 11:18:00,256.06,256.14,255.98,256.01,61795
2026-03-26 11:19:00,256.07,256.09,255.79,255.83,85072
2026-03-26 11:20:00,255.8499,256.14,255.83,256.09,60416
2026-03-26 11:21:00,256.055,256.18,256.04,256.105,31537
2026-03-26 11:22:00,256.09,256.15,256.01,256.07,31050
2026-03-26 11:23:00,256.04,256.115,255.88,256.025,42005
2026-03-26 11:24:00,256.045,256.07,255.99,255.995,30386
2026-03-26 11:25:00,256.02,256.045,255.83,255.83,21543
2026-03-26 11:26:00,255.815,255.96,255.815,255.935,27719
2026-03-26 11:27:00,255.945,255.945,255.72,255.79,26125
2026-03-26 11:28:00,255.7799,255.835,255.73,255.74,23585
2026-03-26 11:29:00,255.7503,255.77,255.5501,255.69,55932
2026-03-26 11:30:00,255.69,255.7,255.6,255.7,50243
2026-03-26 11:31:00,255.6899,255.75,255.56,255.61,58869
2026-03-26 11:32:00,255.63,255.76,255.6122,255.71,35231
2026-03-26 11:33:00,255.7,255.79,255.69,255.75,35774
2026-03-26 11:34:00,255.74,255.89,255.682,255.8301,20917
2026-03-26 11:35:00,255.845,256.14,255.845,256.14,66220
2026-03-26 11:36:00,256.13,256.26,256.11,256.19,41242
2026-03-26 11:37:00,256.18,256.51,256.17,256.445,64111
2026-03-26 11:38:00,256.46,256.61,256.39,256.56,50236
2026-03-26 11:39:00,256.57,256.61,256.48,256.57,41932
2026-03-26 11:40:00,256.59,256.63,256.5,256.6,39589
2026-03-26 11:41:00,256.6,256.7,256.43,256.495,55706
2026-03-26 11:42:00,256.495,256.51,256.43,256.477,28394
2026-03-26 11:43:00,256.46,256.5,256.325,256.35,25841
2026-03-26 11:44:00,256.35,256.379,256.16,256.22,46665
2026-03-26 11:45:00,256.25,256.27,256.11,256.15,31711
2026-03-26 11:46:00,256.125,256.55,256.04,256.37,73801
2026-03-26 11:47:00,256.375,256.44,256.24,256.29,33823
2026-03-26 11:48:00,256.29,256.53,256.28,256.465,17172
2026-03-26 11:49:00,256.47,256.47,256.33,256.39,22425
2026-03-26 11:50:00,256.44,256.55,256.325,256.3303,44007
2026-03-26 11:51:00,256.3585,256.72,256.305,256.68,38538
2026-03-26 11:52:00,256.67,256.77,256.37,256.6,54366
2026-03-26 11:53:00,256.58,256.67,256.53,256.57,26259
2026-03-26 11:54:00,256.58,256.6399,256.49,256.505,38706
2026-03-26 11:55:00,256.51,256.5285,256.3,256.4063,22135
2026-03-26 11:56:00,256.4,256.46,256.33,256.36,28207
2026-03-26 11:57:00,256.36,256.48,256.3415,256.46,28276
2026-03-26 11:58:00,256.5,256.53,256.3901,256.485,21943
2026-03-26 11:59:00,256.485,256.61,256.425,256.515,42516
2026-03-26 12:00:00,256.52,256.64,256.45,256.54,26196
2026-03-26 12:01:00,256.52,256.65,256.49,256.63,39816
2026-03-26 12:02:00,256.615,256.705,256.5601,256.61,33607
2026-03-26 12:03:00,256.63,256.65,256.4,256.41,21924
2026-03-26 12:04:00,256.42,256.46,256.39,256.39,17371
2026-03-26 12:05:00,256.415,256.49,256.33,256.33,35627
2026-03-26 12:06:00,256.32,256.35,256.2,256.2773,74521
2026-03-26 12:07:00,256.25,256.34,256.19,256.19,35102
2026-03-26 12:08:00,256.21,256.33,256.184,256.265,23689
2026-03-26 12:09:00,256.27,256.28,256.13,256.145,16892
2026-03-26 12:10:00,256.14,256.197,256.13,256.135,14854
2026-03-26 12:11:00,256.135,256.15,255.75,255.77,62388
2026-03-26 12:12:00,255.8089,256.06,255.775,256.04,42295
2026-03-26 12:13:00,256.04,256.05,255.94,255.98,17308
2026-03-26 12:14:00,255.98,256.19,255.96,256.1303,32274
2026-03-26 12:15:00,256.14,256.18,256.05,256.09,44131
2026-03-26 12:16:00,256.09,256.115,255.83,255.87,49045
2026-03-26 12:17:00,255.85,255.88,255.56,255.74,69632
2026-03-26 12:18:00,255.74,256.18,255.68,256.13,73956
2026-03-26 12:19:00,256.14,256.265,256.14,256.199,26113
2026-03-26 12:20:00,256.19,256.24,256.05,256.05,32805
2026-03-26 12:21:00,256.07,256.11,256.01,256.02,40063
2026-03-26 12:22:00,256.02,256.07,255.8,255.885,42134
2026-03-26 12:23:00,255.885,256.085,255.81,256.065,36489
2026-03-26 12:24:00,256.08,256.32,256.03,256.32,38261
2026-03-26 12:25:00,256.32,256.36,256.09,256.11,27836
2026-03-26 12:26:00,256.13,256.15,255.965,256.05,35443
2026-03-26 12:27:00,256.08,256.09,255.91,256.02,21298
2026-03-26 12:28:00,256.01,256.07,255.88,255.9499,27358
2026-03-26 12:29:00,255.945,256.1,255.93,256.09,23715
2026-03-26 12:30:00,256.1,256.11,255.85,255.855,30825
2026-03-26 12:31:00,255.855,255.8875,255.75,255.85,54084
2026-03-26 12:32:00,255.855,255.86,255.615,255.64,35236
2026-03-26 12:33:00,255.66,255.7926,255.645,255.76,23179
2026-03-26 12:34:00,255.74,256,255.74,255.945,45587
2026-03-26 12:35:00,255.97,255.98,255.82,255.835,17592
2026-03-26 12:36:00,255.8499,255.93,255.71,255.915,53309
2026-03-26 12:37:00,255.93,256.1105,255.9,256.08,38430
2026-03-26 12:38:00,256.07,256.08,255.935,255.94,21846
2026-03-26 12:39:00,255.9401,255.9799,255.825,255.8599,46338
2026-03-26 12:40:00,255.84,255.9599,255.795,255.865,44187
2026-03-26 12:41:00,255.85,256.05,255.84,255.98,40108
2026-03-26 12:42:00,255.98,256.1399,255.975,256.04,33757
2026-03-26 12:43:00,256.035,256.11,255.98,256.1,30878
2026-03-26 12:44:00,256.13,256.3996,256.095,256.2201,96111
2026-03-26 12:45:00,256.23,256.3125,256.06,256.17,30078
2026-03-26 12:46:00,256.155,256.155,256.01,256.03,29501
2026-03-26 12:47:00,256.04,256.04,255.875,255.9,42498
2026-03-26 12:48:00,255.9,256.105,255.88,256.05,94554
2026-03-26 12:49:00,256.055,256.09,255.86,255.87,20870
2026-03-26 12:50:00,255.91,256.03,255.89,255.93,25014
2026-03-26 12:51:00,255.92,256.03,255.9,256.03,22978
2026-03-26 12:52:00,256.04,256.08,255.98,256.025,20671
2026-03-26 12:53:00,256.02,256.21,256.01,256.13,31923
2026-03-26 12:54:00,256.135,256.16,256.07,256.12,27147
2026-03-26 12:55:00,256.1,256.1464,256.07,256.11,15780
2026-03-26 12:56:00,256.1,256.19,256.05,256.15,37484
2026-03-26 12:57:00,256.16,256.35,256.13,256.31,34330
2026-03-26 12:58:00,256.31,256.35,256.23,256.277,44384
2026-03-26 12:59:00,256.28,256.33,256.19,256.265,42354
2026-03-26 13:00:00,256.25,256.42,256.18,256.42,47316
2026-03-26 13:01:00,256.4,256.46,256.32,256.415,46169
2026-03-26 13:02:00,256.43,256.43,256.2,256.27,52739
2026-03-26 13:03:00,256.28,256.39,256.24,256.2615,38971
2026-03-26 13:04:00,256.29,256.2999,256.18,256.249,24703
2026-03-26 13:05:00,256.25,256.35,256.23,256.285,33052
2026-03-26 13:06:00,256.27,256.3,256.08,256.1199,24745
2026-03-26 13:07:00,256.1,256.12,255.925,256.02,42487
2026-03-26 13:08:00,256.0139,256.06,256,256.05,26245
2026-03-26 13:09:00,256.05,256.1,255.92,255.97,99287
2026-03-26 13:10:00,255.97,255.97,255.79,255.905,42634
2026-03-26 13:11:00,255.91,255.91,255.57,255.59,69598
2026-03-26 13:12:00,255.59,255.59,255.26,255.3,85604
2026-03-26 13:13:00,255.33,255.36,255.15,255.245,65586
2026-03-26 13:14:00,255.245,255.31,255.19,255.2691,73977
2026-03-26 13:15:00,255.26,255.3,255.19,255.2101,41451
2026-03-26 13:16:00,255.22,255.28,255.2,255.25,29459
2026-03-26 13:17:00,255.25,255.255,255.1,255.23,42175
2026-03-26 13:18:00,255.23,255.255,255.14,255.145,46036
2026-03-26 13:19:00,255.145,255.23,255.1,255.21,25820
2026-03-26 13:20:00,255.25,255.25,255.01,255.035,39880
2026-03-26 13:21:00,255.045,255.11,254.865,254.8661,60442
2026-03-26 13:22:00,254.86,254.94,254.81,254.81,40805
2026-03-26 13:23:00,254.79,254.8299,254.6,254.63,33026
2026-03-26 13:24:00,254.64,254.765,254.5901,254.68,55165
2026-03-26 13:25:00,254.7,254.85,254.63,254.84,53945
2026-03-26 13:26:00,254.86,255.02,254.86,255,51228
2026-03-26 13:27:00,254.9645,254.99,254.845,254.93,24970
2026-03-26 13:28:00,254.93,255.06,254.8901,255.05,31402
2026-03-26 13:29:00,255.04,255.15,254.96,254.99,31056
2026-03-26 13:30:00,254.98,255.06,254.77,254.77,27816
2026-03-26 13:31:00,254.785,254.785,254.5934,254.6045,36509
2026-03-26 13:32:00,254.6,254.67,254.53,254.6592,32246
2026-03-26 13:33:00,254.66,254.69,254.49,254.55,28396
2026-03-26 13:34:00,254.5599,254.57,254.48,254.545,17767
2026-03-26 13:35:00,254.53,254.56,254.31,254.33,40695
2026-03-26 13:36:00,254.3107,254.48,254.3,254.41,27823
2026-03-26 13:37:00,254.41,254.56,254.4,254.53,27391
2026-03-26 13:38:00,254.54,254.67,254.425,254.45,36187
2026-03-26 13:39:00,254.46,254.46,254.2801,254.413,33160
2026-03-26 13:40:00,254.4099,254.46,254.34,254.45,23832
2026-03-26 13:41:00,254.45,254.45,254.36,254.3899,19466
2026-03-26 13:42:00,254.39,254.455,254.32,254.3581,29180
2026-03-26 13:43:00,254.37,254.44,254.21,254.265,41380
2026-03-26 13:44:00,254.2788,254.355,254.13,254.29,31570
2026-03-26 13:45:00,254.31,254.35,254.27,254.305,24742
2026-03-26 13:46:00,254.34,254.38,254.27,254.3301,23869
2026-03-26 13:47:00,254.36,254.39,254.21,254.32,24196
2026-03-26 13:48:00,254.32,254.37,254.29,254.35,21986
2026-03-26 13:49:00,254.38,254.42,254.3,254.3,27320
2026-03-26 13:50:00,254.31,254.31,254.17,254.23,46017
2026-03-26 13:51:00,254.22,254.31,254.18,254.24,30974
2026-03-26 13:52:00,254.255,254.31,254.19,254.2,26913
2026-03-26 13:53:00,254.2,254.21,253.94,254.075,93629
2026-03-26 13:54:00,254.095,254.11,253.96,254,38499
2026-03-26 13:55:00,253.99,254.24,253.96,254.19,42693
2026-03-26 13:56:00,254.17,254.24,254.07,254.08,25625
2026-03-26 13:57:00,254.0651,254.14,253.96,254,72672
2026-03-26 13:58:00,254.01,254.02,253.765,253.8,65945
2026-03-26 13:59:00,253.79,253.83,253.661,253.805,66512
2026-03-26 14:00:00,253.79,254.13,253.75,254.06,59365
2026-03-26 14:01:00,254.07,254.475,254.07,254.465,72045
2026-03-26 14:02:00,254.47,254.67,254.44,254.5968,62822
2026-03-26 14:03:00,254.61,254.7,254.33,254.4001,31302
2026-03-26 14:04:00,254.4,254.42,254.24,254.33,27835
2026-03-26 14:05:00,254.34,254.4,254.2115,254.3,37152
2026-03-26 14:06:00,254.26,254.9,254.26,254.58,162941
2026-03-26 14:07:00,254.61,254.7899,254.59,254.63,57456
2026-03-26 14:08:00,254.64,254.93,254.5,254.66,74509
2026-03-26 14:09:00,254.69,254.9099,254.66,254.76,96312
2026-03-26 14:10:00,254.76,255.115,254.45,254.59,148995
2026-03-26 14:11:00,254.57,254.66,254.25,254.59,82744
2026-03-26 14:12:00,254.575,254.61,254.48,254.56,24120
2026-03-26 14:13:00,254.58,254.64,254.39,254.39,32608
2026-03-26 14:14:00,254.34,254.3949,253.6614,253.67,77068
2026-03-26 14:15:00,253.66,253.81,253.38,253.53,69621
2026-03-26 14:16:00,253.51,253.71,253.42,253.62,28298
2026-03-26 14:17:00,253.67,253.77,253.5439,253.64,68096
2026-03-26 14:18:00,253.63,253.83,253.57,253.75,39090
2026-03-26 14:19:00,253.73,253.78,253.64,253.645,21368
2026-03-26 14:20:00,253.64,253.67,253.495,253.5099,27971
2026-03-26 14:21:00,253.51,253.72,253.5,253.7,40652
2026-03-26 14:22:00,253.72,253.78,253.6,253.6275,30555
2026-03-26 14:23:00,253.64,253.68,253.55,253.62,26720
2026-03-26 14:24:00,253.595,253.61,253.41,253.495,39448
2026-03-26 14:25:00,253.495,253.71,253.495,253.695,51450
2026-03-26 14:26:00,253.71,253.7693,253.55,253.7,30579
2026-03-26 14:27:00,253.71,253.73,253.54,253.65,31011
2026-03-26 14:28:00,253.62,253.81,253.62,253.78,38571
2026-03-26 14:29:00,253.78,253.94,253.77,253.825,27708
2026-03-26 14:30:00,253.84,254.06,253.82,254.04,33389
2026-03-26 14:31:00,254.05,254.13,253.9701,254.0875,28121
2026-03-26 14:32:00,254.0899,254.17,253.98,254.04,57042
2026-03-26 14:33:00,254.0444,254.07,253.95,254.0099,29935
2026-03-26 14:34:00,254.01,254.12,253.98,254.11,33719
2026-03-26 14:35:00,254.1,254.155,254.05,254.1058,45766
2026-03-26 14:36:00,254.14,254.29,254.085,254.275,37478
2026-03-26 14:37:00,254.26,254.328,254.18,254.195,28861
2026-03-26 14:38:00,254.18,254.32,254.14,254.3,25745
2026-03-26 14:39:00,254.3,254.42,254.26,254.3999,55572
2026-03-26 14:40:00,254.42,254.515,254.355,254.48,51488
2026-03-26 14:41:00,254.4601,254.49,254.34,254.37,40288
2026-03-26 14:42:00,254.39,254.39,254.09,254.112,26353
2026-03-26 14:43:00,254.13,254.17,253.9501,253.96,49497
2026-03-26 14:44:00,253.98,254.1576,253.97,254.12,24895
2026-03-26 14:45:00,254.1,254.18,254.08,254.12,23156
2026-03-26 14:46:00,254.1199,254.22,254.08,254.18,26301
2026-03-26 14:47:00,254.18,254.29,254.11,254.29,20767
2026-03-26 14:48:00,254.26,254.4,254.26,254.26,23309
2026-03-26 14:49:00,254.26,254.33,254.22,254.22,25121
2026-03-26 14:50:00,254.21,254.37,254.1,254.37,30146
2026-03-26 14:51:00,254.37,254.39,254.25,254.26,28897
2026-03-26 14:52:00,254.275,254.32,254.21,254.31,39937
2026-03-26 14:53:00,254.285,254.39,254.24,254.3451,48032
2026-03-26 14:54:00,254.35,254.38,254.26,254.28,31743
2026-03-26 14:55:00,254.25,254.25,254.09,254.16,33906
2026-03-26 14:56:00,254.15,254.24,254.14,254.22,31581
2026-03-26 14:57:00,254.23,254.3,254.228,254.255,19674
2026-03-26 14:58:00,254.26,254.32,254.19,254.3,27452
2026-03-26 14:59:00,254.283,254.37,254.22,254.37,30974
2026-03-26 15:00:00,254.37,254.48,254.26,254.2999,33802
2026-03-26 15:01:00,254.3,254.3,254.15,254.26,28146
2026-03-26 15:02:00,254.26,254.26,254.09,254.09,26383
2026-03-26 15:03:00,254.085,254.13,253.96,253.975,23416
2026-03-26 15:04:00,253.96,254.08,253.96,254.02,30119
2026-03-26 15:05:00,254.03,254.08,253.97,253.99,27356
2026-03-26 15:06:00,253.9745,254.055,253.84,253.87,53116
2026-03-26 15:07:00,253.9,253.985,253.8,253.84,22169
2026-03-26 15:08:00,253.84,253.93,253.77,253.88,33579
2026-03-26 15:09:00,253.89,253.9399,253.73,253.855,32098
2026-03-26 15:10:00,253.84,253.97,253.78,253.865,53133
2026-03-26 15:11:00,253.865,253.95,253.81,253.935,38661
2026-03-26 15:12:00,253.89,253.96,253.835,253.955,34657
2026-03-26 15:13:00,253.96,253.98,253.845,253.855,32516
2026-03-26 15:14:00,253.85,253.92,253.79,253.79,49159
2026-03-26 15:15:00,253.8,253.99,253.78,253.965,41378
2026-03-26 15:16:00,253.98,254.05,253.88,253.94,29321
2026-03-26 15:17:00,253.94,253.95,253.83,253.86,29601
2026-03-26 15:18:00,253.855,253.86,253.74,253.85,31171
2026-03-26 15:19:00,253.875,253.91,253.79,253.8244,31516
2026-03-26 15:20:00,253.82,253.83,253.67,253.7,28768
2026-03-26 15:21:00,253.71,253.72,253.6,253.64,34073
2026-03-26 15:22:00,253.64,253.64,253.5301,253.6,31816
2026-03-26 15:23:00,253.6,253.655,253.57,253.58,27734
2026-03-26 15:24:00,253.57,253.59,253.25,253.2549,119814
2026-03-26 15:25:00,253.24,253.37,253.14,253.18,53443
2026-03-26 15:26:00,253.19,253.39,253.19,253.36,41784
2026-03-26 15:27:00,253.36,253.41,253.2,253.31,72493
2026-03-26 15:28:00,253.305,253.42,253.29,253.405,55584
2026-03-26 15:29:00,253.4,253.7,253.4,253.67,42536
2026-03-26 15:30:00,253.68,253.725,253.535,253.61,48922
2026-03-26 15:31:00,253.61,253.67,253.43,253.48,39974
2026-03-26 15:32:00,253.48,253.49,253.26,253.303,62143
2026-03-26 15:33:00,253.285,253.42,253.26,253.35,45392
2026-03-26 15:34:00,253.32,253.32,253.04,253.055,44361
2026-03-26 15:35:00,253.07,253.08,252.75,252.92,91636
2026-03-26 15:36:00,252.915,252.915,252.68,252.765,48435
2026-03-26 15:37:00,252.76,252.9,252.73,252.805,28639
2026-03-26 15:38:00,252.795,252.795,252.58,252.61,48961
2026-03-26 15:39:00,252.6,252.63,252.4,252.43,91916
2026-03-26 15:40:00,252.45,252.62,252.34,252.61,93719
2026-03-26 15:41:00,252.61,252.61,252.4,252.415,58906
2026-03-26 15:42:00,252.3901,252.59,252.39,252.5199,159503
2026-03-26 15:43:00,252.52,252.59,252.49,252.55,30106
2026-03-26 15:44:00,252.54,252.61,252.49,252.58,37749
2026-03-26 15:45:00,252.56,252.82,252.56,252.81,48637
2026-03-26 15:46:00,252.81,252.86,252.76,252.83,76438
2026-03-26 15:47:00,252.835,252.955,252.775,252.85,98190
2026-03-26 15:48:00,252.87,252.97,252.82,252.945,67901
2026-03-26 15:49:00,252.97,252.99,252.84,252.84,61113
2026-03-26 15:50:00,252.87,252.93,252.79,252.84,84315
2026-03-26 15:51:00,252.87,252.91,252.7,252.89,78130
2026-03-26 15:52:00,252.87,252.885,252.75,252.81,87727
2026-03-26 15:53:00,252.82,252.86,252.73,252.805,62101
2026-03-26 15:54:00,252.8,252.8,252.02,252.26,216628
2026-03-26 15:55:00,252.29,253,252.28,252.985,182648
2026-03-26 15:56:00,252.97,253.07,252.9,253.05,154250
2026-03-26 15:57:00,253.045,253.22,252.95,253.18,161963
2026-03-26 15:58:00,253.185,253.22,253.03,253.055,193537
2026-03-26 15:59:00,253.05,253.12,252.82,252.88,723065
2026-03-26 16:00:00,252.9,253.76,252.88,253.76,7376515
2026-03-26 16:01:00,253.67,253.77,253.29,253.58,21027
2026-03-26 16:02:00,253.519,253.65,253.5102,253.62,4104
2026-03-26 16:03:00,253.6,253.63,253.58,253.6,3043
2026-03-26 16:04:00,253.6016,253.74,253.6,253.74,4189
2026-03-26 16:05:00,253.68,253.87,253.68,253.82,631
2026-03-26 16:06:00,253.78,253.88,253.75,253.88,1803
2026-03-26 16:07:00,253.9,253.9,253.801,253.89,3857
2026-03-26 16:08:00,253.9,254,253.9,254,1206
2026-03-26 16:09:00,253.88,254.17,253.88,253.99,1474
2026-03-26 16:10:00,254.09,254.17,254.03,254.06,2202
2026-03-26 16:11:00,254.09,256,254.06,255.84,11643
2026-03-26 16:12:00,255.66,256.6,255,255.43,13693
2026-03-26 16:13:00,255.41,255.5,254.8,254.81,4340
2026-03-26 16:14:00,255.03,255.87,254.97,255,3973
2026-03-26 16:15:00,255.44,255.44,254.45,255.38,4486
2026-03-26 16:16:00,255.17,255.38,254.75,254.75,4643
2026-03-26 16:17:00,254.45,254.89,254.41,254.89,2739
2026-03-26 16:18:00,254.55,254.55,254.45,254.45,853
2026-03-26 16:19:00,254.7,254.7,254.32,254.5,10250
2026-03-26 16:20:00,254.43,254.43,254.16,254.16,2103
2026-03-26 16:21:00,254.16,254.46,254.16,254.45,1869
2026-03-26 16:22:00,254.58,254.6,254.46,254.5,846
2026-03-26 16:23:00,254.74,254.74,254.68,254.68,846
2026-03-26 16:24:00,254.74,254.74,254.25,254.26,3086
2026-03-26 16:25:00,254.26,254.4695,253.93,253.99,5558
2026-03-26 16:26:00,254.0005,254.3,254.0005,254.28,1602
2026-03-26 16:27:00,254.3,254.4,254.3,254.35,1769
2026-03-26 16:28:00,254.4,254.4,254.06,254.17,2700
2026-03-26 16:29:00,254.17,254.4,254.12,254.35,1200
2026-03-26 16:30:00,254.35,254.4,252.89,252.89,2796
2026-03-26 16:31:00,254.31,254.91,254.29,254.91,5127
2026-03-26 16:32:00,254.59,254.59,254.59,254.59,300
2026-03-26 16:33:00,254.6,254.6,254.6,254.6,2000
2026-03-26 16:34:00,254.5,254.5,254.28,254.39,1309
2026-03-26 16:35:00,254.6,254.6,254.3,254.41,521
2026-03-26 16:36:00,254.45,254.6,254.45,254.46,5515
2026-03-26 16:37:00,254.6,254.6,254.59,254.59,221
2026-03-26 16:38:00,254.69,254.7,254.67,254.67,917
2026-03-26 16:39:00,254.75,254.77,254.67,254.67,1604
2026-03-26 16:40:00,254.63,254.65,254.59,254.64,1055
2026-03-26 16:41:00,254.64,254.8401,254.64,254.8401,2189
2026-03-26 16:42:00,254.58,254.58,254.55,254.55,476
2026-03-26 16:43:00,254.5,254.7,254.4,254.4,900
2026-03-26 16:44:00,254.41,254.47,254.41,254.47,200
2026-03-26 16:45:00,254.5,254.5,254.5,254.5,100
2026-03-26 16:46:00,254.42,254.45,254.42,254.45,455
2026-03-26 16:47:00,254.5,254.5,254.5,254.5,265
2026-03-26 16:48:00,254.47,254.47,254.41,254.41,213
2026-03-26 16:49:00,254.34,254.34,254.3,254.3,474
2026-03-26 16:51:00,254.23,254.25,254.23,254.25,1765
2026-03-26 16:52:00,254.2,254.2,254.0886,254.0886,345
2026-03-26 16:53:00,254.2,254.2,254.2,254.2,229
2026-03-26 16:54:00,254.06,254.1,254,254,400
2026-03-26 16:57:00,254.08,254.08,254,254,950
2026-03-26 16:58:00,253.77,253.77,253.66,253.66,948
2026-03-26 16:59:00,253.9,254,253.72,254,873
2026-03-26 17:00:00,253.89,253.89,253.66,253.66,736
2026-03-26 17:01:00,254.1,254.1,254.1,254.1,911
2026-03-26 17:09:00,254,254.14,254,254.14,1479
2026-03-26 17:10:00,254.1305,254.1305,254.0017,254.0017,499
2026-03-26 17:11:00,254.02,254.02,254.02,254.02,200
2026-03-26 17:12:00,253.93,254.15,253.91,254.14,900
2026-03-26 17:13:00,254.01,254.13,253.99,254.13,613
2026-03-26 17:14:00,254.15,254.15,254.15,254.15,333
2026-03-26 17:15:00,254.11,254.11,254.1,254.1,530
2026-03-26 17:17:00,254.03,254.03,254.03,254.03,100
2026-03-26 17:21:00,254.05,254.05,254.05,254.05,100
2026-03-26 17:22:00,254.04,254.04,254.04,254.04,100
2026-03-26 17:25:00,254.0517,254.0517,254.0517,254.0517,100
2026-03-26 17:26:00,254.1,254.1,254.1,254.1,196
2026-03-26 17:28:00,254.05,254.05,254.05,254.05,100
2026-03-26 17:29:00,254.12,254.12,254.12,254.12,300
2026-03-26 17:32:00,254.09,254.09,254,254,1337
2026-03-26 17:33:00,253.98,253.98,253.94,253.94,1100
2026-03-26 17:36:00,253.95,253.95,253.95,253.95,200
2026-03-26 17:38:00,253.93,253.93,253.93,253.93,137
2026-03-26 17:40:00,253.95,253.95,253.95,253.95,160
2026-03-26 17:41:00,254,254,253.89,253.92,717
2026-03-26 17:47:00,253.75,253.9675,253.75,253.9675,770
2026-03-26 17:52:00,253.8,253.8,253.8,253.8,200
2026-03-26 17:56:00,253.95,253.95,253.95,253.95,1456
2026-03-26 18:00:00,254,254,253.9,254,474
2026-03-26 18:01:00,254,254,254,254,700
2026-03-26 18:04:00,254.12,254.18,254.12,254.18,546
2026-03-26 18:06:00,254.18,254.18,254.18,254.18,250
2026-03-26 18:08:00,253.9,253.9,253.9,253.9,100
2026-03-26 18:11:00,254,254,254,254,1000
2026-03-26 18:15:00,254.2,254.25,254.2,254.25,220
2026-03-26 18:16:00,254.28,254.31,254.28,254.31,1440
2026-03-26 18:17:00,254.35,254.35,254.29,254.3,1588
2026-03-26 18:18:00,254.3,254.34,254.3,254.34,3118
2026-03-26 18:19:00,254.29,254.29,254.29,254.29,216
2026-03-26 18:21:00,254.25,254.25,254.25,254.25,350
2026-03-26 18:22:00,254.49,254.49,254.49,254.49,129
2026-03-26 18:26:00,254.2,254.2,254.2,254.2,1626
2026-03-26 18:29:00,254.06,254.06,254.06,254.06,100
2026-03-26 18:32:00,253.9,254.1382,253.9,254.1382,689
2026-03-26 18:35:00,254.09,254.09,254.09,254.09,144
2026-03-26 18:36:00,254.02,254.02,254.02,254.02,144
2026-03-26 18:37:00,254.1,254.1128,254.1,254.1128,600
2026-03-26 18:38:00,254.15,254.15,254.15,254.15,123
2026-03-26 18:49:00,254.4,254.4,254.4,254.4,100
2026-03-26 18:54:00,254.38,254.39,254.38,254.39,932
2026-03-26 18:56:00,254.37,254.37,254.37,254.37,218
2026-03-26 18:59:00,254.33,254.4,254.33,254.4,1539
2026-03-26 19:00:00,254.4,254.45,254.4,254.45,535
2026-03-26 19:02:00,254.41,254.41,254.38,254.39,2631
2026-03-26 19:03:00,254.3889,254.5,254.3889,254.5,1135
2026-03-26 19:07:00,254.53,254.53,254.4,254.4,700
2026-03-26 19:11:00,254.3195,254.3195,254.3195,254.3195,150
2026-03-26 19:13:00,254.3,254.3,254.3,254.3,143
2026-03-26 19:16:00,254.11,254.11,254.11,254.11,305
2026-03-26 19:18:00,254.08,254.08,254.08,254.08,300
2026-03-26 19:19:00,254.09,254.09,254.09,254.09,134
2026-03-26 19:26:00,254.3471,254.3471,254.3471,254.3471,150
2026-03-26 19:31:00,254.11,254.11,254.1,254.1,244
2026-03-26 19:33:00,254.35,254.35,254.24,254.34,878
2026-03-26 19:34:00,254.12,254.34,254.12,254.34,692
2026-03-26 19:35:00,254.34,254.34,254.34,254.34,999
2026-03-26 19:36:00,254.34,254.34,254.15,254.15,303
2026-03-26 19:37:00,254.35,254.4,254.34,254.4,760
2026-03-26 19:38:00,254.4,254.4,254.4,254.4,100
2026-03-26 19:39:00,254.4,254.4,254.4,254.4,1043
2026-03-26 19:40:00,254.45,254.45,254.45,254.45,1000
2026-03-26 19:41:00,254.736,254.736,254.51,254.51,1100
2026-03-26 19:44:00,254.53,254.53,254.53,254.53,196
2026-03-26 19:45:00,254.576,254.576,254.576,254.576,128
2026-03-26 19:46:00,254.6756,254.6756,254.6756,254.6756,301
2026-03-26 19:48:00,254.56,254.56,254.55,254.55,600
2026-03-26 19:51:00,254.66,254.66,254.55,254.61,500
2026-03-26 19:52:00,254.55,254.61,254.55,254.61,1035
2026-03-26 19:54:00,254.75,254.75,254.75,254.75,400
2026-03-26 19:55:00,254.576,254.576,254.576,254.576,270
2026-03-26 19:56:00,254.55,254.55,254.55,254.55,100
2026-03-26 19:57:00,254.74,254.75,254.74,254.75,2050
2026-03-26 19:58:00,254.8792,254.8792,254.74,254.74,1540
2026-03-26 19:59:00,254.74,254.8933,254.74,254.8933,832
2026-03-27 04:02:00,254.06,254.06,254.06,254.06,200
2026-03-27 04:03:00,254.03,254.03,253.92,253.92,680
2026-03-27 04:05:00,254.11,254.11,254,254,2315
2026-03-27 04:08:00,253.9,253.9,253.8,253.8,750
2026-03-27 04:13:00,253.95,253.96,253.95,253.95,1289
2026-03-27 04:14:00,253.95,253.96,253.95,253.96,479
2026-03-27 04:17:00,253.73,253.73,253.67,253.67,676
2026-03-27 04:21:00,253.68,253.68,253.68,253.68,198
2026-03-27 04:35:00,253.51,253.51,253.51,253.51,100
2026-03-27 04:37:00,253.4,253.4,253.4,253.4,154
2026-03-27 04:38:00,253.33,253.33,253.33,253.33,100
2026-03-27 04:41:00,253.38,253.49,253.38,253.49,398
2026-03-27 04:50:00,253.45,253.51,253.45,253.45,2496
2026-03-27 04:52:00,253.47,253.47,253.47,253.47,207
2026-03-27 04:53:00,253.58,253.58,253.58,253.58,208
2026-03-27 05:05:00,253.26,253.26,253.26,253.26,100
2026-03-27 05:08:00,253.26,253.26,253.26,253.26,100
2026-03-27 05:09:00,253.2,253.2,253.2,253.2,135
2026-03-27 05:10:00,253.13,253.13,253,253,550
2026-03-27 05:11:00,253,253,252.99,253,765
2026-03-27 05:14:00,253.15,253.15,253.15,253.15,178
2026-03-27 05:21:00,253.23,253.43,253.23,253.43,277
2026-03-27 05:22:00,253.23,253.23,253.23,253.23,100
2026-03-27 05:25:00,253.35,253.36,253.35,253.36,529
2026-03-27 05:31:00,253.43,253.43,253.43,253.43,123
2026-03-27 05:32:00,253.47,253.47,253.47,253.47,1000
2026-03-27 05:44:00,253.35,253.35,253.34,253.34,279
2026-03-27 05:45:00,253.35,253.35,253.35,253.35,100
2026-03-27 06:00:00,253.15,253.15,253.1,253.1,500
2026-03-27 06:02:00,253.2,253.2,253.2,253.2,118
2026-03-27 06:04:00,253.15,253.15,253.15,253.15,100
2026-03-27 06:11:00,253.275,253.275,253.275,253.275,100
2026-03-27 06:20:00,253.22,253.22,253.22,253.22,170
2026-03-27 06:22:00,253.24,253.24,253.24,253.24,100
2026-03-27 06:29:00,253.29,253.29,253.29,253.29,222
2026-03-27 06:32:00,253.24,253.24,253.2,253.2,610
2026-03-27 06:35:00,253,253,252.8,252.8,481
2026-03-27 06:36:00,252.93,252.93,252.93,252.93,116
2026-03-27 06:37:00,252.82,252.82,252.82,252.82,135
2026-03-27 06:42:00,252.74,252.74,252.74,252.74,132
2026-03-27 06:43:00,252.76,252.76,252.76,252.76,100
2026-03-27 06:46:00,252.7,252.81,252.7,252.81,300
2026-03-27 06:51:00,252.7,252.71,252.7,252.71,200
2026-03-27 06:52:00,252.74,252.74,252.73,252.73,290
2026-03-27 06:55:00,252.75,252.75,252.7,252.7,200
2026-03-27 06:58:00,252.56,252.56,252.56,252.56,100
2026-03-27 07:00:00,252.75,252.75,252.73,252.73,244
2026-03-27 07:01:00,252.5,252.5,252.5,252.5,100
2026-03-27 07:02:00,252.5,252.5,252.5,252.5,200
2026-03-27 07:06:00,252.41,252.41,252.3,252.4,1099
2026-03-27 07:07:00,252.2,252.2,252.2,252.2,921
2026-03-27 07:10:00,252.2,252.2,252.2,252.2,100
2026-03-27 07:13:00,252.33,252.4,252.33,252.39,647
2026-03-27 07:15:00,252.4,252.51,252.4,252.51,1448
2026-03-27 07:17:00,252.5,252.51,252.5,252.5,915
2026-03-27 07:18:00,252.4,252.41,252.4,252.41,1906
2026-03-27 07:19:00,252.4,252.4,252.4,252.4,600
2026-03-27 07:21:00,252.4,252.45,252.4,252.45,508
2026-03-27 07:22:00,252.49,252.5,252.49,252.5,491
2026-03-27 07:24:00,252.5,252.5,252.5,252.5,600
2026-03-27 07:25:00,252.46,252.46,252.46,252.46,198
2026-03-27 07:29:00,252.61,252.72,252.61,252.72,400
2026-03-27 07:30:00,252.6,252.6,252.6,252.6,148
2026-03-27 07:31:00,252.55,252.55,252.55,252.55,109
2026-03-27 07:34:00,252.65,252.65,252.65,252.65,179
2026-03-27 07:35:00,252.54,252.54,252.5,252.5,1293
2026-03-27 07:48:00,252.88,252.88,252.88,252.88,100
2026-03-27 07:49:00,252.9,252.9,252.9,252.9,200
2026-03-27 07:50:00,252.94,253,252.94,253,2010
2026-03-27 07:55:00,253,253,253,253,282
2026-03-27 07:57:00,252.92,252.92,252.92,252.92,100
2026-03-27 07:59:00,252.91,252.91,252.78,252.78,971
2026-03-27 08:00:00,253.2,254.71,252.06,253.93,17547
2026-03-27 08:01:00,254.55,254.55,252.5,252.5,848
2026-03-27 08:03:00,252.89,252.89,252.89,252.89,900
2026-03-27 08:05:00,252.85,252.85,252.51,252.51,260
2026-03-27 08:08:00,252.5,252.52,252.5,252.5,309
2026-03-27 08:09:00,252.5,252.5,252.5,252.5,280
2026-03-27 08:10:00,252.4,252.4,252.33,252.37,850
2026-03-27 08:11:00,252.35,252.59,252.35,252.59,349
2026-03-27 08:12:00,252.5658,252.5658,252.35,252.5,1144
2026-03-27 08:13:00,252.52,252.52,252.52,252.52,202
2026-03-27 08:15:00,252.31,252.31,252.31,252.31,450
2026-03-27 08:16:00,252.52,252.68,252.5,252.6,2317
2026-03-27 08:17:00,252.7,252.8175,252.7,252.8175,1030
2026-03-27 08:18:00,252.8,252.85,252.8,252.85,400
2026-03-27 08:19:00,253,253,252.84,252.84,409
2026-03-27 08:21:00,252.91,252.99,252.75,252.75,1072
2026-03-27 08:22:00,253,253,252.96,252.96,597
2026-03-27 08:26:00,252.77,252.77,252.61,252.61,200
2026-03-27 08:27:00,252.95,252.95,252.93,252.93,460
2026-03-27 08:28:00,252.99,252.99,252.99,252.99,100
2026-03-27 08:30:00,252.95,252.98,252.95,252.98,350
2026-03-27 08:31:00,252.92,252.92,252.72,252.72,233
2026-03-27 08:32:00,252.74,252.86,252.74,252.85,1300
2026-03-27 08:33:00,252.8628,252.8628,252.8628,252.8628,200
2026-03-27 08:34:00,252.7,252.7,252.7,252.7,514
2026-03-27 08:35:00,252.68,252.68,252.55,252.55,698
2026-03-27 08:36:00,252.52,252.52,252.48,252.48,2227
2026-03-27 08:37:00,252.42,252.5,252.42,252.5,300
2026-03-27 08:38:00,252.52,252.52,252.51,252.51,410
2026-03-27 08:39:00,252.6907,252.83,252.6,252.83,757
2026-03-27 08:40:00,252.51,252.51,252.51,252.51,898
2026-03-27 08:43:00,252.72,252.72,252.72,252.72,137
2026-03-27 08:44:00,252.5136,252.84,252.5136,252.83,485
2026-03-27 08:45:00,252.9,252.9,252.89,252.89,200
2026-03-27 08:46:00,252.98,252.98,252.8014,252.8014,2000
2026-03-27 08:47:00,252.83,252.83,252.83,252.83,101
2026-03-27 08:48:00,252.88,252.97,252.88,252.97,1156
2026-03-27 08:49:00,252.7,252.7,252.7,252.7,1364
2026-03-27 08:51:00,252.74,252.74,252.7,252.71,629
2026-03-27 08:57:00,252.9502,252.9502,252.9502,252.9502,100
2026-03-27 08:58:00,252.8,252.8,252.8,252.8,100
2026-03-27 08:59:00,252.722,252.722,252.62,252.62,200
2026-03-27 09:00:00,252.9,252.9,252.62,252.62,1110
2026-03-27 09:01:00,252.5,252.55,252.5,252.54,547
2026-03-27 09:02:00,252.4,252.54,252.4,252.4,1052
2026-03-27 09:03:00,252.3,252.4,252.3,252.4,306
2026-03-27 09:04:00,252.68,252.71,252.68,252.71,384
2026-03-27 09:06:00,252.3736,252.55,252.3736,252.55,378
2026-03-27 09:07:00,252.68,252.7,252.56,252.56,5129
2026-03-27 09:08:00,252.58,252.77,252.55,252.62,1211
2026-03-27 09:09:00,252.5,252.76,252.5,252.76,507
2026-03-27 09:11:00,252.69,252.73,252.69,252.73,212
2026-03-27 09:12:00,252.73,252.8,252.555,252.75,770
2026-03-27 09:13:00,252.5748,252.79,252.5748,252.79,265
2026-03-27 09:14:00,252.5713,252.5713,252.5713,252.5713,200
2026-03-27 09:15:00,252.79,252.87,252.79,252.87,1152
2026-03-27 09:16:00,252.85,252.9,252.85,252.9,1900
2026-03-27 09:17:00,252.9,252.9,252.8,252.8,300
2026-03-27 09:18:00,252.89,252.89,252.89,252.89,100
2026-03-27 09:19:00,252.96,252.96,252.83,252.83,200
2026-03-27 09:20:00,252.94,253.08,252.94,253.08,506
2026-03-27 09:21:00,253.142,253.17,253.1,253.1,1179
2026-03-27 09:22:00,253.16,253.16,253.16,253.16,100
2026-03-27 09:23:00,253.1037,253.16,253.08,253.16,2025
2026-03-27 09:24:00,253.16,253.17,253.06,253.17,922
2026-03-27 09:25:00,252.99,253.08,252.99,253.08,1932
2026-03-27 09:26:00,253,253.92,253,253.92,6660
2026-03-27 09:27:00,254.02,254.61,253.92,254.01,14455
2026-03-27 09:28:00,253.85,253.91,253.6,253.6,1537
2026-03-27 09:29:00,253.64,253.9,253.5,253.9,1715
2026-03-27 09:30:00,253.9,255.1,253.25,254.07,689519
2026-03-27 09:31:00,254.04,254.04,253.16,253.39,109573
2026-03-27 09:32:00,253.3,253.685,253.17,253.629,76438
2026-03-27 09:33:00,253.605,253.64,253,253.15,96344
2026-03-27 09:34:00,253.15,253.2999,252.91,253.0901,73149
2026-03-27 09:35:00,253.14,253.16,252.7801,253.03,99791
2026-03-27 09:36:00,253.04,253.42,252.94,253.1604,90533
2026-03-27 09:37:00,253.1617,253.63,253.16,253.48,100845
2026-03-27 09:38:00,253.47,254.01,253.44,253.76,88036
2026-03-27 09:39:00,253.75,254.27,253.75,254.03,92179
2026-03-27 09:40:00,254.0364,254.11,253.5601,254.03,88299
2026-03-27 09:41:00,254.05,254.37,254.05,254.33,76525
2026-03-27 09:42:00,254.36,254.37,253.9706,254.15,61589
2026-03-27 09:43:00,254.16,254.16,253.85,253.9315,91043
2026-03-27 09:44:00,253.98,254.28,253.98,254,39811
2026-03-27 09:45:00,254.06,254.31,254.02,254.275,69362
2026-03-27 09:46:00,254.25,254.53,254.205,254.36,56139
2026-03-27 09:47:00,254.4,254.805,254.29,254.79,104693
2026-03-27 09:48:00,254.78,255.37,254.72,255.23,147382
2026-03-27 09:49:00,255.26,255.3,254.68,254.725,85799
2026-03-27 09:50:00,254.74,254.87,254.56,254.58,147896
2026-03-27 09:51:00,254.6,255.04,254.6,254.97,231923
2026-03-27 09:52:00,254.97,255.2,254.67,254.68,260121
2026-03-27 09:53:00,254.68,254.73,254.3,254.45,163722
2026-03-27 09:54:00,254.48,255.07,254.44,254.875,91670
2026-03-27 09:55:00,254.875,254.97,254.7,254.885,155575
2026-03-27 09:56:00,254.885,254.94,254.29,254.35,116257
2026-03-27 09:57:00,254.39,255.23,254.3,255,304596
2026-03-27 09:58:00,254.98,255,254.83,254.88,155290
2026-03-27 09:59:00,254.88,255.2,254.86,254.9,61902
2026-03-27 10:00:00,254.86,255.05,254.73,254.93,123728
2026-03-27 10:01:00,254.94,255.09,254.73,254.86,129518
2026-03-27 10:02:00,254.86,254.91,254.43,254.855,117938
2026-03-27 10:03:00,254.87,255.06,254.6279,254.66,144328
2026-03-27 10:04:00,254.67,254.79,254.41,254.465,138725
2026-03-27 10:05:00,254.48,254.57,254.025,254.2,116392
2026-03-27 10:06:00,254.21,254.38,254.09,254.28,58973
2026-03-27 10:07:00,254.31,254.58,254.245,254.56,55006
2026-03-27 10:08:00,254.56,254.86,254.43,254.78,122287
2026-03-27 10:09:00,254.81,254.87,254.5901,254.5902,66117
2026-03-27 10:10:00,254.62,255.05,254.61,254.99,123268
2026-03-27 10:11:00,254.99,255.2,254.89,255.18,115631
2026-03-27 10:12:00,255.2,255.493,255.19,255.29,112436
2026-03-27 10:13:00,255.29,255.39,254.9,254.935,51609
2026-03-27 10:14:00,254.9,254.91,254.36,254.77,148416
2026-03-27 10:15:00,254.72,255.02,254.66,254.945,90594
2026-03-27 10:16:00,254.92,255.105,254.81,254.82,89723
2026-03-27 10:17:00,254.84,254.84,254.55,254.69,46694
2026-03-27 10:18:00,254.68,254.82,254.4,254.74,92773
2026-03-27 10:19:00,254.7201,255,254.7201,254.86,79904
2026-03-27 10:20:00,254.8899,255.29,254.825,255.21,140872
2026-03-27 10:21:00,255.23,255.29,254.835,254.962,125658
2026-03-27 10:22:00,254.95,254.97,254.3,254.3,102782
2026-03-27 10:23:00,254.29,254.35,254.07,254.11,76649
2026-03-27 10:24:00,254.0905,254.53,253.94,254.51,120365
2026-03-27 10:25:00,254.51,254.82,254.48,254.62,154771
2026-03-27 10:26:00,254.63,254.72,254.47,254.52,54089
2026-03-27 10:27:00,254.52,254.69,254.37,254.39,58217
2026-03-27 10:28:00,254.4,254.54,254.3,254.4895,34584
2026-03-27 10:29:00,254.49,254.56,254.4,254.46,35560
2026-03-27 10:30:00,254.46,254.62,254.3612,254.41,70439
2026-03-27 10:31:00,254.4099,254.69,254.3901,254.66,35543
2026-03-27 10:32:00,254.62,254.62,254.3,254.38,57699
2026-03-27 10:33:00,254.36,254.43,254.1844,254.208,33538
2026-03-27 10:34:00,254.2,254.305,254.1,254.13,46417
2026-03-27 10:35:00,254.13,254.2794,253.97,254.19,47220
2026-03-27 10:36:00,254.18,254.22,253.96,254.04,42754
2026-03-27 10:37:00,254,254,253.72,253.77,83749
2026-03-27 10:38:00,253.81,253.84,253.2701,253.3799,80983
2026-03-27 10:39:00,253.37,253.47,253.16,253.3,114035
2026-03-27 10:40:00,253.3,253.38,253.15,253.25,64398
2026-03-27 10:41:00,253.25,253.2501,252.99,253.075,64270
2026-03-27 10:42:00,253.08,253.095,252.62,252.64,91023
2026-03-27 10:43:00,252.68,252.71,252.3412,252.42,122469
2026-03-27 10:44:00,252.41,252.54,252.375,252.54,80026
2026-03-27 10:45:00,252.53,252.575,252.25,252.25,80292
2026-03-27 10:46:00,252.27,252.29,251.8,251.98,173548
2026-03-27 10:47:00,251.99,252.21,251.86,252.21,105002
2026-03-27 10:48:00,252.21,252.5,252.15,252.5,90848
2026-03-27 10:49:00,252.485,252.7,252.47,252.63,75166
2026-03-27 10:50:00,252.63,252.865,252.58,252.85,64850
2026-03-27 10:51:00,252.85,252.96,252.74,252.79,64320
2026-03-27 10:52:00,252.75,253.27,252.68,253.1,107029
2026-03-27 10:53:00,253.08,253.14,252.9,253.125,102790
2026-03-27 10:54:00,253.125,253.16,252.8201,252.9,171101
2026-03-27 10:55:00,252.901,253.45,252.901,253.21,105239
2026-03-27 10:56:00,253.21,253.3499,253.09,253.32,32965
2026-03-27 10:57:00,253.29,253.43,253.165,253.4,33856
2026-03-27 10:58:00,253.405,253.46,253.23,253.24,51291
2026-03-27 10:59:00,253.27,253.33,253.23,253.28,50656
2026-03-27 11:00:00,253.27,253.43,253.13,253.205,55098
2026-03-27 11:01:00,253.19,253.43,253.13,253.27,49911
2026-03-27 11:02:00,253.29,253.41,253.27,253.32,31885
2026-03-27 11:03:00,253.35,253.39,253.2502,253.33,31813
2026-03-27 11:04:00,253.36,253.385,253.16,253.18,25653
2026-03-27 11:05:00,253.195,253.2671,253.07,253.18,37460
2026-03-27 11:06:00,253.17,253.4,252.95,252.97,61369
2026-03-27 11:07:00,252.99,253.125,252.88,252.88,70084
2026-03-27 11:08:00,252.89,253.05,252.77,253.0201,46907
2026-03-27 11:09:00,252.97,252.97,252.74,252.79,25437
2026-03-27 11:10:00,252.79,252.84,252.685,252.745,26120
2026-03-27 11:11:00,252.745,252.86,252.3608,252.45,49964
2026-03-27 11:12:00,252.42,252.47,252.2901,252.35,47850
2026-03-27 11:13:00,252.36,252.36,252.2209,252.23,30079
2026-03-27 11:14:00,252.22,252.32,252.11,252.19,41014
2026-03-27 11:15:00,252.19,252.38,252.13,252.18,48114
2026-03-27 11:16:00,252.1601,252.3099,252.07,252.23,46045
2026-03-27 11:17:00,252.22,252.24,251.97,252.052,42157
2026-03-27 11:18:00,252.04,252.37,252.04,252.32,44719
2026-03-27 11:19:00,252.32,252.44,252.245,252.245,29298
2026-03-27 11:20:00,252.255,252.26,252.085,252.135,36855
2026-03-27 11:21:00,252.14,252.23,252.14,252.23,14638
2026-03-27 11:22:00,252.22,252.32,252.19,252.21,32673
2026-03-27 11:23:00,252.24,252.8,252.18,252.68,112279
2026-03-27 11:24:00,252.635,252.73,252.33,252.375,55672
2026-03-27 11:25:00,252.38,252.465,252.28,252.465,26228
2026-03-27 11:26:00,252.48,252.61,252.44,252.6,28238
2026-03-27 11:27:00,252.6,252.65,252.48,252.58,31266
2026-03-27 11:28:00,252.575,252.68,252.53,252.65,29823
2026-03-27 11:29:00,252.67,252.68,252.48,252.62,28896
2026-03-27 11:30:00,252.63,252.69,252.34,252.65,39336
2026-03-27 11:31:00,252.64,252.84,252.58,252.69,54948
2026-03-27 11:32:00,252.68,252.9,252.64,252.87,43266
2026-03-27 11:33:00,252.87,253,252.83,252.9899,71834
2026-03-27 11:34:00,252.97,253.09,252.97,253.04,74300
2026-03-27 11:35:00,253.03,253.06,252.89,253.025,57383
2026-03-27 11:36:00,253.015,253.0999,252.91,252.99,59955
2026-03-27 11:37:00,252.99,253.25,252.74,252.89,64702
2026-03-27 11:38:00,252.905,252.94,252.795,252.83,29588
2026-03-27 11:39:00,252.82,252.84,252.41,252.47,33821
2026-03-27 11:40:00,252.46,252.5,252.17,252.28,45380
2026-03-27 11:41:00,252.29,252.39,252.14,252.21,30700
2026-03-27 11:42:00,252.2,252.46,252.19,252.38,28186
2026-03-27 11:43:00,252.3899,252.61,252.38,252.575,40761
2026-03-27 11:44:00,252.58,252.7,252.54,252.57,28071
2026-03-27 11:45:00,252.615,252.67,252.3155,252.415,42742
2026-03-27 11:46:00,252.4,252.48,252.385,252.455,18048
2026-03-27 11:47:00,252.48,252.535,252.37,252.41,15315
2026-03-27 11:48:00,252.41,252.44,252.31,252.4,17543
2026-03-27 11:49:00,252.41,252.44,252.31,252.37,20414
2026-03-27 11:50:00,252.3701,252.57,252.33,252.55,36010
2026-03-27 11:51:00,252.55,252.81,252.47,252.695,43847
2026-03-27 11:52:00,252.695,252.76,252.62,252.66,28927
2026-03-27 11:53:00,252.66,252.66,252.54,252.5401,32562
2026-03-27 11:54:00,252.54,252.61,252.46,252.5746,46964
2026-03-27 11:55:00,252.59,252.7,252.54,252.66,18994
2026-03-27 11:56:00,252.68,252.93,252.68,252.79,49492
2026-03-27 11:57:00,252.76,252.79,252.665,252.77,39477
2026-03-27 11:58:00,252.8,252.84,252.67,252.67,35149
2026-03-27 11:59:00,252.655,252.78,252.59,252.725,29070
2026-03-27 12:00:00,252.73,252.83,252.7,252.82,45592
2026-03-27 12:01:00,252.8,252.8,252.59,252.65,38775
2026-03-27 12:02:00,252.645,252.85,252.635,252.84,29081
2026-03-27 12:03:00,252.84,252.89,252.77,252.815,27649
2026-03-27 12:04:00,252.8,252.9,252.78,252.79,29062
2026-03-27 12:05:00,252.7999,252.81,252.7,252.705,31984
2026-03-27 12:06:00,252.705,252.775,252.64,252.76,28362
2026-03-27 12:07:00,252.76,252.775,252.515,252.545,42622
2026-03-27 12:08:00,252.53,252.54,252.27,252.36,72261
2026-03-27 12:09:00,252.3401,252.56,252.3401,252.45,37045
2026-03-27 12:10:00,252.46,252.47,252.29,252.33,14369
2026-03-27 12:11:00,252.33,252.39,252.24,252.28,24670
2026-03-27 12:12:00,252.29,252.48,252.29,252.41,17190
2026-03-27 12:13:00,252.395,252.83,252.39,252.725,45198
2026-03-27 12:14:00,252.72,252.745,252.63,252.72,40990
2026-03-27 12:15:00,252.75,252.75,252.5,252.59,30821
2026-03-27 12:16:00,252.61,252.66,252.47,252.5368,20997
2026-03-27 12:17:00,252.535,252.597,252.305,252.39,25649
2026-03-27 12:18:00,252.385,252.42,252.22,252.23,21814
2026-03-27 12:19:00,252.2201,252.375,252.2201,252.26,19251
2026-03-27 12:20:00,252.265,252.315,252.14,252.3,26066
2026-03-27 12:21:00,252.32,252.38,252.23,252.315,17856
2026-03-27 12:22:00,252.315,252.36,252.17,252.17,20659
2026-03-27 12:23:00,252.18,252.37,252.18,252.28,25136
2026-03-27 12:24:00,252.28,252.28,252.07,252.08,18438
2026-03-27 12:25:00,252.1,252.11,251.81,251.84,77804
2026-03-27 12:26:00,251.835,251.865,251.71,251.84,60071
2026-03-27 12:27:00,251.85,251.93,251.82,251.93,85935
2026-03-27 12:28:00,251.9256,251.94,251.78,251.88,49841
2026-03-27 12:29:00,251.855,251.92,251.69,251.78,56966
2026-03-27 12:30:00,251.77,251.9,251.77,251.83,25764
2026-03-27 12:31:00,251.83,251.86,251.74,251.84,22482
2026-03-27 12:32:00,251.83,251.83,251.75,251.81,26744
2026-03-27 12:33:00,251.8,251.85,251.77,251.83,33754
2026-03-27 12:34:00,251.83,251.84,251.74,251.8099,24156
2026-03-27 12:35:00,251.81,251.9,251.78,251.86,31461
2026-03-27 12:36:00,251.869,251.94,251.8,251.94,19654
2026-03-27 12:37:00,251.92,251.93,251.78,251.865,21183
2026-03-27 12:38:00,251.865,252.12,251.78,251.88,138218
2026-03-27 12:39:00,251.8801,251.93,251.75,251.82,34157
2026-03-27 12:40:00,251.795,251.895,251.695,251.84,25003
2026-03-27 12:41:00,251.83,252.05,251.82,252.02,20633
2026-03-27 12:42:00,252.025,252.18,252.0112,252.11,40773
2026-03-27 12:43:00,252.11,252.28,252.07,252.175,24850
2026-03-27 12:44:00,252.175,252.27,252.12,252.22,19165
2026-03-27 12:45:00,252.22,252.29,252.13,252.27,32629
2026-03-27 12:46:00,252.29,252.6,252.29,252.55,42363
2026-03-27 12:47:00,252.57,252.67,252.5,252.6302,52597
2026-03-27 12:48:00,252.64,252.71,252.57,252.71,41139
2026-03-27 12:49:00,252.72,252.76,252.59,252.595,21336
2026-03-27 12:50:00,252.58,252.7,252.495,252.59,40119
2026-03-27 12:51:00,252.6,252.7,252.52,252.53,29873
2026-03-27 12:52:00,252.535,252.55,252.33,252.36,35993
2026-03-27 12:53:00,252.35,252.4392,252.315,252.345,16016
2026-03-27 12:54:00,252.34,252.48,252.2701,252.45,45545
2026-03-27 12:55:00,252.43,252.58,252.41,252.5,31840
2026-03-27 12:56:00,252.49,252.49,252.39,252.41,28391
2026-03-27 12:57:00,252.41,252.42,252.36,252.41,21921
2026-03-27 12:58:00,252.41,252.57,252.41,252.455,26107
2026-03-27 12:59:00,252.44,252.445,252.39,252.42,17734
2026-03-27 13:00:00,252.42,252.5,252.22,252.239,31690
2026-03-27 13:01:00,252.24,252.28,252.12,252.19,19232
2026-03-27 13:02:00,252.2,252.23,252.05,252.085,29020
2026-03-27 13:03:00,252.11,252.128,251.98,252.03,30512
2026-03-27 13:04:00,252.03,252.18,252,252.12,22394
2026-03-27 13:05:00,252.12,252.15,252.015,252.04,20515
2026-03-27 13:06:00,252.0101,252.51,251.95,252.45,60424
2026-03-27 13:07:00,252.425,252.65,252.16,252.285,50847
2026-03-27 13:08:00,252.28,252.3999,252.205,252.22,24912
2026-03-27 13:09:00,252.24,252.37,252.21,252.31,16686
2026-03-27 13:10:00,252.3,252.32,252.1,252.1,30230
2026-03-27 13:11:00,252.08,252.175,252.03,252.12,42260
2026-03-27 13:12:00,252.1001,252.14,251.64,251.7645,131848
2026-03-27 13:13:00,251.77,251.7705,251.6,251.61,36571
2026-03-27 13:14:00,251.61,251.96,251.61,251.825,25138
2026-03-27 13:15:00,251.83,251.855,251.75,251.755,25053
2026-03-27 13:16:00,251.76,251.78,251.665,251.73,21043
2026-03-27 13:17:00,251.72,251.775,251.62,251.635,21996
2026-03-27 13:18:00,251.6108,251.65,251.39,251.401,36170
2026-03-27 13:19:00,251.4,251.4199,251.285,251.39,26306
2026-03-27 13:20:00,251.375,251.42,251.12,251.15,103573
2026-03-27 13:21:00,251.155,251.28,251.03,251.06,92914
2026-03-27 13:22:00,251.07,251.08,250.9,251.03,64028
2026-03-27 13:23:00,251.03,251.03,250.76,250.885,36995
2026-03-27 13:24:00,250.87,250.92,250.68,250.794,78808
2026-03-27 13:25:00,250.79,250.82,250.71,250.73,40678
2026-03-27 13:26:00,250.725,250.74,250.58,250.58,41312
2026-03-27 13:27:00,250.57,250.62,250.47,250.5101,33203
2026-03-27 13:28:00,250.525,250.7,250.42,250.5,81620
2026-03-27 13:29:00,250.51,250.515,250.365,250.41,36866
2026-03-27 13:30:00,250.41,250.51,250.352,250.43,67171
2026-03-27 13:31:00,250.425,250.5,250.4,250.4,26220
2026-03-27 13:32:00,250.41,250.54,250.39,250.485,78748
2026-03-27 13:33:00,250.5,250.58,250.46,250.52,34840
2026-03-27 13:34:00,250.53,250.535,250.405,250.445,26647
2026-03-27 13:35:00,250.45,250.52,250.42,250.465,37606
2026-03-27 13:36:00,250.47,250.47,250.16,250.28,95724
2026-03-27 13:37:00,250.29,250.325,250.12,250.28,50508
2026-03-27 13:38:00,250.285,250.285,250.03,250.22,105474
2026-03-27 13:39:00,250.22,250.225,250.03,250.04,54588
2026-03-27 13:40:00,250.05,250.05,249.88,249.92,73955
2026-03-27 13:41:00,249.93,249.94,249.74,249.77,48254
2026-03-27 13:42:00,249.79,249.84,249.71,249.77,50391
2026-03-27 13:43:00,249.78,249.82,249.59,249.7,59082
2026-03-27 13:44:00,249.691,249.7074,249.56,249.64,48060
2026-03-27 13:45:00,249.63,249.72,249.35,249.64,113175
2026-03-27 13:46:00,249.63,249.675,249.49,249.595,89404
2026-03-27 13:47:00,249.59,249.72,249.51,249.57,43961
2026-03-27 13:48:00,249.56,249.61,249.4201,249.45,40293
2026-03-27 13:49:00,249.46,249.56,249.36,249.43,37165
2026-03-27 13:50:00,249.43,249.62,249.41,249.57,32186
2026-03-27 13:51:00,249.58,249.635,249.54,249.54,33887
2026-03-27 13:52:00,249.545,249.735,249.545,249.735,26813
2026-03-27 13:53:00,249.735,249.7399,249.66,249.68,30042
2026-03-27 13:54:00,249.68,249.905,249.625,249.83,28001
2026-03-27 13:55:00,249.85,249.96,249.8,249.86,76959
2026-03-27 13:56:00,249.84,249.925,249.76,249.82,57071
2026-03-27 13:57:00,249.835,250.1,249.79,250.04,75002
2026-03-27 13:58:00,250.03,250.03,249.855,249.96,37968
2026-03-27 13:59:00,249.99,249.99,249.79,249.81,36169
2026-03-27 14:00:00,249.81,249.8963,249.7301,249.86,32671
2026-03-27 14:01:00,249.88,249.91,249.78,249.88,14387
2026-03-27 14:02:00,249.88,249.94,249.84,249.88,23153
2026-03-27 14:03:00,249.89,249.91,249.75,249.83,31470
2026-03-27 14:04:00,249.825,249.83,249.66,249.805,49590
2026-03-27 14:05:00,249.8,249.88,249.695,249.735,26404
2026-03-27 14:06:00,249.74,249.75,249.48,249.51,45995
2026-03-27 14:07:00,249.52,249.555,249.17,249.185,63426
2026-03-27 14:08:00,249.18,249.32,249.035,249.06,63608
2026-03-27 14:09:00,249.05,249.0799,248.71,248.76,144145
2026-03-27 14:10:00,248.765,248.87,248.63,248.87,63913
2026-03-27 14:11:00,248.87,249.13,248.87,249.105,98936
2026-03-27 14:12:00,249.12,249.13,249.04,249.08,52045
2026-03-27 14:13:00,249.075,249.22,249.025,249.1,30929
2026-03-27 14:14:00,249.1,249.19,249.035,249.095,33417
2026-03-27 14:15:00,249.1,249.32,249.05,249.25,45016
2026-03-27 14:16:00,249.23,249.3,249.15,249.18,23197
2026-03-27 14:17:00,249.18,249.38,249.15,249.36,30312
2026-03-27 14:18:00,249.36,249.5199,249.32,249.39,43154
2026-03-27 14:19:00,249.39,249.48,249.3501,249.4,29132
2026-03-27 14:20:00,249.39,249.48,249.36,249.435,37691
2026-03-27 14:21:00,249.4,249.43,249.16,249.29,36683
2026-03-27 14:22:00,249.275,249.3399,249.13,249.1699,33777
2026-03-27 14:23:00,249.14,249.17,248.9701,249.115,35488
2026-03-27 14:24:00,249.11,249.22,249.07,249.11,23004
2026-03-27 14:25:00,249.105,249.11,248.98,249.11,25494
2026-03-27 14:26:00,249.12,249.19,249.04,249.13,27232
2026-03-27 14:27:00,249.135,249.28,249.11,249.26,48641
2026-03-27 14:28:00,249.27,249.42,249.26,249.41,27090
2026-03-27 14:29:00,249.42,249.5351,249.35,249.385,35320
2026-03-27 14:30:00,249.41,249.43,249.3,249.36,30571
2026-03-27 14:31:00,249.34,249.39,249.26,249.36,24931
2026-03-27 14:32:00,249.341,249.3874,249.26,249.3,30602
2026-03-27 14:33:00,249.31,249.36,249.24,249.242,31332
2026-03-27 14:34:00,249.23,249.405,249.23,249.38,21425
2026-03-27 14:35:00,249.37,249.37,249.17,249.275,26795
2026-03-27 14:36:00,249.28,249.39,249.28,249.34,41336
2026-03-27 14:37:00,249.33,249.52,249.33,249.3751,43068
2026-03-27 14:38:00,249.365,249.37,249.1,249.14,51889
2026-03-27 14:39:00,249.13,249.2699,248.94,249.015,75422
2026-03-27 14:40:00,249.02,249.04,248.83,248.91,56359
2026-03-27 14:41:00,248.925,249.01,248.82,248.84,44401
2026-03-27 14:42:00,248.84,248.85,248.61,248.7801,89220
2026-03-27 14:43:00,248.79,249.32,248.79,249.095,64860
2026-03-27 14:44:00,249.11,249.11,248.84,248.9025,51282
2026-03-27 14:45:00,248.89,249.045,248.88,249.015,60307
2026-03-27 14:46:00,249,249.06,248.86,248.94,38914
2026-03-27 14:47:00,248.93,248.97,248.81,248.82,67069
2026-03-27 14:48:00,248.8,248.98,248.79,248.94,64469
2026-03-27 14:49:00,248.93,249.09,248.92,249,52172
2026-03-27 14:50:00,248.995,249.1,248.96,249.04,25908
2026-03-27 14:51:00,249.035,249.14,249.02,249.095,40711
2026-03-27 14:52:00,249.098,249.19,248.985,248.985,48410
2026-03-27 14:53:00,248.98,248.99,248.69,248.835,48932
2026-03-27 14:54:00,248.85,248.955,248.67,248.69,38275
2026-03-27 14:55:00,248.685,248.84,248.685,248.78,50299
2026-03-27 14:56:00,248.775,248.8221,248.7,248.8,31344
2026-03-27 14:57:00,248.79,248.83,248.73,248.83,35129
2026-03-27 14:58:00,248.84,248.84,248.67,248.68,32226
2026-03-27 14:59:00,248.67,248.73,248.64,248.66,34065
2026-03-27 15:00:00,248.66,248.79,248.64,248.715,42665
2026-03-27 15:01:00,248.715,248.77,248.56,248.66,41439
2026-03-27 15:02:00,248.66,248.97,248.66,248.86,43448
2026-03-27 15:03:00,248.86,248.86,248.63,248.725,27241
2026-03-27 15:04:00,248.73,248.73,248.59,248.635,39271
2026-03-27 15:05:00,248.65,248.705,248.53,248.705,55606
2026-03-27 15:06:00,248.7,248.75,248.6,248.733,33895
2026-03-27 15:07:00,248.735,248.75,248.45,248.55,70024
2026-03-27 15:08:00,248.55,248.56,248.36,248.45,59787
2026-03-27 15:09:00,248.45,248.45,248.36,248.43,30409
2026-03-27 15:10:00,248.43,248.45,248.33,248.45,45002
2026-03-27 15:11:00,248.45,248.7,248.415,248.655,57921
2026-03-27 15:12:00,248.655,249.08,248.655,248.96,76804
2026-03-27 15:13:00,248.965,249.11,248.865,249.05,78513
2026-03-27 15:14:00,249.06,249.12,248.99,249.02,60259
2026-03-27 15:15:00,249,249.02,248.795,248.83,51927
2026-03-27 15:16:00,248.83,248.9,248.83,248.855,13799
2026-03-27 15:17:00,248.85,249.02,248.82,249.015,53967
2026-03-27 15:18:00,249.01,249.2,249,249.07,26103
2026-03-27 15:19:00,249.07,249.09,248.87,248.97,65862
2026-03-27 15:20:00,248.955,249.14,248.845,249.07,63237
2026-03-27 15:21:00,249.065,249.12,248.68,248.74,69714
2026-03-27 15:22:00,248.74,248.95,248.72,248.86,39651
2026-03-27 15:23:00,248.855,248.96,248.73,248.75,39571
2026-03-27 15:24:00,248.77,248.88,248.74,248.755,24751
2026-03-27 15:25:00,248.74,248.74,248.5601,248.577,27056
2026-03-27 15:26:00,248.57,248.57,248.4401,248.53,42865
2026-03-27 15:27:00,248.51,248.54,248.44,248.475,70804
2026-03-27 15:28:00,248.47,248.47,248.25,248.4,55516
2026-03-27 15:29:00,248.4078,248.41,248.34,248.4099,27214
2026-03-27 15:30:00,248.41,248.49,248.38,248.43,63803
2026-03-27 15:31:00,248.44,248.445,248.34,248.38,37570
2026-03-27 15:32:00,248.39,248.51,248.39,248.44,49763
2026-03-27 15:33:00,248.44,248.58,248.4,248.57,72186
2026-03-27 15:34:00,248.58,248.64,248.55,248.61,25847
2026-03-27 15:35:00,248.62,248.7,248.54,248.6,48654
2026-03-27 15:36:00,248.61,248.61,248.42,248.52,42487
2026-03-27 15:37:00,248.53,248.65,248.4907,248.605,35593
2026-03-27 15:38:00,248.61,248.745,248.61,248.74,58439
2026-03-27 15:39:00,248.75,248.75,248.55,248.5801,44994
2026-03-27 15:40:00,248.59,248.63,248.29,248.31,67595
2026-03-27 15:41:00,248.31,248.34,248.15,248.255,75093
2026-03-27 15:42:00,248.27,248.33,248.16,248.21,41819
2026-03-27 15:43:00,248.21,248.355,248.19,248.23,61287
2026-03-27 15:44:00,248.23,248.34,248.2,248.31,53605
2026-03-27 15:45:00,248.32,248.41,248.23,248.24,74335
2026-03-27 15:46:00,248.23,248.32,248.18,248.24,69575
2026-03-27 15:47:00,248.24,248.5,248.22,248.37,80523
2026-03-27 15:48:00,248.38,248.45,248.303,248.32,59225
2026-03-27 15:49:00,248.32,248.41,248.27,248.315,84139
2026-03-27 15:50:00,248.3,248.47,248.17,248.21,97783
2026-03-27 15:51:00,248.205,248.375,248.07,248.34,81326
2026-03-27 15:52:00,248.355,248.42,248.19,248.325,139624
2026-03-27 15:53:00,248.335,248.83,248.3001,248.77,106086
2026-03-27 15:54:00,248.76,248.795,248.47,248.749,114525
2026-03-27 15:55:00,248.74,249.28,248.74,249.08,190559
2026-03-27 15:56:00,249.06,249.095,248.9,249,162293
2026-03-27 15:57:00,249,249.16,248.98,249.09,197832
2026-03-27 15:58:00,249.1,249.29,249.1,249.23,213685
2026-03-27 15:59:00,249.24,249.37,248.61,248.61,1229976
2026-03-27 16:00:00,248.61,248.8,248.23,248.5089,8016798
2026-03-27 16:01:00,248.5,248.56,248.1,248.46,2325
2026-03-27 16:02:00,248.43,248.43,248.1,248.2,2996
2026-03-27 16:03:00,248.2,248.49,248.2,248.35,6863
2026-03-27 16:04:00,248.2195,248.34,248.2195,248.34,300
2026-03-27 16:05:00,248.25,248.35,248.15,248.35,2091
2026-03-27 16:06:00,248.35,248.63,248.34,248.6009,17215
2026-03-27 16:07:00,248.6008,248.75,248.6,248.75,3864
2026-03-27 16:08:00,248.6595,248.79,248.5616,248.5616,335
2026-03-27 16:09:00,248.52,248.8,248.52,248.79,24508
2026-03-27 16:10:00,248.54,248.54,248.54,248.54,100
2026-03-27 16:11:00,248.54,248.54,248.54,248.54,4860
2026-03-27 16:13:00,248.5384,248.5384,248.42,248.42,319
2026-03-27 16:14:00,248.4,248.4,248.27,248.27,658
2026-03-27 16:15:00,248.2756,248.34,248.2756,248.33,779
2026-03-27 16:16:00,248.33,248.33,248.33,248.33,396
2026-03-27 16:17:00,248.15,248.31,247.83,248.23,4710
2026-03-27 16:18:00,248.07,248.07,247.89,247.89,1000
2026-03-27 16:19:00,248.44,248.47,248.44,248.47,604
2026-03-27 16:20:00,248.21,248.21,247.63,247.8523,1808
2026-03-27 16:21:00,247.84,247.89,247.71,247.71,2001
2026-03-27 16:22:00,247.77,247.77,247.77,247.77,100
2026-03-27 16:23:00,247.8,247.88,247.71,247.71,1432
2026-03-27 16:24:00,247.8088,247.8088,247.6,247.65,2252
2026-03-27 16:25:00,247.8577,247.8577,247.8577,247.8577,100
2026-03-27 16:26:00,247.72,247.9,247.717,247.717,658
2026-03-27 16:27:00,247.85,247.8581,247.71,247.8,1852
2026-03-27 16:28:00,247.81,247.84,247.81,247.84,744
2026-03-27 16:29:00,247.65,247.84,247.65,247.82,1526
2026-03-27 16:30:00,247.91,247.91,247.88,247.9,507
2026-03-27 16:31:00,247.67,247.67,247.65,247.65,1163
2026-03-27 16:32:00,247.65,247.7,247.5,247.59,7164
2026-03-27 16:33:00,247.7,247.79,247.6,247.79,1078
2026-03-27 16:34:00,247.6205,248.8,247.62,247.77,5643
2026-03-27 16:35:00,247.62,248.8,247.616,247.616,47057
2026-03-27 16:36:00,247.62,247.7,247.62,247.7,450
2026-03-27 16:38:00,247.79,247.9268,247.79,247.9268,529
2026-03-27 16:39:00,247.9119,248.01,247.62,248,2959
2026-03-27 16:40:00,248.1,248.1,248,248,1843
2026-03-27 16:42:00,248,248,248,248,100
2026-03-27 16:43:00,248.1,248.1,248,248,450
2026-03-27 16:44:00,247.9,247.9,247.86,247.86,200
2026-03-27 16:45:00,247.7,248.1,247.7,248.1,400
2026-03-27 16:48:00,247.95,247.95,247.95,247.95,100
2026-03-27 16:49:00,247.92,248,247.92,247.98,719
2026-03-27 16:50:00,247.7928,248.05,247.7928,248.05,830
2026-03-27 16:51:00,248.04,248.05,247.797,247.797,736
2026-03-27 16:52:00,248.06,248.06,247.75,247.75,2181
2026-03-27 16:53:00,247.8,247.8,247.8,247.8,100
2026-03-27 16:56:00,247.81,247.81,247.81,247.81,129
2026-03-27 16:57:00,247.75,247.89,247.75,247.89,603
2026-03-27 16:58:00,247.76,247.76,247.76,247.76,132
2026-03-27 16:59:00,247.75,247.75,247.75,247.75,100
2026-03-27 17:00:00,247.89,247.89,247.89,247.89,227
2026-03-27 17:03:00,247.91,247.91,247.91,247.91,475
2026-03-27 17:07:00,247.83,247.83,247.83,247.83,202
2026-03-27 17:08:00,247.88,247.88,247.88,247.88,200
2026-03-27 17:09:00,247.9,247.905,247.9,247.905,200
2026-03-27 17:10:00,247.91,247.935,247.91,247.935,404
2026-03-27 17:11:00,247.81,247.81,247.75,247.75,1835
2026-03-27 17:14:00,247.88,247.88,247.64,247.64,500
2026-03-27 17:15:00,247.95,247.95,247.95,247.95,106
2026-03-27 17:19:00,248,248,248,248,1622
2026-03-27 17:20:00,247.75,247.75,247.75,247.75,1000
2026-03-27 17:21:00,247.9859,247.9859,247.9859,247.9859,200
2026-03-27 17:22:00,247.96,247.96,247.96,247.96,100
2026-03-27 17:24:00,247.84,247.84,247.84,247.84,300
2026-03-27 17:26:00,247.8,247.8,247.8,247.8,360
2026-03-27 17:27:00,247.8,247.8,247.8,247.8,100
2026-03-27 17:28:00,247.91,247.91,247.91,247.91,240
2026-03-27 17:31:00,247.92,247.92,247.92,247.92,344
2026-03-27 17:32:00,247.98,248,247.8849,247.8849,304
2026-03-27 17:33:00,248,248,248,248,750
2026-03-27 17:34:00,248.07,248.07,248.07,248.07,3401
2026-03-27 17:35:00,247.95,247.95,247.95,247.95,337
2026-03-27 17:38:00,247.98,247.98,247.98,247.98,195
2026-03-27 17:39:00,248,248,248,248,189
2026-03-27 17:40:00,248.0317,248.0317,248.0317,248.0317,500
2026-03-27 17:43:00,248.02,248.02,248.02,248.02,434
2026-03-27 17:45:00,248.01,248.01,248.01,248.01,100
2026-03-27 17:46:00,248.02,248.02,248.02,248.02,904
2026-03-27 17:47:00,248.01,248.104,248.01,248.104,275
2026-03-27 17:48:00,248.12,248.12,248.12,248.12,473
2026-03-27 17:53:00,248.2,248.2,248.2,248.2,150
2026-03-27 17:54:00,248.15,248.15,248.15,248.15,123
2026-03-27 17:55:00,248.16,248.16,248.16,248.16,300
2026-03-27 17:57:00,248.05,248.05,248.05,248.05,220
2026-03-27 17:58:00,248.22,248.22,248.22,248.22,2000
2026-03-27 18:01:00,248.01,248.11,248,248.11,963
2026-03-27 18:02:00,248.06,248.06,247.97,247.97,1085
2026-03-27 18:03:00,247.94,247.94,247.94,247.94,200
2026-03-27 18:04:00,247.9,247.9,247.9,247.9,105
2026-03-27 18:07:00,247.83,247.83,247.8,247.8,1566
2026-03-27 18:10:00,247.9743,247.9743,247.9743,247.9743,175
2026-03-27 18:13:00,247.8,247.8,247.8,247.8,437
2026-03-27 18:19:00,248,248,248,248,923
2026-03-27 18:22:00,247.95,247.95,247.95,247.95,500
2026-03-27 18:24:00,247.99,247.99,247.99,247.99,600
2026-03-27 18:38:00,248,248,248,248,100
2026-03-27 18:41:00,247.89,247.89,247.89,247.89,150
2026-03-27 18:43:00,247.98,248.2,247.98,248.2,1996
2026-03-27 18:49:00,248.01,248.01,248.01,248.01,100
2026-03-27 18:52:00,248,248,248,248,358
2026-03-27 18:53:00,248,248,248,248,100
2026-03-27 18:54:00,248,248,248,248,312
2026-03-27 18:55:00,247.96,247.96,247.96,247.96,150
2026-03-27 18:58:00,248,248,248,248,226
2026-03-27 19:00:00,247.9,247.9,247.9,247.9,100
2026-03-27 19:06:00,247.9,247.9,247.8,247.8,839
2026-03-27 19:08:00,247.76,247.81,247.76,247.81,336
2026-03-27 19:11:00,247.7501,247.7501,247.7001,247.7001,505
2026-03-27 19:13:00,247.7,247.7,247.5,247.66,2031
2026-03-27 19:15:00,247.95,247.95,247.95,247.95,100
2026-03-27 19:19:00,247.7,247.7,247.67,247.673,500
2026-03-27 19:20:00,247.5074,247.5074,247.5,247.5,200
2026-03-27 19:23:00,247.6647,247.6647,247.6647,247.6647,285
2026-03-27 19:28:00,247.7,247.7,247.7,247.7,500
2026-03-27 19:29:00,247.64,247.64,247.64,247.64,500
2026-03-27 19:30:00,247.7,247.7,247.6,247.6,1677
2026-03-27 19:32:00,247.6,247.6,247.6,247.6,290
2026-03-27 19:34:00,247.55,247.56,247.5001,247.5001,4773
2026-03-27 19:35:00,247.5,247.52,247.5,247.52,1306
2026-03-27 19:36:00,247.6907,247.6907,247.6907,247.6907,100
2026-03-27 19:37:00,247.69,247.69,247.69,247.69,1611
2026-03-27 19:41:00,247.44,247.44,247.44,247.44,250
2026-03-27 19:42:00,247.4,247.46,247.35,247.46,700
2026-03-27 19:44:00,247.3,247.3001,247.3,247.3001,1200
2026-03-27 19:45:00,247.3,247.3,247.3,247.3,2617
2026-03-27 19:46:00,247.35,247.35,247.35,247.35,200
2026-03-27 19:47:00,247.5,247.5,247.5,247.5,250
2026-03-27 19:48:00,247.5,247.5,247.49,247.5,702
2026-03-27 19:49:00,247.37,247.37,247.37,247.37,200
2026-03-27 19:52:00,247.3983,247.4,247.3983,247.4,200
2026-03-27 19:53:00,247.35,247.35,247.3008,247.3008,3545
2026-03-27 19:54:00,247.3299,247.3299,247.3261,247.3293,1100
2026-03-27 19:55:00,247.33,247.33,247.3,247.3,1327
2026-03-27 19:56:00,247.33,247.33,247.2793,247.33,1587
2026-03-27 19:57:00,247.33,247.33,247.33,247.33,200
2026-03-27 19:58:00,247.29,247.31,247.29,247.31,2604
2026-03-27 19:59:00,247.3493,247.3493,247.25,247.25,1476
