timestamp,open,high,low,close,volume
2026-03-16 04:00:00,624.05,624.36,622,623.5,7861
2026-03-16 04:01:00,623.74,625.6,623.5,625.6,8095
2026-03-16 04:02:00,625.83,629.98,625.83,629,9474
2026-03-16 04:03:00,628.02,628.44,627.5,627.9,2966
2026-03-16 04:04:00,627.88,628.57,627.16,628.49,3432
2026-03-16 04:05:00,628.6,628.6,627.5,627.6,5400
2026-03-16 04:06:00,627.9,628,627.6,627.6,1805
2026-03-16 04:07:00,627.85,628.44,627.85,628.06,1820
2026-03-16 04:08:00,627.91,629,627.91,629,2373
2026-03-16 04:09:00,628.98,630,628.98,630,4156
2026-03-16 04:10:00,630.24,630.52,629.96,630.46,1629
2026-03-16 04:11:00,630.46,630.98,630.3,630.3,363
2026-03-16 04:12:00,630,630,629.57,629.65,1718
2026-03-16 04:13:00,629.5,629.65,629.49,629.49,238
2026-03-16 04:14:00,629.01,629.46,629,629,1388
2026-03-16 04:15:00,628.13,628.13,628.06,628.06,289
2026-03-16 04:16:00,628.6,629.01,628.59,629.01,1841
2026-03-16 04:17:00,629.34,629.5,629.01,629.01,400
2026-03-16 04:18:00,628.94,629.2,628.82,629.2,793
2026-03-16 04:19:00,628.73,629,628.73,629,260
2026-03-16 04:20:00,628.88,629.56,628.88,629.56,1883
2026-03-16 04:21:00,629.7,630.08,629.7,629.91,1680
2026-03-16 04:22:00,629.91,629.99,629.9,629.99,690
2026-03-16 04:23:00,630.4,630.7,630.19,630.19,286
2026-03-16 04:24:00,630.23,630.56,630.01,630.37,947
2026-03-16 04:25:00,630.59,630.59,630,630,222
2026-03-16 04:26:00,629.65,629.65,629.4,629.4,266
2026-03-16 04:27:00,629.11,629.31,629.11,629.2,491
2026-03-16 04:28:00,629.4,630,629.4,629.97,1592
2026-03-16 04:29:00,630.01,630.29,629.8,629.8,1415
2026-03-16 04:30:00,629.8,629.8,629.26,629.26,336
2026-03-16 04:31:00,629.5,629.5,629.3,629.3,170
2026-03-16 04:32:00,629.3,629.3,629.3,629.3,1014
2026-03-16 04:33:00,629.3,629.3,628.5,628.5,1445
2026-03-16 04:35:00,628.5,628.5,628.5,628.5,153
2026-03-16 04:36:00,628.5,628.6,628.5,628.6,126
2026-03-16 04:37:00,628.3,628.5,628.16,628.5,622
2026-03-16 04:38:00,628.5,628.5,628.5,628.5,128
2026-03-16 04:39:00,628.51,628.51,628.5,628.5,970
2026-03-16 04:40:00,628.51,628.62,628.11,628.62,704
2026-03-16 04:41:00,628.39,629.01,628.39,629.01,360
2026-03-16 04:42:00,628.99,630.06,628.99,630.06,1571
2026-03-16 04:43:00,630,630.01,630,630.01,300
2026-03-16 04:44:00,630.01,630.07,630,630,1786
2026-03-16 04:45:00,630.12,630.24,630,630,1174
2026-03-16 04:46:00,630.12,630.12,630,630,1620
2026-03-16 04:47:00,630,630.39,630,630.39,723
2026-03-16 04:48:00,630.39,630.6,630.39,630.6,1118
2026-03-16 04:49:00,630.59,630.6,630.59,630.59,287
2026-03-16 04:50:00,630.35,631.23,630.35,631,4716
2026-03-16 04:51:00,630.18,630.18,630.18,630.18,50
2026-03-16 04:56:00,630.5,630.5,630.34,630.34,105
2026-03-16 04:57:00,630.06,630.06,629.56,629.56,550
2026-03-16 05:00:00,629.62,630.1,629.57,630.05,420
2026-03-16 05:01:00,630,630.27,630,630.27,370
2026-03-16 05:02:00,630.27,630.27,630.27,630.27,100
2026-03-16 05:03:00,630.19,631.4,630.19,631.35,2412
2026-03-16 05:04:00,631.3,631.3,631.2,631.21,280
2026-03-16 05:05:00,631.04,631.2,631,631.01,707
2026-03-16 05:06:00,631.01,631.38,631,631,483
2026-03-16 05:07:00,631,631.02,631,631,7054
2026-03-16 05:08:00,631,631,630.99,630.99,594
2026-03-16 05:09:00,630.87,631,630.87,631,652
2026-03-16 05:10:00,631.48,633,631.48,632.99,3902
2026-03-16 05:11:00,633,633.69,630.81,632.36,1333
2026-03-16 05:12:00,632.97,633.6,632.97,633.6,535
2026-03-16 05:13:00,633.59,633.6,633.59,633.6,122
2026-03-16 05:14:00,633.82,633.82,633.82,633.82,50
2026-03-16 05:15:00,632.99,633.14,632.99,633.01,4618
2026-03-16 05:16:00,633,633,632.81,633,272
2026-03-16 05:17:00,633,633,633,633,347
2026-03-16 05:18:00,633,633.06,633,633,1250
2026-03-16 05:19:00,633.01,633.28,633,633,524
2026-03-16 05:20:00,633.01,633.5,633,633,2059
2026-03-16 05:21:00,633.02,633.15,633,633.15,251
2026-03-16 05:22:00,633.1,633.1,633.1,633.1,51
2026-03-16 05:23:00,633,633.23,633,633,1553
2026-03-16 05:24:00,633,633.02,633,633,2033
2026-03-16 05:25:00,633,633.32,632.97,633.32,2780
2026-03-16 05:26:00,633.06,633.06,633.02,633.02,161
2026-03-16 05:27:00,633,633.2,633,633,151
2026-03-16 05:28:00,633,633,632.51,633,1854
2026-03-16 05:29:00,633,633.01,632.98,633,1740
2026-03-16 05:30:00,633,633.01,633,633,2666
2026-03-16 05:31:00,633,633.15,632.5,632.5,4829
2026-03-16 05:32:00,631.26,631.26,631,631.2,3529
2026-03-16 05:33:00,631.46,631.47,631,631,1996
2026-03-16 05:34:00,631.05,631.25,631,631.25,4632
2026-03-16 05:35:00,631.25,631.31,631.25,631.31,91
2026-03-16 05:36:00,631.36,632,631.36,632,1176
2026-03-16 05:37:00,632,632,631.77,631.77,334
2026-03-16 05:38:00,631.4,632,631.4,631.99,940
2026-03-16 05:39:00,632,632.98,632,632.98,1695
2026-03-16 05:40:00,632.5,632.5,632,632,784
2026-03-16 05:41:00,632.2,632.94,631.75,632.94,1449
2026-03-16 05:43:00,632.32,632.76,631.75,632.76,375
2026-03-16 05:44:00,632.25,632.25,632.25,632.25,420
2026-03-16 05:46:00,631.75,632.5,631.75,632.5,1406
2026-03-16 05:47:00,632.2,632.2,632.2,632.2,160
2026-03-16 05:49:00,632.33,632.33,632.32,632.32,160
2026-03-16 05:51:00,632,632.25,632,632,934
2026-03-16 05:52:00,632,632,631.5,631.5,1761
2026-03-16 05:53:00,631.58,631.58,631.5,631.5,1065
2026-03-16 05:54:00,631.33,631.33,631.25,631.25,157
2026-03-16 05:55:00,631.26,631.5,631.25,631.5,219
2026-03-16 05:56:00,631.45,631.45,631.45,631.45,80
2026-03-16 05:57:00,631.25,631.25,631,631,712
2026-03-16 05:58:00,631.01,631.15,631,631,2828
2026-03-16 05:59:00,631,631,631,631,49
2026-03-16 06:00:00,631.02,632.68,631,631,6877
2026-03-16 06:01:00,632.3,632.3,632,632.21,1994
2026-03-16 06:02:00,632.2,632.57,631.06,631.06,2351
2026-03-16 06:03:00,631.12,631.75,631,631.32,2270
2026-03-16 06:04:00,631.17,631.17,631,631.07,515
2026-03-16 06:05:00,631.69,631.75,631.13,631.13,646
2026-03-16 06:06:00,631.15,631.15,631.15,631.15,40
2026-03-16 06:07:00,631.15,631.15,631.03,631.15,200
2026-03-16 06:08:00,631.05,631.05,631.05,631.05,91
2026-03-16 06:09:00,631.13,631.3,631.06,631.3,736
2026-03-16 06:10:00,631.3,631.3,631.06,631.06,248
2026-03-16 06:11:00,631.11,631.27,631.11,631.27,99
2026-03-16 06:12:00,631,631,630,630,867
2026-03-16 06:13:00,630.03,630.03,629.78,629.78,682
2026-03-16 06:14:00,629.51,629.69,629.51,629.69,155
2026-03-16 06:15:00,630.25,630.45,630.25,630.45,864
2026-03-16 06:16:00,630,630,630,630,40
2026-03-16 06:17:00,629.85,629.9,629.5,629.69,1498
2026-03-16 06:18:00,629.51,629.51,629.51,629.51,63
2026-03-16 06:19:00,630,630.25,629.75,629.75,1649
2026-03-16 06:20:00,630,630.43,630,630.43,614
2026-03-16 06:21:00,631.04,631.04,631.04,631.04,40
2026-03-16 06:22:00,631,631,630.9,630.9,303
2026-03-16 06:23:00,630.9,630.9,630.9,630.9,44
2026-03-16 06:24:00,630.5,630.5,630.5,630.5,60
2026-03-16 06:25:00,630.47,630.49,630.43,630.49,329
2026-03-16 06:26:00,630.385,630.49,630.385,630.49,294
2026-03-16 06:27:00,630.9,631.2,630.89,631.2,1586
2026-03-16 06:28:00,631.3,631.3,631.21,631.3,295
2026-03-16 06:29:00,631.21,631.4,631.21,631.4,233
2026-03-16 06:30:00,631.3,631.3,631.21,631.21,202
2026-03-16 06:31:00,631,631,630.07,630.07,150
2026-03-16 06:32:00,630.6,630.6,630.5,630.5,150
2026-03-16 06:33:00,630.97,631,630.95,631,676
2026-03-16 06:34:00,631.33,631.4,631.33,631.39,580
2026-03-16 06:35:00,631.42,631.77,631.22,631.25,2231
2026-03-16 06:38:00,630.5,630.5,630.01,630.15,322
2026-03-16 06:40:00,630.31,630.31,630.31,630.31,63
2026-03-16 06:42:00,631,631.5,631,631.5,257
2026-03-16 06:43:00,631.25,631.77,631.25,631.72,465
2026-03-16 06:44:00,630.5,630.5,630,630,242
2026-03-16 06:45:00,630.56,631.08,629.5,631.02,3101
2026-03-16 06:46:00,630.32,631.01,630.32,631.01,497
2026-03-16 06:47:00,630.86,630.86,630.86,630.86,96
2026-03-16 06:48:00,631.5,631.5,631.5,631.5,105
2026-03-16 06:49:00,631.49,631.49,631.4,631.4,223
2026-03-16 06:50:00,631.65,631.65,631.65,631.65,70
2026-03-16 06:51:00,631.5,631.51,631,631.44,2115
2026-03-16 06:52:00,631.1,631.1,631.09,631.09,100
2026-03-16 06:53:00,631,631.1,630.39,630.63,773
2026-03-16 06:55:00,630.99,631.5,630.99,631.5,758
2026-03-16 06:56:00,631.01,631.02,631,631,545
2026-03-16 06:57:00,631.42,631.78,631.42,631.74,611
2026-03-16 06:58:00,631,631,631,631,45
2026-03-16 06:59:00,631,631,630.31,630.31,1299
2026-03-16 07:00:00,630.3,630.3,628.88,629.05,11127
2026-03-16 07:01:00,629.05,629.17,628,628.41,3605
2026-03-16 07:02:00,628.5,629.17,628.5,629.17,3162
2026-03-16 07:03:00,628.96,628.96,628,628.5,4774
2026-03-16 07:04:00,628.1,629,628.1,628.66,1152
2026-03-16 07:05:00,628.65,629,628.6,629,1328
2026-03-16 07:06:00,628.74,629,628.2,628.2,994
2026-03-16 07:07:00,628.25,628.5,628.04,628.2,4041
2026-03-16 07:08:00,628.2,628.59,628.2,628.49,570
2026-03-16 07:09:00,628.54,629.02,628.54,629.02,1655
2026-03-16 07:10:00,629,629.33,629,629.06,236
2026-03-16 07:11:00,629.33,629.74,629.33,629.45,1226
2026-03-16 07:12:00,629.5,629.5,629.4,629.4,272
2026-03-16 07:13:00,629.53,631,629.25,630,6883
2026-03-16 07:14:00,630,630,629.85,630,511
2026-03-16 07:15:00,630.5,631.05,630.25,631.05,2440
2026-03-16 07:16:00,631.06,631.3,630.96,631.06,2073
2026-03-16 07:17:00,630.75,630.93,630.56,630.56,432
2026-03-16 07:18:00,630.7,630.73,630.5,630.71,1066
2026-03-16 07:19:00,630.53,630.75,630.53,630.75,402
2026-03-16 07:20:00,630.5,630.6,630.5,630.6,459
2026-03-16 07:21:00,630.51,630.51,630.25,630.25,568
2026-03-16 07:22:00,630.25,630.25,629.94,629.94,655
2026-03-16 07:23:00,630.2,630.25,629.88,629.9,2576
2026-03-16 07:24:00,630.43,630.5,630.43,630.5,462
2026-03-16 07:25:00,630.19,630.19,630.19,630.19,183
2026-03-16 07:26:00,630.19,630.19,629.9,629.9,1356
2026-03-16 07:27:00,630.05,630.05,629.55,629.55,3418
2026-03-16 07:28:00,629.4,629.5,629,629,1750
2026-03-16 07:29:00,629.33,629.5,629.25,629.25,614
2026-03-16 07:30:00,629.37,629.7,629.35,629.7,530
2026-03-16 07:31:00,629.6,629.9,629.6,629.9,463
2026-03-16 07:32:00,629.9,630,629.9,630,850
2026-03-16 07:34:00,630,630,629,629,1707
2026-03-16 07:35:00,629,629,629,629,48
2026-03-16 07:37:00,629.7,629.7,629.7,629.7,75
2026-03-16 07:38:00,629.63,629.63,629.5,629.5,140
2026-03-16 07:39:00,629.5,629.5,629.5,629.5,70
2026-03-16 07:40:00,629.6,629.8,629.6,629.8,142
2026-03-16 07:41:00,629.78,629.78,629.78,629.78,98
2026-03-16 07:42:00,630,631,630,631,3427
2026-03-16 07:43:00,630.97,631.5,630.85,631.5,3377
2026-03-16 07:44:00,631.5,631.5,631.32,631.32,345
2026-03-16 07:45:00,631.25,631.25,631.19,631.19,160
2026-03-16 07:46:00,631.13,631.13,631.13,631.13,75
2026-03-16 07:47:00,631.17,631.2,631.17,631.2,205
2026-03-16 07:49:00,630.95,630.95,630.95,630.95,83
2026-03-16 07:50:00,631.19,631.33,631.19,631.27,264
2026-03-16 07:51:00,631.01,631.25,630.99,631.25,3277
2026-03-16 07:52:00,631.23,631.25,630.99,631,667
2026-03-16 07:53:00,630.78,630.84,630.5,630.75,972
2026-03-16 07:54:00,630.45,630.45,630,630,786
2026-03-16 07:55:00,630.07,630.52,630.01,630.52,1540
2026-03-16 07:56:00,630.01,630.01,630.01,630.01,184
2026-03-16 07:57:00,630.02,630.02,630,630,1773
2026-03-16 07:58:00,630,630,629.63,629.63,1272
2026-03-16 07:59:00,629.51,629.8,629.51,629.8,150
2026-03-16 08:00:00,629.2,633.5,623.01,629.99,85920
2026-03-16 08:01:00,623,630.02,620.58,630.01,19952
2026-03-16 08:02:00,630.12,631,627.22,631,8539
2026-03-16 08:03:00,630.5,630.5,611.653,630.5,1420
2026-03-16 08:04:00,630.78,631.063,630.56,631.063,1058
2026-03-16 08:05:00,631,631.35,631,631.35,1784
2026-03-16 08:06:00,631.39,631.84,621.66,631.28,3086
2026-03-16 08:07:00,631.47,632.45,631.47,631.91,4638
2026-03-16 08:08:00,632.21,632.5,631.8,631.8,3190
2026-03-16 08:09:00,631.71,631.98,631.71,631.9,1286
2026-03-16 08:10:00,631.61,631.8648,631,631.1501,1806
2026-03-16 08:11:00,631.15,631.15,630,630.0001,1474
2026-03-16 08:12:00,631,631.15,630.6363,630.9,931
2026-03-16 08:13:00,631.06,631.35,631,631.065,1367
2026-03-16 08:14:00,631.5,631.5,631,631.25,1708
2026-03-16 08:15:00,631.24,631.31,631.01,631.01,862
2026-03-16 08:16:00,631,631.7465,631,631.7465,2133
2026-03-16 08:17:00,631.5,631.5,631,631,1039
2026-03-16 08:18:00,631.25,631.35,631.0648,631.35,1581
2026-03-16 08:19:00,631.25,631.82,631.25,631.8,3115
2026-03-16 08:20:00,631.72,631.84,631.51,631.7,1313
2026-03-16 08:21:00,631.6,631.6,631.24,631.45,2316
2026-03-16 08:22:00,631.23,631.5,631.11,631.25,1742
2026-03-16 08:23:00,631.6,631.7,631.25,631.7,823
2026-03-16 08:24:00,631.5,631.6084,631.49,631.5,554
2026-03-16 08:25:00,631.5,631.5,631.06,631.22,1199
2026-03-16 08:26:00,631.4408,631.5,631.13,631.3,4192
2026-03-16 08:27:00,631.2,631.5543,631.05,631.2,729
2026-03-16 08:28:00,631.2,632,631,631.2,4049
2026-03-16 08:29:00,632,632,631.26,632,1267
2026-03-16 08:30:00,632,632.08,631.1101,631.6071,2667
2026-03-16 08:31:00,632,633,632,632.9,9443
2026-03-16 08:32:00,632.9103,633,632.5,633,5722
2026-03-16 08:33:00,633,633.23,633,633,1324
2026-03-16 08:34:00,633.04,633.4492,633,633.3,2428
2026-03-16 08:35:00,633.423,633.423,632.99,632.99,1987
2026-03-16 08:36:00,633,633,632.53,632.53,100
2026-03-16 08:37:00,632.71,632.84,632.47,632.47,1395
2026-03-16 08:38:00,632.45,632.7,632,632,2112
2026-03-16 08:39:00,632,632.27,632,632.27,541
2026-03-16 08:40:00,632.3243,632.41,632,632.4,1385
2026-03-16 08:41:00,632.41,632.5,632.41,632.48,557
2026-03-16 08:42:00,632.57,632.7,632.39,632.5,325
2026-03-16 08:43:00,632.63,632.63,632,632.45,663
2026-03-16 08:44:00,632.5,632.68,632.065,632.68,1723
2026-03-16 08:45:00,632.8,633.65,632.73,633.5154,2194
2026-03-16 08:46:00,633.6,634.65,633.49,634,7626
2026-03-16 08:47:00,634,634.3474,633.4,633.9,2636
2026-03-16 08:48:00,633.9,633.9,633,633.53,2348
2026-03-16 08:49:00,633.49,633.677,633.063,633.52,1336
2026-03-16 08:50:00,633.4,633.4,633.4,633.4,779
2026-03-16 08:51:00,633.4,633.61,633,633.55,11747
2026-03-16 08:52:00,633.55,633.7239,633.55,633.64,1898
2026-03-16 08:53:00,633.64,633.78,633.55,633.55,3362
2026-03-16 08:54:00,633.55,633.57,633.55,633.55,3115
2026-03-16 08:55:00,633.5516,633.65,633.1132,633.4,8507
2026-03-16 08:56:00,633.19,633.19,633,633,3023
2026-03-16 08:57:00,633,633.15,633,633.15,3718
2026-03-16 08:58:00,633.1,633.1,633,633,2478
2026-03-16 08:59:00,633,633,632.1,632.5,1708
2026-03-16 09:00:00,632.6942,632.71,632.25,632.4,1337
2026-03-16 09:01:00,632.6198,633.03,632.1436,632.85,3346
2026-03-16 09:02:00,632.59,632.9304,632.59,632.6375,543
2026-03-16 09:03:00,633,633,632.59,632.59,800
2026-03-16 09:04:00,632.6368,632.85,632.6368,632.8,340
2026-03-16 09:05:00,632.98,633,632.9,632.9,3123
2026-03-16 09:06:00,632.99,633.05,632.9,632.9,1816
2026-03-16 09:07:00,632.9,633.03,632.9,633.02,1272
2026-03-16 09:08:00,633.0017,633.06,632.9,633.05,4653
2026-03-16 09:09:00,633.03,633.3,633.03,633.13,2341
2026-03-16 09:10:00,633.06,633.08,632.9,633.01,5917
2026-03-16 09:11:00,632.9901,633,632.9,633,2653
2026-03-16 09:12:00,633,633,632.9,632.9,2824
2026-03-16 09:13:00,632.9,633.14,632.77,633.04,5004
2026-03-16 09:14:00,633.06,633.06,632.59,632.9,941
2026-03-16 09:15:00,632.71,632.76,632,632.43,6892
2026-03-16 09:16:00,632.14,632.14,631.2591,631.3341,1234
2026-03-16 09:17:00,631.37,632,630.99,631.55,10271
2026-03-16 09:18:00,631.24,631.63,631.02,631.5,596
2026-03-16 09:19:00,631.63,631.92,631.34,631.92,1733
2026-03-16 09:20:00,631.62,631.89,631.62,631.89,923
2026-03-16 09:21:00,631.58,631.9,631.4,631.9,2719
2026-03-16 09:22:00,631.92,631.92,631.4,631.4,1604
2026-03-16 09:23:00,631.32,631.47,631.04,631.47,1324
2026-03-16 09:24:00,631.4068,631.4068,630.07,630.7,5401
2026-03-16 09:25:00,630.39,630.5,630,630.01,8263
2026-03-16 09:26:00,630.25,630.4,630,630.02,2640
2026-03-16 09:27:00,630.17,633.03,630.17,632.84,2577
2026-03-16 09:28:00,632.99,633.4,632.79,632.79,6598
2026-03-16 09:29:00,632.79,632.9,632.02,632.55,1685
2026-03-16 09:30:00,632.55,632.55,625.8,626.835,401173
2026-03-16 09:31:00,626.835,628.01,626.45,627.67,93102
2026-03-16 09:32:00,627.37,629.425,626.55,628.48,235460
2026-03-16 09:33:00,628.48,631,628.48,630.9,141226
2026-03-16 09:34:00,630.99,632.43,630.12,632.155,119935
2026-03-16 09:35:00,632.15,634.5,631.935,634.116,182705
2026-03-16 09:36:00,634.02,634.31,632.225,632.69,162673
2026-03-16 09:37:00,632.69,633.2,631.34,631.615,131004
2026-03-16 09:38:00,631.615,632.59,631.2,631.2,92277
2026-03-16 09:39:00,631.37,632.11,629.605,629.79,174868
2026-03-16 09:40:00,629.8236,630.4,628.612,629.275,87990
2026-03-16 09:41:00,629.37,629.88,628.6,629.555,50854
2026-03-16 09:42:00,629.515,630.5,629.37,629.43,58300
2026-03-16 09:43:00,629.41,629.41,627.36,627.645,60544
2026-03-16 09:44:00,627.64,627.89,626.5,626.61,61659
2026-03-16 09:45:00,626.67,627.92,626.5,627.92,78534
2026-03-16 09:46:00,627.9,628.1326,627.09,627.605,65338
2026-03-16 09:47:00,627.61,628.17,627.03,627.735,65424
2026-03-16 09:48:00,627.89,628.01,627.0501,627.765,47160
2026-03-16 09:49:00,627.98,629.7,627.7,629.32,62921
2026-03-16 09:50:00,629.32,629.6172,628.3,629.34,45703
2026-03-16 09:51:00,629.375,629.92,629.14,629.26,21043
2026-03-16 09:52:00,629.295,629.8,628.96,628.96,24619
2026-03-16 09:53:00,629.105,629.6,628.515,629.56,17145
2026-03-16 09:54:00,629.4,629.98,628.6201,629.01,35128
2026-03-16 09:55:00,628.97,629.44,628.65,629.2501,23879
2026-03-16 09:56:00,629.385,629.99,629.19,629.85,22963
2026-03-16 09:57:00,629.82,631.7,629.74,631.7,52537
2026-03-16 09:58:00,631.59,632,631.44,631.91,53673
2026-03-16 09:59:00,631.83,631.855,630.81,631.365,34366
2026-03-16 10:00:00,631.44,631.8,629.26,629.7,47702
2026-03-16 10:01:00,629.555,630.52,629.02,630.27,36744
2026-03-16 10:02:00,630.24,630.29,629.41,630.14,13705
2026-03-16 10:03:00,630.1884,630.5,629.76,629.95,16836
2026-03-16 10:04:00,629.925,630.16,629.73,630.16,19342
2026-03-16 10:05:00,630.21,630.9999,629.57,630.9999,20697
2026-03-16 10:06:00,630.88,631.99,630.59,631.88,22287
2026-03-16 10:07:00,631.88,632.87,631.57,632.615,48808
2026-03-16 10:08:00,632.63,633.18,632.14,633.17,62637
2026-03-16 10:09:00,633.05,633.3,632.87,633.09,31342
2026-03-16 10:10:00,633.19,634.16,633,633.83,48575
2026-03-16 10:11:00,633.825,634.395,633.28,634.25,38234
2026-03-16 10:12:00,634.34,634.75,633.34,633.63,50870
2026-03-16 10:13:00,633.476,634.4514,633.34,633.69,45432
2026-03-16 10:14:00,633.51,633.6417,633.01,633.035,21849
2026-03-16 10:15:00,633.01,633.38,632.76,632.99,18922
2026-03-16 10:16:00,632.98,633.8599,632.86,633.1426,33502
2026-03-16 10:17:00,633.25,633.65,632.875,633.49,21884
2026-03-16 10:18:00,633.4804,633.62,633.11,633.595,26940
2026-03-16 10:19:00,633.625,633.79,632.72,633.02,42064
2026-03-16 10:20:00,633.02,633.78,632.7,633.37,37000
2026-03-16 10:21:00,633.26,633.365,632.38,632.38,29219
2026-03-16 10:22:00,632.4301,632.4301,631.53,631.69,31224
2026-03-16 10:23:00,631.64,632.2799,631.338,631.755,22854
2026-03-16 10:24:00,631.7573,632.86,631.615,632.7,11169
2026-03-16 10:25:00,632.71,633.3,631.92,632.82,17318
2026-03-16 10:26:00,632.77,633.36,632.66,633.04,17125
2026-03-16 10:27:00,632.97,633,632.51,632.56,13952
2026-03-16 10:28:00,632.635,632.76,632.0201,632.41,12391
2026-03-16 10:29:00,632.26,632.87,632.15,632.15,26580
2026-03-16 10:30:00,632.09,632.09,630.91,630.995,44190
2026-03-16 10:31:00,631.005,631.41,630.885,631.17,27717
2026-03-16 10:32:00,631.15,631.55,630.85,630.86,18786
2026-03-16 10:33:00,630.94,631.1964,630.29,630.38,24596
2026-03-16 10:34:00,630.39,630.41,629.64,629.735,25499
2026-03-16 10:35:00,629.8,630.3999,629.8,630.295,32008
2026-03-16 10:36:00,630.3,630.7546,630.065,630.27,19819
2026-03-16 10:37:00,630.275,630.63,629.26,629.26,34767
2026-03-16 10:38:00,629.48,629.66,627.65,627.75,50632
2026-03-16 10:39:00,627.8,629,627.74,628.29,29700
2026-03-16 10:40:00,628.29,628.92,628.21,628.59,21292
2026-03-16 10:41:00,628.57,629.2,628.55,628.78,19275
2026-03-16 10:42:00,628.99,628.99,628.1,628.3845,16985
2026-03-16 10:43:00,628.525,629.02,628.34,628.5445,13996
2026-03-16 10:44:00,628.535,629.12,628.35,628.39,18157
2026-03-16 10:45:00,628.35,628.98,628.2,628.6,33025
2026-03-16 10:46:00,628.68,629.18,628.435,628.66,21571
2026-03-16 10:47:00,628.52,628.8799,627.74,627.75,19079
2026-03-16 10:48:00,627.865,628.73,627.6001,628.5,10833
2026-03-16 10:49:00,628.59,628.6,628.15,628.225,8753
2026-03-16 10:50:00,628.14,628.16,627.5,627.66,15575
2026-03-16 10:51:00,627.67,628.905,627.52,628.77,11383
2026-03-16 10:52:00,628.64,628.91,628.18,628.48,14790
2026-03-16 10:53:00,628.69,629.39,628.59,629.215,28667
2026-03-16 10:54:00,629.215,629.59,628.8314,629.2201,16457
2026-03-16 10:55:00,629.35,629.51,628.84,629.36,18727
2026-03-16 10:56:00,629.41,629.45,629.02,629.35,14844
2026-03-16 10:57:00,629.33,629.74,628.88,629.22,13484
2026-03-16 10:58:00,629.0707,629.37,628.84,628.88,9975
2026-03-16 10:59:00,628.885,629.63,628.88,629.6,15420
2026-03-16 11:00:00,629.48,629.61,629.11,629.265,19111
2026-03-16 11:01:00,629.33,629.43,628.44,628.645,10902
2026-03-16 11:02:00,628.6,629,628.1501,628.987,28001
2026-03-16 11:03:00,628.88,629,627.81,627.99,15731
2026-03-16 11:04:00,628.1,628.11,627.5,627.54,18332
2026-03-16 11:05:00,627.58,627.68,627.09,627.54,21232
2026-03-16 11:06:00,627.625,628.11,627.5,628.09,15085
2026-03-16 11:07:00,628.025,628.04,627.45,627.9,24731
2026-03-16 11:08:00,627.9,629.23,627.81,629.05,20291
2026-03-16 11:09:00,629,629.18,628.86,629.02,14276
2026-03-16 11:10:00,629.05,629.11,628.23,628.31,13172
2026-03-16 11:11:00,628.32,628.36,627.88,628.14,16162
2026-03-16 11:12:00,628.14,628.44,627.93,628.34,13073
2026-03-16 11:13:00,628.455,629.23,628.28,629.17,18870
2026-03-16 11:14:00,629.04,629.44,628.9701,629.07,12282
2026-03-16 11:15:00,629.04,629.08,628.385,628.6701,14073
2026-03-16 11:16:00,628.75,628.75,628.02,628.305,6956
2026-03-16 11:17:00,628.275,628.49,627.88,628.49,11455
2026-03-16 11:18:00,628.46,628.61,628.19,628.28,10930
2026-03-16 11:19:00,628.355,629.115,628.26,629.115,18409
2026-03-16 11:20:00,629.09,629.09,628.6901,628.91,17556
2026-03-16 11:21:00,628.82,628.83,628.33,628.53,10340
2026-03-16 11:22:00,628.545,628.65,628.22,628.45,12812
2026-03-16 11:23:00,628.44,628.82,628.2,628.8,11766
2026-03-16 11:24:00,628.79,629.03,628.6751,628.88,8749
2026-03-16 11:25:00,628.815,628.94,628.29,628.905,15204
2026-03-16 11:26:00,628.97,629.64,628.88,629.3827,8658
2026-03-16 11:27:00,629.47,629.55,629.1114,629.19,3524
2026-03-16 11:28:00,629.22,629.6,629,629.345,10565
2026-03-16 11:29:00,629.34,629.45,628.7701,629.18,8859
2026-03-16 11:30:00,629.15,629.49,629,629.02,10572
2026-03-16 11:31:00,629.105,629.105,628.13,628.724,27225
2026-03-16 11:32:00,628.61,629.39,628.61,629.03,13336
2026-03-16 11:33:00,629.03,629.25,628.88,628.995,10500
2026-03-16 11:34:00,629,629.59,629,629.3238,8125
2026-03-16 11:35:00,629.29,629.37,628.91,629.02,13176
2026-03-16 11:36:00,629.1,629.5,629.02,629.4406,8281
2026-03-16 11:37:00,629.4699,629.7,629.21,629.69,11228
2026-03-16 11:38:00,629.76,630,629.55,629.5601,20693
2026-03-16 11:39:00,629.665,629.665,629.18,629.24,15493
2026-03-16 11:40:00,629.27,629.3,628.8,628.905,8586
2026-03-16 11:41:00,628.97,628.9825,628.3,628.535,16421
2026-03-16 11:42:00,628.52,629.1558,628.52,628.98,10749
2026-03-16 11:43:00,628.98,629.09,628.77,628.9125,6074
2026-03-16 11:44:00,629,629.1,628.82,628.82,9179
2026-03-16 11:45:00,628.76,629.0999,628.7401,628.7401,5866
2026-03-16 11:46:00,628.8108,628.91,628.41,628.455,12926
2026-03-16 11:47:00,628.51,628.88,628.43,628.58,6196
2026-03-16 11:48:00,628.61,628.76,628.44,628.675,13974
2026-03-16 11:49:00,628.675,628.76,628.44,628.65,6465
2026-03-16 11:50:00,628.6,628.65,627.68,627.74,30854
2026-03-16 11:51:00,627.74,628.19,627.4,627.84,15979
2026-03-16 11:52:00,627.8568,628.27,627.67,628.09,12742
2026-03-16 11:53:00,628.14,628.14,627.39,627.66,10765
2026-03-16 11:54:00,627.61,628.01,627.6,627.755,14486
2026-03-16 11:55:00,627.755,627.88,627.32,627.36,26247
2026-03-16 11:56:00,627.465,627.85,627.31,627.7,12931
2026-03-16 11:57:00,627.695,627.84,626.99,627.14,21796
2026-03-16 11:58:00,627.16,627.58,627.02,627.22,14517
2026-03-16 11:59:00,627.22,627.49,626.98,627.01,14366
2026-03-16 12:00:00,626.98,627.51,626.9,627.3,17004
2026-03-16 12:01:00,627.28,627.29,626.75,626.75,17032
2026-03-16 12:02:00,626.7,626.86,626.34,626.48,15664
2026-03-16 12:03:00,626.43,626.6236,626.28,626.5,12984
2026-03-16 12:04:00,626.55,626.65,625.87,625.88,31103
2026-03-16 12:05:00,625.85,626.19,625.7,625.9,29399
2026-03-16 12:06:00,625.95,626.1892,625.78,625.81,15672
2026-03-16 12:07:00,625.86,626.15,625.7,626.125,24230
2026-03-16 12:08:00,626.1596,626.2899,625.8,626.11,17478
2026-03-16 12:09:00,626.05,626.2,625.57,625.955,32269
2026-03-16 12:10:00,625.955,626.18,625.63,625.88,16311
2026-03-16 12:11:00,625.94,625.94,625.09,625.17,18611
2026-03-16 12:12:00,625.23,625.23,624.5,624.5,32557
2026-03-16 12:13:00,624.565,625,624.56,624.56,22062
2026-03-16 12:14:00,624.655,624.91,624.46,624.794,23156
2026-03-16 12:15:00,624.78,624.78,624.36,624.5,27065
2026-03-16 12:16:00,624.44,624.75,624.21,624.27,31926
2026-03-16 12:17:00,624.3,624.62,624.0022,624.62,28500
2026-03-16 12:18:00,624.535,624.69,624.2401,624.59,23990
2026-03-16 12:19:00,624.54,624.71,624.24,624.31,22097
2026-03-16 12:20:00,624.3,625,624.27,624.62,20525
2026-03-16 12:21:00,624.81,624.91,623.95,623.97,29850
2026-03-16 12:22:00,624.01,624.81,624.01,624.69,15907
2026-03-16 12:23:00,624.725,624.89,624.07,624.07,22373
2026-03-16 12:24:00,624.16,624.72,623.71,623.87,24124
2026-03-16 12:25:00,623.83,623.83,623.1004,623.5,12842
2026-03-16 12:26:00,623.6399,623.65,623.2,623.6,15159
2026-03-16 12:27:00,623.63,624.11,623.33,623.33,15730
2026-03-16 12:28:00,623.43,623.65,623.295,623.595,11952
2026-03-16 12:29:00,623.52,623.99,623.35,623.72,9231
2026-03-16 12:30:00,623.785,623.79,623.34,623.52,22466
2026-03-16 12:31:00,623.43,624.12,623.25,624.075,9317
2026-03-16 12:32:00,624.15,624.63,623.86,623.96,12348
2026-03-16 12:33:00,623.97,624.27,623.9,624.1,18107
2026-03-16 12:34:00,624.09,624.26,623.64,623.82,9225
2026-03-16 12:35:00,623.89,624.26,623.75,624.105,16534
2026-03-16 12:36:00,624.04,624.35,623.97,624.065,12104
2026-03-16 12:37:00,624.04,624.7299,624.0265,624.5,14004
2026-03-16 12:38:00,624.53,624.53,624.11,624.5,9085
2026-03-16 12:39:00,624.42,624.77,624.23,624.75,7211
2026-03-16 12:40:00,624.63,624.6634,624.0601,624.51,7722
2026-03-16 12:41:00,624.6,624.85,624.49,624.84,11597
2026-03-16 12:42:00,624.8,625,624.67,625,11578
2026-03-16 12:43:00,625.041,625.49,624.9001,625.33,21357
2026-03-16 12:44:00,625.26,625.41,625.1601,625.32,8827
2026-03-16 12:45:00,625.375,625.375,624.93,625.12,14574
2026-03-16 12:46:00,625.14,625.28,624.93,625.2,5968
2026-03-16 12:47:00,625.17,625.22,624.81,624.81,8504
2026-03-16 12:48:00,624.85,625.0768,624.5,625.01,7649
2026-03-16 12:49:00,625.01,625.25,624.874,625.06,4817
2026-03-16 12:50:00,625.08,625.4999,624.86,625.428,8186
2026-03-16 12:51:00,625.32,625.65,625.2401,625.59,16816
2026-03-16 12:52:00,625.65,625.7685,625.48,625.74,5774
2026-03-16 12:53:00,625.7,625.74,625.31,625.49,11700
2026-03-16 12:54:00,625.41,625.67,625.22,625.49,7381
2026-03-16 12:55:00,625.63,625.72,625.41,625.505,4949
2026-03-16 12:56:00,625.49,625.64,625.36,625.61,10501
2026-03-16 12:57:00,625.59,625.91,625.39,625.52,14517
2026-03-16 12:58:00,625.54,626.53,625.41,626.48,24447
2026-03-16 12:59:00,626.4,626.4,625.63,625.99,14343
2026-03-16 13:00:00,625.68,626.9,625.56,626.87,14964
2026-03-16 13:01:00,626.86,627.03,626.2,626.475,11114
2026-03-16 13:02:00,626.485,626.9,626.2971,626.535,7467
2026-03-16 13:03:00,626.33,626.33,625.87,626.135,11441
2026-03-16 13:04:00,626.135,626.38,625.6,625.77,15713
2026-03-16 13:05:00,625.67,626.085,625.6,625.97,8780
2026-03-16 13:06:00,625.9001,626.37,625.77,626.28,8213
2026-03-16 13:07:00,626.195,626.4999,626.01,626.01,13234
2026-03-16 13:08:00,626,626.2199,625.57,625.78,13896
2026-03-16 13:09:00,625.79,625.92,625.12,625.21,10663
2026-03-16 13:10:00,625.1462,625.49,624.8701,625.31,39003
2026-03-16 13:11:00,625.21,625.35,624.8048,625.085,25339
2026-03-16 13:12:00,625.085,625.31,624.5501,625.3092,15484
2026-03-16 13:13:00,625.25,625.25,624.8,625.01,14242
2026-03-16 13:14:00,625.015,625.18,624.69,625.01,11003
2026-03-16 13:15:00,625.17,625.3999,624.8785,625.14,8044
2026-03-16 13:16:00,625.205,625.89,625.205,625.76,8780
2026-03-16 13:17:00,625.59,625.95,625.566,625.9,8138
2026-03-16 13:18:00,625.91,625.96,625.485,625.89,4923
2026-03-16 13:19:00,625.665,626.31,625.4,626.27,15261
2026-03-16 13:20:00,626.3,626.59,626.13,626.475,9732
2026-03-16 13:21:00,626.3601,626.69,626.27,626.2772,15215
2026-03-16 13:22:00,626.35,626.44,626.03,626.32,6669
2026-03-16 13:23:00,626.25,626.45,626.08,626.08,11937
2026-03-16 13:24:00,626.0618,626.1612,626,626.06,8819
2026-03-16 13:25:00,626.06,626.31,625.96,626.1,6256
2026-03-16 13:26:00,626.1,626.31,625.74,625.77,14262
2026-03-16 13:27:00,625.755,625.91,625.62,625.85,6990
2026-03-16 13:28:00,625.8,625.89,625.59,625.6,8435
2026-03-16 13:29:00,625.52,625.66,625.43,625.5,6379
2026-03-16 13:30:00,625.52,625.65,625.25,625.55,11571
2026-03-16 13:31:00,625.505,625.61,625.2,625.475,12166
2026-03-16 13:32:00,625.495,625.6,625.29,625.29,10316
2026-03-16 13:33:00,625.29,625.29,624.9301,625.07,20251
2026-03-16 13:34:00,625.2,625.39,625.01,625.13,15947
2026-03-16 13:35:00,625.12,625.225,624.8,624.81,16095
2026-03-16 13:36:00,624.84,624.925,624.44,624.6,30651
2026-03-16 13:37:00,624.53,624.85,624.27,624.68,17001
2026-03-16 13:38:00,624.793,624.793,624.43,624.44,10723
2026-03-16 13:39:00,624.44,624.5263,623.9,623.905,15595
2026-03-16 13:40:00,623.93,624,623.64,623.7101,23921
2026-03-16 13:41:00,623.81,624.7,623.5,624.405,32100
2026-03-16 13:42:00,624.3,624.52,624.0901,624.21,15581
2026-03-16 13:43:00,624.21,624.45,624.0001,624.17,11833
2026-03-16 13:44:00,624.21,624.41,624.06,624.1,3743
2026-03-16 13:45:00,624.1,624.73,624.1,624.6851,4668
2026-03-16 13:46:00,624.72,624.98,624.49,624.64,15911
2026-03-16 13:47:00,624.62,624.62,624.4,624.5399,3014
2026-03-16 13:48:00,624.54,624.54,624.03,624.15,9169
2026-03-16 13:49:00,624.26,624.6208,624.13,624.51,4731
2026-03-16 13:50:00,624.39,624.39,623.4,623.48,13665
2026-03-16 13:51:00,623.57,624.44,623.57,624.24,17469
2026-03-16 13:52:00,624.08,624.5,624.05,624.2118,5904
2026-03-16 13:53:00,624.14,624.31,623.65,624.08,12580
2026-03-16 13:54:00,624.22,624.37,623.725,623.8001,8303
2026-03-16 13:55:00,623.75,624.13,623.6001,623.9,10360
2026-03-16 13:56:00,623.9366,624.26,623.8,624.02,8440
2026-03-16 13:57:00,624,624.17,623.95,623.97,9133
2026-03-16 13:58:00,624.0251,624.09,623.8501,624.03,11394
2026-03-16 13:59:00,624.0342,624.0399,623.6,623.6,15280
2026-03-16 14:00:00,623.66,623.89,623.5,623.54,9386
2026-03-16 14:01:00,623.51,623.79,623.5,623.61,16196
2026-03-16 14:02:00,623.62,623.9099,623.6,623.89,12937
2026-03-16 14:03:00,623.91,623.94,623.55,623.9,14407
2026-03-16 14:04:00,623.86,624,623.55,623.95,29675
2026-03-16 14:05:00,623.99,624.4,623.815,624.26,12214
2026-03-16 14:06:00,624.23,624.42,624,624.345,12856
2026-03-16 14:07:00,624.45,624.96,624.1,624.96,11244
2026-03-16 14:08:00,624.895,624.895,624.4,624.46,8473
2026-03-16 14:09:00,624.37,624.62,624.29,624.48,8272
2026-03-16 14:10:00,624.41,624.62,624.345,624.38,7377
2026-03-16 14:11:00,624.31,624.4978,623.98,624.23,13633
2026-03-16 14:12:00,624.15,624.24,623.86,623.99,7539
2026-03-16 14:13:00,623.98,624.66,623.98,624.59,12634
2026-03-16 14:14:00,624.6,624.65,624.2301,624.41,6700
2026-03-16 14:15:00,624.42,624.5,624.2301,624.37,4043
2026-03-16 14:16:00,624.37,624.64,624.26,624.585,10475
2026-03-16 14:17:00,624.645,624.69,624.34,624.64,20113
2026-03-16 14:18:00,624.64,624.64,624.35,624.64,10393
2026-03-16 14:19:00,624.58,624.72,624.43,624.66,5484
2026-03-16 14:20:00,624.54,624.585,624.29,624.29,9538
2026-03-16 14:21:00,624.32,624.75,624.27,624.7,14668
2026-03-16 14:22:00,624.6444,624.87,624.6444,624.85,18721
2026-03-16 14:23:00,624.766,625.91,624.69,625.82,31165
2026-03-16 14:24:00,625.82,626.45,625.75,626.3243,38948
2026-03-16 14:25:00,626.28,626.342,626.05,626.245,14592
2026-03-16 14:26:00,626.197,626.45,626.13,626.2,11362
2026-03-16 14:27:00,626.28,626.39,626.01,626.39,12707
2026-03-16 14:28:00,626.32,626.46,625.8,626.15,24284
2026-03-16 14:29:00,626.1,626.9,626.06,626.865,25235
2026-03-16 14:30:00,626.85,627.5,626.77,627.475,41421
2026-03-16 14:31:00,627.355,627.53,626.07,626.45,35325
2026-03-16 14:32:00,626.51,626.51,626.14,626.42,9451
2026-03-16 14:33:00,626.405,626.81,626.31,626.4,23826
2026-03-16 14:34:00,626.39,626.6012,626.23,626.335,10748
2026-03-16 14:35:00,626.325,626.48,626.06,626.18,11434
2026-03-16 14:36:00,626.26,626.47,626.1165,626.44,6636
2026-03-16 14:37:00,626.44,626.455,626.01,626.21,10308
2026-03-16 14:38:00,626.1989,627.17,626.049,627.14,33182
2026-03-16 14:39:00,627.14,627.23,626.76,627.19,52022
2026-03-16 14:40:00,627.17,627.25,626.66,626.875,21365
2026-03-16 14:41:00,626.88,627.2,626.79,627.2,9804
2026-03-16 14:42:00,627.165,627.28,627.01,627.22,18884
2026-03-16 14:43:00,627.22,627.31,627.058,627.25,10776
2026-03-16 14:44:00,627.26,627.46,627.195,627.44,15553
2026-03-16 14:45:00,627.445,627.7,627.3101,627.34,24549
2026-03-16 14:46:00,627.31,627.99,627.31,627.74,13442
2026-03-16 14:47:00,627.74,627.95,627.63,627.86,15696
2026-03-16 14:48:00,627.86,628.1,627.6201,628.0082,15036
2026-03-16 14:49:00,628.01,628.1,627.83,627.855,5470
2026-03-16 14:50:00,627.835,627.98,627.64,627.81,8005
2026-03-16 14:51:00,627.79,628.11,627.79,628.05,10388
2026-03-16 14:52:00,628.025,628.15,627.88,628,5791
2026-03-16 14:53:00,628.04,628.04,627.8,627.8,5166
2026-03-16 14:54:00,627.8,627.91,627.6201,627.7,12335
2026-03-16 14:55:00,627.7,627.74,627.395,627.7,12722
2026-03-16 14:56:00,627.64,627.69,627.4,627.5425,11923
2026-03-16 14:57:00,627.53,627.71,627.51,627.53,8894
2026-03-16 14:58:00,627.58,627.7,627.54,627.685,8547
2026-03-16 14:59:00,627.74,627.9499,627.59,627.74,7220
2026-03-16 15:00:00,627.74,627.91,627.55,627.91,9799
2026-03-16 15:01:00,627.94,628.22,627.79,628.1,20856
2026-03-16 15:02:00,628.02,628.2,627.735,627.735,15482
2026-03-16 15:03:00,627.685,627.9099,627.59,627.715,18118
2026-03-16 15:04:00,627.7082,627.78,627.5379,627.725,17009
2026-03-16 15:05:00,627.725,627.79,627.3,627.4,25545
2026-03-16 15:06:00,627.38,627.72,627.29,627.565,13221
2026-03-16 15:07:00,627.4,627.7,626.8001,626.815,11123
2026-03-16 15:08:00,626.8388,626.93,626.65,626.69,13277
2026-03-16 15:09:00,626.62,628.174,626.62,628.14,32176
2026-03-16 15:10:00,628.24,628.64,627.2,627.24,25130
2026-03-16 15:11:00,627.25,627.25,626.6,627.05,31441
2026-03-16 15:12:00,627.0525,627.0525,626.1974,626.34,23786
2026-03-16 15:13:00,626.26,626.545,626.03,626.36,26855
2026-03-16 15:14:00,626.36,627.21,626.36,627.17,14035
2026-03-16 15:15:00,627.06,627.52,626.63,627.4,14410
2026-03-16 15:16:00,627.485,627.97,627.38,627.445,10653
2026-03-16 15:17:00,627.5,627.51,627.0401,627.1,7123
2026-03-16 15:18:00,627.06,627.1699,626.4701,626.5501,10095
2026-03-16 15:19:00,626.6798,626.6798,625.651,625.9,24392
2026-03-16 15:20:00,625.93,626.3999,625.7401,626.17,10632
2026-03-16 15:21:00,626.17,627.04,626.03,626.62,16972
2026-03-16 15:22:00,626.65,627.06,626.5,627.04,23476
2026-03-16 15:23:00,627.04,627.23,626.78,626.85,13300
2026-03-16 15:24:00,626.81,627.24,626.72,626.985,17097
2026-03-16 15:25:00,626.985,627.28,626.69,626.7,15160
2026-03-16 15:26:00,626.7,627.04,626.6,627.04,13683
2026-03-16 15:27:00,627,627.35,626.93,627.175,24065
2026-03-16 15:28:00,627.12,627.175,626.85,626.98,12858
2026-03-16 15:29:00,626.98,627.8,626.92,627.515,23655
2026-03-16 15:30:00,627.43,627.65,626.85,627.2,25592
2026-03-16 15:31:00,627.2,627.61,627.1,627.17,12838
2026-03-16 15:32:00,627.17,627.3,626.81,627.04,23328
2026-03-16 15:33:00,627.06,627.17,626.9,627.035,11007
2026-03-16 15:34:00,627.035,627.19,626.85,627.065,13924
2026-03-16 15:35:00,627.14,627.3299,627.005,627.17,13455
2026-03-16 15:36:00,627.12,627.88,627.095,627.88,22516
2026-03-16 15:37:00,627.8,628.23,627.542,627.71,25270
2026-03-16 15:38:00,627.6425,627.835,627.48,627.71,9699
2026-03-16 15:39:00,627.715,627.79,627.55,627.565,8784
2026-03-16 15:40:00,627.58,627.93,627.2875,627.39,37581
2026-03-16 15:41:00,627.375,627.405,627.13,627.33,22250
2026-03-16 15:42:00,627.33,627.44,626.83,627.0324,21794
2026-03-16 15:43:00,627.05,627.09,626.78,626.985,18931
2026-03-16 15:44:00,626.985,627.185,626.855,627.06,27769
2026-03-16 15:45:00,627.09,627.36,627.06,627.21,30135
2026-03-16 15:46:00,627.18,627.5,627,627.16,43208
2026-03-16 15:47:00,627.1601,627.38,626.94,627.28,23608
2026-03-16 15:48:00,627.305,627.59,627.16,627.28,23215
2026-03-16 15:49:00,627.26,627.83,627.15,627.47,28061
2026-03-16 15:50:00,627.46,627.98,627.175,627.645,45923
2026-03-16 15:51:00,627.68,628.12,627.3,627.8701,40144
2026-03-16 15:52:00,627.905,628.08,626.67,626.98,53512
2026-03-16 15:53:00,626.94,627.51,626.8008,627.455,36608
2026-03-16 15:54:00,627.48,627.73,626.66,627.46,55045
2026-03-16 15:55:00,627.46,627.7,626.655,626.7791,54084
2026-03-16 15:56:00,626.77,627.34,626.67,627.01,37700
2026-03-16 15:57:00,627.02,627.54,626.98,627.45,51228
2026-03-16 15:58:00,627.475,627.69,627.35,627.43,69058
2026-03-16 15:59:00,627.43,627.86,627.36,627.63,147933
2026-03-16 16:00:00,627.45,627.4801,627.2,627.2,1253973
2026-03-16 16:01:00,627.43,627.43,627.32,627.32,200
2026-03-16 16:02:00,627.2506,627.2506,627,627,287
2026-03-16 16:03:00,626.99,626.99,626.8,626.8,298
2026-03-16 16:04:00,626.73,626.8,626.7,626.8,398
2026-03-16 16:05:00,626.9,627.45,626.87,627.33,2422
2026-03-16 16:07:00,627.37,627.43,627.37,627.43,130
2026-03-16 16:08:00,627.31,627.31,627.31,627.31,100
2026-03-16 16:09:00,627.18,627.18,626.97,626.98,250
2026-03-16 16:10:00,627.01,627.01,627.01,627.01,40
2026-03-16 16:11:00,627.1029,627.1029,627.06,627.0765,300
2026-03-16 16:12:00,627.0507,627.0507,627.0507,627.0507,50
2026-03-16 16:14:00,627.33,627.39,627.29,627.39,619
2026-03-16 16:16:00,627.25,627.25,627.06,627.06,1349
2026-03-16 16:17:00,627.07,627.07,627.06,627.06,809
2026-03-16 16:18:00,626.95,626.95,626.8,626.8,140
2026-03-16 16:19:00,626.7,626.7,626.69,626.7,319
2026-03-16 16:20:00,626.5,626.5,626.3,626.3,661
2026-03-16 16:21:00,626.06,626.06,626,626,200
2026-03-16 16:22:00,626,626,626,626,74
2026-03-16 16:23:00,625.83,625.83,625.5,625.7,862
2026-03-16 16:24:00,625.67,625.68,625.49,625.5,1314
2026-03-16 16:25:00,625.53,625.53,625.2737,625.387,348
2026-03-16 16:26:00,625.3,625.4,625.3,625.399,2899
2026-03-16 16:27:00,625.331,625.331,625.331,625.331,44
2026-03-16 16:28:00,625.31,625.4788,625.31,625.46,197
2026-03-16 16:29:00,625.2,625.2,625.2,625.2,86
2026-03-16 16:30:00,625.3,625.3,625.3,625.3,56
2026-03-16 16:32:00,625.35,625.35,625.1,625.1,1595
2026-03-16 16:34:00,625.02,625.02,624.71,624.71,1612
2026-03-16 16:35:00,624.79,624.8,624.79,624.8,2460
2026-03-16 16:37:00,625.159,625.2,625.159,625.2,140
2026-03-16 16:38:00,624.55,625.05,624.55,625.0019,700
2026-03-16 16:39:00,625.05,625.05,624.97,625.05,2071
2026-03-16 16:40:00,625.25,625.25,625.25,625.25,51
2026-03-16 16:42:00,625.2,625.2,625.17,625.2,148
2026-03-16 16:44:00,625.25,625.25,625.0941,625.25,1440
2026-03-16 16:45:00,625.4502,625.4502,625.4502,625.4502,100
2026-03-16 16:46:00,625.3,625.3,625.3,625.3,50
2026-03-16 16:48:00,625.45,625.51,625.45,625.51,123
2026-03-16 16:49:00,625.5,625.5,625.0462,625.05,1499
2026-03-16 16:52:00,625,625,625,625,150
2026-03-16 16:53:00,625.51,625.51,625.51,625.51,75
2026-03-16 16:55:00,624.75,624.75,624.75,624.75,300
2026-03-16 16:56:00,625.2,625.2,625.2,625.2,411
2026-03-16 16:57:00,625.2,625.2,625.2,625.2,64
2026-03-16 16:58:00,625.47,625.5,625.47,625.5,174
2026-03-16 16:59:00,625.2,625.2,625.2,625.2,176
2026-03-16 17:00:00,625.25,625.25,625.25,625.25,100
2026-03-16 17:01:00,625.26,625.26,625.15,625.2,1120
2026-03-16 17:02:00,624.8156,624.997,624.8156,624.997,100
2026-03-16 17:03:00,625.0725,625.0725,625.0725,625.0725,100
2026-03-16 17:05:00,625.15,625.15,625.15,625.15,59
2026-03-16 17:06:00,625.4,625.4,625.4,625.4,40
2026-03-16 17:08:00,625.49,625.5,625.49,625.5,81
2026-03-16 17:09:00,625.4,625.4,625.4,625.4,80
2026-03-16 17:10:00,625.1,625.1,625.1,625.1,100
2026-03-16 17:16:00,625.3001,625.3001,625.3001,625.3001,150
2026-03-16 17:17:00,625.3,625.33,625.26,625.33,465
2026-03-16 17:18:00,625.33,625.4,625.33,625.4,265
2026-03-16 17:19:00,625.3512,625.3512,625.3512,625.3512,99
2026-03-16 17:20:00,625.4,625.4,625.4,625.4,500
2026-03-16 17:23:00,625.59,625.59,625.59,625.59,224
2026-03-16 17:24:00,625.6,625.6,625.5262,625.5262,100
2026-03-16 17:28:00,625.5,625.5,625.5,625.5,50
2026-03-16 17:29:00,625.75,625.75,625.75,625.75,50
2026-03-16 17:30:00,625.5,625.5,625.3752,625.4,161
2026-03-16 17:34:00,625.59,625.59,625.59,625.59,300
2026-03-16 17:35:00,625.58,625.59,625.4192,625.58,945
2026-03-16 17:36:00,625.59,625.59,625.59,625.59,140
2026-03-16 17:38:00,625.84,625.84,625.84,625.84,49
2026-03-16 17:43:00,625.6,625.6,625.6,625.6,54
2026-03-16 17:48:00,625.44,625.44,625.44,625.44,100
2026-03-16 17:49:00,625.61,625.61,625.22,625.23,803
2026-03-16 17:50:00,625.28,625.28,625,625,1649
2026-03-16 17:51:00,624.8,624.8,624.59,624.75,987
2026-03-16 17:52:00,624.85,624.85,624.5,624.5,1650
2026-03-16 17:53:00,624.25,624.53,624,624.53,2463
2026-03-16 17:54:00,624.1317,624.31,624.01,624.2,754
2026-03-16 17:55:00,624.18,624.21,623.76,623.84,2645
2026-03-16 17:56:00,623.98,623.99,623.74,623.74,287
2026-03-16 17:57:00,623.89,624.05,623.89,624.01,281
2026-03-16 17:58:00,623.75,623.89,623.75,623.89,539
2026-03-16 17:59:00,623.74,623.74,623.57,623.6,894
2026-03-16 18:00:00,623.7,623.7,623.22,623.22,650
2026-03-16 18:01:00,623.2,623.2,622.3,622.99,2216
2026-03-16 18:02:00,622.9,623.25,622.31,622.7,1272
2026-03-16 18:03:00,623.25,623.25,623.25,623.25,50
2026-03-16 18:04:00,622.72,622.95,622.72,622.95,450
2026-03-16 18:05:00,623.01,623.01,622.75,622.75,386
2026-03-16 18:07:00,623,623.02,623,623.02,270
2026-03-16 18:08:00,623.25,623.4,623.05,623.4,1166
2026-03-16 18:10:00,623.45,623.5,623.4,623.5,840
2026-03-16 18:11:00,623.6,623.6,623.41,623.41,120
2026-03-16 18:12:00,623.45,623.45,623.42,623.42,206
2026-03-16 18:13:00,623.52,623.68,623.42,623.42,204
2026-03-16 18:14:00,623.5,623.5,623.5,623.5,485
2026-03-16 18:16:00,623.43,623.43,622.99,622.99,948
2026-03-16 18:17:00,622.7938,622.87,622.71,622.71,1048
2026-03-16 18:18:00,622.8,622.8,622.8,622.8,50
2026-03-16 18:19:00,622.5,622.65,622.5,622.5,178
2026-03-16 18:22:00,623,623,623,623,254
2026-03-16 18:24:00,622.99,623.03,622.99,623.02,902
2026-03-16 18:25:00,623.01,623.01,623.01,623.01,40
2026-03-16 18:26:00,623.15,623.15,623.15,623.15,760
2026-03-16 18:29:00,623.2,623.2,623.2,623.2,250
2026-03-16 18:31:00,623.4499,623.4499,623.3,623.3,440
2026-03-16 18:33:00,623.3,623.3,623.02,623.02,561
2026-03-16 18:34:00,623.02,623.02,622.75,622.79,779
2026-03-16 18:35:00,623.01,623.01,623.01,623.01,40
2026-03-16 18:36:00,623,623,622.95,622.95,99
2026-03-16 18:37:00,622.95,622.95,622.8999,622.8999,250
2026-03-16 18:38:00,622.85,622.85,622.85,622.85,580
2026-03-16 18:39:00,622.9984,623,622.9984,623,95
2026-03-16 18:40:00,622.9,622.9,622.9,622.9,300
2026-03-16 18:41:00,622.9,623.074,622.9,623.07,802
2026-03-16 18:42:00,623.039,623.039,623.039,623.039,100
2026-03-16 18:43:00,623,623.0075,623,623.0075,100
2026-03-16 18:44:00,623.11,623.3,623.05,623.3,479
2026-03-16 18:46:00,623.2,623.33,623.2,623.33,320
2026-03-16 18:47:00,623.45,623.45,623.15,623.15,433
2026-03-16 18:48:00,623.39,623.39,623.39,623.39,40
2026-03-16 18:50:00,623.16,623.16,623.16,623.16,130
2026-03-16 18:51:00,623.3,623.3,623.16,623.16,163
2026-03-16 18:53:00,623.15,623.15,623.05,623.05,176
2026-03-16 18:55:00,623.05,623.05,623,623.05,223
2026-03-16 18:56:00,623.2214,623.2214,623.03,623.03,293
2026-03-16 18:59:00,623,623.1795,623,623.01,435
2026-03-16 19:00:00,623.12,623.12,623.12,623.12,41
2026-03-16 19:01:00,623.26,623.26,623.26,623.26,40
2026-03-16 19:02:00,623.28,623.2801,623.28,623.2801,144
2026-03-16 19:03:00,623.3,623.31,623,623,2079
2026-03-16 19:08:00,623.1499,623.1499,623.1499,623.1499,200
2026-03-16 19:09:00,623.23,623.23,623.2176,623.2176,347
2026-03-16 19:10:00,623.2,623.2,623.2,623.2,40
2026-03-16 19:11:00,623.04,623.04,623.04,623.04,50
2026-03-16 19:12:00,623.174,623.174,623.174,623.174,41
2026-03-16 19:15:00,623,623,622.9538,622.9538,203
2026-03-16 19:16:00,622.9608,623,622.9608,623,495
2026-03-16 19:17:00,622.95,622.95,622.82,622.83,1538
2026-03-16 19:18:00,622.9,622.9,622.874,622.874,200
2026-03-16 19:19:00,622.7424,622.7424,622.7424,622.7424,45
2026-03-16 19:21:00,622.898,622.898,622.898,622.898,100
2026-03-16 19:22:00,622.88,622.88,622.88,622.88,56
2026-03-16 19:23:00,622.86,622.86,622.86,622.86,43
2026-03-16 19:25:00,622.65,622.65,622.6,622.6,179
2026-03-16 19:26:00,622.7,622.7,622.7,622.7,50
2026-03-16 19:27:00,622.86,622.86,622.86,622.86,80
2026-03-16 19:28:00,622.86,622.86,622.7614,622.7614,407
2026-03-16 19:29:00,622.9,622.9,622.9,622.9,2786
2026-03-16 19:30:00,623.25,623.25,623.25,623.25,157
2026-03-16 19:31:00,623.15,623.15,623.15,623.15,50
2026-03-16 19:33:00,623.2032,623.3,623.2032,623.3,352
2026-03-16 19:34:00,623.69,623.69,623.69,623.69,50
2026-03-16 19:36:00,623.2788,623.2788,623.2788,623.2788,120
2026-03-16 19:37:00,623.2969,623.2969,623.24,623.24,100
2026-03-16 19:40:00,623.23,623.23,623.23,623.23,77
2026-03-16 19:42:00,622.9987,623.45,622.9987,623.45,197
2026-03-16 19:46:00,623.02,623.02,623.02,623.02,500
2026-03-16 19:47:00,623.38,623.4,623.38,623.4,100
2026-03-16 19:48:00,623.3675,623.4,623.3675,623.4,150
2026-03-16 19:49:00,623.31,623.31,623.31,623.31,100
2026-03-16 19:50:00,623.3,623.4,623.21,623.35,1603
2026-03-16 19:52:00,623.2,623.31,623.2,623.31,274
2026-03-16 19:53:00,623.21,623.25,623.21,623.21,298
2026-03-16 19:55:00,623.2,623.29,623.08,623.08,1674
2026-03-16 19:57:00,623.3,623.37,623.1,623.37,426
2026-03-16 19:59:00,623.38,623.4,623.3478,623.4,605
2026-03-17 04:00:00,622.99,622.99,622.99,622.99,40
2026-03-17 04:02:00,623.2,623.6,623.2,623.2,666
2026-03-17 04:04:00,623.26,623.26,623.25,623.25,412
2026-03-17 04:05:00,622.79,622.79,622.4,622.72,1299
2026-03-17 04:06:00,622.5,622.94,622.5,622.94,533
2026-03-17 04:07:00,622.55,622.55,622.55,622.55,625
2026-03-17 04:09:00,623,623,622.5,622.5,213
2026-03-17 04:11:00,622.5,622.5,622.4,622.4,92
2026-03-17 04:13:00,622.41,622.41,622.41,622.41,50
2026-03-17 04:15:00,622.47,622.47,622.45,622.47,243
2026-03-17 04:19:00,623.2,623.2,623.2,623.2,358
2026-03-17 04:21:00,623.2,623.2,623.2,623.2,147
2026-03-17 04:23:00,623,623,623,623,67
2026-03-17 04:29:00,622.35,622.35,622.35,622.35,95
2026-03-17 04:30:00,622.5,622.5,622.5,622.5,315
2026-03-17 04:35:00,622.54,622.54,622.54,622.54,297
2026-03-17 04:37:00,622.17,622.17,622,622,887
2026-03-17 04:44:00,622.89,622.98,622.89,622.98,288
2026-03-17 04:46:00,622.98,622.98,622.9,622.9,229
2026-03-17 04:51:00,623.18,623.18,623,623,478
2026-03-17 04:53:00,622.47,622.47,622.47,622.47,362
2026-03-17 05:00:00,622.98,623,622.98,623,246
2026-03-17 05:03:00,623.49,623.64,623.49,623.5,727
2026-03-17 05:12:00,623.5,623.5,623.48,623.5,784
2026-03-17 05:15:00,624,624,624,624,919
2026-03-17 05:21:00,623.95,623.95,623.5,623.5,100
2026-03-17 05:23:00,624,624,624,624,40
2026-03-17 05:25:00,624.3,624.4,624.3,624.4,477
2026-03-17 05:26:00,624.75,625,624.75,625,129
2026-03-17 05:27:00,624.42,624.71,624.42,624.71,94
2026-03-17 05:29:00,624.89,624.89,624.89,624.89,40
2026-03-17 05:31:00,625.12,625.25,625.12,625.25,153
2026-03-17 05:37:00,624.64,624.64,624.64,624.64,40
2026-03-17 05:43:00,625,625,624.95,624.95,90
2026-03-17 05:44:00,625.08,625.49,625.08,625.49,227
2026-03-17 05:45:00,625.14,625.14,625.14,625.14,72
2026-03-17 05:57:00,625.3,625.3,625.3,625.3,45
2026-03-17 06:04:00,625.22,625.24,625.22,625.24,233
2026-03-17 06:07:00,625.28,625.28,625.28,625.28,41
2026-03-17 06:17:00,624.55,624.55,624.55,624.55,720
2026-03-17 06:18:00,624.52,624.52,624.52,624.52,46
2026-03-17 06:20:00,624.5,624.5,624.5,624.5,40
2026-03-17 06:27:00,624.95,624.95,624.95,624.95,40
2026-03-17 06:31:00,624.8,624.8,624.8,624.8,84
2026-03-17 06:32:00,624.8,624.8,624.8,624.8,150
2026-03-17 06:35:00,625.15,625.15,625.15,625.15,131
2026-03-17 06:37:00,625.02,625.02,625.02,625.02,80
2026-03-17 06:50:00,625,625,625,625,100
2026-03-17 07:00:00,625.15,625.15,625.1,625.1,187
2026-03-17 07:02:00,625.02,625.02,625.02,625.02,49
2026-03-17 07:04:00,625.43,625.43,625.43,625.43,50
2026-03-17 07:05:00,625.5,625.5,625.46,625.46,373
2026-03-17 07:06:00,625.6,625.6,625.6,625.6,250
2026-03-17 07:07:00,625.5,625.5,625.5,625.5,93
2026-03-17 07:09:00,625.75,625.75,625.75,625.75,100
2026-03-17 07:10:00,625.5,625.55,625.5,625.55,168
2026-03-17 07:12:00,625.65,625.71,625.65,625.71,363
2026-03-17 07:13:00,625.4,625.4,625.4,625.4,80
2026-03-17 07:14:00,625.21,625.27,625.21,625.27,418
2026-03-17 07:21:00,625.44,625.44,625.27,625.27,919
2026-03-17 07:22:00,625.46,625.6,625.46,625.6,539
2026-03-17 07:23:00,625.6,625.6,625.6,625.6,60
2026-03-17 07:32:00,625.53,625.53,625.31,625.31,100
2026-03-17 07:34:00,625.28,625.28,625.28,625.28,40
2026-03-17 07:35:00,625.27,625.27,625.27,625.27,56
2026-03-17 07:36:00,625.18,625.18,625.14,625.14,162
2026-03-17 07:46:00,625.63,625.63,625.63,625.63,217
2026-03-17 07:49:00,625.51,625.51,625.5,625.5,198
2026-03-17 07:52:00,625.35,625.35,625.35,625.35,80
2026-03-17 07:53:00,625.5,625.5,625.3,625.3,148
2026-03-17 07:54:00,625.11,625.11,625.11,625.11,75
2026-03-17 07:55:00,624.75,624.75,624.75,624.75,169
2026-03-17 07:56:00,624.75,624.75,624.75,624.75,424
2026-03-17 07:58:00,624.67,624.67,624.67,624.67,48
2026-03-17 08:00:00,624,625.99,622.4,625.674,8308
2026-03-17 08:01:00,623.1,625.3,621.5,624.51,8817
2026-03-17 08:02:00,624.75,624.75,624.75,624.75,1040
2026-03-17 08:03:00,624.45,624.74,624.45,624.74,267
2026-03-17 08:04:00,624.75,625.03,624.75,625.03,4009
2026-03-17 08:05:00,623.01,624.76,623.01,624.76,159
2026-03-17 08:06:00,624.69,624.69,624.69,624.69,48
2026-03-17 08:08:00,624.7702,625.24,624.7702,625,470
2026-03-17 08:09:00,625.25,625.25,625.25,625.25,483
2026-03-17 08:10:00,625.1027,625.5,625.1027,625.5,128
2026-03-17 08:13:00,625.99,625.99,625.99,625.99,236
2026-03-17 08:14:00,626,626,626,626,240
2026-03-17 08:15:00,625.62,625.62,625.62,625.62,50
2026-03-17 08:17:00,625.75,625.99,625.75,625.9171,394
2026-03-17 08:20:00,625.98,626.3,625.83,625.99,942
2026-03-17 08:22:00,626.2259,626.2259,626.2259,626.2259,58
2026-03-17 08:23:00,626.28,626.98,626.28,626.47,1250
2026-03-17 08:24:00,626.31,626.31,626.3,626.3,200
2026-03-17 08:26:00,626.647,626.647,626.647,626.647,70
2026-03-17 08:27:00,626.7,626.7,626.4488,626.4488,701
2026-03-17 08:28:00,626.6,626.6,626.28,626.49,234
2026-03-17 08:29:00,626.5,626.5,626.5,626.5,60
2026-03-17 08:31:00,625.911,626.075,625.911,626.075,300
2026-03-17 08:32:00,626.6,627.07,626.5659,627.07,1015
2026-03-17 08:33:00,626.78,627.22,626.78,627.22,1407
2026-03-17 08:34:00,627.45,627.45,627.45,627.45,100
2026-03-17 08:35:00,627.5,628,627.5,627.71,748
2026-03-17 08:36:00,627.53,627.53,627.5,627.5,516
2026-03-17 08:38:00,627.19,627.5,627,627.5,549
2026-03-17 08:40:00,627.5,627.5,627.5,627.5,90
2026-03-17 08:41:00,627.4289,627.5,627.15,627.15,795
2026-03-17 08:42:00,627,627,627,627,49
2026-03-17 08:43:00,627.3758,627.48,627,627,179
2026-03-17 08:44:00,627.02,627.07,626.95,626.95,678
2026-03-17 08:45:00,626.97,626.97,626.53,626.56,551
2026-03-17 08:47:00,626.75,626.75,626.5375,626.5375,114
2026-03-17 08:48:00,626.96,626.96,626.735,626.735,173
2026-03-17 08:49:00,626.593,626.87,626.593,626.87,450
2026-03-17 08:50:00,626.96,626.99,626.96,626.99,130
2026-03-17 08:51:00,627.1,627.1,627.1,627.1,68
2026-03-17 08:52:00,626.7,626.7,626.51,626.5276,750
2026-03-17 08:53:00,626.95,626.95,626.8,626.8,120
2026-03-17 08:55:00,626.5804,626.5804,626.5804,626.5804,300
2026-03-17 09:00:00,627,627.1,627,627.1,141
2026-03-17 09:01:00,627,627,627,627,120
2026-03-17 09:02:00,627.0941,627.0941,627.0941,627.0941,50
2026-03-17 09:03:00,627,627,627,627,584
2026-03-17 09:05:00,626.9,626.9,626.9,626.9,150
2026-03-17 09:06:00,626.9467,626.99,626.9467,626.99,241
2026-03-17 09:07:00,627.08,627.37,627.08,627.37,816
2026-03-17 09:08:00,627.43,627.45,627.43,627.45,229
2026-03-17 09:09:00,627.3169,627.45,627.3,627.45,840
2026-03-17 09:10:00,627.45,627.45,627.3,627.3,260
2026-03-17 09:11:00,627.31,627.31,627.3,627.3,200
2026-03-17 09:13:00,627.14,627.14,627,627,256
2026-03-17 09:14:00,626.6132,626.6132,626.6132,626.6132,50
2026-03-17 09:15:00,626.92,627.1,626.92,627.1,768
2026-03-17 09:16:00,627.0992,627.1,627.0992,627.1,215
2026-03-17 09:17:00,627.3,627.3,627.16,627.16,182
2026-03-17 09:18:00,627.24,627.49,627.24,627.49,397
2026-03-17 09:19:00,627.5,627.6,627.5,627.6,1150
2026-03-17 09:20:00,627.74,627.99,627.28,627.4606,490
2026-03-17 09:21:00,627.74,627.9,627.5,627.5,1250
2026-03-17 09:22:00,627.38,627.38,627.38,627.38,500
2026-03-17 09:23:00,627.78,627.78,627.77,627.77,209
2026-03-17 09:24:00,627.78,628.45,627.75,628.45,2692
2026-03-17 09:25:00,627.86,628.5,627.8,628.5,1534
2026-03-17 09:26:00,627.9,628,627.64,627.64,410
2026-03-17 09:27:00,627.3109,628.45,627,627.21,1718
2026-03-17 09:28:00,628.33,628.33,628.33,628.33,40
2026-03-17 09:29:00,628.35,628.35,628.35,628.35,50
2026-03-17 09:30:00,628.56,632.28,627.985,630.685,205722
2026-03-17 09:31:00,630.64,632.25,630.45,632.25,42642
2026-03-17 09:32:00,632.25,634.42,631.76,634.39,83559
2026-03-17 09:33:00,634.16,636,634.01,635.67,152595
2026-03-17 09:34:00,635.687,636.12,634.1,634.49,72825
2026-03-17 09:35:00,634.49,635.85,633.915,635.3999,90987
2026-03-17 09:36:00,635.24,635.64,634.482,635.26,60305
2026-03-17 09:37:00,635.265,635.57,634.44,635.22,63524
2026-03-17 09:38:00,635.22,636.35,634.85,636.27,81924
2026-03-17 09:39:00,636.12,636.35,635.49,635.85,34222
2026-03-17 09:40:00,635.78,636.31,635.41,636.31,40614
2026-03-17 09:41:00,636.29,636.48,635.4,636.025,34655
2026-03-17 09:42:00,636.09,636.55,635.66,635.88,31909
2026-03-17 09:43:00,635.88,635.94,633.88,634.06,51239
2026-03-17 09:44:00,634.02,634.24,632.75,633.145,45320
2026-03-17 09:45:00,633.04,634,632.74,633.83,39449
2026-03-17 09:46:00,633.83,634.69,633.6,633.6,38439
2026-03-17 09:47:00,633.4475,634.4,633.0055,634.08,39402
2026-03-17 09:48:00,634.23,634.98,633.86,634.16,44864
2026-03-17 09:49:00,634.15,635.005,633.99,634.745,39490
2026-03-17 09:50:00,634.715,634.715,633.9,634.0648,37644
2026-03-17 09:51:00,634.05,635.45,634.0418,635.285,28509
2026-03-17 09:52:00,635.2162,635.46,633.856,634.04,30600
2026-03-17 09:53:00,634.03,634.26,633.24,633.26,14829
2026-03-17 09:54:00,633.27,633.65,632.9,633.325,24909
2026-03-17 09:55:00,633.325,633.325,632.44,632.855,53107
2026-03-17 09:56:00,632.701,632.907,632.23,632.818,28528
2026-03-17 09:57:00,632.93,633.413,632.54,633.02,24178
2026-03-17 09:58:00,633.13,633.135,631.88,632.31,23656
2026-03-17 09:59:00,632.14,632.68,631.9,632.465,16837
2026-03-17 10:00:00,632.455,632.7299,631.95,632.18,18122
2026-03-17 10:01:00,632.135,632.51,632.0001,632.36,16926
2026-03-17 10:02:00,632.36,632.36,631.1,631.15,27373
2026-03-17 10:03:00,631.168,631.55,630.87,631.18,20965
2026-03-17 10:04:00,631.2,631.39,630.9,631.01,17130
2026-03-17 10:05:00,630.9589,631.55,630.9589,631.28,12749
2026-03-17 10:06:00,631.28,631.36,629.507,629.93,30003
2026-03-17 10:07:00,629.78,630.57,629.72,630.195,20144
2026-03-17 10:08:00,630.11,630.7299,629.98,630.65,14340
2026-03-17 10:09:00,630.52,630.96,630.2694,630.89,19674
2026-03-17 10:10:00,630.99,630.99,630.39,630.47,24665
2026-03-17 10:11:00,630.545,630.545,629.8,629.91,19946
2026-03-17 10:12:00,630.03,630.36,629.8701,629.96,13227
2026-03-17 10:13:00,629.975,630.323,629.645,629.67,16058
2026-03-17 10:14:00,629.77,630.1,629.63,629.765,13652
2026-03-17 10:15:00,629.68,629.77,629.14,629.3701,22640
2026-03-17 10:16:00,629.386,629.9175,629.33,629.8825,17433
2026-03-17 10:17:00,629.88,630.07,629,629.22,15723
2026-03-17 10:18:00,629.215,630.01,629.21,629.905,11057
2026-03-17 10:19:00,630,630.38,629.71,630.17,8978
2026-03-17 10:20:00,630.195,630.27,629.53,630.135,12127
2026-03-17 10:21:00,630.14,630.3,629.8202,630.18,6174
2026-03-17 10:22:00,630.18,630.22,629.6401,629.99,17991
2026-03-17 10:23:00,629.94,630,629.5,630,4893
2026-03-17 10:24:00,629.895,630.18,629.8001,630.0066,13320
2026-03-17 10:25:00,629.975,630.02,629.16,629.59,15180
2026-03-17 10:26:00,629.65,630.15,629.5613,629.82,9771
2026-03-17 10:27:00,629.77,629.94,629.52,629.905,17722
2026-03-17 10:28:00,629.87,630.68,629.4,630.41,18877
2026-03-17 10:29:00,630.39,630.39,629.64,629.81,20585
2026-03-17 10:30:00,629.834,630,628.8,628.8,17850
2026-03-17 10:31:00,629.02,629.22,628.45,628.99,11723
2026-03-17 10:32:00,629.04,629.48,628.95,629.48,11551
2026-03-17 10:33:00,629.57,629.95,629.3,629.68,9120
2026-03-17 10:34:00,629.71,630,629.33,629.635,14462
2026-03-17 10:35:00,629.51,630.359,629.38,630.295,19211
2026-03-17 10:36:00,630.295,630.78,629.83,630,16062
2026-03-17 10:37:00,630.0639,630.375,629.65,629.96,18981
2026-03-17 10:38:00,629.89,630.02,629.215,629.24,10978
2026-03-17 10:39:00,629.16,629.6099,629.06,629.31,7520
2026-03-17 10:40:00,629.33,629.46,629,629.17,7652
2026-03-17 10:41:00,629.17,629.48,628.9,629.45,8729
2026-03-17 10:42:00,629.49,629.68,629.285,629.67,8391
2026-03-17 10:43:00,629.71,630.5,629.61,630.36,13506
2026-03-17 10:44:00,630.36,630.77,630.31,630.61,8943
2026-03-17 10:45:00,630.7,630.81,630.38,630.6701,10468
2026-03-17 10:46:00,630.75,630.75,630.382,630.7052,7750
2026-03-17 10:47:00,630.65,631,630.45,630.87,7674
2026-03-17 10:48:00,630.805,630.88,630.3,630.645,9796
2026-03-17 10:49:00,630.64,630.75,630.42,630.53,6120
2026-03-17 10:50:00,630.4001,630.53,629.95,629.99,15337
2026-03-17 10:51:00,630.09,630.72,630.08,630.47,22785
2026-03-17 10:52:00,630.46,630.51,630.24,630.25,5474
2026-03-17 10:53:00,630.26,630.71,630.26,630.6899,10364
2026-03-17 10:54:00,630.575,630.59,630.04,630.04,6417
2026-03-17 10:55:00,630.08,630.125,629.62,629.8175,6039
2026-03-17 10:56:00,629.84,629.97,629.542,629.73,7631
2026-03-17 10:57:00,629.782,629.84,629.58,629.64,6002
2026-03-17 10:58:00,629.7475,629.83,629.36,629.62,14068
2026-03-17 10:59:00,629.62,629.78,629.53,629.625,6126
2026-03-17 11:00:00,629.61,629.78,629.43,629.54,12178
2026-03-17 11:01:00,629.5,629.59,628.53,628.53,19987
2026-03-17 11:02:00,628.635,628.81,628.38,628.38,17112
2026-03-17 11:03:00,628.44,628.48,628.02,628.04,15479
2026-03-17 11:04:00,628.1,628.25,627.65,627.77,21584
2026-03-17 11:05:00,627.77,627.845,627.252,627.47,20633
2026-03-17 11:06:00,627.484,627.9452,627.3942,627.945,11770
2026-03-17 11:07:00,627.945,628,627.37,627.37,13868
2026-03-17 11:08:00,627.44,627.55,626.93,627.11,13362
2026-03-17 11:09:00,627.07,627.2,626.85,626.85,12611
2026-03-17 11:10:00,626.82,627.2,626.73,627.1,14086
2026-03-17 11:11:00,627.14,627.26,626.8,626.96,13500
2026-03-17 11:12:00,626.96,627.09,626.8115,626.98,8386
2026-03-17 11:13:00,626.83,626.88,626.33,626.5,14835
2026-03-17 11:14:00,626.5,626.61,626.17,626.285,8449
2026-03-17 11:15:00,626.26,626.7054,626.06,626.47,21759
2026-03-17 11:16:00,626.49,627.02,626.41,627.01,17552
2026-03-17 11:17:00,627.04,627.2,626.77,626.88,12485
2026-03-17 11:18:00,626.88,627.01,626,626.3,8573
2026-03-17 11:19:00,626.325,626.8,626.325,626.8,4730
2026-03-17 11:20:00,626.71,626.92,626.24,626.3,6371
2026-03-17 11:21:00,626.3,626.55,625.66,625.66,21265
2026-03-17 11:22:00,625.71,625.94,625.69,625.9251,7596
2026-03-17 11:23:00,625.925,626.24,625.84,626.08,5944
2026-03-17 11:24:00,626.14,626.215,625.77,626.085,6100
2026-03-17 11:25:00,625.95,626.39,625.93,626.29,6983
2026-03-17 11:26:00,626.29,626.29,625.81,626.095,9529
2026-03-17 11:27:00,626.125,626.125,625.6005,625.725,9603
2026-03-17 11:28:00,625.735,625.84,625.51,625.7012,9728
2026-03-17 11:29:00,625.7137,625.75,625.2,625.39,30509
2026-03-17 11:30:00,625.17,625.91,625.17,625.805,8491
2026-03-17 11:31:00,625.8,625.96,625.56,625.59,19564
2026-03-17 11:32:00,625.64,625.75,625.31,625.4,7301
2026-03-17 11:33:00,625.51,625.66,625.32,625.45,3359
2026-03-17 11:34:00,625.5,625.78,625.17,625.245,9675
2026-03-17 11:35:00,625.235,625.63,625.17,625.27,27588
2026-03-17 11:36:00,625.38,625.545,624.62,624.6201,35384
2026-03-17 11:37:00,624.735,625.11,624.65,624.7575,10902
2026-03-17 11:38:00,624.64,625,624.53,624.54,19921
2026-03-17 11:39:00,624.64,625.8,624.595,625.55,16076
2026-03-17 11:40:00,625.48,625.91,625.445,625.76,6150
2026-03-17 11:41:00,625.695,625.86,625.36,625.485,6017
2026-03-17 11:42:00,625.61,625.62,625.35,625.44,12078
2026-03-17 11:43:00,625.44,625.625,625.311,625.51,20060
2026-03-17 11:44:00,625.6,626.07,625.51,625.899,7093
2026-03-17 11:45:00,625.89,626.0076,625.76,625.98,7558
2026-03-17 11:46:00,625.935,626.22,625.76,625.97,6862
2026-03-17 11:47:00,626.08,626.11,625.85,625.925,3110
2026-03-17 11:48:00,625.86,625.91,625.44,625.77,5687
2026-03-17 11:49:00,625.77,625.8566,625.41,625.41,4723
2026-03-17 11:50:00,625.41,626,625.4,625.82,11087
2026-03-17 11:51:00,625.71,626.01,625.71,626.01,7742
2026-03-17 11:52:00,626.07,626.12,625.7,625.93,7441
2026-03-17 11:53:00,625.8994,626.49,625.76,626.18,14961
2026-03-17 11:54:00,626.44,626.4698,626.0601,626.4,10692
2026-03-17 11:55:00,626.4,626.4799,625.935,626.45,12641
2026-03-17 11:56:00,626.35,626.65,626.0501,626.4094,14560
2026-03-17 11:57:00,626.37,626.69,626.23,626.5,6505
2026-03-17 11:58:00,626.495,626.59,626.2201,626.505,10360
2026-03-17 11:59:00,626.6,627.03,626.56,626.79,21518
2026-03-17 12:00:00,626.77,626.999,626.59,626.7611,11205
2026-03-17 12:01:00,626.765,626.89,626.34,626.83,11932
2026-03-17 12:02:00,626.55,626.75,626.33,626.44,5931
2026-03-17 12:03:00,626.35,626.63,626.08,626.385,11737
2026-03-17 12:04:00,626.345,626.75,626.26,626.46,7905
2026-03-17 12:05:00,626.43,626.63,626.17,626.2099,10730
2026-03-17 12:06:00,626.25,626.3499,625.81,625.82,15853
2026-03-17 12:07:00,625.79,625.9499,625.2,625.84,13768
2026-03-17 12:08:00,625.885,626.175,625.74,625.77,13097
2026-03-17 12:09:00,625.73,625.93,625.7015,625.795,3846
2026-03-17 12:10:00,625.8058,626.09,625.66,625.89,10786
2026-03-17 12:11:00,625.885,626.21,625.785,625.89,12984
2026-03-17 12:12:00,625.85,625.895,625.3,625.4,7186
2026-03-17 12:13:00,625.52,625.77,625.35,625.395,4170
2026-03-17 12:14:00,625.35,625.41,625.1,625.165,9926
2026-03-17 12:15:00,625.24,625.32,624.965,625.17,13426
2026-03-17 12:16:00,625.24,625.27,625.03,625.07,5181
2026-03-17 12:17:00,625.04,625.3,625.03,625.245,4862
2026-03-17 12:18:00,625.2,625.42,625.1,625.42,8089
2026-03-17 12:19:00,625.42,625.5,624.91,625.4,18765
2026-03-17 12:20:00,625.31,625.35,624.94,625.22,8590
2026-03-17 12:21:00,625.215,625.45,625.215,625.24,7638
2026-03-17 12:22:00,625.44,625.69,625.395,625.6,7598
2026-03-17 12:23:00,625.65,625.69,625.29,625.4298,6494
2026-03-17 12:24:00,625.345,625.74,625.275,625.63,5203
2026-03-17 12:25:00,625.52,625.56,625.2901,625.34,16311
2026-03-17 12:26:00,625.25,625.455,625.05,625.45,6216
2026-03-17 12:27:00,625.4,625.52,625.17,625.17,6955
2026-03-17 12:28:00,625.31,625.43,625.12,625.285,12983
2026-03-17 12:29:00,625.2875,625.63,625.25,625.52,5541
2026-03-17 12:30:00,625.44,625.8,625.415,625.57,10688
2026-03-17 12:31:00,625.4996,625.4996,625.09,625.15,3236
2026-03-17 12:32:00,625.26,625.43,625.1101,625.43,6176
2026-03-17 12:33:00,625.43,625.585,625.16,625.26,11308
2026-03-17 12:34:00,625.38,625.38,625.02,625.17,16382
2026-03-17 12:35:00,625.24,625.65,624.86,625.06,24663
2026-03-17 12:36:00,625.19,625.19,624.65,624.69,8829
2026-03-17 12:37:00,624.82,624.85,624.21,624.22,12436
2026-03-17 12:38:00,624.32,625,624.2,624.965,18813
2026-03-17 12:39:00,624.9669,625.26,624.64,624.7,22413
2026-03-17 12:40:00,624.8499,625.1,624.7375,624.845,7548
2026-03-17 12:41:00,624.88,625.01,624.75,624.875,6205
2026-03-17 12:42:00,624.875,624.875,624.54,624.79,10848
2026-03-17 12:43:00,624.77,625.2,624.68,624.99,6083
2026-03-17 12:44:00,624.915,625.38,624.915,625.37,5671
2026-03-17 12:45:00,625.38,625.51,625.24,625.35,7781
2026-03-17 12:46:00,625.36,625.59,625.13,625.149,16014
2026-03-17 12:47:00,625.07,625.07,624.68,624.8,8352
2026-03-17 12:48:00,624.74,625,624.69,624.78,7048
2026-03-17 12:49:00,624.79,624.88,624.5,624.531,7785
2026-03-17 12:50:00,624.5,624.795,624.5,624.72,14194
2026-03-17 12:51:00,624.72,624.7899,624.48,624.48,8553
2026-03-17 12:52:00,624.515,624.515,624.2,624.282,19139
2026-03-17 12:53:00,624.23,624.28,623.89,624.145,15333
2026-03-17 12:54:00,624.145,624.21,623.93,624,8895
2026-03-17 12:55:00,624.0599,624.12,623.85,623.925,26180
2026-03-17 12:56:00,623.925,624.08,623.8,623.995,19340
2026-03-17 12:57:00,624.03,624.3,623.75,623.855,16366
2026-03-17 12:58:00,623.79,623.93,623.66,623.75,7389
2026-03-17 12:59:00,623.72,623.95,623.72,623.935,7161
2026-03-17 13:00:00,623.89,625.55,623.89,625.44,79399
2026-03-17 13:01:00,625.435,625.635,625.22,625.52,12326
2026-03-17 13:02:00,625.41,625.69,625.28,625.44,14166
2026-03-17 13:03:00,625.42,625.8,625.38,625.72,10807
2026-03-17 13:04:00,625.725,625.85,625.25,625.35,11115
2026-03-17 13:05:00,625.26,625.5299,625.155,625.39,17955
2026-03-17 13:06:00,625.375,625.98,625.215,625.885,13619
2026-03-17 13:07:00,625.8,625.96,625.19,625.46,9986
2026-03-17 13:08:00,625.435,625.595,625.32,625.44,4386
2026-03-17 13:09:00,625.39,625.39,625.1,625.34,5390
2026-03-17 13:10:00,625.355,625.57,624.91,624.93,19774
2026-03-17 13:11:00,625.02,625.38,625.02,625.37,10494
2026-03-17 13:12:00,625.37,625.418,625.0301,625.225,10278
2026-03-17 13:13:00,625.3,625.48,625.21,625.265,8686
2026-03-17 13:14:00,625.28,625.48,625.26,625.3412,8296
2026-03-17 13:15:00,625.2801,625.365,624.625,624.625,9045
2026-03-17 13:16:00,624.62,624.76,624.51,624.665,9102
2026-03-17 13:17:00,624.76,624.76,624.4101,624.53,7284
2026-03-17 13:18:00,624.59,624.74,624.5,624.6,7408
2026-03-17 13:19:00,624.6,624.67,624.48,624.57,6621
2026-03-17 13:20:00,624.58,624.6699,624.31,624.38,10455
2026-03-17 13:21:00,624.45,624.52,624.31,624.31,6663
2026-03-17 13:22:00,624.35,624.51,624.35,624.44,6479
2026-03-17 13:23:00,624.44,624.57,624.37,624.45,9638
2026-03-17 13:24:00,624.415,624.66,624.28,624.575,14897
2026-03-17 13:25:00,624.58,624.69,624.47,624.565,4098
2026-03-17 13:26:00,624.565,624.6299,624.3195,624.47,7326
2026-03-17 13:27:00,624.5458,624.75,624.505,624.68,4031
2026-03-17 13:28:00,624.66,624.69,624.52,624.58,2749
2026-03-17 13:29:00,624.51,624.63,624.44,624.54,4789
2026-03-17 13:30:00,624.51,624.67,624.41,624.51,5182
2026-03-17 13:31:00,624.54,624.79,624.4601,624.74,6900
2026-03-17 13:32:00,624.74,624.79,624.59,624.61,6587
2026-03-17 13:33:00,624.57,624.69,624.25,624.31,13571
2026-03-17 13:34:00,624.32,625.06,624.25,624.92,14175
2026-03-17 13:35:00,624.92,625.175,624.87,625.11,6599
2026-03-17 13:36:00,625.115,625.275,625.05,625.11,3210
2026-03-17 13:37:00,625.1,625.56,625.1,625.47,7496
2026-03-17 13:38:00,625.4401,625.6,625.3494,625.46,6796
2026-03-17 13:39:00,625.495,625.82,625.495,625.73,10734
2026-03-17 13:40:00,625.685,625.685,625.05,625.11,4678
2026-03-17 13:41:00,625.135,625.34,625.09,625.25,3822
2026-03-17 13:42:00,625.195,625.67,625.13,625.605,3360
2026-03-17 13:43:00,625.6,625.6,625.12,625.12,2553
2026-03-17 13:44:00,625.18,625.33,625.05,625.14,4484
2026-03-17 13:45:00,625.25,625.45,624.9,624.9,4457
2026-03-17 13:46:00,624.95,625.18,624.8802,625.0525,3717
2026-03-17 13:47:00,625.06,625.19,624.955,625.0865,5398
2026-03-17 13:48:00,625.05,625.24,625.0104,625.2,10239
2026-03-17 13:49:00,625.13,625.31,625.06,625.17,4464
2026-03-17 13:50:00,625.125,625.18,625.07,625.16,2038
2026-03-17 13:51:00,625.0203,625.44,624.9703,625.4,7237
2026-03-17 13:52:00,625.44,625.98,625.38,625.88,11271
2026-03-17 13:53:00,625.93,626.11,625.7701,625.99,8635
2026-03-17 13:54:00,625.96,626.0099,625.79,625.85,6816
2026-03-17 13:55:00,625.91,626.01,625.77,625.88,4099
2026-03-17 13:56:00,625.92,626.07,625.88,626.01,5166
2026-03-17 13:57:00,625.95,626.44,625.9,626.39,13760
2026-03-17 13:58:00,626.3202,626.39,626.16,626.195,4892
2026-03-17 13:59:00,626.16,626.175,625.953,626.01,5344
2026-03-17 14:00:00,626.04,626.09,625.74,625.78,7855
2026-03-17 14:01:00,625.71,625.76,625.31,625.36,5715
2026-03-17 14:02:00,625.34,625.64,625.28,625.64,4957
2026-03-17 14:03:00,625.66,625.75,625.55,625.55,4410
2026-03-17 14:04:00,625.55,625.588,625.31,625.37,5240
2026-03-17 14:05:00,625.405,625.73,624.79,624.98,15524
2026-03-17 14:06:00,624.96,625.32,624.96,625.3125,5005
2026-03-17 14:07:00,625.35,625.42,625.1851,625.35,5676
2026-03-17 14:08:00,625.35,625.37,625.1751,625.27,2425
2026-03-17 14:09:00,625.285,625.38,625.17,625.38,3864
2026-03-17 14:10:00,625.38,625.44,625.21,625.315,5902
2026-03-17 14:11:00,625.3091,625.44,625.02,625.08,5219
2026-03-17 14:12:00,625.04,625.0664,624.71,624.805,6924
2026-03-17 14:13:00,624.81,624.83,624.62,624.8101,10588
2026-03-17 14:14:00,624.7301,624.94,624.66,624.66,4135
2026-03-17 14:15:00,624.65,624.78,624.58,624.68,4056
2026-03-17 14:16:00,624.705,624.89,624.615,624.7178,7827
2026-03-17 14:17:00,624.745,624.85,624.6601,624.72,6577
2026-03-17 14:18:00,624.67,624.9,624.61,624.81,4170
2026-03-17 14:19:00,624.81,624.9199,624.7,624.7201,6718
2026-03-17 14:20:00,624.78,624.82,624.63,624.7,3563
2026-03-17 14:21:00,624.66,624.765,624.41,624.53,9210
2026-03-17 14:22:00,624.64,624.64,624.42,624.49,12405
2026-03-17 14:23:00,624.43,624.54,624.26,624.3,5237
2026-03-17 14:24:00,624.28,624.39,623.66,623.66,23363
2026-03-17 14:25:00,623.72,624.1,623.5,623.52,14189
2026-03-17 14:26:00,623.68,623.85,623.54,623.74,5404
2026-03-17 14:27:00,623.6818,623.78,623.5,623.5,11034
2026-03-17 14:28:00,623.47,623.7,623.47,623.64,11448
2026-03-17 14:29:00,623.6438,623.75,623.3,623.37,8021
2026-03-17 14:30:00,623.37,623.7,623.35,623.4,21451
2026-03-17 14:31:00,623.3631,623.52,623.26,623.39,8736
2026-03-17 14:32:00,623.31,623.6668,623.2,623.64,7704
2026-03-17 14:33:00,623.67,623.67,623.27,623.46,4245
2026-03-17 14:34:00,623.39,623.62,623.34,623.56,4949
2026-03-17 14:35:00,623.55,623.55,623.27,623.52,11332
2026-03-17 14:36:00,623.475,623.51,623.22,623.25,4088
2026-03-17 14:37:00,623.24,623.36,623.19,623.335,5177
2026-03-17 14:38:00,623.331,623.4999,623.33,623.38,2302
2026-03-17 14:39:00,623.425,623.6,623.19,623.5,15035
2026-03-17 14:40:00,623.36,623.8799,623.36,623.61,3955
2026-03-17 14:41:00,623.61,623.61,623.3,623.3,3949
2026-03-17 14:42:00,623.42,623.51,623.3,623.4799,4935
2026-03-17 14:43:00,623.435,623.67,623.4103,623.65,4239
2026-03-17 14:44:00,623.54,623.66,623.3,623.47,4531
2026-03-17 14:45:00,623.395,623.49,623.28,623.4,6103
2026-03-17 14:46:00,623.365,623.57,623.2901,623.51,7577
2026-03-17 14:47:00,623.48,623.52,623.38,623.48,5015
2026-03-17 14:48:00,623.4438,623.72,623.42,623.66,8280
2026-03-17 14:49:00,623.64,623.66,623.48,623.48,4604
2026-03-17 14:50:00,623.515,623.56,622.69,622.92,32241
2026-03-17 14:51:00,622.865,623.41,622.865,623.41,11359
2026-03-17 14:52:00,623.4,623.4099,623.125,623.235,3160
2026-03-17 14:53:00,623.23,623.315,623.055,623.135,8367
2026-03-17 14:54:00,623.12,623.27,623.02,623.04,11820
2026-03-17 14:55:00,623,623.03,622.58,622.65,19587
2026-03-17 14:56:00,622.646,622.82,622.3371,622.6198,24267
2026-03-17 14:57:00,622.62,622.93,622.4622,622.85,10548
2026-03-17 14:58:00,622.9,623.01,622.8001,622.935,5542
2026-03-17 14:59:00,622.935,623.1,622.87,623.0125,7242
2026-03-17 15:00:00,623,623.1198,622.76,622.845,10075
2026-03-17 15:01:00,622.845,623.2,622.845,623.07,5969
2026-03-17 15:02:00,623.05,623.35,622.9301,623.08,10886
2026-03-17 15:03:00,623.0551,623.0551,622.56,622.64,7830
2026-03-17 15:04:00,622.71,622.79,622.5,622.73,13682
2026-03-17 15:05:00,622.65,622.65,622.17,622.26,15967
2026-03-17 15:06:00,622.2588,622.285,621.81,621.89,18744
2026-03-17 15:07:00,621.93,622.01,621.7,621.85,14307
2026-03-17 15:08:00,621.84,622.46,621.81,622.33,15011
2026-03-17 15:09:00,622.295,622.6875,622.12,622.66,10037
2026-03-17 15:10:00,622.58,622.73,622.42,622.515,8204
2026-03-17 15:11:00,622.625,622.83,622.29,622.735,5222
2026-03-17 15:12:00,622.648,622.77,622.51,622.59,5352
2026-03-17 15:13:00,622.58,622.89,622.52,622.8563,4931
2026-03-17 15:14:00,622.86,622.95,622.76,622.905,7102
2026-03-17 15:15:00,622.85,623.41,622.85,623.365,10113
2026-03-17 15:16:00,623.21,623.26,623.08,623.2,5987
2026-03-17 15:17:00,623.2,623.2,622.92,622.94,13935
2026-03-17 15:18:00,622.97,623.24,622.9201,623.24,7649
2026-03-17 15:19:00,623.24,623.34,623.0201,623.11,11839
2026-03-17 15:20:00,623.055,623.1498,622.89,623.111,9723
2026-03-17 15:21:00,623.035,623.18,622.92,622.955,4325
2026-03-17 15:22:00,622.91,623.2,622.9,623.17,17820
2026-03-17 15:23:00,623.16,623.37,623.15,623.345,9485
2026-03-17 15:24:00,623.32,623.4,623.224,623.355,6029
2026-03-17 15:25:00,623.335,623.3575,623.0601,623.19,4969
2026-03-17 15:26:00,623.25,623.31,623.11,623.25,6271
2026-03-17 15:27:00,623.26,623.295,623,623.12,7870
2026-03-17 15:28:00,623.19,623.36,622.95,623.03,15443
2026-03-17 15:29:00,623.085,623.12,622.82,622.965,10285
2026-03-17 15:30:00,622.94,623.35,622.885,623.3119,16214
2026-03-17 15:31:00,623.37,623.48,623.34,623.43,9404
2026-03-17 15:32:00,623.42,623.47,623.04,623.13,11300
2026-03-17 15:33:00,623.06,623.14,622.98,622.98,8166
2026-03-17 15:34:00,622.99,622.99,622.76,622.86,8390
2026-03-17 15:35:00,622.94,623.0999,622.58,622.745,9877
2026-03-17 15:36:00,622.69,622.7644,622.2101,622.31,9746
2026-03-17 15:37:00,622.3899,622.61,622.3899,622.445,9381
2026-03-17 15:38:00,622.46,622.6699,622.4,622.49,13231
2026-03-17 15:39:00,622.5592,622.5599,622.01,622.01,19058
2026-03-17 15:40:00,622.065,622.33,622.065,622.225,8491
2026-03-17 15:41:00,622.29,622.3675,622.1501,622.2248,10659
2026-03-17 15:42:00,622.25,622.25,621.89,621.92,11810
2026-03-17 15:43:00,621.95,622.13,621.81,622.032,10957
2026-03-17 15:44:00,622.035,622.0906,621.74,622.01,28896
2026-03-17 15:45:00,621.97,622.5,621.96,622.44,18494
2026-03-17 15:46:00,622.4,622.67,622.28,622.305,6661
2026-03-17 15:47:00,622.32,622.38,621.92,621.96,17828
2026-03-17 15:48:00,622.068,622.16,621.92,622.1145,9516
2026-03-17 15:49:00,622.0922,622.16,621.86,621.98,15241
2026-03-17 15:50:00,622.01,622.77,621.97,622.49,42774
2026-03-17 15:51:00,622.56,622.86,622.24,622.41,48825
2026-03-17 15:52:00,622.325,622.9,622.3001,622.73,33488
2026-03-17 15:53:00,622.7,622.755,622.325,622.645,28024
2026-03-17 15:54:00,622.69,623.7564,622.54,623.7564,74005
2026-03-17 15:55:00,623.735,623.735,622.69,622.85,25488
2026-03-17 15:56:00,622.85,622.87,622.345,622.43,37674
2026-03-17 15:57:00,622.47,622.49,622.22,622.35,33346
2026-03-17 15:58:00,622.34,622.47,622.18,622.45,58088
2026-03-17 15:59:00,622.46,622.87,622.33,622.64,129293
2026-03-17 16:00:00,622.66,622.66,622.2,622.5,1024601
2026-03-17 16:01:00,622.66,622.79,622.62,622.66,3503
2026-03-17 16:02:00,622.81,623.54,622.68,622.68,883
2026-03-17 16:03:00,623.13,623.13,622.75,622.75,200
2026-03-17 16:04:00,622.8325,622.8325,622.826,622.826,100
2026-03-17 16:05:00,622.99,622.99,622.95,622.99,398
2026-03-17 16:06:00,622.9736,622.9736,622.9736,622.9736,40
2026-03-17 16:07:00,622.81,622.9284,622.8,622.8297,413
2026-03-17 16:08:00,622.8,622.8,622.8,622.8,49
2026-03-17 16:09:00,622.83,622.83,622.83,622.83,50
2026-03-17 16:12:00,622.82,622.99,622.8199,622.99,1110
2026-03-17 16:14:00,622.99,623.2,622.98,623.2,1673
2026-03-17 16:15:00,623.12,623.19,623.12,623.19,905
2026-03-17 16:16:00,623.2,623.2,623.06,623.06,1472
2026-03-17 16:17:00,623.05,623.12,623.05,623.1,967
2026-03-17 16:18:00,623.12,623.2,623.11,623.2,895
2026-03-17 16:19:00,623.12,623.1991,623.1003,623.1991,620
2026-03-17 16:20:00,623.1,623.2,623.01,623.2,432
2026-03-17 16:21:00,623.1,623.2,623,623.2,606
2026-03-17 16:23:00,623.02,623.02,623.02,623.02,40
2026-03-17 16:25:00,623,623,623,623,50
2026-03-17 16:26:00,622.93,622.93,622.93,622.93,40
2026-03-17 16:27:00,623,623.18,623,623.18,595
2026-03-17 16:28:00,623.02,623.02,623,623,360
2026-03-17 16:29:00,623,623,623,623,160
2026-03-17 16:30:00,622.9,622.9,622.9,622.9,169
2026-03-17 16:32:00,622.99,623,622.99,623,368
2026-03-17 16:33:00,622.66,622.66,622.66,622.66,82
2026-03-17 16:34:00,622.91,622.91,622.91,622.91,50
2026-03-17 16:36:00,622.91,622.91,622.9,622.9,260
2026-03-17 16:38:00,623.14,623.15,623.14,623.15,392
2026-03-17 16:39:00,623.01,623.02,623,623,519
2026-03-17 16:40:00,622.92,622.92,622.92,622.92,40
2026-03-17 16:41:00,622.8673,622.8673,622.8673,622.8673,50
2026-03-17 16:42:00,622.87,622.87,622.85,622.85,134
2026-03-17 16:43:00,622.98,623.2,622.98,623.2,809
2026-03-17 16:44:00,623.25,623.25,623.25,623.25,83
2026-03-17 16:46:00,623.065,623.065,623.065,623.065,120
2026-03-17 16:49:00,623.18,623.18,623.18,623.18,100
2026-03-17 16:51:00,623.2176,623.2176,623.2176,623.2176,50
2026-03-17 16:53:00,623.2176,623.2176,623.2176,623.2176,90
2026-03-17 16:54:00,623.18,623.18,623.18,623.18,69
2026-03-17 16:57:00,623.01,623.01,623.01,623.01,40
2026-03-17 16:59:00,623.06,623.06,623.06,623.06,69
2026-03-17 17:01:00,622.66,623.02,622.66,623.02,11172
2026-03-17 17:04:00,623.2,623.2,623.2,623.2,40
2026-03-17 17:06:00,623.25,623.25,623.25,623.25,50
2026-03-17 17:08:00,623.12,623.12,623.0201,623.0201,280
2026-03-17 17:11:00,623.18,623.25,623.18,623.25,220
2026-03-17 17:14:00,623.1,623.1,623.1,623.1,907
2026-03-17 17:15:00,623.0636,623.0636,623.0636,623.0636,50
2026-03-17 17:16:00,623.11,623.11,623.11,623.11,40
2026-03-17 17:20:00,623.0001,623.0001,623.0001,623.0001,40
2026-03-17 17:21:00,623.04,623.04,623.04,623.04,40
2026-03-17 17:24:00,623.03,623.1,623.03,623.0324,260
2026-03-17 17:25:00,623.2,623.2,623.2,623.2,51
2026-03-17 17:27:00,623.04,623.04,623.04,623.04,109
2026-03-17 17:30:00,623.04,623.04,623.04,623.04,40
2026-03-17 17:31:00,623.174,623.174,623.174,623.174,250
2026-03-17 17:32:00,623.05,623.05,623.05,623.05,40
2026-03-17 17:33:00,623,623,623,623,200
2026-03-17 17:37:00,623.1,623.1,623.1,623.1,55
2026-03-17 17:38:00,623.2,623.2,623.2,623.2,45
2026-03-17 17:44:00,623.14,623.14,623.14,623.14,75
2026-03-17 17:48:00,623.25,623.25,623.25,623.25,40
2026-03-17 17:53:00,623.25,623.25,623.25,623.25,80
2026-03-17 17:54:00,623.15,623.15,623.1,623.11,768
2026-03-17 17:55:00,623.1,623.1,623,623,640
2026-03-17 17:59:00,622.89,622.89,622.89,622.89,100
2026-03-17 18:02:00,622.8,622.8,622.8,622.8,195
2026-03-17 18:04:00,622.78,622.78,622.78,622.78,40
2026-03-17 18:06:00,622.94,622.94,622.75,622.75,1255
2026-03-17 18:07:00,622.76,622.76,622.76,622.76,60
2026-03-17 18:08:00,622.826,622.826,622.826,622.826,80
2026-03-17 18:09:00,622.826,622.826,622.826,622.826,40
2026-03-17 18:15:00,622.87,622.87,622.87,622.87,74
2026-03-17 18:16:00,622.81,622.81,622.75,622.75,548
2026-03-17 18:17:00,622.76,622.76,622.76,622.76,77
2026-03-17 18:18:00,622.9236,622.9236,622.9236,622.9236,40
2026-03-17 18:19:00,622.7,622.7,622.67,622.68,749
2026-03-17 18:20:00,622.66,622.66,622.6,622.6,941
2026-03-17 18:21:00,622.58,622.5801,622.58,622.5801,200
2026-03-17 18:22:00,622.58,622.58,622.33,622.35,746
2026-03-17 18:23:00,622.54,622.54,622.54,622.54,107
2026-03-17 18:25:00,622.77,622.77,622.77,622.77,50
2026-03-17 18:27:00,622.9,622.9,622.9,622.9,1000
2026-03-17 18:28:00,622.4994,622.4994,622.4994,622.4994,74
2026-03-17 18:32:00,622.66,622.66,622.55,622.55,706
2026-03-17 18:33:00,622.55,622.55,622.55,622.55,43
2026-03-17 18:36:00,622.55,622.65,622.55,622.65,187
2026-03-17 18:38:00,622.36,622.36,622.36,622.36,40
2026-03-17 18:40:00,622.1,622.1,622.1,622.1,88
2026-03-17 18:42:00,622.0298,622.0298,622.0298,622.0298,100
2026-03-17 18:43:00,622.42,622.42,622.42,622.42,500
2026-03-17 18:44:00,622.05,622.05,622.05,622.05,40
2026-03-17 18:46:00,622.18,622.18,622.18,622.18,40
2026-03-17 18:47:00,622.02,622.02,622.02,622.02,80
2026-03-17 18:48:00,622.0332,622.0332,622.0332,622.0332,50
2026-03-17 18:50:00,622.15,622.15,622.15,622.15,161
2026-03-17 18:52:00,622.1103,622.1103,622.1103,622.1103,100
2026-03-17 18:53:00,622.25,622.25,622.2,622.2,131
2026-03-17 18:56:00,622.15,622.15,622.15,622.15,80
2026-03-17 19:00:00,622.24,622.24,622.24,622.24,42
2026-03-17 19:01:00,622.21,622.21,622.21,622.21,40
2026-03-17 19:08:00,622.2,622.23,622.2,622.23,151
2026-03-17 19:11:00,622.16,622.16,622.16,622.16,289
2026-03-17 19:12:00,622.28,622.28,622.28,622.28,47
2026-03-17 19:18:00,622.36,622.36,622.36,622.36,100
2026-03-17 19:19:00,622.4,622.51,622.4,622.51,370
2026-03-17 19:21:00,622.6,622.6,622.6,622.6,100
2026-03-17 19:22:00,622.6,622.6,622.6,622.6,258
2026-03-17 19:26:00,622.6,622.6,622.6,622.6,100
2026-03-17 19:29:00,622.3,622.4,622.3,622.4,443
2026-03-17 19:32:00,622.45,622.45,622.45,622.45,69
2026-03-17 19:33:00,622.6,622.6,622.6,622.6,205
2026-03-17 19:38:00,622.45,622.45,622.45,622.45,50
2026-03-17 19:39:00,622.5,622.5,622.5,622.5,73
2026-03-17 19:43:00,622.37,622.37,622.37,622.37,100
2026-03-17 19:44:00,622.5,622.5,622.5,622.5,96
2026-03-17 19:48:00,622.5,622.5,622.5,622.5,50
2026-03-17 19:49:00,622.49,622.49,622.49,622.49,71
2026-03-17 19:50:00,622.48,622.48,622.48,622.48,41
2026-03-17 19:51:00,622.6,622.6,622.5999,622.6,152
2026-03-17 19:52:00,622.65,622.65,622.65,622.65,44
2026-03-17 19:53:00,622.51,622.51,622.5,622.5,1677
2026-03-17 19:54:00,622.5,622.5,622.5,622.5,61
2026-03-17 19:56:00,622.7451,622.7451,622.7451,622.7451,1000
2026-03-17 19:57:00,622.55,622.55,622.55,622.55,74
2026-03-17 19:59:00,622.7,622.7,622.7,622.7,90
2026-03-18 04:00:00,627,627,625.62,625.88,579
2026-03-18 04:03:00,625.57,625.6,625.57,625.6,297
2026-03-18 04:04:00,625.73,625.73,625.73,625.73,300
2026-03-18 04:05:00,625.92,625.92,625.92,625.92,89
2026-03-18 04:06:00,625.75,625.75,625.75,625.75,49
2026-03-18 04:11:00,625.99,626,625.99,625.99,332
2026-03-18 04:15:00,625.77,625.8,625.77,625.8,143
2026-03-18 04:23:00,625.76,625.76,625.76,625.76,60
2026-03-18 04:34:00,625.51,625.51,625.46,625.46,279
2026-03-18 04:40:00,625.48,625.48,625.48,625.48,82
2026-03-18 04:42:00,625.68,625.68,625.68,625.68,594
2026-03-18 05:12:00,625.61,625.61,625.5,625.5,189
2026-03-18 05:13:00,625.49,625.49,625.49,625.49,100
2026-03-18 05:37:00,625.63,625.63,625.63,625.63,40
2026-03-18 05:39:00,625.61,625.61,625.61,625.61,65
2026-03-18 05:41:00,625.57,625.57,625.57,625.57,60
2026-03-18 05:42:00,625.76,625.76,625.76,625.76,40
2026-03-18 05:50:00,625.67,625.67,625.55,625.55,250
2026-03-18 05:51:00,625.49,625.49,625.49,625.49,300
2026-03-18 05:52:00,625.3,625.3,625.3,625.3,61
2026-03-18 05:57:00,625.22,625.22,624.6,624.6,674
2026-03-18 06:05:00,625.1,625.1,625.1,625.1,70
2026-03-18 06:06:00,625.1,625.1,625.1,625.1,100
2026-03-18 06:12:00,625.4,625.4,625.4,625.4,70
2026-03-18 06:26:00,625.38,625.38,625.38,625.38,80
2026-03-18 06:30:00,625.1,625.1,625.1,625.1,58
2026-03-18 06:33:00,625,625,625,625,206
2026-03-18 06:46:00,624.97,625,624.7,624.7,829
2026-03-18 06:48:00,624.69,624.69,624.34,624.34,240
2026-03-18 06:54:00,624.41,624.58,624.18,624.58,2712
2026-03-18 07:00:00,624.92,624.92,624,624,752
2026-03-18 07:01:00,623.95,623.95,623.95,623.95,100
2026-03-18 07:03:00,623.9,624.25,623.9,624.25,440
2026-03-18 07:05:00,624.24,624.24,624.24,624.24,60
2026-03-18 07:07:00,624.1,624.11,624.1,624.11,140
2026-03-18 07:08:00,624.12,624.18,624.06,624.15,1688
2026-03-18 07:09:00,624.25,624.25,624.25,624.25,240
2026-03-18 07:10:00,624.35,624.41,624.35,624.41,440
2026-03-18 07:11:00,624.35,624.35,624.34,624.34,160
2026-03-18 07:12:00,624.34,624.5,624.34,624.5,317
2026-03-18 07:15:00,624.41,624.41,624.41,624.41,40
2026-03-18 07:18:00,624.58,624.58,624.58,624.58,55
2026-03-18 07:23:00,624.4,624.4,624.37,624.37,109
2026-03-18 07:24:00,624.22,624.22,624.15,624.15,273
2026-03-18 07:25:00,624.08,624.09,624.08,624.08,349
2026-03-18 07:26:00,623.9,623.9,623.33,623.33,541
2026-03-18 07:27:00,623.04,623.04,623,623,593
2026-03-18 07:29:00,623.34,623.4,622.73,622.73,1088
2026-03-18 07:34:00,623.71,623.71,623.71,623.71,40
2026-03-18 07:35:00,623.52,623.52,623.5,623.5,100
2026-03-18 07:38:00,623.15,623.15,623.15,623.15,43
2026-03-18 07:41:00,623.42,623.42,623.42,623.42,80
2026-03-18 07:43:00,623.39,623.39,623.39,623.39,300
2026-03-18 07:47:00,623.5,623.5,623.5,623.5,60
2026-03-18 07:48:00,623.6,623.6,623.6,623.6,75
2026-03-18 07:53:00,623.15,623.15,623.15,623.15,90
2026-03-18 07:54:00,623.25,623.25,623.25,623.25,249
2026-03-18 07:57:00,623.34,623.36,623.34,623.36,140
2026-03-18 08:00:00,625,625.99,622.8,623.36,15968
2026-03-18 08:01:00,625.7,626.32,623.01,623.01,7011
2026-03-18 08:02:00,624.24,624.24,622.86,623.23,371
2026-03-18 08:03:00,623.03,623.03,622.8,622.8,770
2026-03-18 08:04:00,622.8,622.8,622.7286,622.7286,200
2026-03-18 08:05:00,623.69,623.69,622.5,622.5,645
2026-03-18 08:06:00,622.4,625.42,622.05,622.4625,291
2026-03-18 08:07:00,622.05,622.45,621.99,622.45,3639
2026-03-18 08:08:00,622.12,622.4,622,622.09,872
2026-03-18 08:09:00,621.71,621.81,621.71,621.8,456
2026-03-18 08:10:00,621.71,621.71,621.7,621.7,99
2026-03-18 08:11:00,621.7,621.7,621.6288,621.6288,175
2026-03-18 08:12:00,621.5,621.5,621.5,621.5,368
2026-03-18 08:13:00,621.484,621.484,621.3,621.3,140
2026-03-18 08:14:00,621.413,621.413,621.413,621.413,50
2026-03-18 08:15:00,621.55,621.7,621.3,621.3,651
2026-03-18 08:16:00,621.21,621.21,620.75,620.83,1682
2026-03-18 08:17:00,620.82,620.84,620.82,620.83,326
2026-03-18 08:18:00,621,621.0305,620.79,621.0305,230
2026-03-18 08:19:00,620.8,621.05,620.7039,620.7039,586
2026-03-18 08:20:00,620.7,620.72,620.51,620.72,2694
2026-03-18 08:21:00,620.82,620.82,620.7,620.7,290
2026-03-18 08:23:00,621.05,621.05,620.67,620.8,180
2026-03-18 08:25:00,620.5,620.9278,620.48,620.49,1391
2026-03-18 08:26:00,620.5,620.7,620.5,620.58,862
2026-03-18 08:27:00,620.4234,620.69,620.4234,620.58,477
2026-03-18 08:28:00,620.55,620.79,620.55,620.79,165
2026-03-18 08:29:00,621.05,621.05,621.05,621.05,131
2026-03-18 08:30:00,621.29,621.65,620.2,620.9141,1042
2026-03-18 08:31:00,620.1,620.1,619.5,619.5,1478
2026-03-18 08:32:00,620.04,620.25,619.7,620,544
2026-03-18 08:33:00,619.76,619.8,619.31,619.61,1669
2026-03-18 08:34:00,619.5,619.89,619.26,619.6,4241
2026-03-18 08:35:00,619.98,620.01,619.9,620,2620
2026-03-18 08:36:00,619.61,619.63,619.57,619.57,1330
2026-03-18 08:37:00,620,620,619.75,619.75,140
2026-03-18 08:38:00,619.7,619.75,619.7,619.75,192
2026-03-18 08:39:00,619.77,620.19,619.77,619.8172,803
2026-03-18 08:40:00,620,620.2,620,620.2,452
2026-03-18 08:41:00,620.3,620.3,620.19,620.251,369
2026-03-18 08:42:00,620,620,618.88,618.88,1853
2026-03-18 08:43:00,618.55,618.61,618.1771,618.25,620
2026-03-18 08:44:00,618,618,617.73,617.8,1288
2026-03-18 08:45:00,617.9098,618.3296,617.9098,618.3,309
2026-03-18 08:46:00,617.36,618.4,617.36,618.1628,569
2026-03-18 08:47:00,618.2,618.5,618.11,618.5,1102
2026-03-18 08:48:00,618.18,618.35,617.9,617.9,2169
2026-03-18 08:49:00,618,618.0668,617.91,618.0668,1106
2026-03-18 08:50:00,618.27,618.28,617.7,617.7,668
2026-03-18 08:51:00,618,618.02,617.8376,617.8711,1533
2026-03-18 08:52:00,618.28,618.28,618.28,618.28,276
2026-03-18 08:53:00,618.4201,618.4201,618.23,618.23,119
2026-03-18 08:54:00,617.8,617.8,617.75,617.75,198
2026-03-18 08:55:00,617.99,618.18,617.99,618.18,143
2026-03-18 08:56:00,618.31,618.31,618,618.25,238
2026-03-18 08:57:00,618.18,618.25,617.32,617.32,1654
2026-03-18 08:58:00,617.27,617.69,617.27,617.69,390
2026-03-18 08:59:00,617.49,617.5,617.49,617.5,1100
2026-03-18 09:00:00,617.5,617.5,617.5,617.5,100
2026-03-18 09:01:00,617.5,617.5,617.23,617.23,397
2026-03-18 09:02:00,617.44,617.44,617.2,617.2,714
2026-03-18 09:03:00,617.2,617.8,617.2,617.8,375
2026-03-18 09:04:00,617.9,617.9,617.9,617.9,50
2026-03-18 09:05:00,617.4,617.5,617.4,617.5,1052
2026-03-18 09:06:00,617.4,617.5,617.363,617.363,346
2026-03-18 09:07:00,617.69,618.49,617.35,618.49,1146
2026-03-18 09:08:00,618.25,618.48,618.25,618.4686,905
2026-03-18 09:09:00,618.5,618.5,618.25,618.46,1831
2026-03-18 09:10:00,618.57,618.57,618.54,618.54,348
2026-03-18 09:11:00,618.5,618.5,618.49,618.49,264
2026-03-18 09:12:00,618.435,618.5,618.42,618.43,457
2026-03-18 09:13:00,618.42,618.42,618.37,618.37,150
2026-03-18 09:14:00,618.5,618.56,618.5,618.56,230
2026-03-18 09:15:00,618.58,618.58,618.35,618.35,600
2026-03-18 09:16:00,618.7538,618.7538,618.18,618.18,953
2026-03-18 09:17:00,618.49,618.83,618.49,618.75,360
2026-03-18 09:18:00,618.76,618.9334,618.6112,618.6112,625
2026-03-18 09:19:00,619,619,618.8116,618.8116,465
2026-03-18 09:20:00,618.8226,619,618.8226,619,1202
2026-03-18 09:21:00,619,619.35,619,619.35,639
2026-03-18 09:22:00,619.2,619.5,618.971,619.5,591
2026-03-18 09:23:00,619.6604,619.74,619.45,619.45,622
2026-03-18 09:24:00,619.2,619.2,618.81,618.81,507
2026-03-18 09:25:00,619.35,619.65,619.27,619.62,325
2026-03-18 09:26:00,619.55,620.4,619.2252,620.4,1816
2026-03-18 09:27:00,620.01,620.01,618.4,618.91,1130
2026-03-18 09:28:00,618.18,618.18,615.86,616,7749
2026-03-18 09:29:00,615.85,616.46,615.54,616.4,6077
2026-03-18 09:30:00,616.45,618.52,615.31,617.365,190656
2026-03-18 09:31:00,617.68,618.7,616.73,618.46,55519
2026-03-18 09:32:00,618.31,618.5769,617.47,618.225,31630
2026-03-18 09:33:00,618.1,618.96,617.465,618.225,39412
2026-03-18 09:34:00,618.225,618.82,617.33,618.82,32123
2026-03-18 09:35:00,618.64,620.2828,618.46,620.08,36637
2026-03-18 09:36:00,620.095,621.1399,620.095,621.04,53302
2026-03-18 09:37:00,621.06,621.59,620.42,620.68,35339
2026-03-18 09:38:00,620.69,621.7899,620.62,620.86,52523
2026-03-18 09:39:00,620.86,620.96,619.58,619.59,31893
2026-03-18 09:40:00,619.8,621.5,619.765,620.86,28375
2026-03-18 09:41:00,620.86,621.26,620.52,620.58,22585
2026-03-18 09:42:00,620.51,620.76,620.11,620.37,19862
2026-03-18 09:43:00,620.35,620.7,619.8,619.91,30440
2026-03-18 09:44:00,619.91,620.345,619.12,620.205,21546
2026-03-18 09:45:00,620.39,621,620.05,620.545,24143
2026-03-18 09:46:00,620.545,620.88,620.03,620.78,17530
2026-03-18 09:47:00,620.77,621.6,620.28,621.0625,30182
2026-03-18 09:48:00,621.065,621.65,620.94,621.05,15564
2026-03-18 09:49:00,620.94,621.62,620.93,620.99,23052
2026-03-18 09:50:00,621.02,621.5,620.6417,621.06,16096
2026-03-18 09:51:00,621,621.14,619.86,620.33,27241
2026-03-18 09:52:00,620.375,620.765,620.17,620.765,19888
2026-03-18 09:53:00,620.8899,620.8899,619.55,619.55,31623
2026-03-18 09:54:00,619.49,619.9038,619.24,619.295,20502
2026-03-18 09:55:00,619.295,620.5,619.12,620.26,49615
2026-03-18 09:56:00,620.265,620.39,620.02,620.26,11724
2026-03-18 09:57:00,620.26,620.271,619.54,619.555,9490
2026-03-18 09:58:00,619.62,620.4,619.52,620.3,13765
2026-03-18 09:59:00,620.35,620.66,620.1,620.45,21041
2026-03-18 10:00:00,620.46,620.9958,620,620,15180
2026-03-18 10:01:00,620.1,620.5,619.84,620.3101,11374
2026-03-18 10:02:00,620.315,620.65,619.78,619.78,22675
2026-03-18 10:03:00,619.79,620.515,619.67,620.515,15498
2026-03-18 10:04:00,620.46,620.63,620.0718,620.295,10645
2026-03-18 10:05:00,620.2893,620.335,619.4301,619.4301,20403
2026-03-18 10:06:00,619.44,620.11,619.11,620.1,23519
2026-03-18 10:07:00,619.95,620.34,619.48,620.25,19476
2026-03-18 10:08:00,620.21,621,619.8802,620.76,26598
2026-03-18 10:09:00,620.74,620.75,620.01,620.2965,9645
2026-03-18 10:10:00,620.215,621.3499,619.69,621.18,24444
2026-03-18 10:11:00,621.185,621.39,620.911,621.15,14381
2026-03-18 10:12:00,621.1992,621.39,620.71,621.28,28237
2026-03-18 10:13:00,621.22,621.36,619.92,619.92,12848
2026-03-18 10:14:00,619.98,620.85,619.78,620.576,12166
2026-03-18 10:15:00,620.44,621.14,620.2701,620.3001,26112
2026-03-18 10:16:00,620.43,620.84,620.38,620.48,16634
2026-03-18 10:17:00,620.48,620.6,619.73,619.96,27182
2026-03-18 10:18:00,619.97,620.525,619.8101,620.32,13341
2026-03-18 10:19:00,620.37,620.425,619.5,619.51,9667
2026-03-18 10:20:00,619.48,620.0833,619.0201,619.25,22048
2026-03-18 10:21:00,619.15,619.2756,618.6,618.67,22059
2026-03-18 10:22:00,618.76,618.88,618.25,618.65,20082
2026-03-18 10:23:00,618.6501,618.72,618.2,618.41,21061
2026-03-18 10:24:00,618.445,618.66,618.11,618.3,14686
2026-03-18 10:25:00,618.33,618.37,617.548,617.57,24678
2026-03-18 10:26:00,617.54,617.54,616.13,616.42,49458
2026-03-18 10:27:00,616.55,616.85,616.3122,616.4,26326
2026-03-18 10:28:00,616.39,616.5,615.9,616.01,47840
2026-03-18 10:29:00,616.095,616.13,615.76,615.84,50100
2026-03-18 10:30:00,615.99,616.6,615.5,616.525,47636
2026-03-18 10:31:00,616.525,617.48,616.525,617.03,30382
2026-03-18 10:32:00,616.92,617.4,616.69,617.195,22349
2026-03-18 10:33:00,617.235,617.6999,616.92,617.265,22647
2026-03-18 10:34:00,617.3,617.39,616.66,616.92,22173
2026-03-18 10:35:00,616.92,617.24,616.69,617.195,16841
2026-03-18 10:36:00,617.195,617.7199,617.19,617.555,20436
2026-03-18 10:37:00,617.55,617.8304,617.257,617.76,18925
2026-03-18 10:38:00,617.765,618.43,617.69,618.295,14086
2026-03-18 10:39:00,618.34,618.365,617.29,617.29,14429
2026-03-18 10:40:00,617.2776,617.42,617.0001,617.3125,18584
2026-03-18 10:41:00,617.21,617.96,617.21,617.86,11512
2026-03-18 10:42:00,617.9699,618.23,617.82,617.92,9950
2026-03-18 10:43:00,617.915,618.26,617.74,618.015,11563
2026-03-18 10:44:00,618.015,618.4,617.91,618.055,12838
2026-03-18 10:45:00,618.13,618.67,618.13,618.51,16898
2026-03-18 10:46:00,618.43,618.7,618.28,618.29,15364
2026-03-18 10:47:00,618.34,618.4,617.89,617.975,13611
2026-03-18 10:48:00,618.0599,618.14,617.78,618,16637
2026-03-18 10:49:00,617.89,618.5,617.8501,618.405,10106
2026-03-18 10:50:00,618.405,619.38,618.31,619.38,22661
2026-03-18 10:51:00,619.29,619.5,619.14,619.24,20320
2026-03-18 10:52:00,619.25,619.48,619.04,619.168,15704
2026-03-18 10:53:00,619.1908,619.48,618.9,619.42,14171
2026-03-18 10:54:00,619.49,619.55,619.29,619.45,14560
2026-03-18 10:55:00,619.465,619.52,619.2,619.455,13092
2026-03-18 10:56:00,619.42,620.2,619.34,620.11,30068
2026-03-18 10:57:00,620.22,620.85,620.19,620.735,19127
2026-03-18 10:58:00,620.744,621.45,620.66,621.36,25203
2026-03-18 10:59:00,621.36,621.36,621,621.055,13877
2026-03-18 11:00:00,621.11,621.5,620.69,621.445,21039
2026-03-18 11:01:00,621.4222,621.4999,620.57,620.695,11525
2026-03-18 11:02:00,620.6885,620.81,620.02,620.3,19549
2026-03-18 11:03:00,620.24,620.63,620.222,620.535,8688
2026-03-18 11:04:00,620.535,620.535,620.1201,620.1201,8028
2026-03-18 11:05:00,620.18,620.33,619.82,619.82,11802
2026-03-18 11:06:00,619.99,620.64,619.73,620.64,11268
2026-03-18 11:07:00,620.69,620.82,620.415,620.46,5283
2026-03-18 11:08:00,620.425,620.7,620.17,620.42,7918
2026-03-18 11:09:00,620.425,621.155,620.425,620.95,13271
2026-03-18 11:10:00,620.91,620.92,620.26,620.32,7553
2026-03-18 11:11:00,620.33,620.485,620.05,620.27,7370
2026-03-18 11:12:00,620.35,620.64,620.06,620.625,7283
2026-03-18 11:13:00,620.56,620.6,620.14,620.3,5874
2026-03-18 11:14:00,620.285,620.285,619.88,620.059,9583
2026-03-18 11:15:00,620.09,620.43,619.96,620.055,6919
2026-03-18 11:16:00,620.0012,620.21,619.8,619.885,9665
2026-03-18 11:17:00,619.95,620.65,619.8,620.35,13265
2026-03-18 11:18:00,620.38,620.57,620,620.1,15683
2026-03-18 11:19:00,620.05,620.07,619.79,619.9,4472
2026-03-18 11:20:00,619.8351,620.18,619.69,619.8,10752
2026-03-18 11:21:00,619.845,620.1,619.6,620.09,10220
2026-03-18 11:22:00,620.1,620.73,620.01,620.73,8757
2026-03-18 11:23:00,620.63,621,620.54,620.925,13075
2026-03-18 11:24:00,620.85,621.37,620.75,621.37,9574
2026-03-18 11:25:00,621.4,621.6599,621.2,621.56,28971
2026-03-18 11:26:00,621.65,621.9678,621.51,621.8,21988
2026-03-18 11:27:00,621.785,622.4499,621.68,622.15,29214
2026-03-18 11:28:00,622.19,622.33,621.89,622.035,29429
2026-03-18 11:29:00,622.18,622.18,621.6,621.66,14987
2026-03-18 11:30:00,621.7206,621.93,621.48,621.79,11240
2026-03-18 11:31:00,621.8,622.2,621.79,621.85,23695
2026-03-18 11:32:00,621.8,622.55,621.8,622.505,16619
2026-03-18 11:33:00,622.505,622.65,622.25,622.64,17674
2026-03-18 11:34:00,622.565,622.565,622.0744,622.1501,7791
2026-03-18 11:35:00,622.23,622.295,621.5752,621.6698,8684
2026-03-18 11:36:00,621.75,621.89,621.63,621.69,5256
2026-03-18 11:37:00,621.69,621.78,621.45,621.675,10256
2026-03-18 11:38:00,621.67,621.79,621.472,621.77,8882
2026-03-18 11:39:00,621.825,621.9,621.4601,621.595,9576
2026-03-18 11:40:00,621.52,621.6276,621.16,621.16,9053
2026-03-18 11:41:00,621.33,621.65,621.05,621.05,14324
2026-03-18 11:42:00,621.06,621.22,620.66,620.69,18668
2026-03-18 11:43:00,620.89,621.2429,620.86,621.19,4043
2026-03-18 11:44:00,621.22,621.27,620.8,621.14,16684
2026-03-18 11:45:00,621.14,621.28,620.94,621.175,16898
2026-03-18 11:46:00,621.17,621.25,619.875,619.94,13279
2026-03-18 11:47:00,619.8688,620.769,619.8688,620.66,11897
2026-03-18 11:48:00,620.82,620.98,620.3127,620.6,10460
2026-03-18 11:49:00,620.52,620.52,619.67,619.67,9178
2026-03-18 11:50:00,619.65,620,619.61,619.68,9696
2026-03-18 11:51:00,619.68,619.8125,619.31,619.5825,20419
2026-03-18 11:52:00,619.605,619.92,619.43,619.765,6363
2026-03-18 11:53:00,619.8,619.8,619.4,619.4,3776
2026-03-18 11:54:00,619.43,620.11,619.43,620.11,8642
2026-03-18 11:55:00,620.19,620.545,620.09,620.51,10693
2026-03-18 11:56:00,620.52,620.799,620.38,620.6,7212
2026-03-18 11:57:00,620.65,620.67,620.16,620.205,7559
2026-03-18 11:58:00,620.125,620.82,620.125,620.69,10330
2026-03-18 11:59:00,620.715,620.9243,620.32,620.45,6526
2026-03-18 12:00:00,620.45,620.475,620.09,620.125,5484
2026-03-18 12:01:00,620.19,620.42,620.055,620.335,9164
2026-03-18 12:02:00,620.38,620.55,620.19,620.53,15136
2026-03-18 12:03:00,620.52,620.59,620.41,620.415,5521
2026-03-18 12:04:00,620.39,620.605,620.26,620.26,6853
2026-03-18 12:05:00,620.26,620.285,619.91,620.16,5010
2026-03-18 12:06:00,620.135,620.65,620.06,620.57,6240
2026-03-18 12:07:00,620.58,621.18,620.4901,621,11706
2026-03-18 12:08:00,621.0335,621.0335,619.68,620.37,65709
2026-03-18 12:09:00,620.27,620.3662,620.02,620.0501,4757
2026-03-18 12:10:00,620.18,620.34,619.88,620.17,6468
2026-03-18 12:11:00,620.03,620.2735,619.91,620.21,3837
2026-03-18 12:12:00,620.32,620.5,620.2501,620.47,3984
2026-03-18 12:13:00,620.43,620.9774,620.25,620.97,12326
2026-03-18 12:14:00,620.91,621.08,620.72,620.75,3798
2026-03-18 12:15:00,620.69,620.76,620.2301,620.377,5516
2026-03-18 12:16:00,620.44,620.44,620.1,620.36,4789
2026-03-18 12:17:00,620.2678,620.39,620.1201,620.33,5387
2026-03-18 12:18:00,620.33,620.33,620.15,620.15,4255
2026-03-18 12:19:00,620.24,620.41,620.09,620.39,5847
2026-03-18 12:20:00,620.385,620.78,620.29,620.6,4614
2026-03-18 12:21:00,620.67,620.86,620.55,620.55,4610
2026-03-18 12:22:00,620.585,620.585,620.14,620.22,5811
2026-03-18 12:23:00,620.29,620.47,620.19,620.385,4402
2026-03-18 12:24:00,620.47,620.5299,620.27,620.3151,3602
2026-03-18 12:25:00,620.315,620.36,619.85,619.9,9779
2026-03-18 12:26:00,619.92,620.27,619.86,620.27,8463
2026-03-18 12:27:00,620.27,620.4,620.06,620.06,9019
2026-03-18 12:28:00,620.04,620.06,619.57,619.57,11510
2026-03-18 12:29:00,619.6,619.6099,619.25,619.355,6073
2026-03-18 12:30:00,619.3,619.33,618.98,619.125,20591
2026-03-18 12:31:00,619.07,619.54,619.0001,619.26,5837
2026-03-18 12:32:00,619.27,619.27,619.03,619.12,4834
2026-03-18 12:33:00,619.22,619.3928,618.5,618.94,17840
2026-03-18 12:34:00,619.02,619.05,618.32,618.33,8922
2026-03-18 12:35:00,618.32,618.4625,617.79,617.85,30361
2026-03-18 12:36:00,617.9,618.32,617.89,618.3,9053
2026-03-18 12:37:00,618.25,618.63,618.25,618.36,7691
2026-03-18 12:38:00,618.37,618.53,618.2301,618.445,11610
2026-03-18 12:39:00,618.4,618.795,618.39,618.795,8719
2026-03-18 12:40:00,618.695,618.8,618.32,618.36,12069
2026-03-18 12:41:00,618.4,618.4,618.14,618.24,13260
2026-03-18 12:42:00,618.24,618.3,617.94,617.995,9791
2026-03-18 12:43:00,618.04,618.075,617.63,617.676,8994
2026-03-18 12:44:00,617.67,617.67,617.345,617.38,9650
2026-03-18 12:45:00,617.38,617.98,617.15,617.81,15020
2026-03-18 12:46:00,617.88,618.09,617.83,618.03,6369
2026-03-18 12:47:00,617.99,618.4,617.99,618.14,8395
2026-03-18 12:48:00,618.22,618.4,618.08,618.08,5687
2026-03-18 12:49:00,618,618.14,617.83,618.03,3191
2026-03-18 12:50:00,617.92,618.14,617.89,618.14,6047
2026-03-18 12:51:00,618.1,618.3,618.065,618.22,4529
2026-03-18 12:52:00,618.28,618.4325,618.0901,618.43,5586
2026-03-18 12:53:00,618.4,618.9199,618.4,618.51,7757
2026-03-18 12:54:00,618.595,618.65,618.43,618.52,4163
2026-03-18 12:55:00,618.44,618.6766,618.38,618.59,2544
2026-03-18 12:56:00,618.61,618.61,618.18,618.385,10946
2026-03-18 12:57:00,618.445,618.48,618.2,618.46,2635
2026-03-18 12:58:00,618.37,618.505,618.16,618.16,2234
2026-03-18 12:59:00,618.195,618.35,617.92,618.08,8142
2026-03-18 13:00:00,618.08,618.18,617.89,617.905,4405
2026-03-18 13:01:00,617.84,617.95,617.16,617.22,16042
2026-03-18 13:02:00,617.32,617.58,617.2315,617.51,5526
2026-03-18 13:03:00,617.6,617.82,617.5501,617.66,4246
2026-03-18 13:04:00,617.62,617.95,617.61,617.86,2343
2026-03-18 13:05:00,617.7522,617.94,617.52,617.52,4432
2026-03-18 13:06:00,617.46,617.71,617.3301,617.71,4850
2026-03-18 13:07:00,617.68,617.735,617.54,617.65,1509
2026-03-18 13:08:00,617.66,617.71,617.25,617.28,3819
2026-03-18 13:09:00,617.26,617.345,617,617.17,6212
2026-03-18 13:10:00,617.202,617.5,617.16,617.315,8227
2026-03-18 13:11:00,617.27,617.4,616.85,616.99,16263
2026-03-18 13:12:00,616.89,617,616.78,616.89,20757
2026-03-18 13:13:00,616.92,617.11,616.85,616.86,17344
2026-03-18 13:14:00,616.95,617.0697,616.84,616.85,11290
2026-03-18 13:15:00,616.89,617.1,616.785,617.015,12617
2026-03-18 13:16:00,617,617.14,616.72,616.8922,10982
2026-03-18 13:17:00,616.92,617.68,616.88,617.4,11913
2026-03-18 13:18:00,617.47,617.63,617.3,617.3,8775
2026-03-18 13:19:00,617.33,617.7499,617.33,617.493,14351
2026-03-18 13:20:00,617.5799,617.805,617.43,617.7,6883
2026-03-18 13:21:00,617.64,617.86,617.5,617.515,7980
2026-03-18 13:22:00,617.515,617.84,617.44,617.53,8828
2026-03-18 13:23:00,617.575,617.7,617.4324,617.55,7916
2026-03-18 13:24:00,617.61,617.875,617.512,617.59,12264
2026-03-18 13:25:00,617.6,617.6,617.19,617.4,14182
2026-03-18 13:26:00,617.46,617.64,617.36,617.64,3898
2026-03-18 13:27:00,617.61,617.81,617.59,617.77,7496
2026-03-18 13:28:00,617.77,617.82,617.36,617.44,8529
2026-03-18 13:29:00,617.495,617.82,617.45,617.7,4428
2026-03-18 13:30:00,617.7,617.89,617.18,617.18,13255
2026-03-18 13:31:00,617.28,617.34,616.75,617.26,14047
2026-03-18 13:32:00,617.29,617.55,617.25,617.35,11005
2026-03-18 13:33:00,617.43,617.43,617.12,617.385,5379
2026-03-18 13:34:00,617.43,617.72,617.4,617.72,12796
2026-03-18 13:35:00,617.74,618.81,617.68,618.635,19077
2026-03-18 13:36:00,618.51,619.16,618.1952,619.0611,10237
2026-03-18 13:37:00,619.1961,619.1961,618.9,619.02,8282
2026-03-18 13:38:00,618.96,619.15,618.855,618.971,8589
2026-03-18 13:39:00,618.9925,619.21,618.93,618.955,12689
2026-03-18 13:40:00,618.99,619.3351,618.84,619.165,7480
2026-03-18 13:41:00,619.165,619.17,618.91,619.1375,8592
2026-03-18 13:42:00,619.02,619.1,618.8,619.065,6681
2026-03-18 13:43:00,619.06,619.075,618.535,618.655,9825
2026-03-18 13:44:00,618.68,618.92,618.635,618.7,5052
2026-03-18 13:45:00,618.695,618.9468,618.685,618.82,5728
2026-03-18 13:46:00,618.815,619.225,618.815,619.225,19881
2026-03-18 13:47:00,619.27,619.44,619.1,619.36,11776
2026-03-18 13:48:00,619.31,619.31,618.88,619.05,5435
2026-03-18 13:49:00,619.13,619.14,618.84,618.88,3197
2026-03-18 13:50:00,618.81,618.82,618.55,618.64,8159
2026-03-18 13:51:00,618.64,619,618.57,619,4259
2026-03-18 13:52:00,619,619,618.705,618.705,3487
2026-03-18 13:53:00,618.64,618.8,618.44,618.79,9402
2026-03-18 13:54:00,618.775,619.33,618.7,619.33,10108
2026-03-18 13:55:00,619.33,619.4,619,619.27,5956
2026-03-18 13:56:00,619.265,619.47,619.25,619.38,9135
2026-03-18 13:57:00,619.38,619.66,619.377,619.62,11474
2026-03-18 13:58:00,619.66,620.17,619.54,620.17,30970
2026-03-18 13:59:00,620.11,620.17,619.63,619.78,16599
2026-03-18 14:00:00,619.81,620.67,619.81,620.65,15435
2026-03-18 14:01:00,620.58,620.78,619.8,619.99,16067
2026-03-18 14:02:00,619.965,620.43,619.78,620.43,11736
2026-03-18 14:03:00,620.4,620.6946,620.1,620.61,12540
2026-03-18 14:04:00,620.61,621.16,620.59,620.965,28878
2026-03-18 14:05:00,620.88,620.9507,620.18,620.39,10367
2026-03-18 14:06:00,620.38,620.43,620,620.18,12116
2026-03-18 14:07:00,620.22,620.595,620.135,620.545,12857
2026-03-18 14:08:00,620.49,620.73,620.34,620.73,13890
2026-03-18 14:09:00,620.665,620.665,620,620.16,17305
2026-03-18 14:10:00,620.1751,620.47,619.84,619.905,11926
2026-03-18 14:11:00,619.905,620.38,619.905,620.16,8452
2026-03-18 14:12:00,620.17,620.7899,620.11,620.585,9865
2026-03-18 14:13:00,620.605,620.605,620.32,620.49,4032
2026-03-18 14:14:00,620.49,620.5,620.16,620.345,13618
2026-03-18 14:15:00,620.35,620.42,619.3,619.355,30693
2026-03-18 14:16:00,619.54,619.91,619.09,619.09,16853
2026-03-18 14:17:00,619.05,619.675,619,619.075,15130
2026-03-18 14:18:00,619,619.5,618.95,619.285,7644
2026-03-18 14:19:00,619.33,619.4,619.0901,619.27,4281
2026-03-18 14:20:00,619.26,619.32,618.9,618.9,13581
2026-03-18 14:21:00,618.85,619.115,618.59,618.77,8897
2026-03-18 14:22:00,618.7951,618.94,618.533,618.58,11612
2026-03-18 14:23:00,618.63,618.73,618.41,618.55,5296
2026-03-18 14:24:00,618.61,618.61,618.1501,618.46,8150
2026-03-18 14:25:00,618.4425,618.7,618.35,618.59,6071
2026-03-18 14:26:00,618.65,618.715,618.43,618.57,8597
2026-03-18 14:27:00,618.58,618.64,618.36,618.54,8566
2026-03-18 14:28:00,618.63,618.8875,618.57,618.84,7047
2026-03-18 14:29:00,618.86,618.86,618.45,618.6056,5935
2026-03-18 14:30:00,618.56,618.811,618.33,618.72,6089
2026-03-18 14:31:00,618.63,618.7499,618.27,618.27,11515
2026-03-18 14:32:00,618.31,618.505,617.76,617.865,13431
2026-03-18 14:33:00,617.86,618.3725,617.74,618.22,18684
2026-03-18 14:34:00,618.235,618.49,617.7,617.71,12320
2026-03-18 14:35:00,617.79,618.5,617.68,618.25,19359
2026-03-18 14:36:00,618.2,619.15,618.09,619.15,11227
2026-03-18 14:37:00,619,619.5,618.37,618.435,8581
2026-03-18 14:38:00,618.435,618.75,618,618.09,19224
2026-03-18 14:39:00,618.12,618.415,617.6,617.7172,12814
2026-03-18 14:40:00,617.76,617.87,617.3944,617.845,9170
2026-03-18 14:41:00,617.9,618.44,617.81,617.81,13420
2026-03-18 14:42:00,617.81,618.47,617.8,618.23,9796
2026-03-18 14:43:00,618.16,618.43,617.79,617.83,23131
2026-03-18 14:44:00,617.97,618.11,617.5843,617.5843,10484
2026-03-18 14:45:00,617.54,617.7127,617.3302,617.44,12725
2026-03-18 14:46:00,617.43,617.52,617.1,617.29,12387
2026-03-18 14:47:00,617.345,617.44,617.18,617.25,8593
2026-03-18 14:48:00,617.285,617.45,617.1321,617.285,6633
2026-03-18 14:49:00,617.2,617.2,616.91,616.93,12683
2026-03-18 14:50:00,617.0808,617.14,616.74,616.76,12616
2026-03-18 14:51:00,616.81,617.02,616.65,616.86,13693
2026-03-18 14:52:00,616.85,616.885,616.2901,616.2901,12069
2026-03-18 14:53:00,616.34,616.58,616.25,616.385,8702
2026-03-18 14:54:00,616.31,616.49,615.85,616.025,29613
2026-03-18 14:55:00,615.98,616.4292,615.89,616.1876,13121
2026-03-18 14:56:00,616.225,616.4298,615.72,615.815,33031
2026-03-18 14:57:00,615.815,616,615.72,615.845,13123
2026-03-18 14:58:00,615.845,615.94,615.49,615.695,24733
2026-03-18 14:59:00,615.7,615.715,615.31,615.41,12149
2026-03-18 15:00:00,615.31,615.69,615.02,615.68,17256
2026-03-18 15:01:00,615.68,615.95,615.42,615.7701,16589
2026-03-18 15:02:00,615.8575,616.22,615.8575,616,11016
2026-03-18 15:03:00,616.1,616.71,615.95,616.655,21344
2026-03-18 15:04:00,616.71,617.08,616.59,617,16091
2026-03-18 15:05:00,616.9624,617.36,616.91,617.31,22001
2026-03-18 15:06:00,617.31,618.22,617.3,618.14,45459
2026-03-18 15:07:00,618.111,618.15,617.11,617.48,32909
2026-03-18 15:08:00,617.52,617.78,617.3301,617.515,13280
2026-03-18 15:09:00,617.47,618,617.3501,618,22614
2026-03-18 15:10:00,617.96,618.02,617.66,617.66,8763
2026-03-18 15:11:00,617.6701,617.79,617.55,617.565,5834
2026-03-18 15:12:00,617.52,617.65,617.32,617.42,17743
2026-03-18 15:13:00,617.4,617.8,617.4,617.67,10703
2026-03-18 15:14:00,617.6872,617.8,617.63,617.63,10810
2026-03-18 15:15:00,617.61,617.65,617.34,617.48,12570
2026-03-18 15:16:00,617.57,617.65,617.05,617.1,18962
2026-03-18 15:17:00,617.06,617.45,617.06,617.285,10057
2026-03-18 15:18:00,617.2301,617.48,617.18,617.455,7647
2026-03-18 15:19:00,617.48,617.48,617,617.06,19466
2026-03-18 15:20:00,617.01,617.07,616.83,616.98,17034
2026-03-18 15:21:00,616.955,617.01,616.55,616.97,12931
2026-03-18 15:22:00,617.04,617.35,616.8366,616.845,13763
2026-03-18 15:23:00,616.74,617.03,616.4442,616.98,12028
2026-03-18 15:24:00,616.98,617,616.68,616.885,13505
2026-03-18 15:25:00,616.85,617.01,616.78,616.8202,9387
2026-03-18 15:26:00,616.91,617.05,616.77,616.83,11140
2026-03-18 15:27:00,616.885,616.93,616.721,616.905,12098
2026-03-18 15:28:00,616.93,617.1699,616.89,617.1699,16272
2026-03-18 15:29:00,617.16,617.22,616.66,616.77,16850
2026-03-18 15:30:00,616.77,616.85,616.48,616.59,11925
2026-03-18 15:31:00,616.51,616.9,616.42,616.68,21435
2026-03-18 15:32:00,616.71,616.94,616.44,616.845,21281
2026-03-18 15:33:00,616.8474,617.01,616.53,616.59,13689
2026-03-18 15:34:00,616.58,617.05,616.51,616.86,20634
2026-03-18 15:35:00,616.8,616.87,616.5,616.6,13229
2026-03-18 15:36:00,616.65,616.85,616.56,616.645,18912
2026-03-18 15:37:00,616.645,616.655,615.91,615.93,26552
2026-03-18 15:38:00,615.955,616.09,615.82,615.95,21109
2026-03-18 15:39:00,616,616.04,615.75,615.935,23708
2026-03-18 15:40:00,615.93,616,615.2501,615.61,26728
2026-03-18 15:41:00,615.6099,615.66,615.1,615.14,28724
2026-03-18 15:42:00,615.15,615.56,615.122,615.332,25733
2026-03-18 15:43:00,615.29,615.5,615.1,615.12,14442
2026-03-18 15:44:00,615.125,615.125,614.61,615.02,27143
2026-03-18 15:45:00,615.05,615.06,614.62,615.01,17137
2026-03-18 15:46:00,614.98,615.15,614.8,614.93,12589
2026-03-18 15:47:00,614.93,615.08,614.81,614.94,13877
2026-03-18 15:48:00,614.9401,615.44,614.89,615.25,25153
2026-03-18 15:49:00,615.23,615.3,614.9,615.04,21326
2026-03-18 15:50:00,615.06,615.61,615.04,615.55,28092
2026-03-18 15:51:00,615.55,615.56,614.83,615.06,28282
2026-03-18 15:52:00,615.085,615.22,614.75,615,24162
2026-03-18 15:53:00,614.96,615.3,614.96,615.25,23741
2026-03-18 15:54:00,615.26,615.26,615.02,615.04,32853
2026-03-18 15:55:00,615.01,616.32,614.96,616.235,65557
2026-03-18 15:56:00,616.25,616.35,615.98,616.27,40243
2026-03-18 15:57:00,616.24,616.6081,616.21,616.285,45916
2026-03-18 15:58:00,616.23,616.43,615.85,615.9,57631
2026-03-18 15:59:00,615.92,615.939,615.33,615.72,127692
2026-03-18 16:00:00,615.54,616,615.472,616,1013384
2026-03-18 16:01:00,615.9088,616,615.72,615.84,478
2026-03-18 16:02:00,615.67,615.68,615.67,615.68,5072
2026-03-18 16:04:00,615.74,615.8,615.74,615.8,205
2026-03-18 16:05:00,615.68,615.68,615.54,615.68,1058
2026-03-18 16:06:00,615.34,615.34,614.5962,615.19,959
2026-03-18 16:07:00,615.21,615.24,615.2,615.24,981
2026-03-18 16:08:00,615.29,615.37,615.29,615.37,407
2026-03-18 16:09:00,615.5677,615.5677,615.3303,615.3303,220
2026-03-18 16:10:00,615.49,615.6,615.3,615.5999,437
2026-03-18 16:11:00,615.31,615.3504,615.31,615.3504,153
2026-03-18 16:12:00,615.35,615.49,615.35,615.38,475
2026-03-18 16:13:00,615.35,615.35,615.29,615.29,228
2026-03-18 16:14:00,615.23,615.23,615.2,615.23,344
2026-03-18 16:15:00,615.1236,615.1236,615.0312,615.0312,340
2026-03-18 16:16:00,615,615,614.8,614.8,168
2026-03-18 16:17:00,614.86,614.9714,614.78,614.91,554
2026-03-18 16:18:00,614.8,615.1,614.8,615.1,294
2026-03-18 16:19:00,615.01,615.01,615,615,144
2026-03-18 16:20:00,615,615,614.85,614.92,241
2026-03-18 16:21:00,615.1,615.1,614.98,614.98,135
2026-03-18 16:22:00,615.1478,615.1478,614.98,614.98,370
2026-03-18 16:23:00,614.9,614.9033,614.85,614.9033,280
2026-03-18 16:24:00,614.9074,614.9074,614.68,614.68,1005
2026-03-18 16:25:00,614.6,614.6,614.47,614.5,503
2026-03-18 16:26:00,614.55,614.55,614.25,614.5,828
2026-03-18 16:27:00,614.6,614.6,614.49,614.54,173
2026-03-18 16:28:00,614.25,614.25,614.25,614.25,500
2026-03-18 16:29:00,614.31,614.45,614.31,614.4477,294
2026-03-18 16:30:00,614.6,614.96,614.6,614.8,3769
2026-03-18 16:31:00,614.77,614.77,614.77,614.77,100
2026-03-18 16:32:00,614.85,614.85,614.85,614.85,50
2026-03-18 16:33:00,614.57,614.85,614.5,614.85,737
2026-03-18 16:34:00,614.75,614.8,614.75,614.75,943
2026-03-18 16:35:00,614.8,614.8,614.8,614.8,99
2026-03-18 16:36:00,614.86,614.9588,614.75,614.75,457
2026-03-18 16:37:00,614.67,614.67,614.67,614.67,50
2026-03-18 16:38:00,614.5,614.99,614.5,614.99,190
2026-03-18 16:39:00,614.99,614.99,614.99,614.99,50
2026-03-18 16:41:00,615,615,615,615,98
2026-03-18 16:42:00,615.1,615.15,615.1,615.15,178
2026-03-18 16:43:00,615.03,615.03,614.9,614.9,180
2026-03-18 16:44:00,614.91,614.91,614.91,614.91,50
2026-03-18 16:45:00,615,615,614.97,614.97,276
2026-03-18 16:46:00,614.99,615.1,614.99,615.047,858
2026-03-18 16:48:00,615.2697,615.2697,615.2697,615.2697,200
2026-03-18 16:49:00,615.18,615.18,615.18,615.18,45
2026-03-18 16:50:00,615.25,615.25,615.25,615.25,559
2026-03-18 16:54:00,615.23,615.25,615.23,615.25,80
2026-03-18 16:55:00,615.14,615.42,615.14,615.4,1022
2026-03-18 16:57:00,615.01,615.01,615.01,615.01,146
2026-03-18 16:58:00,615.37,615.4,615.37,615.4,528
2026-03-18 16:59:00,615.0724,615.3739,615.0724,615.3739,350
2026-03-18 17:03:00,615.25,615.25,615.25,615.25,100
2026-03-18 17:04:00,615.24,615.28,615.24,615.28,300
2026-03-18 17:05:00,615.2,615.48,615.2,615.28,500
2026-03-18 17:06:00,615.48,615.48,615.48,615.48,100
2026-03-18 17:07:00,615.21,615.21,615.21,615.21,93
2026-03-18 17:11:00,615.48,615.5,615.48,615.5,360
2026-03-18 17:13:00,615.35,615.35,615.35,615.35,57
2026-03-18 17:14:00,615.5,615.5,615.4999,615.4999,212
2026-03-18 17:15:00,615.1869,615.1869,615.1869,615.1869,50
2026-03-18 17:16:00,615.326,615.326,615.326,615.326,200
2026-03-18 17:18:00,615.3,615.3,615.3,615.3,48
2026-03-18 17:20:00,615.2094,615.2094,615.2094,615.2094,50
2026-03-18 17:23:00,615.5,615.5,615.4806,615.4806,300
2026-03-18 17:24:00,615.4806,615.4806,615.4806,615.4806,50
2026-03-18 17:25:00,615.36,615.36,615.3,615.3,420
2026-03-18 17:27:00,615.36,615.36,615.36,615.36,40
2026-03-18 17:31:00,615.39,615.39,614.5,614.51,5151
2026-03-18 17:32:00,614.5,614.96,614.5,614.96,606
2026-03-18 17:33:00,614.55,614.6,614.52,614.55,1243
2026-03-18 17:34:00,614.7,614.99,614.7,614.99,1330
2026-03-18 17:35:00,614.84,614.84,614.52,614.53,523
2026-03-18 17:36:00,614.52,614.52,614.32,614.32,999
2026-03-18 17:37:00,614.04,614.04,614.04,614.04,67
2026-03-18 17:38:00,614.4,614.4,614.4,614.4,49
2026-03-18 17:39:00,614.53,614.53,614.53,614.53,46
2026-03-18 17:43:00,614.9626,614.9626,614.9626,614.9626,61
2026-03-18 17:44:00,614.9,615,614.9,615,466
2026-03-18 17:45:00,615,615,615,615,400
2026-03-18 17:48:00,615.5,615.5,615.5,615.5,150
2026-03-18 17:51:00,615.53,615.53,615.53,615.53,75
2026-03-18 17:52:00,615.5,615.5,615.3,615.3,230
2026-03-18 17:53:00,615.53,615.53,615.52,615.52,105
2026-03-18 17:54:00,615.49,615.49,615.39,615.39,286
2026-03-18 17:55:00,615.39,615.4,615.39,615.4,168
2026-03-18 17:57:00,615.3,615.3,615.3,615.3,252
2026-03-18 17:58:00,615.5328,615.5328,615.5328,615.5328,100
2026-03-18 18:00:00,615.15,615.15,615.06,615.06,401
2026-03-18 18:04:00,614.77,614.77,614.77,614.77,285
2026-03-18 18:05:00,614.8175,615,614.8175,615,142
2026-03-18 18:07:00,614.99,615,614.99,615,200
2026-03-18 18:09:00,614.9,615,614.9,615,429
2026-03-18 18:10:00,615,615,615,615,1099
2026-03-18 18:12:00,615,615,615,615,100
2026-03-18 18:14:00,615.15,615.15,615.15,615.15,50
2026-03-18 18:15:00,614.99,615,614.99,615,83
2026-03-18 18:17:00,615,615,615,615,200
2026-03-18 18:20:00,615.1,615.1,615.1,615.1,70
2026-03-18 18:21:00,615.1,615.1,615.07,615.07,304
2026-03-18 18:22:00,614.76,614.76,614.7,614.7,250
2026-03-18 18:23:00,614.65,614.69,614.65,614.69,261
2026-03-18 18:25:00,614.89,614.89,614.88,614.88,248
2026-03-18 18:26:00,614.65,614.65,614.65,614.65,100
2026-03-18 18:27:00,614.76,614.76,614.76,614.76,48
2026-03-18 18:28:00,614.65,614.6501,614.65,614.6501,200
2026-03-18 18:29:00,614.89,614.89,614.8718,614.8718,210
2026-03-18 18:31:00,614.9,614.9,614.9,614.9,150
2026-03-18 18:33:00,614.86,614.86,614.86,614.86,40
2026-03-18 18:35:00,614.65,614.65,614.6,614.6,480
2026-03-18 18:36:00,614.5068,614.5068,614.5068,614.5068,100
2026-03-18 18:37:00,614.6129,614.6129,614.6129,614.6129,100
2026-03-18 18:39:00,614.53,614.53,614.27,614.53,1141
2026-03-18 18:40:00,614.9,614.9,614.9,614.9,110
2026-03-18 18:41:00,614.53,614.53,614.53,614.53,100
2026-03-18 18:43:00,614.5,614.5,614.5,614.5,70
2026-03-18 18:44:00,614.56,614.56,614.56,614.56,40
2026-03-18 18:47:00,614.6054,614.6054,614.58,614.58,105
2026-03-18 18:49:00,614.62,614.62,614.62,614.62,100
2026-03-18 18:50:00,614.9,614.9,614.9,614.9,524
2026-03-18 18:51:00,614.99,614.99,614.99,614.99,45
2026-03-18 18:54:00,614.81,614.81,614.81,614.81,520
2026-03-18 18:58:00,615.14,615.15,615.14,615.15,140
2026-03-18 18:59:00,615.02,615.02,615.02,615.02,50
2026-03-18 19:00:00,615.02,615.02,615.02,615.02,101
2026-03-18 19:01:00,615.09,615.22,614.99,615.22,174
2026-03-18 19:03:00,615.04,615.35,615.04,615.35,90
2026-03-18 19:04:00,615.49,615.49,615.49,615.49,90
2026-03-18 19:05:00,615.5,615.5,614.7,615.33,192
2026-03-18 19:06:00,615.3843,615.3843,615.3843,615.3843,50
2026-03-18 19:07:00,615.01,615.01,615.01,615.01,99
2026-03-18 19:10:00,615.5,615.6,615.5,615.6,462
2026-03-18 19:18:00,615.02,615.02,615.02,615.02,42
2026-03-18 19:26:00,615.6,615.68,615.3354,615.3354,306
2026-03-18 19:27:00,615.67,615.67,615.65,615.65,123
2026-03-18 19:29:00,615.63,615.63,615.63,615.63,40
2026-03-18 19:34:00,615.7,615.7,615.3,615.3,200
2026-03-18 19:36:00,615.66,615.66,615.66,615.66,87
2026-03-18 19:39:00,615.2,615.6166,615.2,615.6166,141
2026-03-18 19:40:00,615.36,615.37,615.32,615.32,623
2026-03-18 19:41:00,615.32,615.59,615.32,615.59,277
2026-03-18 19:42:00,615.95,615.95,615.95,615.95,50
2026-03-18 19:45:00,615.2,615.2,615.12,615.12,177
2026-03-18 19:47:00,615.22,615.22,615.22,615.22,73
2026-03-18 19:48:00,615.12,615.12,615.12,615.12,40
2026-03-18 19:50:00,615.02,615.16,615,615,605
2026-03-18 19:51:00,615,615,614.62,614.63,226
2026-03-18 19:53:00,614.99,615,614.62,614.62,1160
2026-03-18 19:54:00,614.6458,614.6458,614.63,614.63,858
2026-03-18 19:55:00,614.6694,614.6694,614.6694,614.6694,100
2026-03-18 19:57:00,614.7,614.7,614.7,614.7,72
2026-03-18 19:58:00,614.71,615,614.71,615,500
2026-03-18 19:59:00,615,615,615,615,495
2026-03-19 04:00:00,615,615,614.2,614.67,333
2026-03-19 04:04:00,614.01,614.01,613.88,613.88,464
2026-03-19 04:05:00,614,614,614,614,50
2026-03-19 04:13:00,615,615,615,615,196
2026-03-19 04:15:00,615,615.01,614.95,614.95,429
2026-03-19 04:16:00,614.73,614.76,614.73,614.76,180
2026-03-19 04:17:00,614.57,614.7,614.55,614.7,267
2026-03-19 04:22:00,614.53,614.53,614.53,614.53,40
2026-03-19 04:23:00,614.52,614.52,614.52,614.52,40
2026-03-19 04:24:00,614.23,614.23,614,614,1132
2026-03-19 04:26:00,613.91,613.97,613.91,613.91,350
2026-03-19 04:27:00,613.42,613.42,613.42,613.42,47
2026-03-19 04:32:00,614,614,614,614,71
2026-03-19 04:37:00,614.02,614.02,614,614,150
2026-03-19 04:40:00,613.26,613.26,613.2,613.2,287
2026-03-19 04:42:00,613.23,613.23,612.62,613.15,629
2026-03-19 04:43:00,612.82,612.82,612.37,612.37,285
2026-03-19 04:45:00,612.77,612.89,612.77,612.89,309
2026-03-19 04:47:00,613.16,613.16,613.16,613.16,177
2026-03-19 04:49:00,613.1,613.1,613.1,613.1,100
2026-03-19 04:50:00,612.66,612.66,612.44,612.44,90
2026-03-19 04:54:00,613.95,613.95,613.95,613.95,155
2026-03-19 04:55:00,613,613,613,613,74
2026-03-19 05:00:00,613.49,613.49,613.49,613.49,42
2026-03-19 05:01:00,613.89,613.95,613.89,613.95,203
2026-03-19 05:07:00,613.91,613.91,613.71,613.71,140
2026-03-19 05:09:00,614,614,614,614,65
2026-03-19 05:12:00,613.68,613.68,613.68,613.68,50
2026-03-19 05:20:00,614.1,614.1,614.1,614.1,71
2026-03-19 05:21:00,614.5,614.5,614.5,614.5,106
2026-03-19 05:24:00,614.14,614.14,614.14,614.14,50
2026-03-19 05:26:00,613.58,613.66,613.58,613.66,200
2026-03-19 05:27:00,614.34,614.75,614,614,379
2026-03-19 05:31:00,613.67,613.67,613.67,613.67,60
2026-03-19 05:40:00,614.49,614.49,614.49,614.49,80
2026-03-19 05:45:00,613.99,613.99,613.99,613.99,55
2026-03-19 05:46:00,614.12,614.5,614.12,614.5,292
2026-03-19 05:47:00,614.5,614.75,614.5,614.75,396
2026-03-19 05:50:00,615.99,615.99,615.58,615.58,222
2026-03-19 05:52:00,615.85,615.85,615.85,615.85,50
2026-03-19 05:57:00,615.74,615.74,615.5,615.5,1560
2026-03-19 05:58:00,615.22,615.22,615.22,615.22,50
2026-03-19 06:00:00,615.01,615.01,614.85,614.87,384
2026-03-19 06:01:00,614.6,614.6,614.6,614.6,40
2026-03-19 06:02:00,614.6,614.6,614.6,614.6,50
2026-03-19 06:06:00,614.56,614.56,614.56,614.56,223
2026-03-19 06:14:00,614.66,614.66,614.66,614.66,97
2026-03-19 06:21:00,614.55,614.55,614.31,614.32,455
2026-03-19 06:23:00,614.11,614.11,614,614,347
2026-03-19 06:26:00,614.1,614.1,614.1,614.1,69
2026-03-19 06:27:00,614.07,614.07,614.07,614.07,67
2026-03-19 06:31:00,614.4,614.53,614.4,614.53,430
2026-03-19 06:32:00,615.04,615.1,615,615,240
2026-03-19 06:38:00,614.27,614.27,614.27,614.27,49
2026-03-19 06:40:00,614.5,614.5,614.5,614.5,67
2026-03-19 06:42:00,614.23,614.23,614.21,614.21,156
2026-03-19 06:48:00,614,614,614,614,119
2026-03-19 06:49:00,614.1,614.1,614.1,614.1,300
2026-03-19 06:50:00,614.5,614.5,614.5,614.5,81
2026-03-19 06:53:00,614.3,614.3,614.3,614.3,59
2026-03-19 06:55:00,614.19,614.19,614.19,614.19,94
2026-03-19 06:58:00,614.24,614.24,614.24,614.24,100
2026-03-19 07:00:00,614.25,614.25,614.25,614.25,70
2026-03-19 07:02:00,614.96,614.96,614.96,614.96,80
2026-03-19 07:03:00,614.45,614.45,614.45,614.45,100
2026-03-19 07:04:00,614.48,614.48,614.3,614.3,338
2026-03-19 07:05:00,614.06,614.2,613.86,613.86,712
2026-03-19 07:07:00,614.47,614.49,614.47,614.49,284
2026-03-19 07:08:00,614.48,614.5,614.48,614.5,300
2026-03-19 07:09:00,614.35,614.4,614.35,614.4,132
2026-03-19 07:16:00,614.61,614.61,614.61,614.61,107
2026-03-19 07:20:00,614.75,614.75,614.75,614.75,50
2026-03-19 07:21:00,614.59,614.59,614.59,614.59,49
2026-03-19 07:23:00,614.36,614.36,614.34,614.36,175
2026-03-19 07:26:00,613.99,613.99,613.99,613.99,100
2026-03-19 07:27:00,614.18,614.18,614.18,614.18,90
2026-03-19 07:31:00,614.1,614.1,614,614,218
2026-03-19 07:32:00,613.9,614.15,613.9,614.15,424
2026-03-19 07:34:00,614.01,614.01,614.01,614.01,45
2026-03-19 07:35:00,613.93,613.95,613.75,613.75,640
2026-03-19 07:36:00,613.75,613.83,613.7,613.83,822
2026-03-19 07:37:00,613.73,614.05,613.5,614.01,1550
2026-03-19 07:38:00,613.9,613.9,613.9,613.9,226
2026-03-19 07:40:00,613.26,613.26,613.2,613.2,297
2026-03-19 07:41:00,613.4,613.4,613.16,613.4,696
2026-03-19 07:46:00,613.87,613.87,613.87,613.87,50
2026-03-19 07:47:00,614.2,614.2,614.01,614.01,80
2026-03-19 07:48:00,613.9,614,613.9,614,132
2026-03-19 07:49:00,613.66,613.66,613.65,613.65,150
2026-03-19 07:51:00,614.41,614.41,614.41,614.41,141
2026-03-19 07:53:00,614.1,614.1,614.1,614.1,91
2026-03-19 07:54:00,614,614,614,614,258
2026-03-19 07:55:00,614,614,614,614,230
2026-03-19 07:56:00,614,614,614,614,240
2026-03-19 07:57:00,614,614,614,614,72
2026-03-19 07:58:00,614,614,614,614,80
2026-03-19 07:59:00,613.98,614,613.98,614,180
2026-03-19 08:00:00,613.9,615,612.51,613.62,8963
2026-03-19 08:01:00,614.06,616.65,613,614.5,6170
2026-03-19 08:02:00,614.21,614.32,612.75,612.8,490
2026-03-19 08:03:00,612.6474,615.5,612.6474,615.5,285
2026-03-19 08:04:00,612.58,612.58,612.5786,612.5786,177
2026-03-19 08:05:00,612.52,612.5271,612.52,612.5271,390
2026-03-19 08:06:00,612.98,613.44,612.98,613.44,470
2026-03-19 08:07:00,612.9,614,612.9,614,827
2026-03-19 08:08:00,614,614.225,614,614.225,262
2026-03-19 08:09:00,613.87,613.87,612.9618,612.9618,425
2026-03-19 08:12:00,613.47,613.47,613.47,613.47,80
2026-03-19 08:13:00,613.47,613.509,613.47,613.47,280
2026-03-19 08:14:00,614.25,614.25,613.4502,613.4502,150
2026-03-19 08:16:00,614.0884,614.0884,612.66,612.66,670
2026-03-19 08:17:00,612.7262,613.4,612.7262,613.4,300
2026-03-19 08:18:00,612.99,612.99,612.99,612.99,50
2026-03-19 08:19:00,613,613,612.46,612.49,608
2026-03-19 08:22:00,612.591,612.591,612.591,612.591,250
2026-03-19 08:24:00,612.52,612.52,612.52,612.52,356
2026-03-19 08:25:00,612.57,612.57,612.2,612.2,2053
2026-03-19 08:26:00,612.18,612.18,612,612,1028
2026-03-19 08:27:00,611.55,611.55,611.55,611.55,119
2026-03-19 08:28:00,611.9999,611.9999,611.9999,611.9999,100
2026-03-19 08:29:00,611.9527,611.9527,611.9527,611.9527,285
2026-03-19 08:30:00,611.55,611.6085,611.23,611.23,1170
2026-03-19 08:31:00,611.94,612,611.42,611.42,468
2026-03-19 08:32:00,612.2716,612.2716,612.2716,612.2716,300
2026-03-19 08:33:00,612,612.51,612,612.06,239
2026-03-19 08:34:00,612.02,612.02,611.5,611.9,1455
2026-03-19 08:35:00,612.33,612.33,612.33,612.33,54
2026-03-19 08:36:00,612.01,612.2,612.01,612.2,146
2026-03-19 08:38:00,612.43,612.51,612.43,612.47,908
2026-03-19 08:39:00,612.45,612.45,612.45,612.45,50
2026-03-19 08:43:00,612.8,612.92,612.8,612.91,398
2026-03-19 08:44:00,612.55,612.55,612.55,612.55,100
2026-03-19 08:47:00,612.48,612.48,612,612,270
2026-03-19 08:48:00,612.22,612.22,612.2,612.2,308
2026-03-19 08:49:00,612.02,612.02,611.85,611.85,90
2026-03-19 08:51:00,611.68,611.68,611.01,611.025,825
2026-03-19 08:52:00,611.01,611.5,610.99,610.99,1456
2026-03-19 08:53:00,611.0466,611.29,611.0256,611.0256,747
2026-03-19 08:54:00,611.3,611.4688,611.3,611.4688,390
2026-03-19 08:55:00,611.5,612,611.5,611.61,645
2026-03-19 08:56:00,611.67,611.67,611.65,611.65,130
2026-03-19 08:57:00,611.74,611.9,611.74,611.88,718
2026-03-19 08:58:00,611.51,611.52,611.34,611.34,442
2026-03-19 08:59:00,611.99,611.99,611.99,611.99,50
2026-03-19 09:00:00,611.74,611.74,611.74,611.74,60
2026-03-19 09:01:00,611.4072,611.4072,611.25,611.25,1300
2026-03-19 09:02:00,611.1274,611.98,611.1274,611.98,375
2026-03-19 09:03:00,610.9954,610.9954,610.89,610.89,443
2026-03-19 09:04:00,611.49,611.49,610.89,610.93,446
2026-03-19 09:05:00,611,611,610.58,610.6,795
2026-03-19 09:06:00,610.5606,610.575,610.42,610.42,1173
2026-03-19 09:07:00,610.37,610.37,610.1,610.1,527
2026-03-19 09:08:00,610.3,610.4,610.05,610.05,928
2026-03-19 09:09:00,610.01,610.1889,610.01,610.187,300
2026-03-19 09:10:00,610.1856,610.48,610.06,610.48,1299
2026-03-19 09:11:00,610.39,610.4,610.1,610.4,1107
2026-03-19 09:12:00,610.33,610.4,610.1443,610.3656,307
2026-03-19 09:13:00,610.4,610.963,610.1,610.963,2284
2026-03-19 09:14:00,610.589,610.73,610.51,610.51,686
2026-03-19 09:15:00,610.51,610.8,610.3,610.8,441
2026-03-19 09:16:00,610.8,611.25,610.53,611.25,1256
2026-03-19 09:17:00,611.25,612,611.1797,612,1260
2026-03-19 09:18:00,612,612.26,611.5,612.2,279
2026-03-19 09:19:00,612.94,613,611.7113,612.57,455
2026-03-19 09:20:00,613.15,613.49,612.71,613.15,517
2026-03-19 09:21:00,612.5,612.5,612.5,612.5,127
2026-03-19 09:22:00,612.6393,613.4,612.6393,613.4,561
2026-03-19 09:23:00,612.51,612.8984,611.95,611.95,1165
2026-03-19 09:24:00,612.49,612.49,611.95,612,251
2026-03-19 09:25:00,612,612,611.68,611.98,428
2026-03-19 09:26:00,611.91,612.4,611.91,612.4,219
2026-03-19 09:27:00,611.8976,611.8976,609.6,610.2,4763
2026-03-19 09:28:00,610.46,611.99,610.46,611.49,1095
2026-03-19 09:29:00,611.67,612.85,611.67,612,2201
2026-03-19 09:30:00,612.29,612.5,608.1,609.87,228945
2026-03-19 09:31:00,609.945,611.25,608.85,610.83,57041
2026-03-19 09:32:00,611.14,612.12,610.08,610.315,38774
2026-03-19 09:33:00,610.22,610.78,609.5601,610.155,44032
2026-03-19 09:34:00,610.26,611.21,610,610.61,34554
2026-03-19 09:35:00,610.82,611.17,610,610.07,39038
2026-03-19 09:36:00,610.1,610.765,609.5678,610.62,38360
2026-03-19 09:37:00,610.78,611.59,609.8036,610.565,48654
2026-03-19 09:38:00,610.4,612,610.0501,612,35324
2026-03-19 09:39:00,611.885,612,610.75,610.8401,26303
2026-03-19 09:40:00,610.805,611.94,610.55,611.255,27106
2026-03-19 09:41:00,611.26,612.81,610.8901,612.61,41890
2026-03-19 09:42:00,612.72,612.738,611.88,612,38759
2026-03-19 09:43:00,611.81,612.08,611.32,612.08,19954
2026-03-19 09:44:00,611.91,611.91,610.78,610.94,20103
2026-03-19 09:45:00,610.84,610.86,609.5,610.07,50150
2026-03-19 09:46:00,610.02,610.51,609.105,609.23,24594
2026-03-19 09:47:00,609.23,609.91,609.1101,609.8,15610
2026-03-19 09:48:00,609.82,610.54,609.38,609.57,30345
2026-03-19 09:49:00,609.52,610.8,609.29,610.74,31185
2026-03-19 09:50:00,610.585,612.1734,610.545,611.97,25578
2026-03-19 09:51:00,611.96,612.29,611.53,612.29,23160
2026-03-19 09:52:00,612.3,612.5,611.69,612.35,39445
2026-03-19 09:53:00,612.32,612.32,611.075,611.4,21418
2026-03-19 09:54:00,611.405,613,611.36,612.81,34006
2026-03-19 09:55:00,612.8,612.8,611.76,611.865,35189
2026-03-19 09:56:00,611.965,612.5,611.965,612.4,18761
2026-03-19 09:57:00,612.32,612.64,612.15,612.37,21971
2026-03-19 09:58:00,612.305,612.72,612.13,612.5674,14946
2026-03-19 09:59:00,612.7031,612.7031,612.06,612.58,15952
2026-03-19 10:00:00,612.5,612.96,612.21,612.89,19534
2026-03-19 10:01:00,612.935,612.99,611.8,611.84,27574
2026-03-19 10:02:00,611.84,612,611.1101,611.4804,16793
2026-03-19 10:03:00,611.575,611.6935,611.08,611.08,21077
2026-03-19 10:04:00,611.185,611.2194,609.01,609.24,23460
2026-03-19 10:05:00,609.38,610.09,609.28,609.382,26150
2026-03-19 10:06:00,609.41,609.4399,608.48,608.48,28545
2026-03-19 10:07:00,608.53,609.75,608.42,609.75,18239
2026-03-19 10:08:00,609.68,609.84,609.253,609.53,16325
2026-03-19 10:09:00,609.515,609.515,608.86,608.93,16926
2026-03-19 10:10:00,608.98,609.1075,608.56,608.768,15667
2026-03-19 10:11:00,608.8,610.55,608.78,610.285,31779
2026-03-19 10:12:00,610.32,610.56,609.96,610.4,15717
2026-03-19 10:13:00,610.38,610.44,609.026,609.23,22147
2026-03-19 10:14:00,609.23,609.43,608.78,608.9,16443
2026-03-19 10:15:00,608.89,609.014,608.2801,608.44,14821
2026-03-19 10:16:00,608.48,609.33,608.4,608.935,12726
2026-03-19 10:17:00,608.9925,609.15,608.7672,609,13086
2026-03-19 10:18:00,609.005,609.2015,608.16,608.455,24784
2026-03-19 10:19:00,608.39,608.55,607.5,607.7737,53940
2026-03-19 10:20:00,607.735,608,607.5,607.91,25500
2026-03-19 10:21:00,607.9686,607.98,607.15,607.37,37020
2026-03-19 10:22:00,607.52,607.8,607.27,607.315,27657
2026-03-19 10:23:00,607.285,607.85,607.285,607.73,17444
2026-03-19 10:24:00,607.72,608.53,607.72,607.87,16307
2026-03-19 10:25:00,607.95,608.29,607.55,607.89,16004
2026-03-19 10:26:00,607.89,608.12,607.64,607.985,13347
2026-03-19 10:27:00,607.985,607.985,606.8,606.86,24287
2026-03-19 10:28:00,606.94,607.24,606.61,606.765,20072
2026-03-19 10:29:00,606.76,607.24,606.58,607.015,15920
2026-03-19 10:30:00,606.94,607.26,606.88,607.15,13117
2026-03-19 10:31:00,607.15,607.8,606.91,607.8,22519
2026-03-19 10:32:00,607.816,608.99,607.71,608.645,34333
2026-03-19 10:33:00,608.635,608.94,608.36,608.87,15954
2026-03-19 10:34:00,608.94,609,608.31,608.76,30427
2026-03-19 10:35:00,608.74,609.28,608.65,609.025,22837
2026-03-19 10:36:00,609.06,609.11,608.71,608.9,18671
2026-03-19 10:37:00,608.91,609.07,608.22,608.33,19611
2026-03-19 10:38:00,608.23,608.61,608.0401,608.0401,14636
2026-03-19 10:39:00,608.04,608.14,607.5,608.0878,20660
2026-03-19 10:40:00,608.06,608.89,608.06,608.89,19289
2026-03-19 10:41:00,608.94,609.07,608.17,608.17,11179
2026-03-19 10:42:00,608.09,608.27,607.72,607.74,20686
2026-03-19 10:43:00,607.68,607.9151,606.9,607.2201,14540
2026-03-19 10:44:00,607.38,607.765,607.2201,607.4,5782
2026-03-19 10:45:00,607.4175,607.68,607.25,607.308,11997
2026-03-19 10:46:00,607.24,607.6125,607.24,607.515,9452
2026-03-19 10:47:00,607.44,607.665,607.19,607.27,9956
2026-03-19 10:48:00,607.35,607.79,607.27,607.62,16966
2026-03-19 10:49:00,607.68,608.01,607.53,607.985,8596
2026-03-19 10:50:00,607.985,608.08,607.1801,607.46,16129
2026-03-19 10:51:00,607.5,608.8,607.5,608.67,19483
2026-03-19 10:52:00,608.72,608.8,608.11,608.2,12500
2026-03-19 10:53:00,608.18,608.47,607.86,607.86,23096
2026-03-19 10:54:00,607.965,608.1,607.7,608,5870
2026-03-19 10:55:00,608.05,608.05,607.44,607.58,6094
2026-03-19 10:56:00,607.65,608.56,607.51,608.48,14032
2026-03-19 10:57:00,608.4,608.61,608.3,608.58,8026
2026-03-19 10:58:00,608.47,609.08,608.36,608.835,11998
2026-03-19 10:59:00,608.8,608.8399,608,608.115,20825
2026-03-19 11:00:00,608.11,608.47,608.02,608.31,13890
2026-03-19 11:01:00,608.31,608.61,608.21,608.45,6544
2026-03-19 11:02:00,608.31,608.39,607.82,608.11,7191
2026-03-19 11:03:00,608.13,608.31,607.91,608.14,10866
2026-03-19 11:04:00,608.23,608.62,607.86,608.565,17755
2026-03-19 11:05:00,608.57,609.8,608.41,609.8,29078
2026-03-19 11:06:00,609.79,610.24,609.7,610.1801,31844
2026-03-19 11:07:00,610.2,610.33,609.48,609.56,17598
2026-03-19 11:08:00,609.48,609.48,608.93,608.935,8137
2026-03-19 11:09:00,608.95,609.07,608.7,608.96,13227
2026-03-19 11:10:00,609.05,609.19,608.73,609.08,28481
2026-03-19 11:11:00,609.035,609.12,608.4401,608.5501,5982
2026-03-19 11:12:00,608.5,608.88,608.4,608.76,13239
2026-03-19 11:13:00,608.71,608.99,608.39,608.96,9004
2026-03-19 11:14:00,609.05,609.07,608.8,608.975,6769
2026-03-19 11:15:00,609.07,609.31,608.8,609.16,16487
2026-03-19 11:16:00,609.195,609.58,609.085,609.49,19905
2026-03-19 11:17:00,609.52,609.63,608.54,608.54,17167
2026-03-19 11:18:00,608.5257,608.68,608.21,608.41,9601
2026-03-19 11:19:00,608.32,608.32,607.11,607.21,17408
2026-03-19 11:20:00,607.29,607.54,606.68,606.795,17742
2026-03-19 11:21:00,606.9,606.97,606.6,606.725,23497
2026-03-19 11:22:00,606.725,606.97,606.42,606.46,16712
2026-03-19 11:23:00,606.465,606.71,606.15,606.58,20502
2026-03-19 11:24:00,606.6,606.74,606.01,606.1,43798
2026-03-19 11:25:00,606.07,606.45,606.01,606.31,17330
2026-03-19 11:26:00,606.26,606.95,606.26,606.575,20903
2026-03-19 11:27:00,606.56,606.65,606.0301,606.5,21667
2026-03-19 11:28:00,606.45,606.73,606.35,606.51,9400
2026-03-19 11:29:00,606.55,606.99,606.4,606.63,11002
2026-03-19 11:30:00,606.6,606.74,606.25,606.25,29714
2026-03-19 11:31:00,606.24,606.29,605.6001,605.97,35556
2026-03-19 11:32:00,606.04,606.23,605.86,605.965,14686
2026-03-19 11:33:00,605.87,606.03,605.64,605.87,15430
2026-03-19 11:34:00,605.7501,605.92,605.43,605.5573,20174
2026-03-19 11:35:00,605.54,606.01,605.49,605.665,30154
2026-03-19 11:36:00,605.67,605.77,605.31,605.54,14338
2026-03-19 11:37:00,605.42,605.56,605.11,605.175,12789
2026-03-19 11:38:00,605.2349,605.66,605.1,605.595,12469
2026-03-19 11:39:00,605.595,605.66,605.1901,605.53,8856
2026-03-19 11:40:00,605.5,605.82,605.31,605.41,13179
2026-03-19 11:41:00,605.33,605.48,605.115,605.192,12255
2026-03-19 11:42:00,605.22,605.4,605.07,605.215,9492
2026-03-19 11:43:00,605.37,606,605.27,605.635,15873
2026-03-19 11:44:00,605.55,605.72,605.37,605.46,10145
2026-03-19 11:45:00,605.41,605.7,605.13,605.5,19355
2026-03-19 11:46:00,605.42,605.66,605.1,605.57,10125
2026-03-19 11:47:00,605.47,605.74,605.09,605.24,12961
2026-03-19 11:48:00,605.28,605.8,605.16,605.685,24472
2026-03-19 11:49:00,605.685,606.18,605.5,605.975,17581
2026-03-19 11:50:00,606.04,606.06,605.65,606.0016,8476
2026-03-19 11:51:00,606.01,606.18,605.76,605.91,7444
2026-03-19 11:52:00,605.99,606,605.64,605.78,8909
2026-03-19 11:53:00,605.73,606.02,605.65,605.7,10527
2026-03-19 11:54:00,605.65,605.735,605.43,605.51,9630
2026-03-19 11:55:00,605.53,606.3999,605.53,606.3,20740
2026-03-19 11:56:00,606.38,606.93,606.24,606.3,20950
2026-03-19 11:57:00,606.355,606.56,606.01,606.205,14647
2026-03-19 11:58:00,606.21,606.71,606.03,606.6,13296
2026-03-19 11:59:00,606.54,606.74,606.39,606.74,16121
2026-03-19 12:00:00,606.65,607.02,606.47,607.02,23948
2026-03-19 12:01:00,607.04,607.1599,606.56,606.94,39487
2026-03-19 12:02:00,607.1,607.25,606.62,607.2,14801
2026-03-19 12:03:00,607.165,607.445,607.09,607.365,22996
2026-03-19 12:04:00,607.365,607.89,607.1302,607.59,20613
2026-03-19 12:05:00,607.66,608.45,607.22,608.255,26401
2026-03-19 12:06:00,608.25,608.2602,607.2322,607.2322,13304
2026-03-19 12:07:00,607.365,607.69,607.023,607.69,11065
2026-03-19 12:08:00,607.69,607.72,607.02,607.35,21101
2026-03-19 12:09:00,607.35,607.5,606.81,607.18,19512
2026-03-19 12:10:00,607.215,607.44,606.68,606.74,26920
2026-03-19 12:11:00,606.775,606.87,606.48,606.715,7949
2026-03-19 12:12:00,606.705,607.75,606.6,607.525,18596
2026-03-19 12:13:00,607.525,607.54,606.76,606.85,11703
2026-03-19 12:14:00,606.94,607.07,606.35,606.48,5866
2026-03-19 12:15:00,606.45,606.7213,606.17,606.195,13668
2026-03-19 12:16:00,606.195,606.46,606.195,606.22,6408
2026-03-19 12:17:00,606.28,606.31,605.895,606.01,24285
2026-03-19 12:18:00,605.97,606.27,605.73,606,8636
2026-03-19 12:19:00,606.035,606.25,605.8,605.8333,8073
2026-03-19 12:20:00,605.93,606.3199,605.8,606.24,4660
2026-03-19 12:21:00,606.184,606.44,606.09,606.36,23237
2026-03-19 12:22:00,606.29,606.35,605.8,605.86,7987
2026-03-19 12:23:00,605.865,606.34,605.81,606.23,7383
2026-03-19 12:24:00,606.17,606.195,605.95,606.05,4055
2026-03-19 12:25:00,606.05,606.31,605.99,606.17,11946
2026-03-19 12:26:00,606.17,606.54,606.03,606.415,12026
2026-03-19 12:27:00,606.475,606.8451,606.3401,606.665,12475
2026-03-19 12:28:00,606.73,606.85,606.42,606.67,6789
2026-03-19 12:29:00,606.8,607.1,606.7,607.04,15485
2026-03-19 12:30:00,606.8416,607.1,606.6302,606.82,10707
2026-03-19 12:31:00,606.7607,606.94,605.79,605.99,13145
2026-03-19 12:32:00,605.93,606.23,605.67,605.8,7912
2026-03-19 12:33:00,605.75,605.83,605.5,605.81,24940
2026-03-19 12:34:00,605.805,606.08,605.69,605.725,17109
2026-03-19 12:35:00,605.63,605.63,605.02,605.39,60358
2026-03-19 12:36:00,605.39,606.0674,605.31,605.8435,7859
2026-03-19 12:37:00,605.91,606.06,605.58,605.58,5840
2026-03-19 12:38:00,605.58,606.18,605.51,606.07,13353
2026-03-19 12:39:00,606.12,606.4,606.08,606.37,8222
2026-03-19 12:40:00,606.37,606.7499,606.23,606.7499,9568
2026-03-19 12:41:00,606.695,606.73,606.4601,606.625,7658
2026-03-19 12:42:00,606.625,607.06,606.55,606.875,13460
2026-03-19 12:43:00,606.77,606.77,606.31,606.41,7440
2026-03-19 12:44:00,606.49,606.89,606.4,606.89,10575
2026-03-19 12:45:00,606.89,606.905,606.42,606.45,8515
2026-03-19 12:46:00,606.45,606.9166,606.42,606.9,7115
2026-03-19 12:47:00,606.89,606.89,606.501,606.53,5716
2026-03-19 12:48:00,606.72,606.82,606.53,606.64,4979
2026-03-19 12:49:00,606.665,606.665,606.4,606.475,6779
2026-03-19 12:50:00,606.44,606.73,606.36,606.425,9006
2026-03-19 12:51:00,606.425,606.4275,605.95,606.135,5497
2026-03-19 12:52:00,606.1925,606.1925,605.65,605.74,9029
2026-03-19 12:53:00,605.74,605.92,605.65,605.78,8053
2026-03-19 12:54:00,605.765,606.116,605.68,606.116,4778
2026-03-19 12:55:00,606.105,606.1198,605.81,605.9925,6607
2026-03-19 12:56:00,606.03,606.16,605.85,606.135,7684
2026-03-19 12:57:00,606.14,606.49,606.135,606.3722,3793
2026-03-19 12:58:00,606.3,606.63,606.09,606.6,11074
2026-03-19 12:59:00,606.56,606.87,606.51,606.67,6721
2026-03-19 13:00:00,606.76,606.76,606.43,606.57,5231
2026-03-19 13:01:00,606.47,606.57,605.85,605.89,9871
2026-03-19 13:02:00,605.89,606.06,605.75,605.935,7112
2026-03-19 13:03:00,605.935,606.22,605.68,605.785,7519
2026-03-19 13:04:00,605.77,605.87,605.28,605.28,7241
2026-03-19 13:05:00,605.325,605.34,605.08,605.12,13927
2026-03-19 13:06:00,605.12,605.61,605.02,605.55,22355
2026-03-19 13:07:00,605.54,605.69,605.26,605.26,7149
2026-03-19 13:08:00,605.25,605.53,605.16,605.265,8758
2026-03-19 13:09:00,605.18,605.34,604.6,604.655,63824
2026-03-19 13:10:00,604.655,605.05,604.6,604.7901,14401
2026-03-19 13:11:00,604.89,605.2488,604.87,605.11,8877
2026-03-19 13:12:00,605.2,605.26,604.94,604.9999,8122
2026-03-19 13:13:00,604.92,604.99,604.71,604.78,7256
2026-03-19 13:14:00,604.785,604.89,604.68,604.81,12391
2026-03-19 13:15:00,604.89,605.26,604.875,605.01,10985
2026-03-19 13:16:00,605.01,605.15,604.9,605.015,8633
2026-03-19 13:17:00,605,605.42,604.95,605.26,17319
2026-03-19 13:18:00,605.2,605.8,605.19,605.74,16698
2026-03-19 13:19:00,605.71,605.87,605.54,605.805,14976
2026-03-19 13:20:00,605.72,605.81,605.535,605.6,11946
2026-03-19 13:21:00,605.54,605.67,605.42,605.505,7833
2026-03-19 13:22:00,605.42,605.59,605.1755,605.235,20803
2026-03-19 13:23:00,605.11,606,605.06,605.93,17474
2026-03-19 13:24:00,605.9,605.9,605.49,605.64,7403
2026-03-19 13:25:00,605.58,605.76,605.5,605.6,5066
2026-03-19 13:26:00,605.615,605.615,605.31,605.61,8817
2026-03-19 13:27:00,605.68,605.738,605.4512,605.738,6837
2026-03-19 13:28:00,605.66,605.69,605.36,605.3988,6185
2026-03-19 13:29:00,605.385,605.556,605.18,605.18,5961
2026-03-19 13:30:00,605.34,605.58,605.2306,605.5468,9296
2026-03-19 13:31:00,605.3701,605.94,605.36,605.72,10417
2026-03-19 13:32:00,605.8,605.8,605.1,605.18,5139
2026-03-19 13:33:00,605.191,605.24,604.88,604.995,11280
2026-03-19 13:34:00,604.92,605.17,604.81,604.82,11549
2026-03-19 13:35:00,604.79,604.8099,604.47,604.57,14946
2026-03-19 13:36:00,604.56,604.65,604.3039,604.57,14108
2026-03-19 13:37:00,604.54,604.58,604.12,604.21,10042
2026-03-19 13:38:00,604.23,604.29,603.94,604.11,38530
2026-03-19 13:39:00,604.08,604.14,603.7136,603.87,10153
2026-03-19 13:40:00,603.87,603.94,603.67,603.77,28229
2026-03-19 13:41:00,603.76,603.94,603.75,603.8,11444
2026-03-19 13:42:00,603.74,604.0081,603.68,603.7751,11228
2026-03-19 13:43:00,603.73,604.07,603.61,604,16114
2026-03-19 13:44:00,603.9001,604.1499,603.69,603.725,7895
2026-03-19 13:45:00,603.69,604.2889,603.68,604.2889,23405
2026-03-19 13:46:00,604.235,604.25,603.92,604.1,10997
2026-03-19 13:47:00,604.055,604.055,603.75,603.87,14792
2026-03-19 13:48:00,603.875,604.24,603.845,604.2,10020
2026-03-19 13:49:00,604.145,604.25,603.94,604.185,10895
2026-03-19 13:50:00,604.25,604.54,604.0801,604.485,19879
2026-03-19 13:51:00,604.485,604.6,604.39,604.52,14718
2026-03-19 13:52:00,604.53,605.41,604.44,605.355,19234
2026-03-19 13:53:00,605.295,605.45,605.06,605.31,6502
2026-03-19 13:54:00,605.35,605.35,605.01,605.11,8484
2026-03-19 13:55:00,605.135,605.135,604.63,604.724,13258
2026-03-19 13:56:00,604.6258,604.63,604.23,604.45,16783
2026-03-19 13:57:00,604.395,604.59,604.28,604.53,7241
2026-03-19 13:58:00,604.59,604.59,604.29,604.43,6674
2026-03-19 13:59:00,604.5,604.54,604.2,604.2425,8981
2026-03-19 14:00:00,604.2,604.3,603.84,603.88,10565
2026-03-19 14:01:00,603.98,604.06,603.7,603.87,13216
2026-03-19 14:02:00,603.87,604.06,603.63,603.735,7037
2026-03-19 14:03:00,603.67,603.78,603.47,603.5,21448
2026-03-19 14:04:00,603.51,603.55,603.26,603.34,11615
2026-03-19 14:05:00,603.38,603.55,603.22,603.47,16784
2026-03-19 14:06:00,603.52,603.63,603.44,603.51,10331
2026-03-19 14:07:00,603.51,603.95,603.44,603.95,10218
2026-03-19 14:08:00,603.95,604.07,603.65,603.91,16294
2026-03-19 14:09:00,603.95,604.03,603.75,604.029,18077
2026-03-19 14:10:00,604.04,604.3792,604.01,604.37,29456
2026-03-19 14:11:00,604.385,604.44,604.06,604.1,12820
2026-03-19 14:12:00,604.12,605.22,604.06,605.16,15161
2026-03-19 14:13:00,605.2,605.43,604.98,605.4264,19458
2026-03-19 14:14:00,605.4,605.41,604.9101,605.17,10716
2026-03-19 14:15:00,605.15,605.24,605.02,605.165,14318
2026-03-19 14:16:00,605.14,605.21,604.5042,604.79,12503
2026-03-19 14:17:00,604.72,604.8,604.45,604.45,9694
2026-03-19 14:18:00,604.538,604.538,604.21,604.335,9776
2026-03-19 14:19:00,604.32,604.49,604.25,604.47,11134
2026-03-19 14:20:00,604.47,604.54,604.32,604.335,13354
2026-03-19 14:21:00,604.34,604.34,603.99,604.15,11945
2026-03-19 14:22:00,604.2,604.2,603.88,603.945,8739
2026-03-19 14:23:00,603.94,604.0899,603.71,603.775,20324
2026-03-19 14:24:00,603.77,604.02,603.74,603.9,6594
2026-03-19 14:25:00,603.87,604.05,603.79,603.97,9297
2026-03-19 14:26:00,603.985,604.31,603.985,604.305,11172
2026-03-19 14:27:00,604.26,604.5,604.21,604.34,13704
2026-03-19 14:28:00,604.375,604.375,604.175,604.26,7200
2026-03-19 14:29:00,604.26,604.26,603.78,603.79,14197
2026-03-19 14:30:00,603.79,603.79,603.46,603.535,18207
2026-03-19 14:31:00,603.4912,603.74,603.47,603.58,14643
2026-03-19 14:32:00,603.595,603.7,603.56,603.59,7060
2026-03-19 14:33:00,603.57,603.7,603.45,603.555,5487
2026-03-19 14:34:00,603.555,603.73,603.5105,603.71,9952
2026-03-19 14:35:00,603.68,603.9,603.63,603.655,8140
2026-03-19 14:36:00,603.62,603.68,603.41,603.48,9694
2026-03-19 14:37:00,603.41,603.42,602.78,602.8151,22870
2026-03-19 14:38:00,602.86,603.35,602.86,603.1906,14349
2026-03-19 14:39:00,603.13,603.13,602.94,603.005,9701
2026-03-19 14:40:00,603.01,603.0899,602.97,603,9445
2026-03-19 14:41:00,603.0599,603.2,602.94,602.95,18266
2026-03-19 14:42:00,602.95,603.03,602.8,602.855,6235
2026-03-19 14:43:00,602.85,602.85,602.665,602.74,24582
2026-03-19 14:44:00,602.76,603.12,602.74,602.97,18557
2026-03-19 14:45:00,602.97,602.9953,602.8,602.895,9098
2026-03-19 14:46:00,602.895,602.98,602.26,602.468,48871
2026-03-19 14:47:00,602.485,602.6,602.33,602.49,21507
2026-03-19 14:48:00,602.51,602.61,602.4001,602.605,20263
2026-03-19 14:49:00,602.61,602.67,602.4351,602.455,10395
2026-03-19 14:50:00,602.42,602.52,602.32,602.435,17551
2026-03-19 14:51:00,602.48,603.29,602.45,603.13,25458
2026-03-19 14:52:00,603.09,603.15,602.89,603.03,10532
2026-03-19 14:53:00,603.07,603.46,603.07,603.19,15852
2026-03-19 14:54:00,603.205,603.45,602.96,603.4114,21453
2026-03-19 14:55:00,603.39,603.5,603.32,603.425,10543
2026-03-19 14:56:00,603.47,603.97,603.4,603.915,36924
2026-03-19 14:57:00,603.92,604.3,603.8,604.191,19520
2026-03-19 14:58:00,604.37,605.02,604.32,605.01,23759
2026-03-19 14:59:00,605.09,605.16,604.59,604.7801,10985
2026-03-19 15:00:00,604.87,605.12,604.5,605.02,21664
2026-03-19 15:01:00,605,606.2,604.95,606.2,25952
2026-03-19 15:02:00,606.2,607.398,606.0702,607.27,59266
2026-03-19 15:03:00,607.16,607.42,606.53,606.8025,37481
2026-03-19 15:04:00,606.71,606.9499,606.1,606.89,28838
2026-03-19 15:05:00,606.9,607.76,606.89,607.48,43302
2026-03-19 15:06:00,607.44,608.97,607.12,608.855,51611
2026-03-19 15:07:00,608.855,609.1,607.19,607.26,34529
2026-03-19 15:08:00,607.18,608.47,606.87,608.25,31853
2026-03-19 15:09:00,608.37,608.57,607.5702,607.74,15212
2026-03-19 15:10:00,607.57,608.24,606.95,608.24,14209
2026-03-19 15:11:00,608.2,608.6067,607.95,608.1603,17229
2026-03-19 15:12:00,608.155,608.25,607.04,607.15,15233
2026-03-19 15:13:00,607.175,607.185,606.48,607.185,21511
2026-03-19 15:14:00,607.265,608.05,607.225,607.96,23586
2026-03-19 15:15:00,607.935,608.7,607.84,608.68,16149
2026-03-19 15:16:00,608.66,608.75,607.8301,608.135,20405
2026-03-19 15:17:00,608.135,608.5,607.94,608.09,19990
2026-03-19 15:18:00,608.25,608.36,607.5,607.74,14371
2026-03-19 15:19:00,607.63,607.96,607.15,607.81,18049
2026-03-19 15:20:00,607.675,607.675,606.77,606.9,12680
2026-03-19 15:21:00,606.84,607.19,606.41,606.62,14648
2026-03-19 15:22:00,606.55,607.4419,606.2972,607.4419,13810
2026-03-19 15:23:00,607.35,607.39,606.78,606.805,10226
2026-03-19 15:24:00,606.795,607.05,606.52,606.78,6943
2026-03-19 15:25:00,606.75,606.851,605.74,605.79,14496
2026-03-19 15:26:00,605.865,606,605.49,605.75,11695
2026-03-19 15:27:00,605.8,606.15,605.61,605.62,18248
2026-03-19 15:28:00,605.74,605.9199,605.4,605.745,19665
2026-03-19 15:29:00,605.7,606.25,605.665,606.13,13041
2026-03-19 15:30:00,606.1,606.3491,605.76,606.3491,14612
2026-03-19 15:31:00,606.19,606.41,605.97,606.36,12576
2026-03-19 15:32:00,606.35,606.4699,606.082,606.24,17641
2026-03-19 15:33:00,606.2,606.53,606.195,606.39,28889
2026-03-19 15:34:00,606.41,606.505,605.8,605.86,20092
2026-03-19 15:35:00,605.89,606.1999,604.85,605,23560
2026-03-19 15:36:00,604.85,605.56,604.81,605.385,20572
2026-03-19 15:37:00,605.385,606.145,605.385,606.12,11489
2026-03-19 15:38:00,606.1,606.12,605.79,605.8,7052
2026-03-19 15:39:00,605.85,606.16,605.77,606.06,12120
2026-03-19 15:40:00,606.065,606.13,605.78,605.89,14051
2026-03-19 15:41:00,605.89,605.99,605.5,605.69,16267
2026-03-19 15:42:00,605.76,605.87,605.34,605.69,13334
2026-03-19 15:43:00,605.655,606,605.62,606,9721
2026-03-19 15:44:00,605.99,606.22,605.85,605.91,26728
2026-03-19 15:45:00,605.86,605.86,605.46,605.655,9346
2026-03-19 15:46:00,605.56,605.79,605.48,605.61,10864
2026-03-19 15:47:00,605.61,606.22,605.4,606.045,12860
2026-03-19 15:48:00,606.02,606.02,605.5824,605.7,13829
2026-03-19 15:49:00,605.77,605.81,605.37,605.56,12221
2026-03-19 15:50:00,605.45,605.6,604.93,605.415,22071
2026-03-19 15:51:00,605.36,605.75,605.33,605.5699,34463
2026-03-19 15:52:00,605.51,606.24,605.49,605.79,38083
2026-03-19 15:53:00,605.76,605.965,605.68,605.69,26270
2026-03-19 15:54:00,605.71,606.0699,605.3802,605.61,41256
2026-03-19 15:55:00,605.67,606.45,605.67,606.35,38599
2026-03-19 15:56:00,606.38,606.42,606.17,606.235,35299
2026-03-19 15:57:00,606.235,606.76,606.17,606.73,51861
2026-03-19 15:58:00,606.73,606.76,606.26,606.68,58469
2026-03-19 15:59:00,606.62,606.95,606.39,606.8359,164411
2026-03-19 16:00:00,606.63,606.7,606.27,606.29,1756626
2026-03-19 16:01:00,606.7,606.7,606.5331,606.5331,476
2026-03-19 16:02:00,606.58,606.7,606.25,606.7,12283
2026-03-19 16:03:00,606.58,606.58,606.58,606.58,139
2026-03-19 16:04:00,606.6,606.6,606.59,606.6,369
2026-03-19 16:05:00,606.4,606.75,606.4,606.75,1340
2026-03-19 16:06:00,606.82,606.82,606.72,606.8,999
2026-03-19 16:07:00,606.8,607.25,606.8,607.25,1425
2026-03-19 16:08:00,607.29,607.5,607.21,607.5,236
2026-03-19 16:09:00,607.25,607.25,607.25,607.25,100
2026-03-19 16:10:00,607.01,607.21,606.98,607.2,481
2026-03-19 16:11:00,606.81,606.81,606.75,606.75,378
2026-03-19 16:12:00,607.39,607.39,606.9,606.9,608
2026-03-19 16:14:00,607.2976,607.5,607.2976,607.43,726
2026-03-19 16:15:00,607.47,607.47,607.44,607.44,186
2026-03-19 16:16:00,607.5,607.5,607.5,607.5,844
2026-03-19 16:17:00,607.43,607.43,607.43,607.43,50
2026-03-19 16:18:00,607.43,607.55,607.43,607.55,1823
2026-03-19 16:19:00,607.8,607.8,607.78,607.78,149
2026-03-19 16:20:00,607.77,607.77,607.77,607.77,189
2026-03-19 16:23:00,607.67,607.67,607.54,607.54,80
2026-03-19 16:24:00,607.65,607.65,607.65,607.65,45
2026-03-19 16:25:00,607.75,607.75,607.75,607.75,100
2026-03-19 16:26:00,607.72,607.72,607.72,607.72,100
2026-03-19 16:29:00,607.68,607.68,607.68,607.68,90
2026-03-19 16:30:00,607.28,607.28,607.26,607.26,272
2026-03-19 16:31:00,607.25,607.25,607.25,607.25,590
2026-03-19 16:32:00,607.68,607.68,607.68,607.68,50
2026-03-19 16:33:00,607.65,607.65,607.65,607.65,200
2026-03-19 16:34:00,607.26,607.26,607.26,607.26,40
2026-03-19 16:36:00,607.39,607.39,607.39,607.39,589
2026-03-19 16:37:00,607.59,607.65,607.5,607.5,659
2026-03-19 16:39:00,607.5,607.5,607.5,607.5,263
2026-03-19 16:41:00,607.6646,607.6646,607.5,607.5,310
2026-03-19 16:42:00,607.64,607.7,607.64,607.7,878
2026-03-19 16:45:00,607.48,607.48,607.48,607.48,333
2026-03-19 16:46:00,607.5995,607.5995,607.3878,607.3878,225
2026-03-19 16:47:00,607.35,607.5,607.35,607.5,1064
2026-03-19 16:48:00,607.3647,607.45,607.3647,607.45,140
2026-03-19 16:49:00,607.35,607.35,607.35,607.35,160
2026-03-19 16:50:00,607.45,607.45,607.31,607.31,710
2026-03-19 16:51:00,607.25,607.25,607.25,607.25,143
2026-03-19 16:52:00,607.0001,607.0001,607.0001,607.0001,1744
2026-03-19 16:54:00,607.23,607.23,607.23,607.23,100
2026-03-19 16:55:00,607.4,607.4,607.4,607.4,79
2026-03-19 16:57:00,607.25,607.25,607.24,607.24,469
2026-03-19 16:58:00,607.2176,607.2176,607.2176,607.2176,50
2026-03-19 17:00:00,607,607.0001,607,607.0001,1638
2026-03-19 17:05:00,607.2,607.25,607.2,607.25,138
2026-03-19 17:06:00,607.0334,607.0334,607.0334,607.0334,49
2026-03-19 17:08:00,607.18,607.27,607.18,607.25,3544
2026-03-19 17:10:00,607.25,607.25,607.25,607.25,244
2026-03-19 17:12:00,607.22,607.22,607.22,607.22,93
2026-03-19 17:13:00,607.2196,607.2196,607.2196,607.2196,50
2026-03-19 17:14:00,607.22,607.22,607.119,607.119,550
2026-03-19 17:17:00,607.2044,607.2044,607.1,607.1,324
2026-03-19 17:18:00,607.16,607.29,607.16,607.25,3765
2026-03-19 17:19:00,607.44,607.44,607.44,607.44,60
2026-03-19 17:20:00,607.5276,607.5276,607.5276,607.5276,61
2026-03-19 17:22:00,607.42,607.42,607.42,607.42,250
2026-03-19 17:24:00,607.33,607.33,607.33,607.33,70
2026-03-19 17:26:00,607.36,607.36,607.36,607.36,134
2026-03-19 17:27:00,607.36,607.68,607.3599,607.68,316
2026-03-19 17:28:00,607.67,607.67,607.67,607.67,249
2026-03-19 17:30:00,607.67,607.67,607.65,607.65,412
2026-03-19 17:31:00,607.6136,607.6136,607.6136,607.6136,50
2026-03-19 17:35:00,607.68,607.68,607.68,607.68,100
2026-03-19 17:36:00,607.68,607.68,607.51,607.51,190
2026-03-19 17:39:00,607.63,607.7,607.63,607.7,807
2026-03-19 17:40:00,607.64,607.64,607.64,607.64,67
2026-03-19 17:41:00,607.7,607.7,607.5039,607.5039,330
2026-03-19 17:44:00,607.6506,607.6506,607.6506,607.6506,50
2026-03-19 17:45:00,607.64,607.64,607.64,607.64,87
2026-03-19 17:48:00,607.54,607.54,607.52,607.52,80
2026-03-19 17:50:00,607.46,607.46,607.05,607.05,1582
2026-03-19 17:53:00,607.1784,607.6321,607.1784,607.6321,90
2026-03-19 17:56:00,607.05,607.32,607.05,607.32,543
2026-03-19 17:58:00,607.32,607.5,607.1345,607.5,320
2026-03-19 18:00:00,607.52,607.8,607.5,607.8,1099
2026-03-19 18:01:00,607.96,607.97,607.96,607.97,190
2026-03-19 18:02:00,607.75,607.75,607.75,607.75,50
2026-03-19 18:04:00,607.67,607.67,607.67,607.67,50
2026-03-19 18:05:00,607.33,607.33,607.33,607.33,44
2026-03-19 18:06:00,607.3,607.3,607.3,607.3,40
2026-03-19 18:09:00,607.4854,607.4854,607.4854,607.4854,100
2026-03-19 18:11:00,607.6,607.6,607.6,607.6,117
2026-03-19 18:12:00,607.5,607.5,607.3314,607.3314,270
2026-03-19 18:13:00,607.41,607.41,607.41,607.41,94
2026-03-19 18:18:00,607.1788,607.25,607.1788,607.22,220
2026-03-19 18:19:00,607.2,607.2,607.2,607.2,958
2026-03-19 18:20:00,607.58,607.58,607.58,607.58,40
2026-03-19 18:21:00,607.35,607.35,607.34,607.35,482
2026-03-19 18:23:00,607.8985,607.8985,607.4,607.4,260
2026-03-19 18:24:00,607.49,607.49,607.49,607.49,52
2026-03-19 18:25:00,607.45,607.5,607.37,607.37,301
2026-03-19 18:26:00,607.45,607.5,607.3231,607.45,1360
2026-03-19 18:27:00,607.47,607.49,607.47,607.49,634
2026-03-19 18:28:00,607.62,607.62,607.6,607.6,140
2026-03-19 18:29:00,607.65,607.67,607.65,607.67,137
2026-03-19 18:31:00,607.9599,607.9599,607.9599,607.9599,300
2026-03-19 18:33:00,607.98,608.34,607.8,608.32,3164
2026-03-19 18:34:00,608.32,608.32,608.32,608.32,1899
2026-03-19 18:37:00,608,608.2,608,608.2,193
2026-03-19 18:38:00,608.4476,608.4476,608.4476,608.4476,300
2026-03-19 18:40:00,608.38,608.38,608.38,608.38,42
2026-03-19 18:41:00,608.3,608.3288,608.3,608.3288,194
2026-03-19 18:43:00,608.3785,608.38,608.3785,608.38,128
2026-03-19 18:44:00,608.38,608.38,608.3,608.3,153
2026-03-19 18:46:00,608.3,608.3,608.3,608.3,100
2026-03-19 18:47:00,608.011,608.011,608.01,608.01,91
2026-03-19 18:51:00,608,608,608,608,231
2026-03-19 18:52:00,608,608,608,608,282
2026-03-19 18:53:00,608.03,608.03,608,608,180
2026-03-19 18:54:00,608.3,608.5,608.3,608.5,626
2026-03-19 18:55:00,608.5,608.5,608.5,608.5,40
2026-03-19 18:56:00,608.38,608.38,608.38,608.38,97
2026-03-19 19:00:00,608.45,608.49,608.45,608.49,327
2026-03-19 19:01:00,608.5,608.5,608.5,608.5,50
2026-03-19 19:02:00,608.66,608.86,608.66,608.82,319
2026-03-19 19:04:00,608.99,608.99,608.99,608.99,50
2026-03-19 19:07:00,608.3536,608.3536,608.3536,608.3536,100
2026-03-19 19:08:00,608.98,608.98,608.98,608.98,75
2026-03-19 19:09:00,608.99,608.99,608.97,608.97,80
2026-03-19 19:10:00,608.99,608.99,608.8,608.8,220
2026-03-19 19:12:00,608.9,608.9,608.85,608.85,540
2026-03-19 19:13:00,608.82,608.82,608.82,608.82,188
2026-03-19 19:14:00,608.71,608.71,608.54,608.54,396
2026-03-19 19:15:00,608.5,608.5,608.5,608.5,80
2026-03-19 19:16:00,608.26,608.26,608.26,608.26,50
2026-03-19 19:19:00,608.4,608.4,608.4,608.4,50
2026-03-19 19:20:00,608.3042,608.3042,608.3042,608.3042,100
2026-03-19 19:22:00,608.59,608.59,608.59,608.59,99
2026-03-19 19:23:00,608.5,608.59,608.26,608.59,350
2026-03-19 19:24:00,608.56,608.56,608.56,608.56,100
2026-03-19 19:25:00,608.25,608.25,608.23,608.25,786
2026-03-19 19:26:00,608.3881,608.3881,608.22,608.25,1230
2026-03-19 19:27:00,608.28,608.28,608.28,608.28,82
2026-03-19 19:30:00,608.35,608.35,608.35,608.35,78
2026-03-19 19:32:00,608.52,608.52,608.52,608.52,160
2026-03-19 19:34:00,608.4,608.4,608.4,608.4,40
2026-03-19 19:35:00,608.4,608.4,608.4,608.4,55
2026-03-19 19:36:00,608.3,608.3,608.3,608.3,45
2026-03-19 19:37:00,608.33,608.33,608.33,608.33,100
2026-03-19 19:38:00,608.4,608.4,608.3,608.35,239
2026-03-19 19:43:00,608.3,608.3,608.3,608.3,100
2026-03-19 19:44:00,608.3,608.3,608.3,608.3,50
2026-03-19 19:47:00,608.3,608.4579,608.3,608.4579,150
2026-03-19 19:48:00,608.45,608.45,608.31,608.31,139
2026-03-19 19:50:00,608.5,608.5,608.5,608.5,100
2026-03-19 19:51:00,608.23,608.23,608.23,608.23,42
2026-03-19 19:52:00,608.49,608.49,608.16,608.16,175
2026-03-19 19:56:00,608.4016,608.51,608.4016,608.51,178
2026-03-19 19:58:00,608.45,608.45,608.45,608.45,118
2026-03-19 19:59:00,608.4,608.4,608.4,608.4,48
2026-03-20 04:00:00,606,606.1,606,606.1,2215
2026-03-20 04:01:00,606.5,606.5,606.31,606.31,161
2026-03-20 04:03:00,606.67,606.8,606.67,606.8,231
2026-03-20 04:07:00,607.28,607.29,607.28,607.29,140
2026-03-20 04:09:00,607.35,607.35,607.35,607.35,508
2026-03-20 04:10:00,607.53,607.54,607.53,607.54,178
2026-03-20 04:11:00,607.57,607.57,607.57,607.57,60
2026-03-20 04:24:00,607.47,607.47,607.47,607.47,80
2026-03-20 04:29:00,606.98,606.98,606.7,606.7,350
2026-03-20 04:30:00,606.5,606.5,606.5,606.5,200
2026-03-20 04:41:00,607.23,607.23,607.23,607.23,69
2026-03-20 04:47:00,607.32,607.32,607.32,607.32,40
2026-03-20 04:59:00,607,607,607,607,148
2026-03-20 05:04:00,607.4,607.4,607.4,607.4,299
2026-03-20 05:13:00,607,607,607,607,100
2026-03-20 05:17:00,606.19,606.19,606.19,606.19,47
2026-03-20 05:19:00,606,606,606,606,100
2026-03-20 05:24:00,605.5,605.5,605.5,605.5,98
2026-03-20 05:37:00,606.44,606.44,606.44,606.44,257
2026-03-20 05:40:00,605.94,605.94,605.72,605.72,1380
2026-03-20 05:42:00,605.44,605.44,605,605,538
2026-03-20 05:46:00,604.35,604.84,604.35,604.84,458
2026-03-20 05:49:00,604.57,604.57,604.57,604.57,44
2026-03-20 05:51:00,604.06,604.06,603.85,603.87,910
2026-03-20 05:57:00,604.3,604.3,604.29,604.29,109
2026-03-20 06:01:00,604.22,604.22,604.22,604.22,80
2026-03-20 06:03:00,603.69,603.69,603.57,603.57,204
2026-03-20 06:04:00,603.34,603.34,603.34,603.34,603
2026-03-20 06:05:00,603.29,603.29,603.11,603.11,868
2026-03-20 06:06:00,603.12,603.15,603.12,603.12,240
2026-03-20 06:07:00,603,603,602.97,602.97,147
2026-03-20 06:08:00,602.67,602.67,602.29,602.29,787
2026-03-20 06:09:00,602.25,602.25,602.25,602.25,40
2026-03-20 06:10:00,602.31,602.31,602,602,588
2026-03-20 06:11:00,602.13,602.13,602.13,602.13,70
2026-03-20 06:12:00,602.03,602.03,602,602,179
2026-03-20 06:13:00,602.46,602.49,602.46,602.46,253
2026-03-20 06:14:00,602.29,602.29,602.29,602.29,60
2026-03-20 06:16:00,602.23,602.29,602.23,602.29,240
2026-03-20 06:19:00,601.8,601.8,601.68,601.73,233
2026-03-20 06:20:00,601.67,601.67,601.67,601.67,239
2026-03-20 06:21:00,601.64,601.64,601.64,601.64,45
2026-03-20 06:24:00,602.05,602.05,602.05,602.05,79
2026-03-20 06:26:00,602.28,602.28,602.28,602.28,40
2026-03-20 06:28:00,602.15,602.15,602.15,602.15,77
2026-03-20 06:29:00,602.13,602.14,602.13,602.14,124
2026-03-20 06:30:00,602.45,602.45,602.21,602.21,290
2026-03-20 06:37:00,602.94,603.03,602.94,603.03,156
2026-03-20 06:49:00,603.1,603.1,603.1,603.1,185
2026-03-20 06:51:00,602.5,602.5,602.5,602.5,763
2026-03-20 06:53:00,602.2,602.2,602.2,602.2,49
2026-03-20 06:54:00,602.2,602.2,602.2,602.2,100
2026-03-20 06:59:00,602.63,602.69,602.63,602.66,998
2026-03-20 07:00:00,602.86,603.23,602.55,602.79,1264
2026-03-20 07:01:00,602.5,602.5,602.5,602.5,104
2026-03-20 07:02:00,602.73,603,602.73,603,779
2026-03-20 07:03:00,603,603,603,603,467
2026-03-20 07:04:00,603.27,603.49,603.27,603.49,470
2026-03-20 07:06:00,604.2,604.2,604.2,604.2,88
2026-03-20 07:07:00,604,604,603.54,603.61,552
2026-03-20 07:08:00,604.11,604.25,604.11,604.25,679
2026-03-20 07:09:00,604.8,604.94,604.8,604.94,99
2026-03-20 07:10:00,604.8,604.8,604.8,604.8,50
2026-03-20 07:12:00,604.55,604.55,604.55,604.55,100
2026-03-20 07:14:00,604.3,604.3,604.3,604.3,50
2026-03-20 07:17:00,604.3,604.3,604.3,604.3,49
2026-03-20 07:18:00,604.55,604.55,604.55,604.55,80
2026-03-20 07:25:00,604.2,604.2,604.2,604.2,110
2026-03-20 07:33:00,604.5,604.5,604.5,604.5,95
2026-03-20 07:36:00,604.01,604.01,604,604,85
2026-03-20 07:38:00,603.89,603.89,603.89,603.89,150
2026-03-20 07:42:00,604,604,604,604,119
2026-03-20 07:43:00,604.03,604.03,604,604,291
2026-03-20 07:46:00,604,604,603.78,603.78,347
2026-03-20 07:47:00,603.7,603.7,603.7,603.7,100
2026-03-20 07:55:00,603.8,603.8,603.8,603.8,99
2026-03-20 07:56:00,604,604,604,604,65
2026-03-20 07:57:00,603.81,604,603.81,604,157
2026-03-20 07:58:00,603.8,604.34,603.8,604.34,694
2026-03-20 08:00:00,602.5,608.5,601.8,602.8463,11810
2026-03-20 08:01:00,606.26,608.29,604.94,604.94,4514
2026-03-20 08:03:00,604.56,604.56,604.56,604.56,82
2026-03-20 08:04:00,604.6,604.94,604,604,199
2026-03-20 08:05:00,603.98,604.3,603.98,604.3,122
2026-03-20 08:06:00,604.4,604.4,604.4,604.4,95
2026-03-20 08:07:00,604.39,604.4,604.0974,604.0974,411
2026-03-20 08:08:00,604.45,604.45,604,604,144
2026-03-20 08:09:00,604.75,605,604.75,605,2558
2026-03-20 08:11:00,605.437,605.437,605.437,605.437,50
2026-03-20 08:12:00,605,605.3135,605,605.25,415
2026-03-20 08:13:00,604.8604,604.8604,604.8604,604.8604,40
2026-03-20 08:14:00,604.77,604.77,604.77,604.77,400
2026-03-20 08:16:00,604.75,604.75,604.49,604.49,304
2026-03-20 08:17:00,604.49,604.49,604.49,604.49,245
2026-03-20 08:20:00,604.4,604.89,604.4,604.89,494
2026-03-20 08:22:00,605.19,605.19,605.19,605.19,50
2026-03-20 08:23:00,605.47,605.99,605.47,605.93,1077
2026-03-20 08:24:00,605.47,605.8965,605.47,605.8965,109
2026-03-20 08:25:00,605.4,605.43,605.28,605.28,1003
2026-03-20 08:28:00,605.4,605.4,605.4,605.4,1889
2026-03-20 08:29:00,605.5,605.5,605.5,605.5,50
2026-03-20 08:30:00,604.9,604.9,604.82,604.82,94
2026-03-20 08:32:00,604.8,604.8,604.77,604.8,459
2026-03-20 08:33:00,605.7798,605.7798,605.7798,605.7798,250
2026-03-20 08:34:00,605,605,605,605,49
2026-03-20 08:35:00,605.19,605.19,605.19,605.19,298
2026-03-20 08:36:00,604.687,605.19,604.687,605.19,170
2026-03-20 08:37:00,604.51,604.51,604.51,604.51,105
2026-03-20 08:38:00,604.7,604.7,604.7,604.7,100
2026-03-20 08:39:00,604.45,604.45,604.45,604.45,288
2026-03-20 08:40:00,604.7,604.7,604.4,604.4,290
2026-03-20 08:41:00,604.4,604.4,604.4,604.4,538
2026-03-20 08:42:00,604.3,604.5,604.3,604.5,695
2026-03-20 08:43:00,604.4361,604.4361,604.4361,604.4361,200
2026-03-20 08:52:00,605,605,604.51,604.98,262
2026-03-20 08:53:00,604.48,604.48,604.48,604.48,200
2026-03-20 08:54:00,605.2,605.2,605.2,605.2,100
2026-03-20 08:56:00,604.8695,604.8695,604.8695,604.8695,250
2026-03-20 08:57:00,605,605,605,605,100
2026-03-20 08:58:00,605,605,605,605,191
2026-03-20 09:00:00,605.8614,605.8614,605.8614,605.8614,50
2026-03-20 09:01:00,605.02,605.8614,605.02,605.8614,254
2026-03-20 09:02:00,605.74,605.74,605.6,605.6,448
2026-03-20 09:03:00,605.99,606,605.9,606,2654
2026-03-20 09:04:00,605.99,605.99,605.3725,605.6,616
2026-03-20 09:05:00,605.6,605.6,605.6,605.6,207
2026-03-20 09:06:00,605,605.61,605,605.61,250
2026-03-20 09:07:00,605.4322,605.4322,605.4322,605.4322,50
2026-03-20 09:11:00,604.85,604.85,604.85,604.85,100
2026-03-20 09:12:00,605,605,604.7,604.7,830
2026-03-20 09:13:00,604.75,604.75,604.75,604.75,159
2026-03-20 09:15:00,605.16,605.25,605.16,605.25,379
2026-03-20 09:17:00,605.11,605.11,604.99,604.99,260
2026-03-20 09:21:00,605,605.22,605,605.22,240
2026-03-20 09:22:00,605.21,605.58,605.21,605.55,1180
2026-03-20 09:23:00,605.5,605.5,605.5,605.5,45
2026-03-20 09:24:00,605.28,605.28,605.22,605.22,98
2026-03-20 09:25:00,605.86,606.3,605.14,606.27,3247
2026-03-20 09:26:00,605.4806,607,605.4806,606.88,1207
2026-03-20 09:27:00,607,607.73,605.7,607.73,1473
2026-03-20 09:28:00,605.41,606.34,604.9,606.34,1599
2026-03-20 09:29:00,605,605,603.11,603.11,7345
2026-03-20 09:30:00,603.16,603.955,602.08,602.265,1393274
2026-03-20 09:31:00,602.15,602.6399,599.7,599.965,160411
2026-03-20 09:32:00,599.96,601.36,599.92,600.35,64684
2026-03-20 09:33:00,600.35,601,599.02,599.24,109852
2026-03-20 09:34:00,599.3,600.15,598.8,599.89,101333
2026-03-20 09:35:00,599.76,600.5,599.61,600.28,45829
2026-03-20 09:36:00,600.24,601.18,600.14,600.8,51370
2026-03-20 09:37:00,600.923,601.3,600.39,600.76,42812
2026-03-20 09:38:00,600.75,600.97,599.99,600.4961,38714
2026-03-20 09:39:00,600.4,600.5,599.7,599.74,24508
2026-03-20 09:40:00,599.8009,600.59,599.33,600.37,30644
2026-03-20 09:41:00,600.45,600.83,600.17,600.35,20302
2026-03-20 09:42:00,600.57,600.57,599.0994,599.16,39116
2026-03-20 09:43:00,599.255,600.54,599.17,600.115,34998
2026-03-20 09:44:00,599.91,600,599.1312,599.38,31720
2026-03-20 09:45:00,599.5,601.24,599.48,601.08,40029
2026-03-20 09:46:00,601.1634,601.28,599.04,599.39,39212
2026-03-20 09:47:00,599.4,599.95,599.15,599.78,21977
2026-03-20 09:48:00,599.51,599.63,598.51,599.01,44838
2026-03-20 09:49:00,598.9914,599.17,597.875,597.9692,43181
2026-03-20 09:50:00,597.98,598.2,596.56,596.7,74216
2026-03-20 09:51:00,596.55,597.13,596.44,596.625,36822
2026-03-20 09:52:00,596.675,597,595.77,595.8104,50491
2026-03-20 09:53:00,595.755,596,595.11,595.25,87071
2026-03-20 09:54:00,595.226,595.62,594.54,595.52,92214
2026-03-20 09:55:00,595.54,595.77,594.63,595.22,33173
2026-03-20 09:56:00,595.12,595.21,594.77,595.09,34130
2026-03-20 09:57:00,595.145,595.145,594.7,594.86,24682
2026-03-20 09:58:00,594.89,594.99,593.88,594.09,58412
2026-03-20 09:59:00,594.035,594.3,593.8,593.8,27876
2026-03-20 10:00:00,593.855,594.29,593.68,593.855,38943
2026-03-20 10:01:00,593.9,594.05,593.22,593.52,48861
2026-03-20 10:02:00,593.53,593.845,593.25,593.645,55424
2026-03-20 10:03:00,593.67,594.66,593.5203,593.77,35484
2026-03-20 10:04:00,593.85,594.53,593.79,593.805,35182
2026-03-20 10:05:00,593.83,595.14,593.8,594.92,48394
2026-03-20 10:06:00,594.88,595.12,594.55,594.86,28746
2026-03-20 10:07:00,594.835,595.1,594.25,594.51,26935
2026-03-20 10:08:00,594.58,594.7599,593.81,593.918,26719
2026-03-20 10:09:00,593.9,594.96,593.81,594.935,22423
2026-03-20 10:10:00,594.95,595.06,594.4057,594.55,27280
2026-03-20 10:11:00,594.4409,594.77,593.77,593.955,25497
2026-03-20 10:12:00,594,594.51,593.86,593.87,30464
2026-03-20 10:13:00,593.91,594.115,593.5,593.78,20397
2026-03-20 10:14:00,593.8762,594.135,593.55,594.015,20804
2026-03-20 10:15:00,594,594.715,593.87,594.715,31756
2026-03-20 10:16:00,594.68,595.885,594.48,595.21,35352
2026-03-20 10:17:00,595.26,595.6,595.09,595.56,24537
2026-03-20 10:18:00,595.48,595.67,595.12,595.235,15895
2026-03-20 10:19:00,595.2,595.33,594.66,595.245,25335
2026-03-20 10:20:00,595.21,595.62,595.01,595.59,13513
2026-03-20 10:21:00,595.49,595.89,595,595.159,22535
2026-03-20 10:22:00,595.16,595.64,595.0901,595.19,27940
2026-03-20 10:23:00,595.29,596,595.195,595.885,13890
2026-03-20 10:24:00,595.885,596.27,595.538,595.83,18966
2026-03-20 10:25:00,595.91,595.91,595.42,595.74,13161
2026-03-20 10:26:00,595.705,596.11,595.485,595.98,11753
2026-03-20 10:27:00,596.02,596.39,595.75,595.804,18791
2026-03-20 10:28:00,595.83,596.18,595.655,595.94,10313
2026-03-20 10:29:00,595.98,596.25,595.8,595.8,15422
2026-03-20 10:30:00,595.85,596.4753,595.85,596.285,21801
2026-03-20 10:31:00,596.26,596.45,596.05,596.11,16655
2026-03-20 10:32:00,596.16,596.65,595.97,596.47,16529
2026-03-20 10:33:00,596.41,596.5199,596.15,596.305,10884
2026-03-20 10:34:00,596.305,596.62,596.2,596.375,8524
2026-03-20 10:35:00,596.38,596.65,596.25,596.53,16920
2026-03-20 10:36:00,596.51,596.72,596.1,596.19,25924
2026-03-20 10:37:00,596.1645,596.25,595.46,595.52,42346
2026-03-20 10:38:00,595.52,595.72,594.5301,595.4,36878
2026-03-20 10:39:00,595.4,596.48,595.24,596.01,33890
2026-03-20 10:40:00,595.95,596.25,595.58,595.73,22091
2026-03-20 10:41:00,595.715,595.84,594.935,594.94,13456
2026-03-20 10:42:00,594.97,595.33,594.9064,595.28,17961
2026-03-20 10:43:00,595.32,595.6699,595.11,595.225,8697
2026-03-20 10:44:00,595.22,595.51,595.12,595.44,6067
2026-03-20 10:45:00,595.37,595.62,595.18,595.41,8282
2026-03-20 10:46:00,595.41,596.04,595.41,595.86,10770
2026-03-20 10:47:00,595.93,596.04,595.48,595.615,7429
2026-03-20 10:48:00,595.68,596,595.665,595.74,11212
2026-03-20 10:49:00,595.82,595.89,595.55,595.645,9582
2026-03-20 10:50:00,595.56,595.9,595.45,595.745,24967
2026-03-20 10:51:00,595.69,595.7251,595.49,595.49,9923
2026-03-20 10:52:00,595.55,595.59,594.61,594.7,17023
2026-03-20 10:53:00,594.76,595.41,594.72,594.965,11639
2026-03-20 10:54:00,594.97,594.97,594.33,594.344,19795
2026-03-20 10:55:00,594.415,595.3025,594.32,595.24,23960
2026-03-20 10:56:00,595.31,595.325,594.5,594.88,10716
2026-03-20 10:57:00,594.98,595.37,594.97,595.19,9450
2026-03-20 10:58:00,595.2,595.2,594.71,594.99,16210
2026-03-20 10:59:00,594.81,594.94,594.56,594.57,17717
2026-03-20 11:00:00,594.57,595.79,594.57,595.7074,20876
2026-03-20 11:01:00,595.67,595.7155,594.505,594.73,21254
2026-03-20 11:02:00,594.87,594.97,593.81,593.995,36343
2026-03-20 11:03:00,593.995,594.0699,593.38,593.48,17162
2026-03-20 11:04:00,593.38,593.47,592.62,593.39,46072
2026-03-20 11:05:00,593.22,593.66,592.81,592.81,26582
2026-03-20 11:06:00,592.82,593.13,592.63,592.6876,29562
2026-03-20 11:07:00,592.8599,593.0612,592.67,592.95,12761
2026-03-20 11:08:00,592.8532,592.92,592.26,592.31,37472
2026-03-20 11:09:00,592.34,592.79,592.05,592.71,43466
2026-03-20 11:10:00,592.64,593.44,592.555,593.44,37698
2026-03-20 11:11:00,593.1701,593.43,592.7401,593.06,21845
2026-03-20 11:12:00,593.06,593.41,592.77,593.2326,21974
2026-03-20 11:13:00,593.4,593.99,592.9801,593.915,22277
2026-03-20 11:14:00,593.92,594.27,593.67,593.9,30891
2026-03-20 11:15:00,593.82,594.16,593.64,593.955,14734
2026-03-20 11:16:00,593.96,593.97,593.15,593.24,19091
2026-03-20 11:17:00,593.3,593.9,593.28,593.61,16209
2026-03-20 11:18:00,593.63,593.81,593.38,593.38,13667
2026-03-20 11:19:00,593.49,593.49,592.9201,592.96,22228
2026-03-20 11:20:00,592.98,593.16,592.62,592.74,21576
2026-03-20 11:21:00,592.675,592.85,592.5,592.63,17795
2026-03-20 11:22:00,592.62,592.67,592.31,592.475,17054
2026-03-20 11:23:00,592.5,594.1,592.23,593.65,45315
2026-03-20 11:24:00,593.7,593.815,592.53,592.565,32642
2026-03-20 11:25:00,592.63,593.13,592.36,592.69,21181
2026-03-20 11:26:00,592.685,592.92,592.38,592.475,22389
2026-03-20 11:27:00,592.415,592.52,591.7286,592.1892,55314
2026-03-20 11:28:00,592.23,592.4,591.99,592.1678,25949
2026-03-20 11:29:00,592.22,592.41,592.14,592.3799,8239
2026-03-20 11:30:00,592.275,592.4,591.89,592.26,19225
2026-03-20 11:31:00,592.28,592.43,592.01,592.1,8973
2026-03-20 11:32:00,592.05,592.64,592.03,592.4825,15825
2026-03-20 11:33:00,592.515,593.14,592.39,592.8601,12948
2026-03-20 11:34:00,593.15,593.61,593.11,593.205,27858
2026-03-20 11:35:00,593.15,593.24,592.684,592.9,8948
2026-03-20 11:36:00,593,593.28,592.91,593.27,34247
2026-03-20 11:37:00,593.18,593.32,593,593.3,8288
2026-03-20 11:38:00,593.31,593.57,593.22,593.3,12887
2026-03-20 11:39:00,593.25,593.45,593.1001,593.205,8174
2026-03-20 11:40:00,593.26,593.3,592.845,592.8588,11753
2026-03-20 11:41:00,592.95,593.22,592.8301,593.1025,20830
2026-03-20 11:42:00,593.105,593.32,593.01,593.24,5398
2026-03-20 11:43:00,593.24,593.68,593.18,593.525,11295
2026-03-20 11:44:00,593.445,593.61,593.3101,593.52,11884
2026-03-20 11:45:00,593.502,593.72,593.23,593.72,22866
2026-03-20 11:46:00,593.78,593.85,593.52,593.725,15378
2026-03-20 11:47:00,593.69,594.05,593.6328,593.88,15240
2026-03-20 11:48:00,593.9963,594.15,593.587,593.62,21145
2026-03-20 11:49:00,593.62,593.73,593.3,593.51,7867
2026-03-20 11:50:00,593.505,593.7299,593.28,593.285,7503
2026-03-20 11:51:00,593.25,593.4392,593.0702,593.23,9624
2026-03-20 11:52:00,593.28,594.12,593.28,594.005,12607
2026-03-20 11:53:00,594.01,594.39,593.8,593.8615,22752
2026-03-20 11:54:00,593.755,594.13,593.68,594.08,6645
2026-03-20 11:55:00,594.2,594.428,593.98,594.24,15321
2026-03-20 11:56:00,594.25,594.3899,593.99,594.3,11716
2026-03-20 11:57:00,594.37,594.5,594.22,594.255,14386
2026-03-20 11:58:00,594.255,594.76,594.08,594.54,16599
2026-03-20 11:59:00,594.575,594.7,594.38,594.58,10978
2026-03-20 12:00:00,594.5601,595.125,594.5601,594.99,18926
2026-03-20 12:01:00,595.01,595.41,595.0001,595.1806,11669
2026-03-20 12:02:00,595.245,595.41,595.07,595.2,13756
2026-03-20 12:03:00,595.25,595.33,594.92,595.33,9215
2026-03-20 12:04:00,595.29,595.6499,595.205,595.4,10763
2026-03-20 12:05:00,595.3124,595.57,595.05,595.52,12912
2026-03-20 12:06:00,595.52,595.73,595.35,595.67,16875
2026-03-20 12:07:00,595.675,595.98,595.4,595.605,18865
2026-03-20 12:08:00,595.72,595.76,595.3001,595.4,9827
2026-03-20 12:09:00,595.4,595.82,595.3,595.585,13948
2026-03-20 12:10:00,595.56,595.77,595.2503,595.6,7157
2026-03-20 12:11:00,595.595,595.7801,595.42,595.78,11975
2026-03-20 12:12:00,595.85,596.04,595.51,595.665,23416
2026-03-20 12:13:00,595.715,595.75,595.13,595.61,11265
2026-03-20 12:14:00,595.615,595.72,595.0201,595.58,11544
2026-03-20 12:15:00,595.63,595.67,595.385,595.56,5780
2026-03-20 12:16:00,595.65,595.65,595.08,595.4,17530
2026-03-20 12:17:00,595.33,596.19,595.33,596.19,27942
2026-03-20 12:18:00,596.24,596.3,595.9,596.2113,11442
2026-03-20 12:19:00,596.08,596.43,595.94,596.3202,9411
2026-03-20 12:20:00,596.385,596.55,596.25,596.3175,22319
2026-03-20 12:21:00,596.39,596.487,595.9245,596.02,12392
2026-03-20 12:22:00,596.01,596.12,595.65,596.12,11392
2026-03-20 12:23:00,596.05,596.4,596.05,596.155,6973
2026-03-20 12:24:00,596.13,596.3499,595.75,595.895,12596
2026-03-20 12:25:00,595.9,596.08,595.75,595.82,7409
2026-03-20 12:26:00,595.8,595.8,595.43,595.46,9831
2026-03-20 12:27:00,595.455,595.75,595.33,595.7,12526
2026-03-20 12:28:00,595.62,595.77,595.4701,595.68,7018
2026-03-20 12:29:00,595.635,595.75,595.335,595.44,8553
2026-03-20 12:30:00,595.325,595.56,595.2,595.27,9625
2026-03-20 12:31:00,595.2427,595.32,594.7477,594.8,24494
2026-03-20 12:32:00,594.85,594.9699,594.43,594.5,19961
2026-03-20 12:33:00,594.59,595.34,594.3,595.15,14656
2026-03-20 12:34:00,595.21,595.3,594.87,595.195,7317
2026-03-20 12:35:00,595.13,595.48,594.78,594.79,10313
2026-03-20 12:36:00,594.86,595.19,594.65,595.11,6019
2026-03-20 12:37:00,595.13,595.13,594.76,594.875,12048
2026-03-20 12:38:00,594.92,594.92,594.3,594.31,4219
2026-03-20 12:39:00,594.38,594.4144,593.985,594.065,16295
2026-03-20 12:40:00,594.0689,594.1494,593.85,594.1494,11935
2026-03-20 12:41:00,594.02,594.105,593.7,593.7419,11887
2026-03-20 12:42:00,593.81,594.33,593.68,594.28,10182
2026-03-20 12:43:00,594.29,594.75,594.1,594.75,7056
2026-03-20 12:44:00,594.63,594.81,594.33,594.435,9003
2026-03-20 12:45:00,594.425,594.79,594.32,594.4125,11147
2026-03-20 12:46:00,594.5,594.76,594.39,594.4228,4619
2026-03-20 12:47:00,594.555,594.66,594.18,594.22,5594
2026-03-20 12:48:00,594.23,594.3,593.93,594.19,14728
2026-03-20 12:49:00,594.19,594.44,594.11,594.265,6310
2026-03-20 12:50:00,594.265,594.6111,594.265,594.31,7836
2026-03-20 12:51:00,594.3,594.3365,593.81,594.03,10217
2026-03-20 12:52:00,594.13,594.22,593.85,594.11,12148
2026-03-20 12:53:00,594.115,594.34,594.115,594.31,7694
2026-03-20 12:54:00,594.185,594.39,594.105,594.25,6644
2026-03-20 12:55:00,594.25,594.83,594.2125,594.73,7039
2026-03-20 12:56:00,594.73,595.07,594.56,594.96,7707
2026-03-20 12:57:00,594.93,595.1299,594.58,594.6,9897
2026-03-20 12:58:00,594.61,594.73,594.44,594.61,6558
2026-03-20 12:59:00,594.51,594.56,593.92,594.15,10136
2026-03-20 13:00:00,594.165,594.38,594.14,594.29,5480
2026-03-20 13:01:00,594.285,594.88,594.285,594.67,6260
2026-03-20 13:02:00,594.63,594.63,593.97,594.08,14313
2026-03-20 13:03:00,594.08,594.22,593.88,594.115,8825
2026-03-20 13:04:00,594.08,594.4,593.85,593.85,30039
2026-03-20 13:05:00,593.88,593.88,592.23,592.58,59133
2026-03-20 13:06:00,592.49,593.61,592.49,593.42,28595
2026-03-20 13:07:00,593.44,593.525,593,593.235,6709
2026-03-20 13:08:00,593.23,593.67,593,593.56,9130
2026-03-20 13:09:00,593.49,593.61,593.23,593.36,4047
2026-03-20 13:10:00,593.2975,593.7,593.24,593.29,7196
2026-03-20 13:11:00,593.305,593.38,593.06,593.255,6650
2026-03-20 13:12:00,593.255,593.9,593.2154,593.8,19389
2026-03-20 13:13:00,593.84,594.11,593.69,593.72,27411
2026-03-20 13:14:00,593.77,594.05,593.57,593.72,7993
2026-03-20 13:15:00,593.74,593.79,593.3401,593.4,15545
2026-03-20 13:16:00,593.365,593.83,593.08,593.58,52479
2026-03-20 13:17:00,593.595,594.4199,593.59,594.29,40608
2026-03-20 13:18:00,594.29,594.4699,593.87,593.87,17262
2026-03-20 13:19:00,593.89,593.9699,593.57,593.72,6265
2026-03-20 13:20:00,593.74,594,593.61,594,7107
2026-03-20 13:21:00,594.02,594.37,593.9303,594.265,9687
2026-03-20 13:22:00,594.265,594.8,594.265,594.785,10220
2026-03-20 13:23:00,594.6901,594.99,594.57,594.675,7546
2026-03-20 13:24:00,594.7,594.82,594.22,594.28,6283
2026-03-20 13:25:00,594.27,594.5999,594.2,594.56,6187
2026-03-20 13:26:00,594.58,594.61,594.28,594.5,17505
2026-03-20 13:27:00,594.56,594.76,594.48,594.605,10034
2026-03-20 13:28:00,594.54,594.7,594.39,594.45,8459
2026-03-20 13:29:00,594.4,594.54,594.3,594.475,14467
2026-03-20 13:30:00,594.475,594.6,594.3,594.4,9021
2026-03-20 13:31:00,594.34,594.37,594.1,594.2,14538
2026-03-20 13:32:00,594.2,594.28,593.74,593.74,12949
2026-03-20 13:33:00,593.76,593.88,593.49,593.545,14081
2026-03-20 13:34:00,593.585,593.7299,593.06,593.295,25118
2026-03-20 13:35:00,593.29,593.5,592.85,593.005,20837
2026-03-20 13:36:00,593.07,593.09,592.16,592.31,21183
2026-03-20 13:37:00,592.39,592.6899,591.8937,592.595,23334
2026-03-20 13:38:00,592.595,592.6299,592.3001,592.6,10611
2026-03-20 13:39:00,592.6,593.13,592.37,592.97,14902
2026-03-20 13:40:00,592.94,593.3,592.54,592.9001,17415
2026-03-20 13:41:00,592.9,593.0508,592.58,592.755,9698
2026-03-20 13:42:00,592.73,592.8599,592.28,592.49,7628
2026-03-20 13:43:00,592.485,592.58,592.2821,592.58,11270
2026-03-20 13:44:00,592.59,592.59,592.0019,592.32,37859
2026-03-20 13:45:00,592.31,592.34,592.05,592.34,16926
2026-03-20 13:46:00,592.335,592.4,592,592.29,30161
2026-03-20 13:47:00,592.37,592.48,592.1901,592.315,6351
2026-03-20 13:48:00,592.3426,592.58,592.24,592.48,7386
2026-03-20 13:49:00,592.4,592.7542,592.0501,592.15,13375
2026-03-20 13:50:00,592.13,592.73,592.09,592.62,9817
2026-03-20 13:51:00,592.62,592.8,592.5,592.71,8198
2026-03-20 13:52:00,592.745,593.169,592.54,592.97,17043
2026-03-20 13:53:00,593.04,593.235,592.9001,593.23,17431
2026-03-20 13:54:00,593.17,593.49,593.05,593.29,10615
2026-03-20 13:55:00,593.27,593.67,593.16,593.55,26292
2026-03-20 13:56:00,593.52,593.86,593.26,593.86,17686
2026-03-20 13:57:00,593.79,594.24,593.69,594.175,18308
2026-03-20 13:58:00,594.2499,594.41,594.09,594.15,12800
2026-03-20 13:59:00,594.3,594.37,593.84,594.19,9908
2026-03-20 14:00:00,594.2,594.51,594.115,594.14,10649
2026-03-20 14:01:00,594.14,594.22,593.91,594.0976,6636
2026-03-20 14:02:00,594.12,594.1875,593.93,594.14,13287
2026-03-20 14:03:00,594.1,594.15,593.82,594.05,15246
2026-03-20 14:04:00,594.05,594.29,594.02,594.115,16976
2026-03-20 14:05:00,594.19,594.19,593.8301,593.99,19805
2026-03-20 14:06:00,593.99,594.11,593.74,593.88,10023
2026-03-20 14:07:00,593.85,594.2,593.59,594.005,12535
2026-03-20 14:08:00,594.05,594.15,593.67,593.67,10995
2026-03-20 14:09:00,593.695,594.13,593.43,593.97,9192
2026-03-20 14:10:00,593.98,594.02,593.25,593.41,11019
2026-03-20 14:11:00,593.435,593.725,593.37,593.72,9943
2026-03-20 14:12:00,593.84,594,593.65,593.71,4872
2026-03-20 14:13:00,593.685,593.72,593.5,593.6,6801
2026-03-20 14:14:00,593.57,593.62,593.44,593.58,5655
2026-03-20 14:15:00,593.53,593.68,593.38,593.57,14803
2026-03-20 14:16:00,593.565,593.84,593.455,593.81,5627
2026-03-20 14:17:00,593.745,593.87,593.3,593.3,5697
2026-03-20 14:18:00,593.3639,593.62,593.32,593.49,5840
2026-03-20 14:19:00,593.46,593.7,593.46,593.645,3127
2026-03-20 14:20:00,593.7,593.94,593.2,593.22,12158
2026-03-20 14:21:00,593.11,593.78,592.93,592.9601,14092
2026-03-20 14:22:00,593.09,593.2375,592.15,592.25,20014
2026-03-20 14:23:00,592.06,592.57,591.8,592.365,25469
2026-03-20 14:24:00,592.46,592.51,591.79,592.02,12281
2026-03-20 14:25:00,592.01,592.6,592.01,592.505,10517
2026-03-20 14:26:00,592.505,592.57,592.28,592.5,12272
2026-03-20 14:27:00,592.5,592.68,592.39,592.585,7013
2026-03-20 14:28:00,592.64,592.91,592.4,592.5225,7366
2026-03-20 14:29:00,592.51,592.565,592.18,592.565,9016
2026-03-20 14:30:00,592.565,592.7,592.19,592.23,4407
2026-03-20 14:31:00,592.215,592.41,591.89,591.9525,17737
2026-03-20 14:32:00,592,592.14,591.71,592.14,24814
2026-03-20 14:33:00,592.065,592.1,591.815,591.95,10630
2026-03-20 14:34:00,592.0899,592.0899,591.74,592.06,8270
2026-03-20 14:35:00,592.03,592.11,591.67,591.725,8276
2026-03-20 14:36:00,591.68,591.86,591.5,591.5,14054
2026-03-20 14:37:00,591.58,591.77,591.49,591.73,12948
2026-03-20 14:38:00,591.77,591.85,591.51,591.745,10757
2026-03-20 14:39:00,591.83,592,591.5,591.58,6180
2026-03-20 14:40:00,591.51,591.98,591.36,591.925,7187
2026-03-20 14:41:00,592,592.35,591.86,591.8975,26389
2026-03-20 14:42:00,591.875,591.975,591.35,591.8,11192
2026-03-20 14:43:00,591.745,592.085,591.7415,592.085,12930
2026-03-20 14:44:00,592.1025,592.17,591.78,591.83,8575
2026-03-20 14:45:00,591.78,591.94,591.32,591.475,18282
2026-03-20 14:46:00,591.52,591.83,591.35,591.4999,13947
2026-03-20 14:47:00,591.5,591.77,591.431,591.55,21187
2026-03-20 14:48:00,591.53,591.91,591.37,591.37,17357
2026-03-20 14:49:00,591.35,591.54,591.275,591.3489,8105
2026-03-20 14:50:00,591.3,591.3,590.81,591.04,25204
2026-03-20 14:51:00,591.12,591.58,591.03,591.32,14068
2026-03-20 14:52:00,591.398,591.43,591.14,591.225,20113
2026-03-20 14:53:00,591.22,591.48,591.22,591.35,7017
2026-03-20 14:54:00,591.255,591.35,590.96,591.11,16018
2026-03-20 14:55:00,591.21,591.33,590.88,590.915,10437
2026-03-20 14:56:00,590.92,590.94,590.66,590.805,17298
2026-03-20 14:57:00,590.82,591.15,590.71,591.105,10392
2026-03-20 14:58:00,591.13,591.31,590.98,591.12,12452
2026-03-20 14:59:00,591.15,591.5,590.7101,591,45306
2026-03-20 15:00:00,591,591.18,590.6107,590.985,31886
2026-03-20 15:01:00,590.94,590.95,590.5,590.595,15575
2026-03-20 15:02:00,590.59,590.6092,590.25,590.306,12194
2026-03-20 15:03:00,590.3775,590.49,590.05,590.345,13958
2026-03-20 15:04:00,590.24,590.3,589.8,589.801,62288
2026-03-20 15:05:00,589.89,590.08,589.72,589.95,11705
2026-03-20 15:06:00,589.95,590.005,589.59,590,13402
2026-03-20 15:07:00,589.99,590.66,589.93,590.31,29928
2026-03-20 15:08:00,590.22,590.5,590.13,590.28,17230
2026-03-20 15:09:00,590.25,590.28,590.0547,590.125,12376
2026-03-20 15:10:00,590.125,590.17,589.61,589.61,10001
2026-03-20 15:11:00,589.6975,589.79,589.37,589.68,28657
2026-03-20 15:12:00,589.7,589.9609,589.65,589.82,14881
2026-03-20 15:13:00,589.85,589.95,589.75,589.9145,12175
2026-03-20 15:14:00,589.94,590.47,589.89,590.39,29030
2026-03-20 15:15:00,590.2401,590.44,589.7,589.82,37421
2026-03-20 15:16:00,589.82,590.14,589.68,589.75,17725
2026-03-20 15:17:00,589.75,589.75,589.385,589.6,17529
2026-03-20 15:18:00,589.625,589.82,589.4,589.64,20676
2026-03-20 15:19:00,589.65,590,589.5912,589.97,9554
2026-03-20 15:20:00,589.9,589.9699,589.24,589.265,16392
2026-03-20 15:21:00,589.24,589.46,589.2,589.3,19749
2026-03-20 15:22:00,589.41,589.71,589.21,589.25,17457
2026-03-20 15:23:00,589.23,589.44,588.97,589.185,53686
2026-03-20 15:24:00,589.2682,589.2698,588.72,588.89,28808
2026-03-20 15:25:00,588.88,589.485,588.76,589.48,20539
2026-03-20 15:26:00,589.48,589.74,589.45,589.6,11993
2026-03-20 15:27:00,589.7,590.11,589.69,590.0799,44994
2026-03-20 15:28:00,590.12,590.44,589.88,590.185,30332
2026-03-20 15:29:00,590.1,590.3,590.08,590.25,16167
2026-03-20 15:30:00,590.27,590.88,590.26,590.64,34794
2026-03-20 15:31:00,590.64,590.79,590.27,590.5999,33855
2026-03-20 15:32:00,590.53,590.565,590.03,590.27,28029
2026-03-20 15:33:00,590.23,590.38,590,590.158,36610
2026-03-20 15:34:00,590.05,590.1,589.43,589.515,13307
2026-03-20 15:35:00,589.515,589.66,589.11,589.355,37248
2026-03-20 15:36:00,589.355,589.58,588.71,588.71,38379
2026-03-20 15:37:00,588.78,588.8,587.775,587.855,52905
2026-03-20 15:38:00,587.77,587.9,587.25,587.745,18523
2026-03-20 15:39:00,587.79,588.285,587.6314,588.17,33284
2026-03-20 15:40:00,588.11,588.63,588,588.58,27527
2026-03-20 15:41:00,588.595,589.4,588.595,589.31,24403
2026-03-20 15:42:00,589.355,589.4,588.885,589.01,28262
2026-03-20 15:43:00,588.96,589.77,588.92,589.66,23921
2026-03-20 15:44:00,589.6721,590.5,589.51,590.415,34695
2026-03-20 15:45:00,590.38,590.835,590.25,590.72,37574
2026-03-20 15:46:00,590.81,591.49,590.63,590.93,51584
2026-03-20 15:47:00,590.97,591.1,590.69,591.08,37314
2026-03-20 15:48:00,590.94,591.215,590.11,590.265,32342
2026-03-20 15:49:00,590.31,590.5,589.92,590.41,43161
2026-03-20 15:50:00,590.48,591,589.9,590.91,33444
2026-03-20 15:51:00,590.98,591.0688,590.5,590.85,34057
2026-03-20 15:52:00,590.78,591.25,590.71,591.25,43020
2026-03-20 15:53:00,591.25,592.04,591.01,591.75,63449
2026-03-20 15:54:00,591.85,592.06,591.64,591.8,45611
2026-03-20 15:55:00,591.89,593.53,591.82,592.99,79054
2026-03-20 15:56:00,593.015,593.37,592.71,593.37,64513
2026-03-20 15:57:00,593.35,594,593.29,593.92,81108
2026-03-20 15:58:00,593.92,593.99,593.58,593.895,97667
2026-03-20 15:59:00,593.88,593.97,593.34,593.72,297249
2026-03-20 16:00:00,593.67,593.67,593.11,593.38,4312038
2026-03-20 16:01:00,593.58,593.8,593.46,593.69,3812
2026-03-20 16:02:00,593.9151,593.94,593.9,593.94,487
2026-03-20 16:03:00,593.66,593.8,593.64,593.66,5227
2026-03-20 16:04:00,593.7,594.89,593.66,594.86,8330
2026-03-20 16:05:00,594,594.01,593.35,593.7,3170
2026-03-20 16:06:00,593.7,593.7,593.7,593.7,269
2026-03-20 16:07:00,593.6753,593.94,593.6753,593.94,1489
2026-03-20 16:08:00,593.83,593.83,593.8,593.8,457
2026-03-20 16:09:00,593.8,593.8,593.66,593.67,755
2026-03-20 16:10:00,593.72,594.2,593.71,593.91,1067
2026-03-20 16:11:00,593.66,593.66,593.66,593.66,1265
2026-03-20 16:12:00,593.8,593.8,593.56,593.7,612
2026-03-20 16:13:00,593.6,594,593.56,593.56,10677
2026-03-20 16:14:00,593.97,594.45,593.97,594.25,13013
2026-03-20 16:15:00,594.08,594.39,594.08,594.39,586
2026-03-20 16:16:00,594.38,594.39,594,594,1672
2026-03-20 16:17:00,594.1,594.19,594,594,1122
2026-03-20 16:18:00,594,594.1,593.99,593.99,2449
2026-03-20 16:19:00,593.9,594.15,593.9,594.15,565
2026-03-20 16:20:00,594.05,594.05,593.88,593.9,1184
2026-03-20 16:21:00,593.9,593.9,593.55,593.811,1460
2026-03-20 16:22:00,593.79,593.85,593.55,593.55,523
2026-03-20 16:23:00,593.8545,593.8545,593.55,593.55,490
2026-03-20 16:24:00,593.7,593.7,593.7,593.7,140
2026-03-20 16:26:00,593.75,593.75,593.55,593.55,164
2026-03-20 16:27:00,593.55,593.55,593.4363,593.4363,219
2026-03-20 16:28:00,593.2,593.39,593.2,593.29,258
2026-03-20 16:29:00,593.25,593.25,593.15,593.15,199
2026-03-20 16:30:00,593.0677,593.0677,593.0677,593.0677,40
2026-03-20 16:31:00,593.2823,593.38,593.17,593.18,4966
2026-03-20 16:32:00,593.31,593.6,593.31,593.6,140
2026-03-20 16:33:00,593.34,593.6,593.1,593.6,570
2026-03-20 16:34:00,593.0478,593.0478,593.0478,593.0478,200
2026-03-20 16:35:00,593.224,593.82,593.224,593.6,1577
2026-03-20 16:36:00,593.94,593.94,593.23,593.29,2402
2026-03-20 16:37:00,593.65,593.65,593.25,593.65,3486
2026-03-20 16:38:00,594,594.25,594,594.25,244
2026-03-20 16:39:00,594.03,594.19,594.03,594.19,130
2026-03-20 16:40:00,594.1656,594.1656,594,594,151
2026-03-20 16:41:00,593.622,593.622,593.622,593.622,500
2026-03-20 16:42:00,593.85,593.85,593.85,593.85,86
2026-03-20 16:44:00,593.5835,593.75,593.5835,593.75,540
2026-03-20 16:45:00,594,594.27,593.61,593.61,1269
2026-03-20 16:46:00,594.01,594.01,593.62,594,2325
2026-03-20 16:47:00,594,594.6,594,594.5,1836
2026-03-20 16:48:00,594.57,594.97,594.57,594.9535,837
2026-03-20 16:49:00,594.99,594.99,594.5,594.5,286
2026-03-20 16:50:00,594.79,594.89,594.08,594.89,608
2026-03-20 16:51:00,594.79,594.89,594.07,594.08,6604
2026-03-20 16:52:00,594.01,594.08,592.81,592.81,7026
2026-03-20 16:53:00,593,594.75,592.95,594.03,12059
2026-03-20 16:54:00,594.26,594.47,594,594.47,481
2026-03-20 16:55:00,594.55,594.55,594.49,594.55,427
2026-03-20 16:56:00,594.55,594.55,594.55,594.55,76
2026-03-20 16:57:00,594.39,594.39,594.39,594.39,111
2026-03-20 16:58:00,593.77,594.81,593.77,594.81,3192
2026-03-20 16:59:00,594.35,594.55,594.01,594.01,581
2026-03-20 17:00:00,594.0933,594.0933,594.0933,594.0933,500
2026-03-20 17:01:00,594.3,594.3,594.3,594.3,100
2026-03-20 17:02:00,594.4,594.4782,594.35,594.3501,350
2026-03-20 17:03:00,594.41,594.41,594.39,594.39,336
2026-03-20 17:05:00,594.28,594.28,594.28,594.28,40
2026-03-20 17:06:00,594.1,594.1,594.1,594.1,100
2026-03-20 17:07:00,594.187,594.187,594.187,594.187,50
2026-03-20 17:08:00,594.113,594.2,594.113,594.2,180
2026-03-20 17:09:00,594.2,594.2,594.2,594.2,50
2026-03-20 17:10:00,594.25,594.39,594.25,594.39,211
2026-03-20 17:13:00,594.48,596.4,594.2605,596.4,8434
2026-03-20 17:14:00,595.86,597,595.74,596.5,1774
2026-03-20 17:15:00,596.23,596.79,596,596.33,1015
2026-03-20 17:16:00,596.5,597,596.052,597,2165
2026-03-20 17:17:00,596,596.5,595.2864,595.85,1411
2026-03-20 17:18:00,596.72,596.72,596.15,596.15,293
2026-03-20 17:19:00,596,596,596,596,50
2026-03-20 17:20:00,595.84,595.84,595.7375,595.7375,200
2026-03-20 17:21:00,594.75,595.5,594.75,595.4026,910
2026-03-20 17:22:00,595.5,595.5,595.5,595.5,736
2026-03-20 17:23:00,595.5,595.8614,595.5,595.553,889
2026-03-20 17:24:00,595.68,596,595.52,596,803
2026-03-20 17:25:00,596.36,597,596.28,596.6,601
2026-03-20 17:26:00,596.66,597,596.6,597,256
2026-03-20 17:27:00,597,597.02,596.3347,596.3347,2357
2026-03-20 17:28:00,597,597,596.85,596.99,1175
2026-03-20 17:29:00,596.49,596.5,596.49,596.5,149
2026-03-20 17:30:00,596.4,596.4,596,596.01,2040
2026-03-20 17:31:00,596.04,596.3,596,596.13,1050
2026-03-20 17:32:00,596.19,596.3,596.15,596.2,721
2026-03-20 17:33:00,596.5,596.5,596.01,596.01,400
2026-03-20 17:34:00,596,596,596,596,226
2026-03-20 17:35:00,596,596,596,596,547
2026-03-20 17:36:00,596.1,596.1,596.1,596.1,50
2026-03-20 17:37:00,596.3,596.75,596.3,596.75,2261
2026-03-20 17:38:00,596.78,596.78,596.78,596.78,40
2026-03-20 17:39:00,596.64,596.75,596.64,596.72,581
2026-03-20 17:40:00,596.72,596.72,596.5,596.7,392
2026-03-20 17:42:00,596.7,596.7,596.51,596.51,351
2026-03-20 17:43:00,596.51,596.65,596.51,596.61,678
2026-03-20 17:44:00,596.5,596.5,596.5,596.5,1638
2026-03-20 17:45:00,596.5,596.6,596.5,596.5,580
2026-03-20 17:46:00,596.51,596.6,596.51,596.6,226
2026-03-20 17:47:00,596.5004,596.6,596.5004,596.6,224
2026-03-20 17:48:00,596.6584,596.6584,596.6584,596.6584,150
2026-03-20 17:49:00,596.55,596.55,596.55,596.55,45
2026-03-20 17:50:00,596.6054,596.6054,596.6054,596.6054,50
2026-03-20 17:51:00,596.6,596.7,596.6,596.6,243
2026-03-20 17:53:00,596.5,596.63,596.5,596.63,149
2026-03-20 17:54:00,596.66,596.66,596.66,596.66,65
2026-03-20 17:56:00,596.6798,596.6798,596.5,596.5,189
2026-03-20 17:57:00,596.68,596.68,596.6,596.6,157
2026-03-20 17:58:00,596.7,596.75,596.7,596.75,773
2026-03-20 18:00:00,596.6625,596.74,596.6625,596.74,650
2026-03-20 18:01:00,596.74,596.75,596.74,596.75,1066
2026-03-20 18:02:00,596.6195,596.75,596.6195,596.75,325
2026-03-20 18:03:00,596.75,596.75,596.75,596.75,150
2026-03-20 18:04:00,596.95,597,596.95,597,292
2026-03-20 18:06:00,597,597.34,597,597.34,427
2026-03-20 18:07:00,597,597.33,597,597.33,691
2026-03-20 18:08:00,597.34,597.34,597.2379,597.3395,748
2026-03-20 18:09:00,597.34,597.34,597.34,597.34,50
2026-03-20 18:10:00,597.3,597.34,597.26,597.26,301
2026-03-20 18:11:00,597.34,597.34,597.34,597.34,690
2026-03-20 18:12:00,597.5,598,597.5,597.75,1651
2026-03-20 18:13:00,597.89,598.6,597.89,598.6,4471
2026-03-20 18:14:00,598.1,598.7,598.1,598.2,1388
2026-03-20 18:15:00,598.5,598.5,598.01,598.01,1189
2026-03-20 18:16:00,598.24,598.5,598.24,598.5,129
2026-03-20 18:17:00,598.2,598.6,598,598,1156
2026-03-20 18:19:00,598,598.0081,598,598,800
2026-03-20 18:20:00,598,598.1,597.69,598.1,846
2026-03-20 18:21:00,597.7,597.7,597.5,597.5,741
2026-03-20 18:22:00,597.3695,597.5,597.3,597.5,733
2026-03-20 18:23:00,597.49,597.64,597.49,597.64,227
2026-03-20 18:24:00,597.55,598.26,597.5,598.26,884
2026-03-20 18:25:00,598.2027,598.2027,598.2027,598.2027,40
2026-03-20 18:26:00,598.26,598.7,598.1867,598.7,231
2026-03-20 18:28:00,598.4,598.4,598.1,598.1,692
2026-03-20 18:29:00,598,598.1,598,598.1,150
2026-03-20 18:30:00,597.99,597.99,597.7,597.7,343
2026-03-20 18:31:00,597.53,597.53,597.53,597.53,125
2026-03-20 18:32:00,597.53,597.53,597.53,597.53,41
2026-03-20 18:33:00,597.68,597.69,597.68,597.69,80
2026-03-20 18:34:00,597.6,597.6,597.1,597.1,791
2026-03-20 18:35:00,597,597,597,597,981
2026-03-20 18:36:00,596.8,596.8,596.75,596.75,191
2026-03-20 18:37:00,596.5,596.5,596.5,596.5,150
2026-03-20 18:38:00,596.96,597.1,596.96,597.1,1545
2026-03-20 18:43:00,597.01,597.01,597.01,597.01,70
2026-03-20 18:45:00,597.37,597.37,597.0391,597.0391,190
2026-03-20 18:47:00,597.3045,597.3045,597.25,597.25,300
2026-03-20 18:48:00,597.35,597.35,597.35,597.35,140
2026-03-20 18:50:00,597.0517,597.0517,597.0517,597.0517,50
2026-03-20 18:51:00,597.35,597.35,597,597.35,274
2026-03-20 18:54:00,597.35,597.35,597.35,597.35,50
2026-03-20 18:55:00,597.19,597.19,597.19,597.19,52
2026-03-20 18:56:00,597.1458,597.1458,597.1458,597.1458,60
2026-03-20 18:57:00,597.34,597.45,597.34,597.4006,2210
2026-03-20 18:58:00,597.44,597.45,597.4,597.4,334
2026-03-20 18:59:00,597.44,597.44,597.44,597.44,200
2026-03-20 19:00:00,597.45,597.45,597.44,597.44,1008
2026-03-20 19:01:00,597.42,597.42,597.42,597.42,40
2026-03-20 19:02:00,597.31,597.31,597.27,597.27,80
2026-03-20 19:03:00,597.1,597.45,597.1,597.45,88
2026-03-20 19:05:00,597.14,597.17,597.13,597.13,120
2026-03-20 19:06:00,597.01,597.01,597.01,597.01,50
2026-03-20 19:08:00,597.399,597.399,597.399,597.399,50
2026-03-20 19:09:00,597.4363,597.4363,597.4363,597.4363,50
2026-03-20 19:11:00,597.4858,597.4858,597.4858,597.4858,500
2026-03-20 19:12:00,597.76,597.95,597.76,597.95,2130
2026-03-20 19:13:00,597.9,597.9,597.9,597.9,40
2026-03-20 19:14:00,597.9,597.95,597.9,597.95,2949
2026-03-20 19:15:00,597.88,597.88,597.88,597.88,50
2026-03-20 19:16:00,597.62,597.62,597.62,597.62,121
2026-03-20 19:17:00,597.53,597.53,597.4782,597.4782,344
2026-03-20 19:18:00,597.35,597.35,597.2,597.3,222
2026-03-20 19:21:00,597.3,597.3,597.3,597.3,473
2026-03-20 19:22:00,597.21,597.21,597.21,597.21,300
2026-03-20 19:23:00,597.5,597.5,597.5,597.5,1000
2026-03-20 19:25:00,597.49,597.5,597.48,597.5,168
2026-03-20 19:27:00,597.5324,597.5324,597.5324,597.5324,99
2026-03-20 19:28:00,597.75,597.75,597.75,597.75,100
2026-03-20 19:29:00,597.75,597.75,597.75,597.75,265
2026-03-20 19:30:00,597.7564,598,597.7564,597.97,760
2026-03-20 19:32:00,598,598,597.9999,597.9999,2368
2026-03-20 19:34:00,598.2,598.2,598.15,598.15,610
2026-03-20 19:35:00,598.28,598.28,598.28,598.28,100
2026-03-20 19:37:00,598.06,598.06,598,598,98
2026-03-20 19:38:00,598,598.0364,598,598.0364,1050
2026-03-20 19:39:00,598.01,598.01,598,598,3707
2026-03-20 19:40:00,597.99,597.99,597.99,597.99,50
2026-03-20 19:42:00,597.5,597.5,597.5,597.5,100
2026-03-20 19:44:00,597.4588,597.4588,597.25,597.25,217
2026-03-20 19:45:00,597.34,597.35,597.34,597.35,127
2026-03-20 19:46:00,597.26,597.26,597.26,597.26,40
2026-03-20 19:47:00,597.1999,597.1999,597.1999,597.1999,75
2026-03-20 19:48:00,597.05,597.05,597.05,597.05,390
2026-03-20 19:50:00,597.26,597.2699,597.15,597.2699,1317
2026-03-20 19:51:00,597.27,597.37,597.27,597.37,90
2026-03-20 19:53:00,597.25,597.49,597.25,597.3139,448
2026-03-20 19:55:00,597.32,597.66,597.32,597.66,250
2026-03-20 19:56:00,597.6,597.87,597.6,597.87,150
2026-03-20 19:57:00,597.6,597.6,597.5,597.5,161
2026-03-20 19:58:00,597.86,597.86,597.86,597.86,77
2026-03-20 19:59:00,597.77,597.89,597.77,597.89,275
2026-03-23 04:00:00,584.99,589.29,584.99,586.02,3722
2026-03-23 04:01:00,585.96,585.96,585.73,585.73,377
2026-03-23 04:02:00,585.76,586,585.57,586,266
2026-03-23 04:03:00,585.88,585.88,585.88,585.88,60
2026-03-23 04:04:00,585.6,585.6,585.6,585.6,40
2026-03-23 04:05:00,586.03,586.03,586.03,586.03,50
2026-03-23 04:07:00,586.59,586.64,586.5,586.6,513
2026-03-23 04:08:00,586.43,586.43,586.4,586.4,279
2026-03-23 04:09:00,586.33,586.35,586.2,586.2,675
2026-03-23 04:10:00,585.94,586.17,585.94,586,545
2026-03-23 04:12:00,585.9,586.47,585.5,585.5,2696
2026-03-23 04:13:00,585.46,585.6,585.46,585.6,2770
2026-03-23 04:15:00,586.27,586.27,586.27,586.27,132
2026-03-23 04:16:00,586.28,586.34,586.28,586.34,303
2026-03-23 04:17:00,586.15,586.15,586.1,586.1,321
2026-03-23 04:18:00,586.44,586.44,586.41,586.41,100
2026-03-23 04:19:00,586.02,586.02,586.02,586.02,293
2026-03-23 04:21:00,585.98,585.98,585.98,585.98,68
2026-03-23 04:22:00,585.82,586.6,585.82,586.6,594
2026-03-23 04:23:00,586.86,586.86,586.83,586.83,147
2026-03-23 04:26:00,586.44,586.49,586.44,586.49,170
2026-03-23 04:28:00,586.05,586.05,586,586,246
2026-03-23 04:29:00,586.17,586.17,586.17,586.17,126
2026-03-23 04:30:00,586.03,586.03,586,586,321
2026-03-23 04:31:00,586.94,586.94,586.93,586.94,141
2026-03-23 04:32:00,587,587.21,587,587.21,723
2026-03-23 04:35:00,586.46,586.46,586.46,586.46,75
2026-03-23 04:36:00,586.61,586.61,586.61,586.61,72
2026-03-23 04:42:00,586.98,587,586.98,587,106
2026-03-23 04:43:00,586.37,586.37,586.37,586.37,40
2026-03-23 04:46:00,586.8,586.8,586.8,586.8,41
2026-03-23 04:47:00,587,587.35,586.98,587.35,540
2026-03-23 04:48:00,587.43,587.81,587.43,587.81,154
2026-03-23 04:55:00,587,587,587,587,96
2026-03-23 04:57:00,586.96,587.02,586.96,587.02,139
2026-03-23 05:05:00,587.46,588,587.3,587.3,910
2026-03-23 05:06:00,587,587,587,587,78
2026-03-23 05:08:00,587.45,587.45,587.45,587.45,71
2026-03-23 05:09:00,586.94,586.94,586.94,586.94,49
2026-03-23 05:10:00,587.28,587.28,586.78,586.86,436
2026-03-23 05:12:00,587.22,587.22,587.21,587.22,1057
2026-03-23 05:14:00,586.5,586.5,586.5,586.5,240
2026-03-23 05:16:00,586.22,586.22,586.22,586.22,176
2026-03-23 05:20:00,586.05,586.64,586.05,586.64,373
2026-03-23 05:21:00,586.69,587.22,586.69,587.22,3634
2026-03-23 05:22:00,587.31,587.31,587.31,587.31,513
2026-03-23 05:24:00,586.62,586.62,586.62,586.62,42
2026-03-23 05:30:00,587,587,587,587,248
2026-03-23 05:33:00,586.62,586.62,586.61,586.61,720
2026-03-23 05:37:00,585.55,585.55,585.55,585.55,200
2026-03-23 05:38:00,586.01,586.01,586.01,586.01,51
2026-03-23 05:43:00,585.62,585.62,585.62,585.62,99
2026-03-23 05:45:00,585.94,586.14,585.94,586.09,397
2026-03-23 05:50:00,585.98,586,585.95,586,193
2026-03-23 05:54:00,586.04,586.04,585.89,585.9,232
2026-03-23 05:55:00,585.9,585.95,585.9,585.95,146
2026-03-23 05:58:00,586,586,586,586,40
2026-03-23 06:00:00,586.4,586.4,586.4,586.4,88
2026-03-23 06:09:00,587.64,587.65,587.64,587.65,200
2026-03-23 06:17:00,587.07,587.07,586.97,586.97,349
2026-03-23 06:20:00,586.55,586.55,586.53,586.53,352
2026-03-23 06:21:00,586.47,586.47,586.47,586.47,65
2026-03-23 06:25:00,586.56,586.56,586.56,586.56,60
2026-03-23 06:27:00,586.5,586.5,586.4,586.4,188
2026-03-23 06:28:00,586.2,586.2,586.2,586.2,933
2026-03-23 06:29:00,586.02,586.28,586.02,586.28,129
2026-03-23 06:33:00,586.29,586.29,586.26,586.26,275
2026-03-23 06:38:00,586.52,586.52,586.52,586.52,123
2026-03-23 06:41:00,586.05,586.5,586.02,586.07,269
2026-03-23 06:44:00,586.38,586.38,586.38,586.38,50
2026-03-23 06:46:00,586.5,586.5,586.5,586.5,45
2026-03-23 06:49:00,586.02,586.26,586,586.26,510
2026-03-23 06:50:00,586.5,587.49,586.5,587.49,727
2026-03-23 06:58:00,586.8,586.8,586.67,586.67,90
2026-03-23 07:00:00,587.46,587.98,586.64,587.29,726
2026-03-23 07:02:00,587.16,587.16,587.05,587.05,661
2026-03-23 07:03:00,587.06,587.06,587,587,340
2026-03-23 07:04:00,587.4,587.4,587.4,587.4,42
2026-03-23 07:05:00,588,593.65,588,593.61,3272
2026-03-23 07:06:00,594.46,596.6,594.46,594.96,4114
2026-03-23 07:07:00,595.92,599.39,595.92,599.39,4642
2026-03-23 07:08:00,596.84,602,596.84,602,7247
2026-03-23 07:09:00,603,604.33,601.78,604.33,1558
2026-03-23 07:10:00,603,604.15,602.75,603.5,1736
2026-03-23 07:11:00,603.06,604.21,602.4,602.4,2640
2026-03-23 07:12:00,603,604.33,600.4,602.61,5016
2026-03-23 07:13:00,605,607.62,604.76,605.72,3619
2026-03-23 07:14:00,607.79,610,607.22,608.62,3549
2026-03-23 07:15:00,607.68,608,606.51,607,1291
2026-03-23 07:16:00,606.75,607,605.01,605.54,1056
2026-03-23 07:17:00,605.43,607,605.41,606,861
2026-03-23 07:18:00,605.98,608.5,605.98,607.45,5547
2026-03-23 07:19:00,607.2,608.3,606.98,607.6,2333
2026-03-23 07:20:00,608,608.3,605.82,605.82,1945
2026-03-23 07:21:00,606.02,606.59,604.29,605,2268
2026-03-23 07:22:00,605,605,604.94,605,1787
2026-03-23 07:23:00,604.3,604.3,603,603,592
2026-03-23 07:24:00,603.11,603.2,602,603,2070
2026-03-23 07:25:00,603,605.72,603,604.78,5147
2026-03-23 07:26:00,604.78,605.5,604.4,604.4,471
2026-03-23 07:27:00,604,604,603.19,603.19,342
2026-03-23 07:28:00,602.82,603.07,602,603,1198
2026-03-23 07:29:00,603.5,604.39,603,604.39,976
2026-03-23 07:30:00,604.03,604.49,604,604.49,2040
2026-03-23 07:31:00,604.69,606,604.54,606,1616
2026-03-23 07:32:00,606.23,606.23,606,606.01,788
2026-03-23 07:33:00,606.5,607.5,606.5,607.5,1220
2026-03-23 07:34:00,607.59,608.66,607,607.96,4765
2026-03-23 07:35:00,608,608.54,607.6,607.93,2550
2026-03-23 07:36:00,607.51,607.51,606.88,606.99,856
2026-03-23 07:37:00,606.51,606.8,606.14,606.14,288
2026-03-23 07:38:00,606,606.8,606,606.8,649
2026-03-23 07:39:00,607,607.13,606.55,607.03,2828
2026-03-23 07:40:00,606.37,606.37,605.5,605.5,1669
2026-03-23 07:41:00,606,606.1,605.56,606.1,1231
2026-03-23 07:42:00,605.93,605.93,604.46,604.5,1821
2026-03-23 07:43:00,604.99,605.25,604.99,605.25,600
2026-03-23 07:44:00,605.25,605.25,603.53,603.53,2236
2026-03-23 07:45:00,603.52,604,603.07,604,814
2026-03-23 07:46:00,603.5,604,601.92,602,1898
2026-03-23 07:47:00,601.17,602.06,601.11,602.06,535
2026-03-23 07:48:00,603.03,603.03,602.5,602.54,537
2026-03-23 07:49:00,603,603.32,602.55,603.01,1638
2026-03-23 07:50:00,603.01,603.01,601.34,601.38,735
2026-03-23 07:51:00,601.2,603,601.05,603,1378
2026-03-23 07:52:00,602,602,602,602,183
2026-03-23 07:53:00,602,604.47,602,603.4,3316
2026-03-23 07:54:00,604.2,604.53,604.2,604.53,263
2026-03-23 07:55:00,602.9,602.9,602.9,602.9,160
2026-03-23 07:56:00,602.05,602.05,601,602.03,1594
2026-03-23 07:57:00,601.56,601.59,600.31,600.45,1697
2026-03-23 07:58:00,600.01,600.76,600,600,2563
2026-03-23 07:59:00,600.14,600.69,600,600.5,3750
2026-03-23 08:00:00,587.99,609.7423,585.65,600.1771,77289
2026-03-23 08:01:00,600,600.8715,583.57,599.7794,11256
2026-03-23 08:02:00,600.51,600.51,585.01,586.47,10648
2026-03-23 08:03:00,586.77,602.27,583.48,601.75,11441
2026-03-23 08:04:00,601.94,602.5,601.38,602.5,2101
2026-03-23 08:05:00,602,602.5,601.44,601.44,1529
2026-03-23 08:06:00,601.47,601.864,600.98,601,1121
2026-03-23 08:07:00,600.935,600.935,600,600.86,3534
2026-03-23 08:08:00,601,602.82,583.95,602.4,2246
2026-03-23 08:09:00,602.9,603.33,587.51,603.1848,1704
2026-03-23 08:10:00,603.56,604.51,603.5,604.0676,2884
2026-03-23 08:11:00,604.05,604.38,602.63,603.01,3876
2026-03-23 08:12:00,602.91,603.28,602.91,603.26,2006
2026-03-23 08:13:00,603.25,603.55,602.94,603,6807
2026-03-23 08:14:00,602.5,603,602.5,602.5,2172
2026-03-23 08:15:00,602.5,603,602.01,602.75,6780
2026-03-23 08:16:00,602.5,603.5,602.5,603.4811,1623
2026-03-23 08:17:00,603.2,604,603.2,603.4,11323
2026-03-23 08:18:00,603.51,603.51,603.43,603.5,1934
2026-03-23 08:19:00,603.04,604,602.4211,604,3481
2026-03-23 08:20:00,603.6623,604.49,603.54,604.25,4587
2026-03-23 08:21:00,604.065,604.6,604.065,604.6,1020
2026-03-23 08:22:00,604,604,603.75,603.75,1139
2026-03-23 08:23:00,603.17,603.58,603.17,603.58,110
2026-03-23 08:24:00,603.79,603.99,603.6682,603.93,317
2026-03-23 08:25:00,603.5,603.5,603,603,1229
2026-03-23 08:26:00,602.82,602.88,602.63,602.67,428
2026-03-23 08:28:00,602.98,603,602,603,2051
2026-03-23 08:29:00,603.7737,603.7737,603,603.1,340
2026-03-23 08:30:00,603.1,603.1,602,602,2925
2026-03-23 08:31:00,601.67,602.57,601.67,602.57,200
2026-03-23 08:32:00,602.2,602.51,602.15,602.2,1310
2026-03-23 08:33:00,602.99,603.247,602.5,602.5,588
2026-03-23 08:34:00,602.5502,603,602.5,602.5738,2372
2026-03-23 08:35:00,602.6819,602.6819,602.6819,602.6819,900
2026-03-23 08:36:00,602.37,602.79,602.27,602.47,365
2026-03-23 08:37:00,603,603,602.37,602.37,544
2026-03-23 08:38:00,601.91,601.91,601.4246,601.75,368
2026-03-23 08:39:00,601.8838,601.8838,601.8838,601.8838,100
2026-03-23 08:40:00,601.8,601.8866,601.26,601.26,513
2026-03-23 08:41:00,601.75,604.75,601.75,603.05,4349
2026-03-23 08:42:00,603.0505,603.06,603.0505,603.06,142
2026-03-23 08:43:00,604,604.89,603.98,604.5,2108
2026-03-23 08:44:00,604.96,604.96,604.47,604.9,2059
2026-03-23 08:45:00,604.9,605,604.1432,604.1432,4729
2026-03-23 08:46:00,604.11,605.2,604.1,605.09,1463
2026-03-23 08:47:00,605.1216,605.4,605,605.38,1284
2026-03-23 08:48:00,605.32,605.6,605.2,605.5,2161
2026-03-23 08:49:00,604.89,605.48,604.89,605.0832,283
2026-03-23 08:50:00,605.48,605.48,605.01,605.15,1392
2026-03-23 08:51:00,604.5708,604.645,604.5,604.645,352
2026-03-23 08:52:00,605.45,605.54,605.19,605.54,2556
2026-03-23 08:53:00,605.41,605.41,605,605.03,799
2026-03-23 08:54:00,605,605,604.5,604.89,399
2026-03-23 08:55:00,604.5637,605,604.5,604.5,972
2026-03-23 08:56:00,605.28,605.28,604.4842,604.4842,990
2026-03-23 08:57:00,604.48,604.65,604.4,604.65,734
2026-03-23 08:58:00,604.72,604.72,604.72,604.72,73
2026-03-23 08:59:00,604.694,605,604.66,605,1490
2026-03-23 09:00:00,605,605.5,605,605.2,588
2026-03-23 09:01:00,605.49,605.49,605.16,605.49,955
2026-03-23 09:02:00,604.7,604.7,604,604.4374,865
2026-03-23 09:03:00,604,604.5,604,604.5,400
2026-03-23 09:04:00,604.98,604.99,604.4,604.83,600
2026-03-23 09:05:00,604.52,604.52,604,604,2060
2026-03-23 09:06:00,604.3409,604.3409,603.82,603.99,294
2026-03-23 09:07:00,603.82,603.82,603.1386,603.5,2620
2026-03-23 09:08:00,603.05,605,603.05,605,3564
2026-03-23 09:09:00,605.2,605.435,605.01,605.2,612
2026-03-23 09:10:00,605.049,605.049,605.049,605.049,65
2026-03-23 09:11:00,605.11,605.25,604.99,605.07,1223
2026-03-23 09:12:00,605.2754,605.2754,603.6716,603.6716,1074
2026-03-23 09:13:00,604.01,604.6993,603.61,604.17,1701
2026-03-23 09:14:00,604.5,604.8,604,604.4035,664
2026-03-23 09:15:00,604.5577,604.5577,604.5577,604.5577,200
2026-03-23 09:16:00,604,604.75,603.8731,604.0736,940
2026-03-23 09:17:00,604.44,604.46,603.88,604,1126
2026-03-23 09:18:00,603.02,604,603,603.08,1445
2026-03-23 09:19:00,604.24,604.3884,603.31,604,1298
2026-03-23 09:20:00,603.4648,604.23,603.4648,604.08,617
2026-03-23 09:21:00,604.25,604.25,603.68,603.68,3295
2026-03-23 09:22:00,603.69,603.88,603.18,603.8792,1083
2026-03-23 09:23:00,603.7,603.7,603.17,603.56,264
2026-03-23 09:24:00,603.25,603.25,603,603,528
2026-03-23 09:25:00,602.74,602.74,602,602.15,1207
2026-03-23 09:26:00,602,602.22,601.35,602.1352,773
2026-03-23 09:27:00,601.96,604.7,601.79,604.7,1007
2026-03-23 09:28:00,605,606.03,604.1,604.94,5610
2026-03-23 09:29:00,605,605.12,604.56,604.8,3713
2026-03-23 09:30:00,605.36,605.88,600.15,600.3675,214058
2026-03-23 09:31:00,600.1101,602.37,600,601.885,86787
2026-03-23 09:32:00,601.85,601.85,599.01,599.5225,66772
2026-03-23 09:33:00,599.55,600.35,599.38,600.04,34028
2026-03-23 09:34:00,600,600.2599,599.31,599.7,31011
2026-03-23 09:35:00,599.85,601.79,599.7,600.9088,87546
2026-03-23 09:36:00,600.66,601.67,600.33,601.475,43087
2026-03-23 09:37:00,601.51,602.34,601.28,601.47,47609
2026-03-23 09:38:00,601.33,602.26,600.86,601.2483,74431
2026-03-23 09:39:00,601.135,602.86,601.135,602.54,79193
2026-03-23 09:40:00,602.4475,602.66,601.17,601.46,40767
2026-03-23 09:41:00,601.44,601.53,599.03,600.2,76643
2026-03-23 09:42:00,600.1,602.447,599.84,602.3298,78867
2026-03-23 09:43:00,602.44,602.5,601.255,601.745,63437
2026-03-23 09:44:00,601.706,602.36,600.775,600.94,28505
2026-03-23 09:45:00,601.09,601.88,600.58,601.49,36684
2026-03-23 09:46:00,601.18,602.1999,601.1,601.645,25539
2026-03-23 09:47:00,601.52,602.02,600.51,601.246,44172
2026-03-23 09:48:00,601.29,602.83,601.22,602.7258,41817
2026-03-23 09:49:00,602.65,603.1198,602,602.8925,58457
2026-03-23 09:50:00,603,603.3399,602.19,602.19,39128
2026-03-23 09:51:00,602.185,602.83,601.85,602.635,27617
2026-03-23 09:52:00,602.62,603.8,602.3,603.8,36907
2026-03-23 09:53:00,603.73,604.57,603.69,604.355,24087
2026-03-23 09:54:00,604.25,604.83,603.81,603.81,47776
2026-03-23 09:55:00,603.835,604.1,603.345,603.345,25336
2026-03-23 09:56:00,603.47,603.7499,603.1101,603.5,15745
2026-03-23 09:57:00,603.395,604.05,603.1,603.84,16376
2026-03-23 09:58:00,603.85,604.06,603.38,604.06,18858
2026-03-23 09:59:00,603.96,604.16,603.51,604.12,18205
2026-03-23 10:00:00,604.12,604.22,603.45,603.665,26738
2026-03-23 10:01:00,603.5901,603.92,603.06,603.91,16552
2026-03-23 10:02:00,603.62,604.11,603.24,603.9298,17434
2026-03-23 10:03:00,604.03,604.03,603.22,603.285,15443
2026-03-23 10:04:00,603.25,603.27,602.37,602.465,12889
2026-03-23 10:05:00,602.46,602.5,601.13,601.9963,59439
2026-03-23 10:06:00,602.005,602.3599,601.49,601.62,17964
2026-03-23 10:07:00,601.7792,603.1299,601.7792,602.76,11414
2026-03-23 10:08:00,602.67,602.84,601.975,601.98,11068
2026-03-23 10:09:00,601.975,602.46,601.83,602.2,15847
2026-03-23 10:10:00,602.16,603.287,602.1,603.01,30080
2026-03-23 10:11:00,602.89,603.65,602.85,603.42,23098
2026-03-23 10:12:00,603.48,604.319,603.48,604.015,22081
2026-03-23 10:13:00,604.01,604.49,603.75,604.35,32978
2026-03-23 10:14:00,604.3,604.3,603.17,603.75,15365
2026-03-23 10:15:00,603.8,604.5,603.77,604.425,20178
2026-03-23 10:16:00,604.42,604.92,604.15,604.62,23828
2026-03-23 10:17:00,604.58,604.8,604.33,604.79,9318
2026-03-23 10:18:00,604.82,605.3399,604.82,605.1595,28993
2026-03-23 10:19:00,605.18,605.57,605.06,605.5,34360
2026-03-23 10:20:00,605.5,605.6,605.11,605.325,14933
2026-03-23 10:21:00,605.325,605.78,605.13,605.4452,12989
2026-03-23 10:22:00,605.36,606.1798,605.33,606.06,30177
2026-03-23 10:23:00,605.97,606.2,605.72,606.06,25585
2026-03-23 10:24:00,606.06,606.39,605.88,605.97,28356
2026-03-23 10:25:00,606,606.1,605.3701,605.475,62463
2026-03-23 10:26:00,605.52,606.1699,605.13,605.24,23083
2026-03-23 10:27:00,605.3,605.33,604.43,604.71,29693
2026-03-23 10:28:00,604.6899,604.87,604.2,604.86,22673
2026-03-23 10:29:00,604.892,605.66,604.7033,605.48,13413
2026-03-23 10:30:00,605.49,605.49,604.61,604.61,9057
2026-03-23 10:31:00,604.77,604.9399,604.55,604.9,12622
2026-03-23 10:32:00,604.75,605.41,604.75,605.325,23230
2026-03-23 10:33:00,605.325,605.62,605.06,605.62,22876
2026-03-23 10:34:00,605.5605,605.6783,605.06,605.6,22049
2026-03-23 10:35:00,605.63,605.63,604.7901,605.115,11155
2026-03-23 10:36:00,605.02,605.12,603.8901,604.11,11966
2026-03-23 10:37:00,604.01,604.235,603.77,604.12,8935
2026-03-23 10:38:00,604.0988,604.61,604.0988,604.5076,6008
2026-03-23 10:39:00,604.48,604.48,603.8704,604.14,10300
2026-03-23 10:40:00,604.06,604.35,603.77,603.77,8412
2026-03-23 10:41:00,603.8,603.825,603.2,603.325,15638
2026-03-23 10:42:00,603.46,603.93,603.32,603.585,15717
2026-03-23 10:43:00,603.67,603.77,603.17,603.68,20449
2026-03-23 10:44:00,603.71,603.8,603.281,603.43,8066
2026-03-23 10:45:00,603.4,603.76,603.062,603.53,13203
2026-03-23 10:46:00,603.515,604.26,603.4275,603.7547,17014
2026-03-23 10:47:00,603.665,604.87,603.665,604.76,24434
2026-03-23 10:48:00,604.76,604.76,604.2,604.35,8700
2026-03-23 10:49:00,604.46,604.86,604.219,604.765,13322
2026-03-23 10:50:00,604.775,604.87,603.61,603.94,20843
2026-03-23 10:51:00,603.875,603.94,603.56,603.775,10806
2026-03-23 10:52:00,603.72,604.75,603.48,604.74,8800
2026-03-23 10:53:00,604.75,605.12,604.61,604.875,13643
2026-03-23 10:54:00,604.9074,605.11,604.38,604.57,10337
2026-03-23 10:55:00,604.73,604.99,604.52,604.615,6935
2026-03-23 10:56:00,604.63,605.38,604.46,605.38,10710
2026-03-23 10:57:00,605.285,605.408,604.99,605.204,10037
2026-03-23 10:58:00,605.31,605.8698,605.03,605.79,16403
2026-03-23 10:59:00,605.795,605.85,605.49,605.54,11348
2026-03-23 11:00:00,605.59,606.9,605.34,606.59,78254
2026-03-23 11:01:00,606.595,606.865,606.32,606.865,18681
2026-03-23 11:02:00,606.92,607.96,606.615,607.95,46141
2026-03-23 11:03:00,607.9342,608.24,607.75,607.84,41241
2026-03-23 11:04:00,607.85,608.07,607.485,607.9638,16576
2026-03-23 11:05:00,607.965,608.07,607.53,607.78,11604
2026-03-23 11:06:00,607.84,608,607.3,607.32,21082
2026-03-23 11:07:00,607.26,607.74,606.9,607.52,28007
2026-03-23 11:08:00,607.36,607.53,607,607.29,16614
2026-03-23 11:09:00,607.24,607.89,607.24,607.515,26255
2026-03-23 11:10:00,607.605,607.8,607.35,607.545,8160
2026-03-23 11:11:00,607.545,607.97,607.48,607.89,10037
2026-03-23 11:12:00,607.83,608.05,607.54,607.66,16954
2026-03-23 11:13:00,607.65,607.93,607.39,607.64,15290
2026-03-23 11:14:00,607.65,608.03,607.4,608,21928
2026-03-23 11:15:00,608,608.33,607.84,608.19,21055
2026-03-23 11:16:00,608.11,608.2199,607.61,607.77,12222
2026-03-23 11:17:00,607.71,607.77,607.22,607.41,19345
2026-03-23 11:18:00,607.32,607.63,607.02,607.26,12504
2026-03-23 11:19:00,607.26,607.31,606.8401,606.94,11658
2026-03-23 11:20:00,607.0656,607.24,606.17,606.2119,41579
2026-03-23 11:21:00,606.2851,607.0302,606,607.03,26669
2026-03-23 11:22:00,607.05,607.82,607.05,607.82,9785
2026-03-23 11:23:00,607.835,608.34,607.66,608.16,25632
2026-03-23 11:24:00,608.26,608.64,607.88,608.28,35203
2026-03-23 11:25:00,608.24,608.24,607.85,608.01,15202
2026-03-23 11:26:00,608.1825,608.22,607.59,607.69,9004
2026-03-23 11:27:00,607.71,607.7154,607.09,607.38,13876
2026-03-23 11:28:00,607.49,607.71,607.33,607.45,11180
2026-03-23 11:29:00,607.43,608,607.37,607.9136,25615
2026-03-23 11:30:00,607.91,608.3499,607.83,607.86,20338
2026-03-23 11:31:00,607.94,608.28,607.84,607.99,8891
2026-03-23 11:32:00,607.99,608.01,607.73,607.92,8708
2026-03-23 11:33:00,607.89,608.145,607.61,607.84,6039
2026-03-23 11:34:00,607.87,607.96,607.68,607.8614,6148
2026-03-23 11:35:00,607.85,607.9292,607.5,607.63,15228
2026-03-23 11:36:00,607.63,608.05,607.39,607.39,24024
2026-03-23 11:37:00,607.34,607.96,607.335,607.85,15631
2026-03-23 11:38:00,607.9,608.08,607.32,607.48,13702
2026-03-23 11:39:00,607.45,607.85,607,607.605,23417
2026-03-23 11:40:00,607.54,608,607.39,607.51,14169
2026-03-23 11:41:00,607.57,608.24,607.24,608.095,24517
2026-03-23 11:42:00,608.115,608.115,607.55,607.55,8598
2026-03-23 11:43:00,607.575,607.77,607.255,607.505,10460
2026-03-23 11:44:00,607.47,607.8599,607.11,607.6,18250
2026-03-23 11:45:00,607.56,607.69,606.5114,606.5114,21206
2026-03-23 11:46:00,606.51,606.71,606.14,606.42,20727
2026-03-23 11:47:00,606.5984,606.68,606,606.44,22092
2026-03-23 11:48:00,606.55,606.75,606.41,606.49,5780
2026-03-23 11:49:00,606.595,606.88,606.48,606.59,7891
2026-03-23 11:50:00,606.52,607.06,606.46,606.91,13186
2026-03-23 11:51:00,606.93,607.305,606.59,607.275,22847
2026-03-23 11:52:00,607.285,607.43,605.68,606.67,47035
2026-03-23 11:53:00,606.775,606.9799,606.22,606.85,15773
2026-03-23 11:54:00,606.82,606.88,605.71,605.805,21437
2026-03-23 11:55:00,605.71,605.73,604.24,605.48,27091
2026-03-23 11:56:00,605.5,605.5,604.82,605,18155
2026-03-23 11:57:00,604.99,605.26,604.55,604.8,42032
2026-03-23 11:58:00,604.71,605.09,604.29,604.465,30030
2026-03-23 11:59:00,604.465,604.85,604.35,604.54,14204
2026-03-23 12:00:00,604.53,605.6999,604.52,605.56,34890
2026-03-23 12:01:00,605.56,606.11,605.37,605.92,20603
2026-03-23 12:02:00,606.12,606.48,605.77,606.04,15510
2026-03-23 12:03:00,606.045,606.22,605.22,605.46,21155
2026-03-23 12:04:00,605.52,606,605.39,605.75,12685
2026-03-23 12:05:00,605.63,605.88,605.34,605.695,14011
2026-03-23 12:06:00,605.7,606.48,605.48,606.28,18434
2026-03-23 12:07:00,606.38,606.88,606.29,606.5,12261
2026-03-23 12:08:00,606.585,607.7599,606.585,607.61,16704
2026-03-23 12:09:00,607.59,607.79,607.15,607.2696,21971
2026-03-23 12:10:00,607.15,607.19,606.6,606.6,10718
2026-03-23 12:11:00,606.72,606.75,606.17,606.48,11411
2026-03-23 12:12:00,606.315,606.75,606.07,606.26,10987
2026-03-23 12:13:00,606.22,606.4,605.68,605.87,25024
2026-03-23 12:14:00,605.87,606.14,605.76,605.97,8305
2026-03-23 12:15:00,605.86,606.14,604.96,605.055,12213
2026-03-23 12:16:00,604.8701,605.08,604.16,604.29,19201
2026-03-23 12:17:00,604.16,604.1975,602.89,603.0175,25129
2026-03-23 12:18:00,603.18,604.21,602.84,604.205,12468
2026-03-23 12:19:00,604.215,604.31,603.8402,603.985,9179
2026-03-23 12:20:00,604.12,604.27,603.5,603.5,8529
2026-03-23 12:21:00,603.72,603.9999,603.445,603.586,13721
2026-03-23 12:22:00,603.7,603.9699,603,603.09,24960
2026-03-23 12:23:00,603,603.55,602.85,602.915,9474
2026-03-23 12:24:00,603.01,603.43,602.9,602.945,10771
2026-03-23 12:25:00,602.85,602.89,602.08,602.525,20026
2026-03-23 12:26:00,602.545,602.83,602.21,602.34,9164
2026-03-23 12:27:00,602.23,602.43,602.115,602.19,9703
2026-03-23 12:28:00,602.14,603.06,602.0401,602.455,13432
2026-03-23 12:29:00,602.37,602.41,600.8001,601.0651,25956
2026-03-23 12:30:00,601.06,601.51,600.91,601.27,12852
2026-03-23 12:31:00,601.2954,601.72,601.13,601.6499,39742
2026-03-23 12:32:00,601.57,602.5699,601.501,602.14,17413
2026-03-23 12:33:00,602.27,602.33,601.66,601.66,6828
2026-03-23 12:34:00,601.71,602.42,601.71,602.37,4563
2026-03-23 12:35:00,602.49,602.97,602.33,602.675,13161
2026-03-23 12:36:00,602.6,602.81,602.56,602.81,3552
2026-03-23 12:37:00,602.83,603.2,602.73,602.79,17880
2026-03-23 12:38:00,602.92,602.92,602.48,602.515,4654
2026-03-23 12:39:00,602.51,602.52,602.01,602.115,12641
2026-03-23 12:40:00,602.24,602.8799,602.24,602.59,8164
2026-03-23 12:41:00,602.67,602.79,602.5,602.68,5291
2026-03-23 12:42:00,602.57,602.74,602.31,602.7,10005
2026-03-23 12:43:00,602.61,602.69,602.35,602.58,4838
2026-03-23 12:44:00,602.7,602.98,602.21,602.64,20817
2026-03-23 12:45:00,602.63,603.355,602.49,603.325,10939
2026-03-23 12:46:00,603.24,603.24,602.5,602.79,5603
2026-03-23 12:47:00,602.72,603.065,602.65,602.725,5053
2026-03-23 12:48:00,602.95,602.95,602.46,602.78,7341
2026-03-23 12:49:00,602.7,603,602.48,602.8802,7325
2026-03-23 12:50:00,603.08,603.5,602.99,603.16,9735
2026-03-23 12:51:00,603.05,603.145,602.47,602.515,6265
2026-03-23 12:52:00,602.57,603.08,602.34,602.635,8246
2026-03-23 12:53:00,602.65,603.09,602.6,602.965,2655
2026-03-23 12:54:00,602.855,603.06,602.69,602.825,4407
2026-03-23 12:55:00,602.95,603.13,602.79,602.94,4650
2026-03-23 12:56:00,602.97,603.09,602.8,602.99,5500
2026-03-23 12:57:00,603,603.21,602.56,602.925,9585
2026-03-23 12:58:00,602.99,603.07,602.24,602.7,17549
2026-03-23 12:59:00,602.66,602.66,602.32,602.53,4393
2026-03-23 13:00:00,602.74,603.1999,602.51,602.768,6261
2026-03-23 13:01:00,602.86,603.12,602.652,602.875,5121
2026-03-23 13:02:00,602.95,603.0506,602.1,602.212,5273
2026-03-23 13:03:00,602.335,602.43,602.1,602.135,6321
2026-03-23 13:04:00,602.15,602.205,601.66,601.7851,8033
2026-03-23 13:05:00,601.745,602.35,601.61,601.96,5913
2026-03-23 13:06:00,601.98,601.98,601.6618,601.805,1813
2026-03-23 13:07:00,601.96,602.46,601.74,602.26,4426
2026-03-23 13:08:00,602.32,602.53,601.9823,602.3692,5607
2026-03-23 13:09:00,602.5299,602.8399,602.33,602.61,6079
2026-03-23 13:10:00,602.59,602.65,602.3687,602.45,3142
2026-03-23 13:11:00,602.2333,602.47,602.2,602.38,2286
2026-03-23 13:12:00,602.31,602.425,602.08,602.08,2288
2026-03-23 13:13:00,602.2,602.38,602.1,602.22,6607
2026-03-23 13:14:00,602.14,602.24,601.32,601.48,5859
2026-03-23 13:15:00,601.42,601.72,601.28,601.52,10129
2026-03-23 13:16:00,601.44,601.49,600.26,600.975,13596
2026-03-23 13:17:00,600.9,601.36,600.765,601.36,6925
2026-03-23 13:18:00,601.358,601.5995,601.155,601.385,5623
2026-03-23 13:19:00,601.48,601.825,601.39,601.675,6657
2026-03-23 13:20:00,601.61,601.61,600.59,600.755,16455
2026-03-23 13:21:00,600.57,601.07,600.57,601.07,4741
2026-03-23 13:22:00,600.965,601.25,600.875,600.875,4713
2026-03-23 13:23:00,600.945,601.05,600.57,600.84,4650
2026-03-23 13:24:00,600.81,601.08,600.77,600.81,5352
2026-03-23 13:25:00,600.8999,601.81,600.8999,601.6,4795
2026-03-23 13:26:00,601.6,602.258,601.51,602.12,14271
2026-03-23 13:27:00,602.29,602.408,601.9475,602.065,6166
2026-03-23 13:28:00,602.13,602.268,601.8401,601.988,3178
2026-03-23 13:29:00,601.92,602.225,601.84,601.965,4594
2026-03-23 13:30:00,601.95,602.52,601.88,602.1304,11859
2026-03-23 13:31:00,602.1101,602.4226,602.1101,602.33,2166
2026-03-23 13:32:00,602.33,602.408,602.08,602.22,4268
2026-03-23 13:33:00,602.22,603.49,602.12,603.26,23978
2026-03-23 13:34:00,603.1,603.16,602.64,603.16,5255
2026-03-23 13:35:00,603.28,603.54,603.06,603.46,16222
2026-03-23 13:36:00,603.465,603.9948,603.23,603.9948,13780
2026-03-23 13:37:00,603.905,604.48,603.53,603.58,12208
2026-03-23 13:38:00,603.5187,603.78,603.12,603.1208,12229
2026-03-23 13:39:00,603.12,603.3,602.95,603.24,15049
2026-03-23 13:40:00,603.11,603.13,602.43,602.75,11694
2026-03-23 13:41:00,602.75,602.75,602.42,602.59,5248
2026-03-23 13:42:00,602.57,602.84,602.51,602.52,9472
2026-03-23 13:43:00,602.5475,602.5475,601.62,601.89,14914
2026-03-23 13:44:00,601.74,602.05,601.74,602.015,4264
2026-03-23 13:45:00,602.09,602.19,601.72,601.98,7176
2026-03-23 13:46:00,602.06,602.26,601.91,602.065,8176
2026-03-23 13:47:00,602.06,602.27,601.84,602.192,7896
2026-03-23 13:48:00,602.155,602.28,601.9314,602.12,5837
2026-03-23 13:49:00,602.18,602.18,601.99,602.12,5718
2026-03-23 13:50:00,602.05,602.38,601.88,602.38,15253
2026-03-23 13:51:00,602.295,602.57,602.26,602.48,4818
2026-03-23 13:52:00,602.39,602.56,602.28,602.48,6024
2026-03-23 13:53:00,602.4,602.83,602.37,602.59,5435
2026-03-23 13:54:00,602.57,602.9,602.55,602.89,4368
2026-03-23 13:55:00,602.85,603.06,602.66,603.04,5884
2026-03-23 13:56:00,603.04,603.06,602.74,602.93,6259
2026-03-23 13:57:00,602.89,603.08,602.81,603.035,5483
2026-03-23 13:58:00,603.01,603.46,603.01,603.404,21678
2026-03-23 13:59:00,603.34,603.43,603,603.08,6869
2026-03-23 14:00:00,603.08,603.2,602.925,603.045,9287
2026-03-23 14:01:00,603.0635,603.25,602.96,603.07,4062
2026-03-23 14:02:00,603.09,603.12,602.79,602.895,9628
2026-03-23 14:03:00,602.95,602.95,602.5,602.75,14748
2026-03-23 14:04:00,602.75,603.09,602.635,602.9701,6938
2026-03-23 14:05:00,603.01,603.19,602.93,603.115,10315
2026-03-23 14:06:00,603.125,603.4,603,603.255,7112
2026-03-23 14:07:00,603.16,603.34,601.88,602.24,23775
2026-03-23 14:08:00,602.3,602.9912,602.3,602.73,5399
2026-03-23 14:09:00,602.775,602.81,602.55,602.645,3828
2026-03-23 14:10:00,602.76,603.215,602.56,602.82,8151
2026-03-23 14:11:00,602.76,603.15,602.64,603.07,3148
2026-03-23 14:12:00,603.07,603.07,602.73,602.81,3293
2026-03-23 14:13:00,602.81,603.03,602.63,602.8499,10117
2026-03-23 14:14:00,602.75,602.88,602.5,602.545,6731
2026-03-23 14:15:00,602.58,602.8,602.46,602.7,4710
2026-03-23 14:16:00,602.7913,602.8,602.38,602.38,6064
2026-03-23 14:17:00,602.38,602.4751,602,602.395,15342
2026-03-23 14:18:00,602.395,602.78,602.39,602.68,4699
2026-03-23 14:19:00,602.78,602.89,602.59,602.6348,4997
2026-03-23 14:20:00,602.69,602.83,602.56,602.69,4358
2026-03-23 14:21:00,602.81,602.94,602.661,602.85,8687
2026-03-23 14:22:00,602.75,602.78,602.51,602.55,4720
2026-03-23 14:23:00,602.58,602.86,602.51,602.79,4996
2026-03-23 14:24:00,602.83,602.88,602.69,602.88,1827
2026-03-23 14:25:00,602.85,603.47,602.78,603.43,40958
2026-03-23 14:26:00,603.35,603.38,603.16,603.38,7000
2026-03-23 14:27:00,603.375,603.57,603.15,603.48,9636
2026-03-23 14:28:00,603.48,603.62,603.2294,603.23,16209
2026-03-23 14:29:00,603.115,603.23,602.8701,602.985,7035
2026-03-23 14:30:00,603,603.65,603,603.51,17024
2026-03-23 14:31:00,603.48,603.6,602.93,603.48,17978
2026-03-23 14:32:00,603.4,603.54,603.1,603.4251,10472
2026-03-23 14:33:00,603.46,604.42,603.37,604.2843,21263
2026-03-23 14:34:00,604.25,604.9199,604.16,604.89,23827
2026-03-23 14:35:00,604.91,605.31,604.91,605.235,18405
2026-03-23 14:36:00,605.29,605.8599,605.29,605.635,22781
2026-03-23 14:37:00,605.7099,606.04,605.68,605.85,15288
2026-03-23 14:38:00,605.83,606.09,605.5,605.63,20325
2026-03-23 14:39:00,605.63,605.63,604.82,605.205,15776
2026-03-23 14:40:00,605.3,605.3599,605.02,605.1551,14997
2026-03-23 14:41:00,605.09,605.35,604.89,605.29,37652
2026-03-23 14:42:00,605.31,605.478,605.18,605.42,8931
2026-03-23 14:43:00,605.445,605.88,605.38,605.76,11397
2026-03-23 14:44:00,605.75,605.905,605.59,605.725,10854
2026-03-23 14:45:00,605.725,605.95,605.53,605.65,11454
2026-03-23 14:46:00,605.71,606.06,605.65,606.03,9268
2026-03-23 14:47:00,606.02,606.34,605.98,606.27,10937
2026-03-23 14:48:00,606.34,606.54,606.28,606.28,10083
2026-03-23 14:49:00,606.375,606.68,606.27,606.59,14159
2026-03-23 14:50:00,606.54,607.16,606.515,606.88,17035
2026-03-23 14:51:00,607.0117,607.6,606.78,607.5431,25368
2026-03-23 14:52:00,607.55,607.62,606.88,606.88,26647
2026-03-23 14:53:00,606.85,607,606.56,606.87,7125
2026-03-23 14:54:00,606.85,606.85,606.5,606.745,6615
2026-03-23 14:55:00,606.75,607.07,606.75,606.915,16661
2026-03-23 14:56:00,606.98,607.16,606.895,607.005,6803
2026-03-23 14:57:00,606.95,607.2801,606.91,607.23,14600
2026-03-23 14:58:00,607.235,607.7007,607.13,607.66,12097
2026-03-23 14:59:00,607.7,607.7,607.4,607.465,13534
2026-03-23 15:00:00,607.45,607.52,607.17,607.3,11203
2026-03-23 15:01:00,607.3225,607.57,607.26,607.48,7845
2026-03-23 15:02:00,607.57,607.8698,607.48,607.52,16263
2026-03-23 15:03:00,607.5,607.59,606.785,607.04,22024
2026-03-23 15:04:00,607.115,607.64,606.99,607.3,17761
2026-03-23 15:05:00,607.375,607.58,607.23,607.525,8655
2026-03-23 15:06:00,607.6399,607.796,607.45,607.63,11404
2026-03-23 15:07:00,607.635,607.75,607.43,607.5625,12237
2026-03-23 15:08:00,607.54,607.57,607.11,607.265,29357
2026-03-23 15:09:00,607.255,607.4599,607.09,607.28,17855
2026-03-23 15:10:00,607.32,607.5,606.91,606.93,16467
2026-03-23 15:11:00,607,607.275,606.99,607.27,21015
2026-03-23 15:12:00,607.27,607.56,606.73,606.795,17810
2026-03-23 15:13:00,606.77,606.85,606.56,606.71,18864
2026-03-23 15:14:00,606.76,607.01,606.68,606.75,7719
2026-03-23 15:15:00,606.66,606.95,606.58,606.66,16590
2026-03-23 15:16:00,606.66,606.66,606.02,606.15,17457
2026-03-23 15:17:00,606.13,606.57,606.13,606.45,8739
2026-03-23 15:18:00,606.39,606.6,606.33,606.42,9525
2026-03-23 15:19:00,606.4475,606.5999,606.28,606.535,10676
2026-03-23 15:20:00,606.55,606.7,606.34,606.43,10944
2026-03-23 15:21:00,606.5396,606.638,606.32,606.46,9552
2026-03-23 15:22:00,606.46,606.71,606.45,606.52,6020
2026-03-23 15:23:00,606.54,606.65,606.32,606.43,6336
2026-03-23 15:24:00,606.435,606.565,606.29,606.43,13971
2026-03-23 15:25:00,606.48,606.76,606.43,606.57,12899
2026-03-23 15:26:00,606.54,606.65,606.15,606.6181,11761
2026-03-23 15:27:00,606.55,606.81,606.55,606.62,7455
2026-03-23 15:28:00,606.67,607.2,606.585,607.13,11844
2026-03-23 15:29:00,607.07,607.07,606.69,606.7851,12165
2026-03-23 15:30:00,606.795,607.01,606.475,606.475,14155
2026-03-23 15:31:00,606.49,606.58,605.9,605.97,15072
2026-03-23 15:32:00,605.98,606.2791,605.9618,606.09,11611
2026-03-23 15:33:00,606.12,606.35,606,606.29,9263
2026-03-23 15:34:00,606.36,606.38,606.1,606.3,8489
2026-03-23 15:35:00,606.26,606.45,606.03,606.03,10152
2026-03-23 15:36:00,606.06,606.37,606,606.185,8724
2026-03-23 15:37:00,606.21,606.4,605.99,606.3,11048
2026-03-23 15:38:00,606.29,606.98,606.27,606.98,9498
2026-03-23 15:39:00,606.9508,606.9508,606.72,606.765,10079
2026-03-23 15:40:00,606.73,606.9,606.66,606.88,8636
2026-03-23 15:41:00,606.85,607.08,606.791,606.8,9094
2026-03-23 15:42:00,606.79,606.95,606.66,606.66,12973
2026-03-23 15:43:00,606.67,607.04,606.63,606.84,13128
2026-03-23 15:44:00,606.87,607.08,606.755,606.9101,12787
2026-03-23 15:45:00,607.045,607.1899,606.835,606.92,21075
2026-03-23 15:46:00,606.93,607.4363,606.92,607.4363,15345
2026-03-23 15:47:00,607.44,607.5,607.19,607.265,15756
2026-03-23 15:48:00,607.25,607.35,606.94,607.18,20945
2026-03-23 15:49:00,607.14,607.41,606.98,607.06,13579
2026-03-23 15:50:00,607.07,607.15,604.69,605.76,83090
2026-03-23 15:51:00,605.86,606.385,605.86,605.96,51733
2026-03-23 15:52:00,605.98,606.305,605.91,606.03,19517
2026-03-23 15:53:00,605.98,606.11,605.81,605.8202,29843
2026-03-23 15:54:00,605.86,605.95,604.9,605.3,33028
2026-03-23 15:55:00,605.255,605.31,603.83,604.31,96114
2026-03-23 15:56:00,604.3,604.3484,603.44,603.55,87258
2026-03-23 15:57:00,603.565,603.99,602.881,603.88,110264
2026-03-23 15:58:00,603.835,604.1,603.71,603.81,73899
2026-03-23 15:59:00,603.81,604.6,603.79,603.94,197012
2026-03-23 16:00:00,604.16,605.99,604.06,605.47,1640152
2026-03-23 16:01:00,605.47,605.51,604.23,605.36,9074
2026-03-23 16:02:00,605.08,605.4226,605.08,605.4226,420
2026-03-23 16:03:00,605.2,605.2,604.38,604.39,2064
2026-03-23 16:04:00,604.91,604.97,604.41,604.61,847
2026-03-23 16:05:00,604.5,604.95,604.06,604.6129,1051
2026-03-23 16:06:00,604.94,604.94,604.7961,604.7961,472
2026-03-23 16:07:00,604.88,605.05,604.82,605.05,277
2026-03-23 16:08:00,605.19,605.19,604.8,605,1222
2026-03-23 16:09:00,605,605.15,605,605.01,231
2026-03-23 16:10:00,605.15,605.15,605,605.15,390
2026-03-23 16:11:00,605.01,605.01,605.01,605.01,40
2026-03-23 16:12:00,605,605,604.51,604.51,370
2026-03-23 16:14:00,604.9,604.9,604.9,604.9,300
2026-03-23 16:15:00,604.85,604.85,604.85,604.85,91
2026-03-23 16:17:00,604.8494,604.8513,604.8494,604.85,208
2026-03-23 16:19:00,604.8507,604.86,604.85,604.85,337
2026-03-23 16:20:00,604.9,604.9,604.9,604.9,50
2026-03-23 16:21:00,604.92,605,604.92,605,392
2026-03-23 16:22:00,605.15,605.15,605.15,605.15,1991
2026-03-23 16:25:00,605.14,605.5,605.12,605.5,2701
2026-03-23 16:26:00,605.67,605.75,605.33,605.35,1753
2026-03-23 16:29:00,604.72,604.72,604.72,604.72,99
2026-03-23 16:31:00,604.9,604.9,604.9,604.9,49
2026-03-23 16:32:00,605.2,605.3,605.2,605.3,678
2026-03-23 16:33:00,605.2,605.35,604.84,604.87,1105
2026-03-23 16:35:00,604.99,605,604.99,605,110
2026-03-23 16:36:00,605.28,605.34,604.85,605.34,1097
2026-03-23 16:37:00,605.35,605.46,605.35,605.46,924
2026-03-23 16:38:00,605.03,605.6,605.03,605.6,996
2026-03-23 16:39:00,605,605.55,605,605.55,1017
2026-03-23 16:40:00,605.5098,605.5098,605.45,605.45,630
2026-03-23 16:42:00,605.2,605.31,604.92,604.92,1327
2026-03-23 16:47:00,604.91,604.91,604.91,604.91,80
2026-03-23 16:48:00,604.91,604.91,604.91,604.91,131
2026-03-23 16:49:00,604.91,604.91,604.91,604.91,94
2026-03-23 16:50:00,605.02,605.03,605.02,605.03,95
2026-03-23 16:52:00,604.94,604.94,604.94,604.94,97
2026-03-23 16:54:00,605,605,605,605,480
2026-03-23 16:55:00,604.94,604.94,604.94,604.94,57
2026-03-23 16:56:00,604.94,604.94,604.94,604.94,147
2026-03-23 16:57:00,605.2486,605.2486,605.2486,605.2486,50
2026-03-23 16:58:00,605.2273,605.2273,604.92,604.92,1031
2026-03-23 17:00:00,604.45,604.45,604.45,604.45,50
2026-03-23 17:02:00,604.591,604.591,604.591,604.591,50
2026-03-23 17:04:00,605.29,605.29,605.29,605.29,300
2026-03-23 17:05:00,605.24,605.24,604.85,604.85,296
2026-03-23 17:07:00,605.0406,605.0406,605,605,105
2026-03-23 17:08:00,605,605,605,605,50
2026-03-23 17:09:00,604.51,604.51,604.51,604.51,100
2026-03-23 17:11:00,604.69,604.69,604.5605,604.5605,219
2026-03-23 17:12:00,604.8,604.8,604.8,604.8,46
2026-03-23 17:15:00,604.81,604.81,604.81,604.81,47
2026-03-23 17:16:00,604.71,604.71,604.71,604.71,43
2026-03-23 17:18:00,604.55,604.55,604.52,604.52,337
2026-03-23 17:22:00,604.5,604.5,604.5,604.5,50
2026-03-23 17:24:00,604.58,604.58,604.5,604.5,219
2026-03-23 17:25:00,604.5,604.5,604.5,604.5,96
2026-03-23 17:27:00,604.2,604.2,604.1562,604.1562,360
2026-03-23 17:28:00,604.06,604.06,603.99,603.99,578
2026-03-23 17:29:00,603.95,603.95,603.66,603.66,123
2026-03-23 17:30:00,603.65,603.65,603.65,603.65,50
2026-03-23 17:32:00,603.73,603.73,603.73,603.73,84
2026-03-23 17:33:00,603.72,603.72,603.72,603.72,50
2026-03-23 17:34:00,603.99,604.06,603.72,604,2521
2026-03-23 17:41:00,604.1,604.1,604.1,604.1,76
2026-03-23 17:42:00,604.12,604.12,604.12,604.12,160
2026-03-23 17:43:00,604.12,604.12,604.12,604.12,180
2026-03-23 17:44:00,604.12,604.12,604.12,604.12,260
2026-03-23 17:45:00,604.12,604.14,604.12,604.1201,700
2026-03-23 17:46:00,604.12,604.12,604.12,604.12,70
2026-03-23 17:47:00,604.13,604.13,604.13,604.13,96
2026-03-23 17:49:00,604.13,604.18,604.12,604.12,483
2026-03-23 17:50:00,603.8342,603.8342,603.8342,603.8342,81
2026-03-23 17:52:00,604,604,604,604,1881
2026-03-23 17:53:00,604,604,604,604,115
2026-03-23 17:54:00,604.1894,604.1894,604.1894,604.1894,40
2026-03-23 17:57:00,604.19,604.19,604.19,604.19,700
2026-03-23 17:59:00,604.01,604.01,604.01,604.01,60
2026-03-23 18:03:00,603.7,603.7,603.6,603.6,1949
2026-03-23 18:04:00,604.7745,604.7745,604.7745,604.7745,50
2026-03-23 18:08:00,604.02,604.02,604.02,604.02,350
2026-03-23 18:09:00,604.05,604.05,604.05,604.05,217
2026-03-23 18:11:00,604.09,604.09,604.09,604.09,90
2026-03-23 18:13:00,604.1692,604.6,604.1692,604.57,220
2026-03-23 18:14:00,604.5,604.5,604.36,604.37,1139
2026-03-23 18:15:00,604.45,604.45,604.4,604.4,582
2026-03-23 18:16:00,603.95,603.95,603.95,603.95,80
2026-03-23 18:17:00,603.94,603.94,603.94,603.94,50
2026-03-23 18:19:00,603.92,603.95,603.92,603.95,369
2026-03-23 18:23:00,603.9,603.9,603.89,603.9,2238
2026-03-23 18:25:00,604.2,604.2,604.03,604.03,118
2026-03-23 18:28:00,604.187,604.2,604.187,604.2,163
2026-03-23 18:31:00,604.2,604.2,604.2,604.2,50
2026-03-23 18:33:00,604,604,604,604,145
2026-03-23 18:35:00,604.17,604.17,604.17,604.17,42
2026-03-23 18:36:00,604.5,604.89,604.5,604.89,124
2026-03-23 18:38:00,603.65,604.99,603.65,604.99,200
2026-03-23 18:40:00,604.78,604.9129,604.4185,604.4185,379
2026-03-23 18:41:00,604.4171,604.84,604.35,604.4707,691
2026-03-23 18:42:00,604.8022,604.8022,604.7635,604.7635,100
2026-03-23 18:43:00,604.4171,604.4171,604.4171,604.4171,50
2026-03-23 18:44:00,604.393,604.9042,604.393,604.9042,265
2026-03-23 18:45:00,604.76,604.76,604.76,604.76,44
2026-03-23 18:46:00,604.99,604.99,604.99,604.99,100
2026-03-23 18:47:00,604.72,604.72,604.72,604.72,174
2026-03-23 18:50:00,605,605,605,605,84
2026-03-23 18:53:00,605.4785,605.4785,605.4785,605.4785,100
2026-03-23 18:54:00,605.6,605.9088,605.6,605.9088,345
2026-03-23 18:55:00,605.961,606,605.961,606,200
2026-03-23 18:56:00,605.8112,606,605.8112,605.9187,500
2026-03-23 18:58:00,606,606,606,606,869
2026-03-23 18:59:00,605.9,605.9,605.9,605.9,100
2026-03-23 19:04:00,605.5,605.5,605.5,605.5,44
2026-03-23 19:10:00,605.7,605.7,605.7,605.7,50
2026-03-23 19:11:00,605.46,605.46,605.46,605.46,100
2026-03-23 19:14:00,605.9,605.9,605.9,605.9,300
2026-03-23 19:15:00,605.9,605.9,605.291,605.291,342
2026-03-23 19:17:00,605.79,605.79,605.79,605.79,52
2026-03-23 19:19:00,605.8202,605.8202,605.8202,605.8202,300
2026-03-23 19:20:00,605.82,605.82,605.82,605.82,44
2026-03-23 19:21:00,605.9,605.9,605.9,605.9,54
2026-03-23 19:26:00,605.937,605.937,605.937,605.937,100
2026-03-23 19:28:00,606,606,606,606,1000
2026-03-23 19:29:00,605.8,606,605.8,606,1131
2026-03-23 19:30:00,605.8,605.8,605.8,605.8,341
2026-03-23 19:31:00,605.99,605.99,605.99,605.99,90
2026-03-23 19:32:00,605.4,605.4,605.4,605.4,75
2026-03-23 19:34:00,605.99,605.99,605.99,605.99,50
2026-03-23 19:35:00,605.6,605.6,605.6,605.6,155
2026-03-23 19:36:00,605.41,605.41,605.41,605.41,50
2026-03-23 19:39:00,605.95,605.95,605.95,605.95,75
2026-03-23 19:41:00,605.88,605.89,605.88,605.89,441
2026-03-23 19:44:00,605.61,605.85,605.61,605.829,160
2026-03-23 19:45:00,605.67,605.67,605.43,605.43,149
2026-03-23 19:47:00,605.46,605.46,605.4,605.4,184
2026-03-23 19:49:00,605.36,605.36,605.23,605.23,308
2026-03-23 19:51:00,605.47,605.47,605.47,605.47,80
2026-03-23 19:54:00,605.3,605.3,605.3,605.3,69
2026-03-23 19:55:00,605.13,605.13,605.03,605.03,1414
2026-03-23 19:59:00,605.15,605.399,605.15,605.399,176
2026-03-24 04:00:00,606.29,606.56,606.29,606.56,974
2026-03-24 04:01:00,606.81,606.9,606.81,606.9,80
2026-03-24 04:02:00,606.52,606.52,606.52,606.52,50
2026-03-24 04:03:00,606.27,606.27,606.26,606.26,90
2026-03-24 04:05:00,606.58,606.97,606.58,606.97,120
2026-03-24 04:06:00,606.85,606.85,606.85,606.85,300
2026-03-24 04:07:00,606.97,606.97,606.97,606.97,40
2026-03-24 04:08:00,606.6,606.6,606.6,606.6,1890
2026-03-24 04:09:00,606.18,606.18,606.18,606.18,320
2026-03-24 04:10:00,606.18,606.18,606.18,606.18,100
2026-03-24 04:17:00,606.78,606.78,606.78,606.78,77
2026-03-24 04:18:00,606.44,606.44,605.85,605.85,439
2026-03-24 04:19:00,605.62,605.62,605.62,605.62,97
2026-03-24 04:23:00,604.89,604.89,604.89,604.89,52
2026-03-24 04:24:00,605.1,605.1,604.72,604.72,100
2026-03-24 04:25:00,604.88,604.88,604.66,604.66,500
2026-03-24 04:28:00,604.74,605.03,604.74,605.03,350
2026-03-24 04:30:00,604.8,604.8,604.8,604.8,491
2026-03-24 04:32:00,604.89,604.89,604.83,604.83,310
2026-03-24 04:33:00,604.84,605.72,604.83,605.72,529
2026-03-24 04:34:00,605.66,605.72,605.66,605.72,418
2026-03-24 04:37:00,605.49,605.5,605.49,605.5,144
2026-03-24 04:38:00,605.53,605.53,605.5,605.5,291
2026-03-24 04:42:00,604.83,604.83,604.8,604.8,322
2026-03-24 04:44:00,605.16,605.49,605,605,460
2026-03-24 04:47:00,605.5,605.5,605.5,605.5,297
2026-03-24 04:50:00,605.48,605.6,605.44,605.6,644
2026-03-24 04:51:00,604.78,604.78,604.5,604.5,420
2026-03-24 04:56:00,604.05,604.05,603.99,603.99,614
2026-03-24 05:09:00,603.5,603.5,603.5,603.5,64
2026-03-24 05:11:00,604.03,604.03,604.03,604.03,57
2026-03-24 05:12:00,603.35,603.35,603.35,603.35,55
2026-03-24 05:14:00,603,603,603,603,67
2026-03-24 05:17:00,603,603,603,603,50
2026-03-24 05:22:00,602.99,602.99,602.99,602.99,50
2026-03-24 05:32:00,603.24,603.24,602.5,602.5,643
2026-03-24 05:34:00,603.4,603.47,603.4,603.47,143
2026-03-24 05:35:00,603.5,603.53,603.48,603.48,309
2026-03-24 05:40:00,603.95,603.95,603.95,603.95,200
2026-03-24 05:41:00,603.94,603.95,603.94,603.95,209
2026-03-24 05:42:00,603.95,604.3,603.95,604.3,509
2026-03-24 05:44:00,604.42,604.45,604.42,604.42,191
2026-03-24 05:47:00,603.56,603.56,603.56,603.56,584
2026-03-24 05:58:00,604.8,605.04,604.72,605.01,349
2026-03-24 06:01:00,604.71,604.71,604.71,604.71,50
2026-03-24 06:02:00,604.24,604.24,604.24,604.24,118
2026-03-24 06:15:00,604.5,604.5,604.5,604.5,143
2026-03-24 06:28:00,604.1,604.1,604.1,604.1,2000
2026-03-24 06:29:00,604.01,604.01,604.01,604.01,80
2026-03-24 06:30:00,604.01,604.01,604,604,150
2026-03-24 06:35:00,603.07,604.06,602.51,604.03,907
2026-03-24 06:37:00,604.06,605.4,604.06,604.17,643
2026-03-24 06:38:00,604.17,604.17,604.17,604.17,122
2026-03-24 06:45:00,604.9,604.9,604.9,604.9,40
2026-03-24 06:48:00,604.54,604.54,603,603.78,1645
2026-03-24 06:56:00,604.4,604.41,604.4,604.41,150
2026-03-24 07:00:00,604.48,604.57,604.19,604.57,308
2026-03-24 07:01:00,604,604.01,604,604.01,250
2026-03-24 07:02:00,603.59,603.59,603.59,603.59,63
2026-03-24 07:11:00,604.75,604.75,604.75,604.75,60
2026-03-24 07:16:00,604,604.01,604,604,796
2026-03-24 07:20:00,604,604,604,604,96
2026-03-24 07:24:00,604.19,604.19,604.19,604.19,87
2026-03-24 07:25:00,603.79,603.79,603.79,603.79,512
2026-03-24 07:26:00,603.46,603.46,603.46,603.46,70
2026-03-24 07:30:00,603.7,603.7,603.7,603.7,109
2026-03-24 07:32:00,603.75,603.75,603.75,603.75,50
2026-03-24 07:44:00,603.48,603.49,603.48,603.49,103
2026-03-24 07:45:00,603.49,603.49,603.49,603.49,100
2026-03-24 07:47:00,604,604.06,603.99,604.05,897
2026-03-24 07:52:00,603,603,602.29,602.29,408
2026-03-24 07:53:00,602.29,602.29,601.15,601.15,507
2026-03-24 07:54:00,602,602,602,602,164
2026-03-24 07:55:00,602,602,602,602,244
2026-03-24 07:59:00,603.2,603.2,603.2,603.2,46
2026-03-24 08:00:00,604.7,607,602.29,603.7252,6931
2026-03-24 08:01:00,605.73,607.37,600,603.93,3553
2026-03-24 08:03:00,603.75,603.75,603.75,603.75,41
2026-03-24 08:05:00,603.53,607.29,603.53,607.29,179
2026-03-24 08:06:00,600.17,600.17,600.17,600.17,61
2026-03-24 08:08:00,602.58,602.58,602.5,602.5,219
2026-03-24 08:09:00,602.69,602.69,602.62,602.62,92
2026-03-24 08:10:00,603,603,603,603,49
2026-03-24 08:11:00,602.0518,602.0518,602.0518,602.0518,70
2026-03-24 08:12:00,602.01,602.208,602.01,602.208,300
2026-03-24 08:15:00,602.9164,602.9164,602.9164,602.9164,65
2026-03-24 08:16:00,603,603,603,603,75
2026-03-24 08:17:00,602.33,602.33,602.33,602.33,40
2026-03-24 08:18:00,603.2502,603.2502,603.2502,603.2502,50
2026-03-24 08:24:00,602.74,602.75,602.74,602.74,200
2026-03-24 08:25:00,603,603,603,603,95
2026-03-24 08:27:00,603.2381,603.2381,603.2381,603.2381,150
2026-03-24 08:29:00,603.25,603.25,603.25,603.25,100
2026-03-24 08:30:00,602.3748,602.3748,602.3748,602.3748,40
2026-03-24 08:32:00,602.33,602.33,602.3,602.3,327
2026-03-24 08:33:00,602,602,602,602,425
2026-03-24 08:34:00,601.58,601.89,601.58,601.89,130
2026-03-24 08:35:00,601.4098,601.9,601.4098,601.9,93
2026-03-24 08:36:00,601.43,601.43,601.43,601.43,50
2026-03-24 08:37:00,601.27,601.27,601.27,601.27,179
2026-03-24 08:38:00,601,601,600.8,600.8,1206
2026-03-24 08:39:00,600.67,600.67,600.66,600.66,148
2026-03-24 08:40:00,600.51,600.8,600.51,600.8,773
2026-03-24 08:43:00,600.99,601.0001,600.99,601,1457
2026-03-24 08:44:00,600.75,600.75,600.75,600.75,1000
2026-03-24 08:46:00,601,601.15,601,601,677
2026-03-24 08:47:00,600.75,600.75,600.75,600.75,233
2026-03-24 08:48:00,600.5,600.9179,600.36,600.36,502
2026-03-24 08:49:00,600.93,600.93,600.93,600.93,50
2026-03-24 08:50:00,600.62,600.62,600.62,600.62,44
2026-03-24 08:51:00,600.94,600.94,600.8,600.8,100
2026-03-24 08:52:00,600.6621,601.3,600.6621,601.3,1420
2026-03-24 08:55:00,601.15,601.15,601,601,207
2026-03-24 08:56:00,601.4623,601.4623,600.85,600.85,395
2026-03-24 08:57:00,601.1398,601.1398,600.51,600.51,200
2026-03-24 09:01:00,600.3631,600.3631,600.0421,600.0421,1670
2026-03-24 09:02:00,600.42,600.45,600.415,600.45,432
2026-03-24 09:03:00,601,601,601,601,50
2026-03-24 09:06:00,600.6306,600.6306,600.6306,600.6306,40
2026-03-24 09:07:00,600.04,600.98,599.88,600.98,1511
2026-03-24 09:08:00,599.4384,599.4384,599.4384,599.4384,75
2026-03-24 09:09:00,599,599.94,598.6,599.94,381
2026-03-24 09:10:00,599,599.25,599,599.25,1111
2026-03-24 09:11:00,599.99,600.11,599.99,600.11,692
2026-03-24 09:12:00,600.2482,600.2482,600.2482,600.2482,50
2026-03-24 09:13:00,600.5,600.5,600.5,600.5,90
2026-03-24 09:14:00,600.6297,600.6297,600.6297,600.6297,71
2026-03-24 09:15:00,600.99,601,600.82,600.82,356
2026-03-24 09:17:00,600.59,600.59,600.59,600.59,100
2026-03-24 09:18:00,600.69,600.7,600.64,600.68,418
2026-03-24 09:20:00,600.5,600.5,600.5,600.5,968
2026-03-24 09:21:00,600.5,600.5,600.5,600.5,50
2026-03-24 09:22:00,600.5,600.5,600.5,600.5,44
2026-03-24 09:23:00,600.5,601,600.5,601,3542
2026-03-24 09:24:00,600.71,600.71,600.7,600.7,216
2026-03-24 09:25:00,600.5,600.5,600.5,600.5,141
2026-03-24 09:26:00,600.5,601.44,600.44,600.44,977
2026-03-24 09:27:00,600.19,600.19,598.93,599.03,1310
2026-03-24 09:28:00,598.45,598.77,598.03,598.57,2130
2026-03-24 09:29:00,598.33,599.47,598.3,599.47,1373
2026-03-24 09:30:00,599.46,601,597.33,598.489,153842
2026-03-24 09:31:00,598.51,600.0702,598.5,600.07,34013
2026-03-24 09:32:00,599.86,599.92,598,598.35,37213
2026-03-24 09:33:00,598.19,598.95,597.91,598.575,20868
2026-03-24 09:34:00,598.575,599.52,598.465,599.23,34906
2026-03-24 09:35:00,599.34,599.729,598.25,598.99,27881
2026-03-24 09:36:00,598.84,599.02,597.2104,598.15,37667
2026-03-24 09:37:00,598.03,598.775,597.4753,597.75,17274
2026-03-24 09:38:00,597.8299,598.78,597.76,598.25,9820
2026-03-24 09:39:00,598.445,598.445,596.68,597,30614
2026-03-24 09:40:00,597.21,597.73,596.54,596.96,36963
2026-03-24 09:41:00,596.96,597.15,595.92,596.18,29796
2026-03-24 09:42:00,596.18,597.49,596.165,597.33,41948
2026-03-24 09:43:00,597.13,597.24,596.01,596.475,18309
2026-03-24 09:44:00,596.47,596.68,596.18,596.63,14909
2026-03-24 09:45:00,596.64,597.2,595.74,596.75,31814
2026-03-24 09:46:00,596.76,598.1239,596.75,597.865,19867
2026-03-24 09:47:00,597.85,597.855,596.31,596.59,27492
2026-03-24 09:48:00,596.515,597.2514,595.41,595.78,16525
2026-03-24 09:49:00,595.6335,595.8,594.88,595.47,44319
2026-03-24 09:50:00,595.445,596.13,595.33,595.8,16963
2026-03-24 09:51:00,595.7822,596.1111,595.38,595.69,9250
2026-03-24 09:52:00,595.6,596.99,595.38,596.9234,17204
2026-03-24 09:53:00,596.98,597.1399,596.51,596.9267,25115
2026-03-24 09:54:00,596.92,596.92,596.0013,596.3109,13418
2026-03-24 09:55:00,596.25,596.34,595.26,595.44,23697
2026-03-24 09:56:00,595.61,595.85,594.91,594.93,18651
2026-03-24 09:57:00,595.005,596.11,594.8103,596.03,31513
2026-03-24 09:58:00,596.025,596.025,594.64,595.68,40268
2026-03-24 09:59:00,595.74,595.82,595.26,595.28,11823
2026-03-24 10:00:00,595.285,596.24,594.83,595.95,33797
2026-03-24 10:01:00,595.92,596.08,594.72,595.0481,25397
2026-03-24 10:02:00,595,595.4328,594.33,595.325,22255
2026-03-24 10:03:00,595.315,595.38,594.22,594.39,30471
2026-03-24 10:04:00,594.55,595.015,594.46,594.88,11501
2026-03-24 10:05:00,594.885,595.06,593.645,593.86,34428
2026-03-24 10:06:00,593.75,594.89,593.5,594.89,42781
2026-03-24 10:07:00,594.915,595.99,594.72,595.515,24872
2026-03-24 10:08:00,595.6,595.6,594.78,595.125,16038
2026-03-24 10:09:00,595.02,595.37,594.645,595.1028,6056
2026-03-24 10:10:00,595.3698,595.4922,594.4,594.4,8620
2026-03-24 10:11:00,594.415,594.47,593.9608,594.3,16315
2026-03-24 10:12:00,594.24,594.3,593.37,593.485,11264
2026-03-24 10:13:00,593.48,593.5899,592.1101,592.7,50841
2026-03-24 10:14:00,592.65,593.3599,592.485,593.26,15471
2026-03-24 10:15:00,593.285,593.36,592.74,592.74,16059
2026-03-24 10:16:00,592.845,592.88,592.04,592.17,15754
2026-03-24 10:17:00,592.15,592.625,592.075,592.55,14089
2026-03-24 10:18:00,592.51,593.16,592.17,592.6204,15537
2026-03-24 10:19:00,592.72,593.27,592.6,593.125,14337
2026-03-24 10:20:00,593.125,593.18,592.815,593,20351
2026-03-24 10:21:00,592.86,593.99,592.84,593.99,23132
2026-03-24 10:22:00,593.79,594.08,592.95,593.12,50143
2026-03-24 10:23:00,593.05,593.53,593.05,593.18,9608
2026-03-24 10:24:00,593.19,593.43,593.1,593.21,9988
2026-03-24 10:25:00,593.18,593.25,592.85,592.9356,17428
2026-03-24 10:26:00,592.97,593.8399,592.91,593.4776,12885
2026-03-24 10:27:00,593.3886,594.32,593.29,594.2521,12462
2026-03-24 10:28:00,594.17,594.6899,593.89,594.23,23472
2026-03-24 10:29:00,594.31,594.33,593.6,593.76,11402
2026-03-24 10:30:00,593.76,594.3299,593.63,594.04,13708
2026-03-24 10:31:00,594.05,594.2669,593.5823,593.84,15982
2026-03-24 10:32:00,593.835,594.17,593.5,593.98,17415
2026-03-24 10:33:00,593.98,594.5,593.97,594.415,9848
2026-03-24 10:34:00,594.415,594.5,594.08,594.39,16470
2026-03-24 10:35:00,594.29,594.52,594.19,594.31,10723
2026-03-24 10:36:00,594.39,594.39,593.59,593.725,12738
2026-03-24 10:37:00,593.7176,593.83,593.34,593.55,29035
2026-03-24 10:38:00,593.52,593.77,593.5,593.66,10524
2026-03-24 10:39:00,593.8,594.4499,593.5,594.28,13071
2026-03-24 10:40:00,594.27,595.05,594.245,594.955,15727
2026-03-24 10:41:00,594.955,595.64,594.78,595.335,23268
2026-03-24 10:42:00,595.285,595.6,595.15,595.57,17670
2026-03-24 10:43:00,595.51,595.73,595.03,595.07,19811
2026-03-24 10:44:00,595.22,595.93,595,595.81,22635
2026-03-24 10:45:00,595.805,595.91,595,595,15129
2026-03-24 10:46:00,595.1,596.9199,595.1,596.91,21542
2026-03-24 10:47:00,596.85,596.9799,596.17,596.57,10084
2026-03-24 10:48:00,596.71,596.74,596,596.1,9760
2026-03-24 10:49:00,596.1175,596.19,595.1,595.104,14819
2026-03-24 10:50:00,595.09,595.14,594.09,594.195,16522
2026-03-24 10:51:00,594.32,596.88,594.28,596.63,23473
2026-03-24 10:52:00,596.54,598.1,596.54,596.92,68717
2026-03-24 10:53:00,596.8847,597,596.11,596.68,20191
2026-03-24 10:54:00,596.7315,597.27,596.16,596.46,25727
2026-03-24 10:55:00,596.51,597,596.18,596.98,19004
2026-03-24 10:56:00,596.855,597.68,596.44,597.43,21377
2026-03-24 10:57:00,597.25,597.3,596.75,597.14,11191
2026-03-24 10:58:00,597.08,597.08,595.57,596.26,22701
2026-03-24 10:59:00,596.235,596.235,593.5,595.015,40394
2026-03-24 11:00:00,595.155,596.8,594.97,596.44,12923
2026-03-24 11:01:00,596.44,597.185,596.3,597.185,10590
2026-03-24 11:02:00,597.1,597.24,596.545,597,13817
2026-03-24 11:03:00,596.88,597,596.42,596.965,7390
2026-03-24 11:04:00,597.03,597.03,596.2137,596.39,5260
2026-03-24 11:05:00,596.32,596.58,596,596.31,8689
2026-03-24 11:06:00,596.4192,596.65,595.94,596.15,8162
2026-03-24 11:07:00,596.145,596.51,595.95,596.29,9771
2026-03-24 11:08:00,596.16,596.47,595.84,596.11,8693
2026-03-24 11:09:00,596.19,596.56,596.15,596.37,9376
2026-03-24 11:10:00,596.36,596.45,595.84,596.4,14679
2026-03-24 11:11:00,596.395,596.77,596,596.0001,13037
2026-03-24 11:12:00,596.15,596.39,595.79,595.965,8805
2026-03-24 11:13:00,595.96,596.2,595.66,595.745,8533
2026-03-24 11:14:00,595.69,596.41,595.61,596.295,27301
2026-03-24 11:15:00,596.22,596.7,596.21,596.7,9226
2026-03-24 11:16:00,596.49,597.1,596.49,596.98,16169
2026-03-24 11:17:00,596.8,596.959,596.01,596.135,10444
2026-03-24 11:18:00,596.03,596.73,596.03,596.445,11573
2026-03-24 11:19:00,596.4226,596.44,595.76,595.985,14999
2026-03-24 11:20:00,595.995,596.015,595.32,595.565,10081
2026-03-24 11:21:00,595.565,596.29,595.23,595.9,13206
2026-03-24 11:22:00,595.835,596.24,595.71,596.145,7907
2026-03-24 11:23:00,596.23,596.23,595.41,595.705,4848
2026-03-24 11:24:00,595.74,596.22,595.6801,596.15,8910
2026-03-24 11:25:00,596.1,596.4,595.915,596.375,10751
2026-03-24 11:26:00,596.25,596.29,596.09,596.1724,5189
2026-03-24 11:27:00,596.23,596.23,595.21,595.34,15445
2026-03-24 11:28:00,595.415,595.85,595.31,595.515,6151
2026-03-24 11:29:00,595.411,595.47,595.14,595.43,7632
2026-03-24 11:30:00,595.43,595.585,595,595.02,8755
2026-03-24 11:31:00,595.01,595.69,595.01,595.195,13828
2026-03-24 11:32:00,595.3,595.3,594.7,594.77,12245
2026-03-24 11:33:00,594.695,594.91,594.54,594.825,7321
2026-03-24 11:34:00,594.8275,595.54,594.78,595.46,22922
2026-03-24 11:35:00,595.39,595.89,595.29,595.64,8452
2026-03-24 11:36:00,595.685,596.275,595.6137,596.1,16291
2026-03-24 11:37:00,596.2203,596.5582,596.01,596.5582,7562
2026-03-24 11:38:00,596.45,596.8099,596.3336,596.75,6682
2026-03-24 11:39:00,596.81,597.25,596.7,596.775,8691
2026-03-24 11:40:00,596.6401,596.98,596.6401,596.72,8101
2026-03-24 11:41:00,596.66,596.78,596.39,596.7,15385
2026-03-24 11:42:00,596.55,596.585,596.28,596.365,1757
2026-03-24 11:43:00,596.21,596.63,596.21,596.55,2940
2026-03-24 11:44:00,596.545,596.68,596.03,596.14,4067
2026-03-24 11:45:00,596.2632,596.2799,595.8802,596.095,5620
2026-03-24 11:46:00,595.9901,596.2,595.92,596.2,4682
2026-03-24 11:47:00,596.22,596.29,595.8509,596.04,7116
2026-03-24 11:48:00,595.915,596.5,595.915,596.5,8947
2026-03-24 11:49:00,596.395,596.63,596.3595,596.4,5115
2026-03-24 11:50:00,596.51,596.83,596.27,596.605,4923
2026-03-24 11:51:00,596.605,596.85,596.48,596.805,5249
2026-03-24 11:52:00,596.71,596.84,596.5211,596.84,6077
2026-03-24 11:53:00,596.68,596.68,595.9,596.045,7985
2026-03-24 11:54:00,596.07,596.07,595.61,595.61,3193
2026-03-24 11:55:00,595.77,595.9199,595.2,595.2,9969
2026-03-24 11:56:00,595.3,595.52,594.29,594.59,18503
2026-03-24 11:57:00,594.515,594.93,593.75,594.08,12527
2026-03-24 11:58:00,594.19,594.59,594.06,594.25,8633
2026-03-24 11:59:00,594.205,594.47,594.02,594.02,5649
2026-03-24 12:00:00,594.01,594.67,593.96,594.53,14471
2026-03-24 12:01:00,594.47,594.51,594.21,594.21,5625
2026-03-24 12:02:00,594.29,594.46,594.1,594.21,6964
2026-03-24 12:03:00,594.315,594.6,594.2,594.27,5854
2026-03-24 12:04:00,594.2412,594.73,593.91,593.9599,10318
2026-03-24 12:05:00,594.06,594.06,593.65,593.79,9751
2026-03-24 12:06:00,593.7,593.91,593.58,593.69,11325
2026-03-24 12:07:00,593.78,594.09,593.69,593.91,11879
2026-03-24 12:08:00,593.92,593.92,593.5501,593.74,9170
2026-03-24 12:09:00,593.75,594.05,593.71,594.05,4608
2026-03-24 12:10:00,593.96,594.25,593.92,594.155,5289
2026-03-24 12:11:00,594.3,594.47,594.08,594.28,16540
2026-03-24 12:12:00,594.29,594.73,594.08,594.57,9232
2026-03-24 12:13:00,594.55,594.55,594.26,594.45,3692
2026-03-24 12:14:00,594.61,594.9,594.48,594.775,8710
2026-03-24 12:15:00,594.775,595.35,594.71,595.23,15825
2026-03-24 12:16:00,595.3599,596.1899,595.23,596.12,14869
2026-03-24 12:17:00,596.09,596.6,595.9401,596.4401,9289
2026-03-24 12:18:00,596.5,596.8,596.3,596.55,12343
2026-03-24 12:19:00,596.5575,596.9,596.4701,596.58,5351
2026-03-24 12:20:00,596.67,596.735,596.47,596.735,6526
2026-03-24 12:21:00,596.64,597.245,596.4701,597.15,19831
2026-03-24 12:22:00,597.19,597.65,597.08,597.545,18177
2026-03-24 12:23:00,597.54,597.72,597.3001,597.4901,20737
2026-03-24 12:24:00,597.65,597.65,597.12,597.445,15724
2026-03-24 12:25:00,597.345,597.345,596.455,596.455,18197
2026-03-24 12:26:00,596.5,596.83,596.4786,596.61,10930
2026-03-24 12:27:00,596.65,596.7499,596.27,596.68,8690
2026-03-24 12:28:00,596.59,597.08,596.41,596.945,10524
2026-03-24 12:29:00,596.875,596.875,596.5,596.62,8679
2026-03-24 12:30:00,596.59,596.7682,596.38,596.3921,5566
2026-03-24 12:31:00,596.4442,596.87,596.4,596.79,3975
2026-03-24 12:32:00,596.87,596.87,596.49,596.805,7060
2026-03-24 12:33:00,596.79,596.868,596.29,596.29,11783
2026-03-24 12:34:00,596.28,596.4099,596,596,6958
2026-03-24 12:35:00,595.99,596.005,595.19,595.405,20933
2026-03-24 12:36:00,595.51,595.54,595.12,595.17,4107
2026-03-24 12:37:00,595.19,595.27,594.45,594.4936,6142
2026-03-24 12:38:00,594.4201,594.57,594.08,594.33,12299
2026-03-24 12:39:00,594.31,594.37,593.91,594.16,14950
2026-03-24 12:40:00,594.14,594.4,593.91,594.3,13567
2026-03-24 12:41:00,594.28,594.69,594.1921,594.69,5072
2026-03-24 12:42:00,594.74,594.94,594.45,594.805,8514
2026-03-24 12:43:00,594.94,595.58,594.8202,595.475,12188
2026-03-24 12:44:00,595.57,595.7099,595.1677,595.4301,8286
2026-03-24 12:45:00,595.61,596.25,595.61,596.075,8642
2026-03-24 12:46:00,596.075,596.34,595.9801,596.01,17911
2026-03-24 12:47:00,596.13,596.13,595.7395,595.98,4967
2026-03-24 12:48:00,595.9101,596.0099,595.39,595.39,6115
2026-03-24 12:49:00,595.33,595.5,595.13,595.4252,13580
2026-03-24 12:50:00,595.35,595.64,595.2301,595.455,4713
2026-03-24 12:51:00,595.5,595.7,595.47,595.62,3602
2026-03-24 12:52:00,595.625,595.76,595.51,595.76,4098
2026-03-24 12:53:00,595.705,595.75,595.365,595.7,4600
2026-03-24 12:54:00,595.7113,595.7113,595.25,595.28,4221
2026-03-24 12:55:00,595.28,595.4,594.76,594.88,13313
2026-03-24 12:56:00,594.83,595.49,594.83,595.38,5320
2026-03-24 12:57:00,595.48,595.61,595.04,595.06,5559
2026-03-24 12:58:00,595.0401,595.53,595.0401,595.46,14074
2026-03-24 12:59:00,595.49,595.49,595.21,595.355,4242
2026-03-24 13:00:00,595.47,595.79,595.41,595.69,1814
2026-03-24 13:01:00,595.63,595.76,595.59,595.68,1958
2026-03-24 13:02:00,595.61,595.65,594.97,595.14,16832
2026-03-24 13:03:00,595.22,595.23,594.26,594.42,15706
2026-03-24 13:04:00,594.43,594.5286,593.76,593.76,10415
2026-03-24 13:05:00,593.67,593.67,592.69,593.04,29075
2026-03-24 13:06:00,592.91,593.6798,592.91,593.48,11180
2026-03-24 13:07:00,593.465,593.67,592.851,592.97,16181
2026-03-24 13:08:00,592.995,593.27,592.7,592.8,21441
2026-03-24 13:09:00,592.83,592.99,592.27,592.35,76004
2026-03-24 13:10:00,592.35,592.52,591.91,592.085,26438
2026-03-24 13:11:00,592.25,592.55,592.0713,592.0713,8726
2026-03-24 13:12:00,592.085,592.33,591.72,591.825,23723
2026-03-24 13:13:00,591.865,592.5,591.7,592.4,30960
2026-03-24 13:14:00,592.515,592.515,592.1,592.3,8180
2026-03-24 13:15:00,592.25,592.6699,592.17,592.42,19659
2026-03-24 13:16:00,592.53,592.53,591.99,592.06,21896
2026-03-24 13:17:00,592.06,592.4961,592,592.04,7469
2026-03-24 13:18:00,592.05,592.26,591.6101,591.745,18294
2026-03-24 13:19:00,591.87,592.09,591.665,591.71,7916
2026-03-24 13:20:00,591.65,592.0854,591.58,591.925,14581
2026-03-24 13:21:00,592.09,592.25,591.9,591.93,8376
2026-03-24 13:22:00,591.9325,592.1099,591.69,591.97,13224
2026-03-24 13:23:00,591.895,592.23,591.895,592.06,7071
2026-03-24 13:24:00,592.06,592.605,592,592.17,21861
2026-03-24 13:25:00,592.15,592.15,591.67,591.835,12054
2026-03-24 13:26:00,591.81,592.03,591.47,591.65,13228
2026-03-24 13:27:00,591.765,591.92,591,591.065,19607
2026-03-24 13:28:00,591.01,591.66,591.0001,591.635,19806
2026-03-24 13:29:00,591.71,592.26,591.5401,592.255,14865
2026-03-24 13:30:00,592.28,593.15,592.19,592.93,31661
2026-03-24 13:31:00,592.91,593.1198,592.7,593.1,8444
2026-03-24 13:32:00,593.1399,593.1399,592.65,592.78,8037
2026-03-24 13:33:00,592.85,593.02,592.33,592.4,20172
2026-03-24 13:34:00,592.48,592.57,592.2501,592.47,10838
2026-03-24 13:35:00,592.41,592.83,592.26,592.82,23124
2026-03-24 13:36:00,592.74,592.96,592.6901,592.6901,17935
2026-03-24 13:37:00,592.8024,593.42,592.68,593.42,15767
2026-03-24 13:38:00,593.325,593.42,593.0401,593.215,9899
2026-03-24 13:39:00,593.19,593.34,593,593.03,19431
2026-03-24 13:40:00,593.145,593.2,592.7,593.085,23755
2026-03-24 13:41:00,593.06,593.66,592.64,593.595,13466
2026-03-24 13:42:00,593.56,593.586,592.67,592.92,24792
2026-03-24 13:43:00,592.945,593.21,592.87,592.936,8198
2026-03-24 13:44:00,592.965,593.0756,592.66,592.8,6497
2026-03-24 13:45:00,592.84,592.92,592.67,592.81,6410
2026-03-24 13:46:00,592.9,593.06,592.7,592.99,4646
2026-03-24 13:47:00,592.96,593.02,592.69,592.95,2640
2026-03-24 13:48:00,592.955,593.27,592.82,593.27,4393
2026-03-24 13:49:00,593.27,593.62,593.16,593.4,9442
2026-03-24 13:50:00,593.3,593.36,593.08,593.23,6854
2026-03-24 13:51:00,593.23,593.44,593.23,593.32,3596
2026-03-24 13:52:00,593.35,594.4,593.305,593.72,13852
2026-03-24 13:53:00,593.63,593.83,593.45,593.63,3469
2026-03-24 13:54:00,593.78,594.01,593.61,593.94,7559
2026-03-24 13:55:00,593.85,595.22,593.59,594.6686,31972
2026-03-24 13:56:00,594.62,595.1564,594.34,594.614,12252
2026-03-24 13:57:00,594.67,594.73,593.97,594.4092,14483
2026-03-24 13:58:00,594.47,594.75,594.28,594.4591,11016
2026-03-24 13:59:00,594.36,594.36,593.23,593.78,28046
2026-03-24 14:00:00,593.755,594.99,593.755,594.685,9918
2026-03-24 14:01:00,594.69,594.69,594.1201,594.325,14339
2026-03-24 14:02:00,594.33,594.5,594.12,594.35,3629
2026-03-24 14:03:00,594.6099,594.6099,594.13,594.445,13300
2026-03-24 14:04:00,594.45,594.72,594.27,594.63,7581
2026-03-24 14:05:00,594.61,594.73,594.431,594.73,10280
2026-03-24 14:06:00,594.68,594.83,594.505,594.69,5364
2026-03-24 14:07:00,594.645,595,594.45,594.89,29001
2026-03-24 14:08:00,594.935,594.935,594.5,594.679,6679
2026-03-24 14:09:00,594.67,594.72,594.53,594.64,4261
2026-03-24 14:10:00,594.72,594.88,594.5501,594.71,3411
2026-03-24 14:11:00,594.67,595,594.63,594.905,6042
2026-03-24 14:12:00,594.905,595.0379,594.66,594.9,5880
2026-03-24 14:13:00,594.86,595.05,594.67,594.795,6715
2026-03-24 14:14:00,594.86,595.21,594.72,595.01,7875
2026-03-24 14:15:00,594.97,595.035,594.61,594.8,6420
2026-03-24 14:16:00,594.75,594.78,594.42,594.56,6789
2026-03-24 14:17:00,594.68,594.8578,594.39,594.4401,20824
2026-03-24 14:18:00,594.49,594.537,593.99,594.22,17047
2026-03-24 14:19:00,594.25,595,594.18,594.935,16122
2026-03-24 14:20:00,594.935,595.3,594.64,594.915,17090
2026-03-24 14:21:00,594.99,595.01,594.505,594.705,4030
2026-03-24 14:22:00,594.62,594.78,594.41,594.64,9932
2026-03-24 14:23:00,594.64,594.83,594.42,594.56,9492
2026-03-24 14:24:00,594.61,594.76,594.47,594.59,6632
2026-03-24 14:25:00,594.585,594.7899,594.36,594.645,4262
2026-03-24 14:26:00,594.61,594.84,594.59,594.76,8910
2026-03-24 14:27:00,594.76,595.2226,594.6001,595.2226,10556
2026-03-24 14:28:00,595.2,595.205,594.1,594.245,13496
2026-03-24 14:29:00,594.2874,594.64,594.09,594.515,9953
2026-03-24 14:30:00,594.525,594.66,594.4,594.64,3959
2026-03-24 14:31:00,594.545,595.26,594.36,595.22,8639
2026-03-24 14:32:00,595.37,595.7,595.25,595.49,16300
2026-03-24 14:33:00,595.5,595.58,595.3,595.385,13715
2026-03-24 14:34:00,595.385,595.56,594.94,595.16,25986
2026-03-24 14:35:00,595.17,595.6399,595.12,595.6399,6802
2026-03-24 14:36:00,595.58,595.64,595.2101,595.47,4286
2026-03-24 14:37:00,595.43,595.59,595.16,595.3626,4625
2026-03-24 14:38:00,595.27,596.03,595.27,596.02,27199
2026-03-24 14:39:00,595.97,596.45,595.67,596.355,22642
2026-03-24 14:40:00,596.31,596.3698,595.9,596.192,7717
2026-03-24 14:41:00,596.28,596.35,594.895,595.09,17624
2026-03-24 14:42:00,595.09,595.3,594.53,594.96,12168
2026-03-24 14:43:00,594.985,595.17,594.573,594.9399,6568
2026-03-24 14:44:00,594.92,595.5,594.81,595.29,8818
2026-03-24 14:45:00,595.29,595.44,594.945,595.05,8216
2026-03-24 14:46:00,594.83,595.11,594.75,595.02,6035
2026-03-24 14:47:00,594.96,595.06,594.56,594.56,6992
2026-03-24 14:48:00,594.56,594.82,594.15,594.32,18614
2026-03-24 14:49:00,594.38,594.59,594.2101,594.26,6677
2026-03-24 14:50:00,594.36,594.57,594.2101,594.545,6908
2026-03-24 14:51:00,594.545,594.9676,594.47,594.85,6362
2026-03-24 14:52:00,594.785,595.08,594.58,595.08,5623
2026-03-24 14:53:00,595.12,595.49,594.93,594.93,6646
2026-03-24 14:54:00,594.8301,595.19,594.7166,595.19,3390
2026-03-24 14:55:00,595.2,595.2,594.8802,595,5007
2026-03-24 14:56:00,595.01,595.12,594.59,594.82,5838
2026-03-24 14:57:00,594.96,594.9996,594.71,594.84,4020
2026-03-24 14:58:00,594.8,595.05,594.64,595.04,6269
2026-03-24 14:59:00,594.88,595.08,594.87,595.07,3858
2026-03-24 15:00:00,595.04,595.69,595.04,595.69,13535
2026-03-24 15:01:00,595.67,595.87,595.48,595.54,4520
2026-03-24 15:02:00,595.58,595.58,595.15,595.26,6535
2026-03-24 15:03:00,595.19,595.55,595.19,595.4079,5517
2026-03-24 15:04:00,595.475,595.4875,595.31,595.34,2768
2026-03-24 15:05:00,595.32,595.57,595.1887,595.504,6330
2026-03-24 15:06:00,595.525,595.85,595.4,595.735,6136
2026-03-24 15:07:00,595.735,595.84,595.495,595.5,9019
2026-03-24 15:08:00,595.51,595.62,595.25,595.62,3784
2026-03-24 15:09:00,595.66,595.83,595.58,595.73,6403
2026-03-24 15:10:00,595.7,596.04,595.61,595.81,7223
2026-03-24 15:11:00,595.75,596,595.69,595.69,4568
2026-03-24 15:12:00,595.73,595.79,595.56,595.69,2721
2026-03-24 15:13:00,595.7799,595.8,595.482,595.575,15028
2026-03-24 15:14:00,595.575,595.97,595.55,595.89,14419
2026-03-24 15:15:00,595.88,596.06,595.74,595.99,7920
2026-03-24 15:16:00,595.94,596.01,595.585,595.815,10097
2026-03-24 15:17:00,595.815,595.93,595.62,595.72,9406
2026-03-24 15:18:00,595.715,595.85,595.55,595.67,10387
2026-03-24 15:19:00,595.72,596.04,595.72,595.76,10779
2026-03-24 15:20:00,595.785,595.785,595.42,595.575,13927
2026-03-24 15:21:00,595.4301,595.575,595.2,595.34,10039
2026-03-24 15:22:00,595.36,595.5299,595.36,595.5,7612
2026-03-24 15:23:00,595.45,595.89,595.35,595.764,12687
2026-03-24 15:24:00,595.7,596.36,595.7,596.1501,12559
2026-03-24 15:25:00,596.12,596.12,595.875,595.9,7321
2026-03-24 15:26:00,595.89,595.99,595.74,595.86,6327
2026-03-24 15:27:00,595.855,595.99,595.62,595.66,9546
2026-03-24 15:28:00,595.655,595.66,595.3172,595.445,7926
2026-03-24 15:29:00,595.56,595.61,595.3625,595.42,13828
2026-03-24 15:30:00,595.37,595.42,594.755,595.34,13464
2026-03-24 15:31:00,595.25,595.655,595.15,595.35,6299
2026-03-24 15:32:00,595.35,595.36,594.76,594.87,8009
2026-03-24 15:33:00,594.87,594.895,594.465,594.61,18757
2026-03-24 15:34:00,594.65,594.69,594.26,594.275,9787
2026-03-24 15:35:00,594.25,594.3499,593.335,593.425,18887
2026-03-24 15:36:00,593.37,594.1,593.29,593.9399,15322
2026-03-24 15:37:00,593.855,594.17,593.795,594.15,11793
2026-03-24 15:38:00,594.14,594.2698,594.07,594.2,7956
2026-03-24 15:39:00,594.155,594.155,593.775,594,10180
2026-03-24 15:40:00,594,594.2,594,594.105,6049
2026-03-24 15:41:00,594.11,595.15,594.1,594.66,58634
2026-03-24 15:42:00,594.67,595.07,594.41,595.01,28075
2026-03-24 15:43:00,595.07,595.18,594.27,594.405,17106
2026-03-24 15:44:00,594.3401,594.64,594.0044,594.0075,30473
2026-03-24 15:45:00,594,594.01,593.32,593.79,20857
2026-03-24 15:46:00,593.7,593.7,592.88,592.955,24680
2026-03-24 15:47:00,592.9676,593.28,592.8,593.03,24374
2026-03-24 15:48:00,593.1,593.19,592.72,592.825,17879
2026-03-24 15:49:00,592.7448,592.99,592.65,592.8275,24098
2026-03-24 15:50:00,592.87,593.44,592.53,593.31,34112
2026-03-24 15:51:00,593.28,593.57,592.82,593,24389
2026-03-24 15:52:00,593.06,593.0733,592.46,592.6,25477
2026-03-24 15:53:00,592.48,592.8299,592.32,592.475,35184
2026-03-24 15:54:00,592.54,592.77,592.3,592.4331,31477
2026-03-24 15:55:00,592.43,592.9275,592.34,592.68,28604
2026-03-24 15:56:00,592.72,592.805,592.4859,592.74,29477
2026-03-24 15:57:00,592.75,592.76,592.27,592.375,33053
2026-03-24 15:58:00,592.38,592.55,592.31,592.515,51105
2026-03-24 15:59:00,592.52,593.1,592.45,593.1,141312
2026-03-24 16:00:00,593.1,593.1,592.39,592.89,1268692
2026-03-24 16:01:00,592.81,592.81,592.79,592.81,660
2026-03-24 16:02:00,592.87,592.88,592.83,592.83,488
2026-03-24 16:03:00,592.7,592.75,592.6,592.61,1102
2026-03-24 16:04:00,592.72,592.79,592.55,592.79,494
2026-03-24 16:05:00,593,593.22,593,593.15,685
2026-03-24 16:06:00,593,593.06,592.99,592.99,1118
2026-03-24 16:07:00,593.06,593.5,593.06,593.17,1464
2026-03-24 16:08:00,593.12,593.53,592.81,593.26,911
2026-03-24 16:09:00,593.26,593.26,593.19,593.26,239
2026-03-24 16:10:00,593.19,593.2,593.15,593.2,466
2026-03-24 16:11:00,593.06,593.07,592.94,592.95,2227
2026-03-24 16:12:00,593.13,593.2,593.08,593.08,270
2026-03-24 16:13:00,593.09,593.18,593,593.15,827
2026-03-24 16:14:00,593.1,593.1,593.026,593.026,390
2026-03-24 16:15:00,593.2,593.2,593,593,306
2026-03-24 16:16:00,593.08,593.08,592.92,592.92,439
2026-03-24 16:17:00,593.02,593.12,593.02,593.1,1656
2026-03-24 16:18:00,593.2,593.2,593.01,593.06,600
2026-03-24 16:19:00,593.18,594.2,593.18,594.2,744
2026-03-24 16:20:00,593.8,597.25,593.8,596.5,5625
2026-03-24 16:21:00,596.51,597.03,596.51,597,579
2026-03-24 16:22:00,597.4,599,597.4,598.4,5305
2026-03-24 16:23:00,598.64,598.82,596.51,598.3638,683
2026-03-24 16:24:00,598.35,599,597.5,599,3489
2026-03-24 16:25:00,599.02,599.02,597.52,598.12,1387
2026-03-24 16:26:00,598.5,599.02,597.88,598.51,12061
2026-03-24 16:27:00,598.75,599,597.1,597.1,1131
2026-03-24 16:28:00,597.6828,598,596.95,596.98,634
2026-03-24 16:29:00,596.93,597.4731,596.93,597.4731,214
2026-03-24 16:30:00,597,597.19,596.98,596.98,451
2026-03-24 16:31:00,596.81,597,596.81,597,818
2026-03-24 16:32:00,597,597,596.5,596.5,774
2026-03-24 16:33:00,597.47,597.52,596.8,596.8,1311
2026-03-24 16:34:00,597.01,598,597.01,597.73,1872
2026-03-24 16:35:00,598,598.4946,597.8,598,1948
2026-03-24 16:36:00,598.45,599.49,598.45,599.12,14809
2026-03-24 16:37:00,599.11,599.25,599.02,599.25,583
2026-03-24 16:38:00,599.5,599.8,599.3221,599.8,10250
2026-03-24 16:39:00,599.7,600.27,599.5,599.63,16975
2026-03-24 16:40:00,600.01,600.5,599.5,599.565,7607
2026-03-24 16:41:00,599.5,600,599.5,599.5,5712
2026-03-24 16:42:00,599.21,599.21,598.5,598.74,1161
2026-03-24 16:43:00,598.25,598.76,592.92,598.69,395
2026-03-24 16:44:00,597.8434,598.49,597.8434,598.49,140
2026-03-24 16:45:00,598.27,598.27,597.53,597.53,175
2026-03-24 16:46:00,597.65,598.51,597.5,597.61,504
2026-03-24 16:47:00,597.4,597.8,597.25,597.8,292
2026-03-24 16:48:00,597.3608,597.73,597.2,597.5,393
2026-03-24 16:49:00,597.5244,598,597.5244,597.5786,380
2026-03-24 16:50:00,597.5236,597.5636,597.38,597.38,460
2026-03-24 16:51:00,597.71,597.79,597.68,597.68,355
2026-03-24 16:52:00,597.76,597.81,597.71,597.8,218
2026-03-24 16:53:00,597.65,597.65,597.06,597.06,1355
2026-03-24 16:54:00,597.06,597.08,596.5,596.5,1176
2026-03-24 16:55:00,597,597.5,596.91,597.5,2232
2026-03-24 16:56:00,597.98,597.98,597.98,597.98,75
2026-03-24 16:57:00,597.55,597.74,597.55,597.74,135
2026-03-24 16:59:00,597.1662,597.1662,597.1662,597.1662,68
2026-03-24 17:00:00,597,597.05,597,597.05,200
2026-03-24 17:01:00,597.05,597.05,597,597,6270
2026-03-24 17:02:00,596.74,596.99,596.39,596.53,384
2026-03-24 17:03:00,596.5912,596.5912,596.53,596.53,150
2026-03-24 17:04:00,596.5,596.525,596.5,596.525,644
2026-03-24 17:05:00,596.25,596.25,595.5,595.5,625
2026-03-24 17:06:00,595,595.03,594.58,595.02,735
2026-03-24 17:07:00,595.5,596.89,595.32,596.89,230
2026-03-24 17:09:00,595.41,596.03,595.37,596,1237
2026-03-24 17:10:00,595.05,596.1701,595.05,596.1701,845
2026-03-24 17:11:00,596.41,596.41,596,596,200
2026-03-24 17:12:00,596.35,596.35,596.35,596.35,40
2026-03-24 17:13:00,595.4166,595.6,595.4166,595.6,600
2026-03-24 17:14:00,595.88,595.88,595.85,595.85,183
2026-03-24 17:15:00,595.85,595.97,595.85,595.91,598
2026-03-24 17:16:00,595.9692,595.97,595.9692,595.97,314
2026-03-24 17:18:00,596.69,596.69,596.69,596.69,55
2026-03-24 17:19:00,597,597,597,597,90
2026-03-24 17:20:00,596.17,596.31,596.17,596.31,100
2026-03-24 17:22:00,596.1,596.6468,596.1,596.6468,194
2026-03-24 17:23:00,596.43,596.43,596.43,596.43,197
2026-03-24 17:24:00,596.24,596.24,596.24,596.24,41
2026-03-24 17:25:00,596.2,596.4522,596.2,596.4522,300
2026-03-24 17:26:00,596.33,596.33,596.2,596.3,413
2026-03-24 17:27:00,596.21,596.29,596.2,596.2,305
2026-03-24 17:28:00,596.2487,596.2487,596.2,596.2,260
2026-03-24 17:29:00,595.8,595.8,594.8958,594.8958,1766
2026-03-24 17:30:00,595.25,595.49,594.9987,594.9987,830
2026-03-24 17:31:00,595.55,595.55,595.55,595.55,50
2026-03-24 17:32:00,596.18,596.18,595.5793,595.75,428
2026-03-24 17:33:00,596,596.11,596,596.11,600
2026-03-24 17:35:00,595.93,595.9909,595.93,595.93,699
2026-03-24 17:36:00,595.75,595.75,595.55,595.5501,298
2026-03-24 17:37:00,595.55,595.55,595.043,595.44,750
2026-03-24 17:38:00,595.5,595.5,595.5,595.5,150
2026-03-24 17:39:00,595.44,595.44,595.3,595.3,942
2026-03-24 17:40:00,595.065,595.44,595.065,595.44,250
2026-03-24 17:42:00,595.46,595.49,595.3,595.3,3144
2026-03-24 17:43:00,595.45,595.45,595.37,595.44,190
2026-03-24 17:44:00,595.37,595.37,595.24,595.24,3243
2026-03-24 17:45:00,595.49,595.49,595.49,595.49,100
2026-03-24 17:46:00,595.41,595.5,595.41,595.5,250
2026-03-24 17:47:00,595.69,595.75,595.69,595.75,380
2026-03-24 17:48:00,596,596.24,595.5001,595.5743,680
2026-03-24 17:50:00,596.19,596.19,596.19,596.19,40
2026-03-24 17:51:00,596.25,596.25,596.24,596.25,366
2026-03-24 17:53:00,596.25,596.5,596.25,596.5,270
2026-03-24 17:54:00,596.5,596.5,596.44,596.44,148
2026-03-24 17:55:00,596.25,596.5,596.25,596.5,170
2026-03-24 17:56:00,596.5,596.5,596.5,596.5,283
2026-03-24 17:59:00,596.8,596.9219,596.5,596.5,327
2026-03-24 18:00:00,596.98,598,596.98,597.88,784
2026-03-24 18:01:00,597.5,597.5,597.49,597.49,475
2026-03-24 18:03:00,597.12,597.12,597.12,597.12,49
2026-03-24 18:04:00,597.13,597.961,597.13,597.961,259
2026-03-24 18:05:00,598,598.22,598,598.22,496
2026-03-24 18:06:00,598.2,598.44,598,598,692
2026-03-24 18:07:00,598.57,598.6,598.57,598.6,440
2026-03-24 18:08:00,598.8436,598.8436,598,598.47,6090
2026-03-24 18:09:00,598.47,598.47,598.47,598.47,60
2026-03-24 18:10:00,597.86,597.86,597.86,597.86,71
2026-03-24 18:12:00,597.84,597.84,597.84,597.84,150
2026-03-24 18:13:00,597.85,597.85,597.85,597.85,100
2026-03-24 18:14:00,597.36,597.36,597.36,597.36,44
2026-03-24 18:15:00,597.36,597.36,597.35,597.35,184
2026-03-24 18:17:00,596.8,596.8,596.8,596.8,40
2026-03-24 18:21:00,597,597,596.6,596.9999,419
2026-03-24 18:22:00,596.59,596.59,596.59,596.59,493
2026-03-24 18:23:00,596.9467,596.9467,596.9467,596.9467,175
2026-03-24 18:24:00,597,597,597,597,100
2026-03-24 18:25:00,596.59,596.59,596.25,596.25,12355
2026-03-24 18:26:00,596.5,596.5,596.5,596.5,161
2026-03-24 18:30:00,596.51,596.5236,596.51,596.5236,80
2026-03-24 18:31:00,596.63,596.63,596.51,596.51,84
2026-03-24 18:32:00,596.5645,596.5645,596.5645,596.5645,200
2026-03-24 18:33:00,596.92,597,596.92,597,250
2026-03-24 18:34:00,597.12,597.12,597.12,597.12,100
2026-03-24 18:35:00,596.5,596.5,596.5,596.5,100
2026-03-24 18:38:00,597.39,597.44,597.39,597.44,140
2026-03-24 18:39:00,597.361,597.361,597.1,597.1,157
2026-03-24 18:41:00,596.53,596.53,596.53,596.53,40
2026-03-24 18:42:00,597,597,597,597,480
2026-03-24 18:43:00,597.38,597.38,597.2,597.2,1200
2026-03-24 18:44:00,597.24,597.24,597.24,597.24,65
2026-03-24 18:45:00,597.39,597.5,597.39,597.5,390
2026-03-24 18:48:00,597.6,597.6,597.58,597.58,200
2026-03-24 18:49:00,596.6414,596.6414,596.6414,596.6414,250
2026-03-24 18:50:00,597.03,597.03,597,597,380
2026-03-24 18:55:00,597,597,597,597,45
2026-03-24 18:56:00,597.24,597.24,597.24,597.24,109
2026-03-24 18:57:00,597.2,597.5,597,597.5,249
2026-03-24 18:59:00,597.1,597.1,597.1,597.1,50
2026-03-24 19:00:00,597.5,597.62,597.49,597.62,448
2026-03-24 19:01:00,597.44,597.63,597.44,597.63,298
2026-03-24 19:03:00,597.16,597.1645,597.16,597.1645,200
2026-03-24 19:06:00,597.14,597.14,597.14,597.14,1749
2026-03-24 19:07:00,597.01,597.01,597.01,597.01,74
2026-03-24 19:16:00,597.3,597.3,597.3,597.3,100
2026-03-24 19:19:00,597.49,597.49,597.49,597.49,49
2026-03-24 19:22:00,597.57,597.6,597.57,597.6,408
2026-03-24 19:24:00,597.7,597.75,597.0288,597.47,492
2026-03-24 19:30:00,597.544,597.544,597.544,597.544,100
2026-03-24 19:33:00,597.7,597.7,597.69,597.69,80
2026-03-24 19:34:00,597.8,597.8,597.8,597.8,485
2026-03-24 19:35:00,597.5468,597.9,597.5468,597.77,1146
2026-03-24 19:36:00,597.81,597.81,597.81,597.81,70
2026-03-24 19:39:00,597.9,598,597.71,597.71,220
2026-03-24 19:40:00,597.99,597.99,597.99,597.99,459
2026-03-24 19:41:00,597.5,597.5,597.5,597.5,272
2026-03-24 19:42:00,597.74,597.74,597.74,597.74,40
2026-03-24 19:43:00,597.13,597.13,597.13,597.13,44
2026-03-24 19:45:00,597.01,597.01,597.01,597.01,62
2026-03-24 19:47:00,597.39,597.5,597.39,597.5,462
2026-03-24 19:50:00,597.39,598.5,597.11,597.32,2159
2026-03-24 19:53:00,597.5,597.5,597.34,597.34,145
2026-03-24 19:54:00,598.49,598.49,598.19,598.29,583
2026-03-24 19:56:00,597.52,597.52,597.52,597.52,95
2026-03-24 19:57:00,597.8,597.8,597.8,597.8,104
2026-03-24 19:58:00,597.8,597.8,597.8,597.8,50
2026-03-24 19:59:00,598,598,597.5,597.55,1175
2026-03-25 04:00:00,601,601,598.7,599,1127
2026-03-25 04:01:00,598.88,599.4,598.88,599.4,380
2026-03-25 04:02:00,599.6,599.6,599.6,599.6,90
2026-03-25 04:03:00,599.7,600,599.57,600,712
2026-03-25 04:06:00,600.6,600.8,600.6,600.8,159
2026-03-25 04:07:00,601,601.05,600.66,600.66,408
2026-03-25 04:08:00,600.63,600.63,600.6,600.6,310
2026-03-25 04:09:00,600.62,600.62,600,600.62,180
2026-03-25 04:11:00,600.74,600.74,600.48,600.48,103
2026-03-25 04:12:00,600.5,600.5,600.5,600.5,87
2026-03-25 04:13:00,600.5,600.5,600.5,600.5,50
2026-03-25 04:14:00,600.66,600.66,600.66,600.66,285
2026-03-25 04:15:00,600.64,600.64,600.56,600.56,109
2026-03-25 04:17:00,600.83,601,600.83,601,876
2026-03-25 04:20:00,601,601,601,601,83
2026-03-25 04:23:00,600.86,601.17,600.86,601.17,166
2026-03-25 04:24:00,601.18,601.19,600.5,600.5,932
2026-03-25 04:25:00,600.36,600.36,600.36,600.36,80
2026-03-25 04:26:00,600.57,600.57,600.57,600.57,320
2026-03-25 04:31:00,600.5,600.5,600.5,600.5,500
2026-03-25 04:36:00,600.51,600.51,599.31,600,1421
2026-03-25 04:39:00,600.42,600.42,600.42,600.42,44
2026-03-25 04:40:00,600.42,600.42,600.42,600.42,50
2026-03-25 04:41:00,600.46,600.46,600.46,600.46,76
2026-03-25 04:45:00,600,600,600,600,75
2026-03-25 04:49:00,600,600,600,600,40
2026-03-25 04:50:00,599.99,600.37,599.99,600.37,185
2026-03-25 04:52:00,600,600,600,600,89
2026-03-25 04:54:00,599.31,599.31,599.2,599.2,120
2026-03-25 04:56:00,599.21,599.21,599.1,599.1,2102
2026-03-25 04:57:00,599.07,599.07,598.61,598.61,1063
2026-03-25 05:05:00,599.36,599.36,599.36,599.36,1829
2026-03-25 05:08:00,599.63,599.63,599.63,599.63,100
2026-03-25 05:11:00,599.7,599.7,599.7,599.7,175
2026-03-25 05:15:00,599.4,599.4,599.4,599.4,50
2026-03-25 05:19:00,599.3,599.3,599.3,599.3,50
2026-03-25 05:23:00,599.28,599.28,599.28,599.28,50
2026-03-25 05:24:00,599,599,599,599,90
2026-03-25 05:26:00,598.5,598.6,598.5,598.6,169
2026-03-25 05:31:00,599.19,599.19,599.19,599.19,58
2026-03-25 05:32:00,599.41,599.41,599.41,599.41,44
2026-03-25 05:37:00,599.09,599.09,599,599,462
2026-03-25 05:38:00,598.61,598.61,598.61,598.61,40
2026-03-25 05:39:00,599,599,598.88,599,535
2026-03-25 05:40:00,599,599,599,599,77
2026-03-25 05:44:00,598.69,598.69,598.69,598.69,49
2026-03-25 05:48:00,598,598,597.2,597.38,1099
2026-03-25 05:50:00,597.18,597.97,597.18,597.97,214
2026-03-25 05:56:00,597.97,598,597.97,598,2268
2026-03-25 05:59:00,599.23,599.23,599.23,599.23,50
2026-03-25 06:01:00,598.77,598.77,598.75,598.75,128
2026-03-25 06:09:00,598.78,598.78,598.78,598.78,60
2026-03-25 06:36:00,598.42,598.42,598.42,598.42,128
2026-03-25 06:42:00,598,598,598,598,349
2026-03-25 06:47:00,597.99,597.99,597.99,597.99,63
2026-03-25 06:48:00,598.06,598.06,598.06,598.06,126
2026-03-25 06:52:00,598.13,598.13,598.13,598.13,63
2026-03-25 06:57:00,597.99,597.99,597.99,597.99,80
2026-03-25 07:00:00,597.99,598,597.7,598,1381
2026-03-25 07:01:00,598.09,598.09,598.09,598.09,63
2026-03-25 07:02:00,598,598,598,598,400
2026-03-25 07:03:00,598,598,598,598,689
2026-03-25 07:04:00,598.26,598.27,598.26,598.27,285
2026-03-25 07:05:00,598.4,598.4,598.4,598.4,40
2026-03-25 07:08:00,598.35,598.36,598.35,598.36,189
2026-03-25 07:09:00,598.41,598.41,598.41,598.41,86
2026-03-25 07:10:00,598.12,598.12,598,598,621
2026-03-25 07:11:00,598.26,598.26,598.26,598.26,63
2026-03-25 07:12:00,598.34,598.34,598.34,598.34,40
2026-03-25 07:15:00,598.35,598.36,598.35,598.36,440
2026-03-25 07:16:00,598.35,598.49,598.35,598.49,80
2026-03-25 07:17:00,598.25,598.25,598.25,598.25,186
2026-03-25 07:18:00,598.35,598.35,598.35,598.35,86
2026-03-25 07:21:00,598.25,598.26,598.25,598.26,568
2026-03-25 07:23:00,598.54,598.7,598.54,598.7,538
2026-03-25 07:24:00,598.88,599,598.88,598.9,245
2026-03-25 07:25:00,598.89,599.01,598.6,598.61,2166
2026-03-25 07:28:00,598.5,598.5,598.5,598.5,216
2026-03-25 07:29:00,598.6,598.6,598.6,598.6,167
2026-03-25 07:31:00,598.68,598.68,598.68,598.68,51
2026-03-25 07:32:00,598.51,598.51,598.51,598.51,40
2026-03-25 07:34:00,598.56,598.65,598.5,598.5,261
2026-03-25 07:36:00,598.8,598.8,598.8,598.8,40
2026-03-25 07:37:00,598.8,598.8,598.8,598.8,129
2026-03-25 07:38:00,598.8,599.29,598.8,599.29,1112
2026-03-25 07:39:00,599.29,599.8,599.29,599.7,2676
2026-03-25 07:40:00,599.5,599.68,599.5,599.5,487
2026-03-25 07:41:00,599.51,599.51,599.5,599.5,158
2026-03-25 07:42:00,599.71,599.91,599.71,599.91,323
2026-03-25 07:43:00,599.9,600.07,599.9,600.07,685
2026-03-25 07:44:00,600.4,600.44,600.4,600.44,310
2026-03-25 07:45:00,600.3,600.3,600.3,600.3,480
2026-03-25 07:46:00,600,600,599.9,599.9,286
2026-03-25 07:47:00,600,600.23,598.83,598.83,717
2026-03-25 07:48:00,599.57,599.57,598.5,598.5,405
2026-03-25 07:50:00,599.25,599.25,599.25,599.25,1439
2026-03-25 07:52:00,599.77,599.77,599.77,599.77,41
2026-03-25 07:53:00,599.75,599.75,599.75,599.75,50
2026-03-25 07:54:00,599.26,599.79,599.26,599.79,93
2026-03-25 07:56:00,599.97,599.99,599.96,599.99,172
2026-03-25 07:57:00,599.96,599.99,599.96,599.99,209
2026-03-25 07:59:00,600,600,600,600,100
2026-03-25 08:00:00,601,601.5,597.1,598.08,18886
2026-03-25 08:01:00,598.21,600.2,597.5,600.2,5514
2026-03-25 08:02:00,599.0996,600.6,599.0996,600.6,378
2026-03-25 08:04:00,600.8314,600.8314,600.8314,600.8314,100
2026-03-25 08:05:00,600.93,601.63,600.8,601.63,1501
2026-03-25 08:06:00,601.61,602.1,601.61,602,1001
2026-03-25 08:07:00,602,602.3023,601.69,601.69,2121
2026-03-25 08:08:00,601.75,601.99,601.2703,601.4449,924
2026-03-25 08:09:00,601.93,601.93,601.5,601.8662,1342
2026-03-25 08:10:00,601.86,601.86,601.22,601.3,1914
2026-03-25 08:11:00,601.3,601.3,601.3,601.3,197
2026-03-25 08:12:00,601.79,601.79,601.5,601.5,193
2026-03-25 08:13:00,601.6,601.7,601,601.7,2040
2026-03-25 08:14:00,601.89,601.9,601.6,601.6,757
2026-03-25 08:15:00,601.82,601.96,601.82,601.96,334
2026-03-25 08:16:00,601.5,601.86,600.2,600.2,1831
2026-03-25 08:17:00,600.2,601.32,599.46,601.32,2056
2026-03-25 08:18:00,599.6,599.99,599.01,599.2263,841
2026-03-25 08:19:00,599.88,599.88,599.88,599.88,40
2026-03-25 08:20:00,600,601,599.97,601,1697
2026-03-25 08:21:00,600.34,600.37,600.2938,600.2938,280
2026-03-25 08:22:00,600.37,600.37,600,600,753
2026-03-25 08:23:00,600.09,600.09,598.76,598.76,3263
2026-03-25 08:24:00,599.4698,599.87,599.3,599.3,636
2026-03-25 08:25:00,599.8478,600,599.8478,600,804
2026-03-25 08:26:00,599.69,599.7,599.69,599.7,221
2026-03-25 08:28:00,599.99,599.99,599.47,599.74,2462
2026-03-25 08:29:00,599.57,599.8,599.5601,599.6294,600
2026-03-25 08:30:00,599.8,599.99,599.61,599.99,1082
2026-03-25 08:31:00,599.8,600.05,599.549,599.89,3725
2026-03-25 08:32:00,599.67,599.75,599.5,599.5,1483
2026-03-25 08:33:00,599,599.67,599,599.2,1484
2026-03-25 08:34:00,599.54,599.9,599.2871,599.87,895
2026-03-25 08:35:00,600.22,600.75,600.22,600.75,470
2026-03-25 08:37:00,600.37,600.9755,600.37,600.9755,750
2026-03-25 08:38:00,601,601.01,601,601.01,600
2026-03-25 08:39:00,601.49,601.49,601,601,190
2026-03-25 08:41:00,600.76,600.99,600.76,600.99,364
2026-03-25 08:42:00,601,601.2,601,601.15,607
2026-03-25 08:43:00,600.87,600.87,600.54,600.54,143
2026-03-25 08:44:00,600.75,600.98,600.75,600.98,330
2026-03-25 08:45:00,600.98,601.1,600.9,600.9,918
2026-03-25 08:46:00,601.09,601.3,601.08,601.3,446
2026-03-25 08:47:00,601.2,601.4,600.86,600.86,1227
2026-03-25 08:48:00,601.39,601.39,601,601,1224
2026-03-25 08:49:00,600.8427,600.8427,600.75,600.75,396
2026-03-25 08:50:00,600.75,601.075,600.75,601.075,626
2026-03-25 08:51:00,601,601.01,600.97,600.97,212
2026-03-25 08:52:00,601.15,601.15,600.8124,600.8124,536
2026-03-25 08:53:00,600.99,601.16,600.49,600.5,5880
2026-03-25 08:54:00,600.44,600.5,600.12,600.12,491
2026-03-25 08:55:00,600.2496,601.22,600.2496,601.22,1326
2026-03-25 08:56:00,601,601,600.97,600.97,637
2026-03-25 08:57:00,600.5528,600.565,600.5,600.565,270
2026-03-25 08:58:00,600.77,601,600.75,601,2241
2026-03-25 08:59:00,601.0358,601.25,601.0358,601.1546,195
2026-03-25 09:00:00,601.63,602.1,601.5,602,8733
2026-03-25 09:01:00,602.18,602.2,601.71,602.1,1729
2026-03-25 09:02:00,601.87,602.35,601.8,602,1477
2026-03-25 09:03:00,602.07,602.17,602.07,602.17,694
2026-03-25 09:04:00,602.35,602.8,602.35,602.58,1064
2026-03-25 09:05:00,602.5018,602.5783,602.4,602.4,1361
2026-03-25 09:06:00,602.45,602.58,602.45,602.58,200
2026-03-25 09:07:00,602.45,602.45,602.033,602.2,1111
2026-03-25 09:08:00,602.2,602.5,602,602,1442
2026-03-25 09:09:00,602.174,602.2,602.17,602.2,766
2026-03-25 09:10:00,602.4,602.4,602.2,602.4,1848
2026-03-25 09:11:00,602.2,602.4,602.2,602.35,1856
2026-03-25 09:12:00,602.587,602.6,602.587,602.6,323
2026-03-25 09:13:00,602.2302,602.37,601.501,601.56,4929
2026-03-25 09:14:00,602.1635,602.1635,601.5,601.51,491
2026-03-25 09:15:00,601.6,601.8952,601.51,601.51,231
2026-03-25 09:16:00,601.65,601.65,601.65,601.65,100
2026-03-25 09:17:00,601.41,601.62,601.25,601.25,1386
2026-03-25 09:18:00,601.5,601.7,601.5,601.7,944
2026-03-25 09:19:00,601.7,601.9968,601.57,601.9968,841
2026-03-25 09:20:00,602.37,602.37,601.68,601.68,761
2026-03-25 09:21:00,601.79,601.99,601.73,601.73,354
2026-03-25 09:22:00,601.78,601.85,601.56,601.79,524
2026-03-25 09:23:00,601.4,601.57,601.4,601.57,130
2026-03-25 09:24:00,601.63,601.64,601.51,601.64,346
2026-03-25 09:25:00,601.4662,601.4662,601.1,601.1,1265
2026-03-25 09:26:00,601.2,602.09,601.2,601.3,1515
2026-03-25 09:27:00,601.71,601.93,599.9,601.28,2769
2026-03-25 09:28:00,600.56,600.56,599.5,599.97,4935
2026-03-25 09:29:00,599.81,600.43,599,599,1380
2026-03-25 09:30:00,598.23,599.23,596.4236,597.8,183828
2026-03-25 09:31:00,597.98,600.45,597.98,600.23,83857
2026-03-25 09:32:00,600.22,600.3099,599.1,600.09,43845
2026-03-25 09:33:00,600.095,600.22,599.28,599.75,57551
2026-03-25 09:34:00,599.675,601.32,599.675,601.08,54921
2026-03-25 09:35:00,601.21,601.81,600.4,601.49,41949
2026-03-25 09:36:00,601.53,602.71,600.88,602.605,37497
2026-03-25 09:37:00,602.605,602.965,601.91,602.76,47902
2026-03-25 09:38:00,602.875,603.67,601.85,602.01,31912
2026-03-25 09:39:00,601.86,602.04,600.5163,601.11,85675
2026-03-25 09:40:00,601.1026,601.89,600.95,601.56,24525
2026-03-25 09:41:00,601.56,601.68,600.4,600.4,20782
2026-03-25 09:42:00,600.54,601.09,600.1,600.595,54640
2026-03-25 09:43:00,600.62,600.73,600.17,600.45,25299
2026-03-25 09:44:00,600.45,600.513,599.82,600.13,36026
2026-03-25 09:45:00,600.14,600.6699,600.01,600.2,59570
2026-03-25 09:46:00,600.215,600.39,599.36,599.37,61015
2026-03-25 09:47:00,599.47,599.78,599.02,599.23,54539
2026-03-25 09:48:00,599.21,599.7849,599.21,599.73,30487
2026-03-25 09:49:00,599.77,599.85,598.12,598.43,69383
2026-03-25 09:50:00,598.34,598.58,597.13,597.13,67467
2026-03-25 09:51:00,597.13,597.4085,596.2,596.308,32244
2026-03-25 09:52:00,596.23,596.58,595.9,596.5,26099
2026-03-25 09:53:00,596.52,597.2,596.25,596.25,26960
2026-03-25 09:54:00,596.1,597.19,595.91,597.08,41356
2026-03-25 09:55:00,597.075,597.69,596.95,597.64,25136
2026-03-25 09:56:00,597.66,598.03,597.44,597.595,20971
2026-03-25 09:57:00,597.77,597.95,597.405,597.6145,26836
2026-03-25 09:58:00,597.645,598.92,597.4218,598.085,30294
2026-03-25 09:59:00,598.17,598.18,597.35,597.528,30499
2026-03-25 10:00:00,597.52,597.85,596.85,597.53,55582
2026-03-25 10:01:00,597.512,598.05,597.47,597.715,26802
2026-03-25 10:02:00,597.82,597.93,596.06,596.13,65837
2026-03-25 10:03:00,596.11,596.88,595.2,596.49,60817
2026-03-25 10:04:00,596.5,597.69,596.33,597.5,30971
2026-03-25 10:05:00,597.53,598.44,597.205,598.33,27059
2026-03-25 10:06:00,598.23,599.3,597.67,598.87,21023
2026-03-25 10:07:00,598.92,598.93,597.305,597.35,11267
2026-03-25 10:08:00,597.38,598.129,597.345,597.665,9022
2026-03-25 10:09:00,597.665,597.9615,597.35,597.845,7824
2026-03-25 10:10:00,597.845,598.285,597.67,597.87,15147
2026-03-25 10:11:00,597.87,599.1,597.87,598.89,15657
2026-03-25 10:12:00,598.8,599.44,598.79,599.33,14932
2026-03-25 10:13:00,599.365,599.73,599.22,599.46,32490
2026-03-25 10:14:00,599.5,600.38,599.4,600.21,41814
2026-03-25 10:15:00,600.26,600.26,599.63,599.9355,22488
2026-03-25 10:16:00,599.955,600.4,599.74,600.21,29685
2026-03-25 10:17:00,600.06,600.18,599.78,600,38321
2026-03-25 10:18:00,600.055,600.12,599.48,599.6114,35553
2026-03-25 10:19:00,599.53,599.53,598.76,598.885,17413
2026-03-25 10:20:00,598.885,599.49,598.85,599.3,17387
2026-03-25 10:21:00,599.32,599.47,599.02,599.4662,17632
2026-03-25 10:22:00,599.38,599.44,598.67,598.95,19102
2026-03-25 10:23:00,598.93,599,598.62,598.71,9756
2026-03-25 10:24:00,598.71,598.8099,597.5,598.06,15834
2026-03-25 10:25:00,598.14,599,597.99,598.62,17650
2026-03-25 10:26:00,598.61,599.27,598.315,598.955,18747
2026-03-25 10:27:00,599.035,600.19,598.78,600.0664,20947
2026-03-25 10:28:00,600.1005,600.31,599.4,599.48,15028
2026-03-25 10:29:00,599.485,599.82,599.26,599.78,13322
2026-03-25 10:30:00,599.83,600.47,599.31,599.68,47611
2026-03-25 10:31:00,599.63,599.87,599.3,599.87,28615
2026-03-25 10:32:00,599.672,599.95,599.53,599.745,24614
2026-03-25 10:33:00,599.76,600.26,599.51,600,13503
2026-03-25 10:34:00,600,600.23,599.87,600.08,26400
2026-03-25 10:35:00,600.1798,600.7,599.98,600.07,32599
2026-03-25 10:36:00,600.08,600.22,598.3,598.47,28662
2026-03-25 10:37:00,598.22,598.98,598.22,598.64,19458
2026-03-25 10:38:00,598.74,599.215,598.47,598.93,41570
2026-03-25 10:39:00,598.96,599.44,598.5,599.44,15664
2026-03-25 10:40:00,599.52,599.91,599.27,599.555,13300
2026-03-25 10:41:00,599.6682,600.55,599.64,600.105,23963
2026-03-25 10:42:00,600.2,600.2,599.32,599.9301,15337
2026-03-25 10:43:00,599.93,599.93,599.01,599.5,27737
2026-03-25 10:44:00,599.495,599.58,598.72,598.75,13176
2026-03-25 10:45:00,598.775,599.23,598.69,599.06,12653
2026-03-25 10:46:00,598.89,599.42,598.86,599.35,5579
2026-03-25 10:47:00,599.255,599.64,599.09,599.57,11785
2026-03-25 10:48:00,599.465,600,599.09,599.7,22502
2026-03-25 10:49:00,599.7,599.77,599.01,599.04,23229
2026-03-25 10:50:00,599.25,599.3,598.85,599.12,24753
2026-03-25 10:51:00,599.12,599.42,598.38,598.38,29304
2026-03-25 10:52:00,598.51,598.58,597.2,597.52,69014
2026-03-25 10:53:00,597.6,598.13,597.51,597.675,24282
2026-03-25 10:54:00,597.665,598.33,597.4,597.63,25796
2026-03-25 10:55:00,597.63,598.13,597.59,597.95,21971
2026-03-25 10:56:00,598.085,598.34,597.86,598.17,16624
2026-03-25 10:57:00,598.165,598.44,597.955,598.35,20640
2026-03-25 10:58:00,598.26,598.4999,598,598.435,16076
2026-03-25 10:59:00,598.435,598.87,597.91,598.2325,14159
2026-03-25 11:00:00,598.32,598.43,597.31,597.31,14635
2026-03-25 11:01:00,597.315,597.5,597,597.395,12894
2026-03-25 11:02:00,597.37,597.78,597.34,597.64,6703
2026-03-25 11:03:00,597.7199,598.2,597.5,597.64,6487
2026-03-25 11:04:00,597.7069,599.01,597.11,599.01,41491
2026-03-25 11:05:00,599.1528,599.6,599.02,599.37,18694
2026-03-25 11:06:00,599.29,599.34,598.45,598.63,17601
2026-03-25 11:07:00,598.5,599.09,598.35,598.63,40496
2026-03-25 11:08:00,598.515,599.09,598.4,598.695,14898
2026-03-25 11:09:00,598.79,598.82,598,598.09,31804
2026-03-25 11:10:00,598.01,598.6,598,598.23,34218
2026-03-25 11:11:00,598.3,598.6,597.42,597.445,34417
2026-03-25 11:12:00,597.43,597.79,596.5,596.835,39720
2026-03-25 11:13:00,596.91,597.35,595.6,595.6801,45592
2026-03-25 11:14:00,595.8,595.9199,594.81,595.065,36359
2026-03-25 11:15:00,594.94,595.86,594.57,595.86,34802
2026-03-25 11:16:00,595.77,595.95,593.97,593.97,28637
2026-03-25 11:17:00,593.88,594.187,593.735,593.83,20556
2026-03-25 11:18:00,593.71,594.7599,593.63,594.24,16263
2026-03-25 11:19:00,594.25,594.92,594.23,594.495,9458
2026-03-25 11:20:00,594.4351,595.13,594.355,594.975,12262
2026-03-25 11:21:00,594.98,595.7938,594.81,595.235,14102
2026-03-25 11:22:00,595.23,596.7799,595.23,596.41,61719
2026-03-25 11:23:00,596.575,597.25,596.47,596.75,20398
2026-03-25 11:24:00,596.71,598.56,596.67,597.85,19282
2026-03-25 11:25:00,597.99,598.2,597.39,597.9,18888
2026-03-25 11:26:00,597.825,597.86,597.31,597.86,15636
2026-03-25 11:27:00,597.645,597.79,597.17,597.43,7533
2026-03-25 11:28:00,597.5,598.02,597.5,597.75,25847
2026-03-25 11:29:00,597.82,598.35,597.65,598.12,42526
2026-03-25 11:30:00,598.125,598.57,597.74,598.51,40192
2026-03-25 11:31:00,598.605,599.3,598.3708,599.26,40156
2026-03-25 11:32:00,599.14,599.17,598.53,598.6082,25225
2026-03-25 11:33:00,598.55,598.86,597.91,598.7,24387
2026-03-25 11:34:00,598.73,598.73,598.232,598.365,3546
2026-03-25 11:35:00,598.48,598.52,597.65,597.975,10776
2026-03-25 11:36:00,598.0425,598.2928,597.9,598.17,10131
2026-03-25 11:37:00,598.15,598.19,597.63,597.66,11945
2026-03-25 11:38:00,597.705,597.83,597.11,597.425,8249
2026-03-25 11:39:00,597.3979,597.665,597.2,597.4,9850
2026-03-25 11:40:00,597.43,598.6,597.4,598.245,17294
2026-03-25 11:41:00,598.27,598.36,597.9401,598.04,5791
2026-03-25 11:42:00,597.98,598.3,597.28,597.38,23251
2026-03-25 11:43:00,597.37,597.73,597.29,597.41,22047
2026-03-25 11:44:00,597.46,597.93,597.3474,597.8,9570
2026-03-25 11:45:00,597.8,598.12,597.67,597.7,12754
2026-03-25 11:46:00,597.83,598.05,597.67,597.93,7824
2026-03-25 11:47:00,597.9401,598.0392,597.64,597.86,9841
2026-03-25 11:48:00,597.84,598.07,597.5,597.995,13818
2026-03-25 11:49:00,597.99,598.0016,597.74,597.815,11617
2026-03-25 11:50:00,597.91,598.37,597.87,598,8624
2026-03-25 11:51:00,598,598.29,597.5601,598.29,12378
2026-03-25 11:52:00,598.26,598.27,597.7,597.985,15482
2026-03-25 11:53:00,597.965,598.5,597.72,598.27,44104
2026-03-25 11:54:00,598.24,598.79,598.1,598.59,12678
2026-03-25 11:55:00,598.94,599.93,598.71,599.11,26945
2026-03-25 11:56:00,599.07,599.5,598.99,599.5,15490
2026-03-25 11:57:00,599.48,599.86,599.225,599.225,10318
2026-03-25 11:58:00,599.37,599.71,599.22,599.31,14538
2026-03-25 11:59:00,599.39,599.46,598.945,599.325,5639
2026-03-25 12:00:00,599.4162,599.75,599.16,599.525,11872
2026-03-25 12:01:00,599.46,600,599.08,599.7125,28421
2026-03-25 12:02:00,599.6,600,599.35,599.44,13127
2026-03-25 12:03:00,599.34,599.75,599.14,599.35,8203
2026-03-25 12:04:00,599.22,599.5,599,599.33,5616
2026-03-25 12:05:00,599.33,599.34,598.63,599.04,15700
2026-03-25 12:06:00,599.0691,599.325,598.76,598.8,13650
2026-03-25 12:07:00,598.92,599.14,598.45,598.625,9313
2026-03-25 12:08:00,598.54,598.63,598.05,598.53,17199
2026-03-25 12:09:00,598.535,598.89,598.51,598.635,8110
2026-03-25 12:10:00,598.5,598.5,598,598.14,8719
2026-03-25 12:11:00,598.1,598.21,597.68,597.79,17052
2026-03-25 12:12:00,597.99,598.15,597.7,597.943,8398
2026-03-25 12:13:00,597.99,597.99,597.6201,597.82,4083
2026-03-25 12:14:00,597.75,598,597.74,597.755,9630
2026-03-25 12:15:00,597.72,597.89,597.38,597.49,11848
2026-03-25 12:16:00,597.5,597.71,597.41,597.5472,5884
2026-03-25 12:17:00,597.52,597.585,597.04,597.41,17012
2026-03-25 12:18:00,597.375,597.73,597.071,597.58,33279
2026-03-25 12:19:00,597.62,598.25,597.42,598.025,15251
2026-03-25 12:20:00,598.15,598.6198,598.08,598.28,13227
2026-03-25 12:21:00,598.19,598.46,597.8,597.8,6771
2026-03-25 12:22:00,598.2299,598.2299,597.63,598.17,7706
2026-03-25 12:23:00,598.0406,598.8698,598.03,598.1125,7927
2026-03-25 12:24:00,598.155,598.88,597.762,598.88,12480
2026-03-25 12:25:00,598.89,599.37,598.745,598.91,26056
2026-03-25 12:26:00,598.72,599.37,598.125,599.13,82839
2026-03-25 12:27:00,599.069,599.37,598.74,598.89,63006
2026-03-25 12:28:00,598.74,599.11,598.54,598.9051,18022
2026-03-25 12:29:00,598.9208,598.955,598.4,598.6899,7553
2026-03-25 12:30:00,598.57,598.9,598.126,598.62,5364
2026-03-25 12:31:00,598.73,599.2,598.71,599.2,3497
2026-03-25 12:32:00,599.095,599.095,598.666,599,7557
2026-03-25 12:33:00,598.94,599.17,598.72,599.1,6725
2026-03-25 12:34:00,599.09,599.23,598.91,599.09,6899
2026-03-25 12:35:00,599.075,599.82,599.005,599.26,21343
2026-03-25 12:36:00,599.325,599.5999,598.98,599.44,5686
2026-03-25 12:37:00,599.44,599.58,599.35,599.53,3781
2026-03-25 12:38:00,599.54,599.54,598.9536,599.195,5714
2026-03-25 12:39:00,599.28,599.46,599.28,599.3101,5575
2026-03-25 12:40:00,599.415,599.6,599.12,599.325,5710
2026-03-25 12:41:00,599.21,599.42,599.03,599.125,3845
2026-03-25 12:42:00,599.125,599.37,598.8,598.9,8411
2026-03-25 12:43:00,598.795,599.1499,598.5741,599.1499,4422
2026-03-25 12:44:00,599.06,599.0999,598.77,598.875,1985
2026-03-25 12:45:00,598.885,598.95,598.69,598.81,5620
2026-03-25 12:46:00,598.88,599.02,598.7,598.945,4538
2026-03-25 12:47:00,599.02,599.02,598.51,598.74,4571
2026-03-25 12:48:00,598.8299,599.04,598.55,598.56,7261
2026-03-25 12:49:00,598.605,598.82,598.51,598.81,4190
2026-03-25 12:50:00,598.755,598.755,598.23,598.35,2763
2026-03-25 12:51:00,598.46,598.7,598.24,598.3202,4721
2026-03-25 12:52:00,598.22,598.5,598.03,598.4,8007
2026-03-25 12:53:00,598.52,598.69,598.31,598.64,4991
2026-03-25 12:54:00,598.7,599.4,598.7,599.109,7941
2026-03-25 12:55:00,599.04,599.14,598.7101,598.95,3544
2026-03-25 12:56:00,598.92,599.03,598.685,598.735,3512
2026-03-25 12:57:00,598.735,598.83,598.62,598.695,4819
2026-03-25 12:58:00,598.695,598.8,598.4601,598.6,3630
2026-03-25 12:59:00,598.6,598.82,598.5,598.64,6386
2026-03-25 13:00:00,598.64,598.745,598.5201,598.565,5532
2026-03-25 13:01:00,598.62,598.85,598.5,598.8,8606
2026-03-25 13:02:00,598.81,598.95,597.84,598.08,18766
2026-03-25 13:03:00,598.06,598.23,597.6302,597.6302,27548
2026-03-25 13:04:00,597.805,598.02,597.34,597.7751,8814
2026-03-25 13:05:00,597.775,597.775,596.87,597.04,21810
2026-03-25 13:06:00,597.095,597.6701,597.01,597.56,4538
2026-03-25 13:07:00,597.59,597.6099,597.24,597.335,4920
2026-03-25 13:08:00,597.42,597.5296,597.28,597.37,3285
2026-03-25 13:09:00,597.4077,597.58,597.24,597.24,9567
2026-03-25 13:10:00,597.389,597.53,597.09,597.455,8032
2026-03-25 13:11:00,597.38,597.79,597.28,597.73,9893
2026-03-25 13:12:00,597.64,597.97,597.4101,597.875,10357
2026-03-25 13:13:00,597.875,598.36,597.82,598.32,11594
2026-03-25 13:14:00,598.36,598.52,598.02,598.295,11486
2026-03-25 13:15:00,598.29,598.35,597.8001,597.92,8054
2026-03-25 13:16:00,597.915,598.0799,597.5301,597.75,3357
2026-03-25 13:17:00,597.67,598.47,597.58,598.34,6859
2026-03-25 13:18:00,598.27,598.79,598.1101,598.183,7095
2026-03-25 13:19:00,598.225,598.83,597.84,598.22,24835
2026-03-25 13:20:00,598.19,598.38,597.35,598.11,45743
2026-03-25 13:21:00,598.09,598.79,598.01,598.645,10322
2026-03-25 13:22:00,598.66,599.18,598.25,598.39,19181
2026-03-25 13:23:00,598.52,598.96,598.27,598.73,17011
2026-03-25 13:24:00,598.64,598.64,598.25,598.42,4563
2026-03-25 13:25:00,598.42,599.6,598.33,599.36,16723
2026-03-25 13:26:00,599.5035,600.45,599.39,600.45,49480
2026-03-25 13:27:00,600.34,601.34,600.185,601.31,29018
2026-03-25 13:28:00,601.27,602.56,601.14,601.325,75870
2026-03-25 13:29:00,601.34,601.7299,600.88,601.425,36752
2026-03-25 13:30:00,601.48,601.71,600.0702,600.14,84444
2026-03-25 13:31:00,600.14,600.56,599.4701,599.82,34046
2026-03-25 13:32:00,599.88,600.1,599.5,599.89,17754
2026-03-25 13:33:00,599.89,600.545,599.68,600.34,24702
2026-03-25 13:34:00,600.37,600.5899,600.3092,600.32,16426
2026-03-25 13:35:00,600.315,600.6,600.0501,600.1258,15923
2026-03-25 13:36:00,600.125,600.42,600.125,600.375,10115
2026-03-25 13:37:00,600.3,600.72,600.17,600.615,14978
2026-03-25 13:38:00,600.61,600.61,600.3001,600.43,12751
2026-03-25 13:39:00,600.395,600.55,600.12,600.39,17016
2026-03-25 13:40:00,600.31,601.25,600.23,601.055,49327
2026-03-25 13:41:00,601.105,601.11,600.25,600.45,27591
2026-03-25 13:42:00,600.46,600.47,599.88,600.13,11361
2026-03-25 13:43:00,600.12,601.44,600.12,600.54,14484
2026-03-25 13:44:00,600.52,600.52,600.17,600.28,5607
2026-03-25 13:45:00,600.36,600.37,599.94,600.125,12233
2026-03-25 13:46:00,600.19,600.29,600,600.15,8842
2026-03-25 13:47:00,600.14,600.4,599.8901,600.015,12923
2026-03-25 13:48:00,600.02,600.14,599.66,599.845,12598
2026-03-25 13:49:00,599.85,600.02,599.49,599.49,15245
2026-03-25 13:50:00,599.5384,599.8399,599.12,599.655,15953
2026-03-25 13:51:00,599.76,599.76,599.475,599.76,4179
2026-03-25 13:52:00,599.77,600.56,599.46,599.5,10857
2026-03-25 13:53:00,599.51,599.73,599.11,599.615,4551
2026-03-25 13:54:00,599.635,599.84,599.29,599.35,12110
2026-03-25 13:55:00,599.295,599.53,599.09,599.4,12496
2026-03-25 13:56:00,599.32,599.38,599.051,599.34,7741
2026-03-25 13:57:00,599.21,599.42,599.1201,599.305,7096
2026-03-25 13:58:00,599.305,599.895,598.85,599.29,49075
2026-03-25 13:59:00,599.13,599.36,599.01,599.36,10066
2026-03-25 14:00:00,599.3,599.58,598.85,598.905,24589
2026-03-25 14:01:00,598.9,599.03,598.22,598.655,45432
2026-03-25 14:02:00,598.69,599,598.505,598.81,11956
2026-03-25 14:03:00,598.9,599.03,598.47,598.665,23365
2026-03-25 14:04:00,598.665,598.81,598.635,598.81,8814
2026-03-25 14:05:00,598.735,599.1,598.46,598.6,26161
2026-03-25 14:06:00,598.6,598.62,598.31,598.345,12953
2026-03-25 14:07:00,598.41,598.41,597.31,597.45,17754
2026-03-25 14:08:00,597.45,597.51,596.3807,596.5608,50403
2026-03-25 14:09:00,596.635,596.97,596.5,596.83,21149
2026-03-25 14:10:00,596.87,597.11,596.72,596.83,14778
2026-03-25 14:11:00,596.83,597.08,596.52,596.66,11721
2026-03-25 14:12:00,596.74,596.76,596.5,596.6651,15367
2026-03-25 14:13:00,596.665,596.94,596.5,596.87,6182
2026-03-25 14:14:00,596.87,597.1,596.775,597.035,16999
2026-03-25 14:15:00,597.035,597.035,596.8,596.82,6741
2026-03-25 14:16:00,596.88,597.2,596.79,597.1651,14036
2026-03-25 14:17:00,597.165,597.46,596.7675,597.34,9884
2026-03-25 14:18:00,597.29,597.29,596.83,597.07,5871
2026-03-25 14:19:00,597.045,597.11,596.78,596.86,6204
2026-03-25 14:20:00,596.93,597.25,596.8202,597.1225,8362
2026-03-25 14:21:00,597.12,597.275,596.8,597.265,6498
2026-03-25 14:22:00,597.255,597.49,597.145,597.375,5408
2026-03-25 14:23:00,597.37,597.44,597.25,597.315,7392
2026-03-25 14:24:00,597.32,597.48,597.17,597.475,13853
2026-03-25 14:25:00,597.48,597.56,597.36,597.43,9401
2026-03-25 14:26:00,597.52,597.6,597.195,597.285,6154
2026-03-25 14:27:00,597.35,597.57,597.26,597.35,5320
2026-03-25 14:28:00,597.27,597.31,596.78,596.885,6573
2026-03-25 14:29:00,596.84,596.895,596.53,596.575,6682
2026-03-25 14:30:00,596.61,596.76,596.5,596.5933,11552
2026-03-25 14:31:00,596.57,596.6,596.16,596.35,27418
2026-03-25 14:32:00,596.385,596.9,596.385,596.745,5587
2026-03-25 14:33:00,596.68,597.175,596.55,597.175,12475
2026-03-25 14:34:00,597.09,597.74,597.09,597.64,21431
2026-03-25 14:35:00,597.64,597.73,597.24,597.62,18970
2026-03-25 14:36:00,597.6899,597.6899,597.4452,597.615,10287
2026-03-25 14:37:00,597.615,597.7,597.43,597.445,14659
2026-03-25 14:38:00,597.4425,597.56,597.34,597.52,9326
2026-03-25 14:39:00,597.54,597.67,597.44,597.455,12655
2026-03-25 14:40:00,597.53,598.11,597.44,597.94,65241
2026-03-25 14:41:00,597.945,598.205,597.755,598.13,36443
2026-03-25 14:42:00,598.15,598.36,598,598.305,36897
2026-03-25 14:43:00,598.305,598.5,597.835,598.165,62460
2026-03-25 14:44:00,598.165,598.38,597.81,598.035,14369
2026-03-25 14:45:00,598.03,598.4,597.72,598.15,12129
2026-03-25 14:46:00,598.25,598.9,598.25,598.8,10682
2026-03-25 14:47:00,598.73,598.95,598.49,598.6882,24886
2026-03-25 14:48:00,598.675,598.7,598,598,33603
2026-03-25 14:49:00,598.055,598.22,597.545,597.62,19463
2026-03-25 14:50:00,597.62,597.98,597.49,597.51,11057
2026-03-25 14:51:00,597.61,597.93,597.46,597.48,21399
2026-03-25 14:52:00,597.55,597.87,597.27,597.59,36993
2026-03-25 14:53:00,597.595,597.595,597.29,597.425,5104
2026-03-25 14:54:00,597.47,597.5299,596.92,597.015,9327
2026-03-25 14:55:00,597.01,597.06,595.38,595.44,23697
2026-03-25 14:56:00,595.485,595.91,595.31,595.525,18782
2026-03-25 14:57:00,595.64,595.87,595.41,595.74,17274
2026-03-25 14:58:00,595.685,596.565,595.66,596.2,36373
2026-03-25 14:59:00,596.25,596.305,595.62,595.67,9313
2026-03-25 15:00:00,595.745,595.745,594.58,594.695,51380
2026-03-25 15:01:00,594.76,594.92,594.42,594.525,25653
2026-03-25 15:02:00,594.52,594.65,594.21,594.475,26262
2026-03-25 15:03:00,594.37,594.48,593.82,594.14,27656
2026-03-25 15:04:00,594.14,594.59,594.1101,594.59,15886
2026-03-25 15:05:00,594.6,594.72,594.48,594.58,20209
2026-03-25 15:06:00,594.595,594.66,594.1701,594.32,10113
2026-03-25 15:07:00,594.36,594.6,594.19,594.365,11890
2026-03-25 15:08:00,594.33,594.61,594.26,594.51,15343
2026-03-25 15:09:00,594.51,594.72,594.43,594.635,12098
2026-03-25 15:10:00,594.635,594.69,594.47,594.58,16212
2026-03-25 15:11:00,594.59,594.8299,594.22,594.37,21250
2026-03-25 15:12:00,594.305,594.305,593.75,593.975,18569
2026-03-25 15:13:00,593.975,594.33,593.7501,594.165,27736
2026-03-25 15:14:00,594.2,594.73,593.835,594.72,14282
2026-03-25 15:15:00,594.6,595.47,594.495,595.25,16758
2026-03-25 15:16:00,595.42,595.48,595.065,595.13,16038
2026-03-25 15:17:00,595.13,595.5,595,595.405,10492
2026-03-25 15:18:00,595.385,595.45,595.14,595.16,8109
2026-03-25 15:19:00,595.215,595.73,595.16,595.7,18419
2026-03-25 15:20:00,595.55,596.04,595.23,595.9,16637
2026-03-25 15:21:00,595.86,595.94,595.25,595.46,13826
2026-03-25 15:22:00,595.5,595.5,595.12,595.325,9458
2026-03-25 15:23:00,595.34,595.66,595.27,595.66,7275
2026-03-25 15:24:00,595.64,595.66,595.42,595.54,11024
2026-03-25 15:25:00,595.535,595.64,595.25,595.25,8088
2026-03-25 15:26:00,595.3202,595.46,595.02,595.12,7832
2026-03-25 15:27:00,595.13,595.35,595.02,595.165,11196
2026-03-25 15:28:00,595.165,596.03,595.095,595.985,30715
2026-03-25 15:29:00,596.02,596.47,595.75,595.93,60331
2026-03-25 15:30:00,595.88,595.91,595.5,595.81,13286
2026-03-25 15:31:00,595.75,595.83,595.49,595.645,11805
2026-03-25 15:32:00,595.61,595.72,595.19,595.3838,27531
2026-03-25 15:33:00,595.49,595.67,595.35,595.4101,10295
2026-03-25 15:34:00,595.41,595.515,595.18,595.38,11604
2026-03-25 15:35:00,595.38,595.5432,595.05,595.06,12687
2026-03-25 15:36:00,595.1388,595.22,594.8,594.85,11259
2026-03-25 15:37:00,594.845,595.06,594.73,594.935,18805
2026-03-25 15:38:00,595.01,595.2263,594.84,594.91,17797
2026-03-25 15:39:00,594.91,595.19,594.905,595.03,8309
2026-03-25 15:40:00,594.97,595.16,594.86,594.96,22932
2026-03-25 15:41:00,594.91,595.29,594.75,595.22,21790
2026-03-25 15:42:00,595.205,595.4,594.98,595.14,21754
2026-03-25 15:43:00,595.19,595.23,595,595.05,12438
2026-03-25 15:44:00,595.05,595.075,594.69,594.79,24724
2026-03-25 15:45:00,594.8,594.8,594.51,594.625,14144
2026-03-25 15:46:00,594.62,594.78,594.49,594.615,28354
2026-03-25 15:47:00,594.645,594.75,594.42,594.45,11501
2026-03-25 15:48:00,594.43,594.7,594.37,594.64,16473
2026-03-25 15:49:00,594.65,594.78,594.12,594.12,16186
2026-03-25 15:50:00,594.23,594.73,593.8,594.63,44303
2026-03-25 15:51:00,594.67,595.04,594.5,594.92,46332
2026-03-25 15:52:00,594.92,595.48,594.78,595.3424,38132
2026-03-25 15:53:00,595.385,595.84,594.98,595.79,41937
2026-03-25 15:54:00,595.81,595.81,593.4,594.07,63475
2026-03-25 15:55:00,594.13,594.88,593.99,594.37,54779
2026-03-25 15:56:00,594.36,594.54,593.72,594.54,75760
2026-03-25 15:57:00,594.51,594.6985,594.27,594.62,83842
2026-03-25 15:58:00,594.62,594.75,594.26,594.67,85761
2026-03-25 15:59:00,594.66,595,594.52,594.95,178820
2026-03-25 16:00:00,594.96,595,594.89,595,1137731
2026-03-25 16:01:00,595.43,595.43,595.22,595.22,426
2026-03-25 16:02:00,595.25,595.42,595.2,595.42,255
2026-03-25 16:03:00,595.42,595.42,595.42,595.42,170
2026-03-25 16:04:00,595.27,595.27,595.12,595.12,97
2026-03-25 16:05:00,595.36,595.36,595.1,595.12,550
2026-03-25 16:06:00,595.11,595.32,595.11,595.2,3161
2026-03-25 16:07:00,595.21,595.21,595.2,595.2,500
2026-03-25 16:08:00,595.25,595.3249,595,595,1921
2026-03-25 16:09:00,594.89,595.18,594.89,595.18,6129
2026-03-25 16:11:00,595.07,595.07,595.04,595.04,191
2026-03-25 16:12:00,595.09,595.2,595.08,595.2,753
2026-03-25 16:13:00,595.36,595.6,595.36,595.56,1175
2026-03-25 16:14:00,595.51,595.64,595.51,595.64,491
2026-03-25 16:15:00,595.7697,595.7697,595.7697,595.7697,200
2026-03-25 16:16:00,594.89,595.7562,594.89,595.7562,205
2026-03-25 16:18:00,595.658,596.3,595.658,596.3,1934
2026-03-25 16:19:00,596.23,596.3,596.22,596.22,240
2026-03-25 16:20:00,596.21,596.23,596.21,596.23,140
2026-03-25 16:21:00,596.02,596.02,595.75,595.79,206
2026-03-25 16:22:00,595.95,596.06,595.95,596.01,4884
2026-03-25 16:23:00,596.06,596.06,596,596.06,1611
2026-03-25 16:24:00,596,596,595.5429,595.5429,1669
2026-03-25 16:26:00,595.52,595.52,595.5,595.5,114
2026-03-25 16:27:00,595.35,595.35,595.32,595.34,349
2026-03-25 16:28:00,595.01,595.78,595.01,595.78,100
2026-03-25 16:29:00,595.2266,595.2266,595,595,200
2026-03-25 16:30:00,595.25,595.4,595.25,595.4,257
2026-03-25 16:31:00,595.2,595.2,595.2,595.2,501
2026-03-25 16:32:00,595.2,595.2,595.0001,595.0001,99
2026-03-25 16:33:00,595.38,595.74,595.38,595.74,360
2026-03-25 16:35:00,595.69,596.08,595.07,595.07,2297
2026-03-25 16:36:00,595.16,595.16,595.16,595.16,96
2026-03-25 16:37:00,595.21,595.65,595.18,595.65,4954
2026-03-25 16:38:00,595.99,595.99,595.99,595.99,50
2026-03-25 16:43:00,595.1529,595.3,595,595,799
2026-03-25 16:45:00,595.32,595.32,595.3,595.3,1448
2026-03-25 16:46:00,595.24,595.24,595.24,595.24,57
2026-03-25 16:48:00,595,595.1,595,595.1,2074
2026-03-25 16:49:00,595.11,595.1356,595.11,595.1356,149
2026-03-25 16:50:00,595.12,595.12,595.12,595.12,58
2026-03-25 16:53:00,595.2406,595.2406,595.2406,595.2406,50
2026-03-25 16:54:00,595.39,595.39,595.39,595.39,100
2026-03-25 16:55:00,595.15,595.4,595.15,595.4,266
2026-03-25 16:56:00,595.43,595.43,595.2506,595.2506,239
2026-03-25 16:57:00,595.25,595.26,595.25,595.26,179
2026-03-25 16:58:00,595.4,595.4,595.4,595.4,166
2026-03-25 16:59:00,595.4,595.9,595.4,595.9,302
2026-03-25 17:00:00,595.42,595.42,595.42,595.42,40
2026-03-25 17:01:00,595.25,595.25,595.25,595.25,50
2026-03-25 17:02:00,595.26,595.4,595.26,595.4,413
2026-03-25 17:03:00,595.2694,595.2694,595.25,595.25,147
2026-03-25 17:06:00,595.21,595.29,595.1,595.1,1767
2026-03-25 17:07:00,595.11,595.11,595.1,595.1,140
2026-03-25 17:13:00,595.13,595.15,594.89,594.89,1529
2026-03-25 17:14:00,594.89,594.9,594.89,594.9,3208
2026-03-25 17:15:00,595.03,595.03,595.03,595.03,40
2026-03-25 17:18:00,595.02,595.02,594.8917,594.8917,178
2026-03-25 17:19:00,594.95,595.25,594.95,595.075,1416
2026-03-25 17:23:00,595.08,595.08,595,595,109
2026-03-25 17:26:00,594.95,594.95,594.95,594.95,71
2026-03-25 17:27:00,595,595,595,595,110
2026-03-25 17:29:00,595.02,595.03,595,595,1532
2026-03-25 17:30:00,595.05,595.05,595.05,595.05,78
2026-03-25 17:32:00,594.99,594.99,594.99,594.99,164
2026-03-25 17:35:00,594.9872,594.9872,594.9872,594.9872,72
2026-03-25 17:37:00,594.9848,594.989,594.9848,594.989,155
2026-03-25 17:38:00,594.97,594.97,594.97,594.97,40
2026-03-25 17:39:00,594.97,594.97,594.97,594.97,110
2026-03-25 17:43:00,594.9883,594.9883,594.9883,594.9883,50
2026-03-25 17:51:00,594.99,594.99,594.99,594.99,68
2026-03-25 17:52:00,594.99,594.99,594.99,594.99,400
2026-03-25 17:57:00,594.99,595.3015,594.99,595.3015,315
2026-03-25 18:00:00,594.91,594.91,594.91,594.91,81
2026-03-25 18:02:00,595.08,595.08,594.88,594.88,400
2026-03-25 18:03:00,594.74,594.74,594.74,594.74,76
2026-03-25 18:05:00,594.7,594.7,594.7,594.7,50
2026-03-25 18:10:00,594.5,594.52,594.5,594.52,230
2026-03-25 18:11:00,594.29,594.8,594.29,594.8,179
2026-03-25 18:12:00,594.8258,594.8258,594.13,594.13,250
2026-03-25 18:15:00,594.48,594.48,594.48,594.48,200
2026-03-25 18:21:00,594.21,594.44,594.21,594.44,1082
2026-03-25 18:30:00,594.21,594.21,594.11,594.11,298
2026-03-25 18:32:00,594.1,594.1,594.1,594.1,67
2026-03-25 18:33:00,594.04,594.04,594,594,261
2026-03-25 18:35:00,594.11,594.11,594.11,594.11,41
2026-03-25 18:36:00,594.07,594.18,594.05,594.18,130
2026-03-25 18:43:00,594.3,594.3,594.3,594.3,60
2026-03-25 18:44:00,594.3,594.3,594.3,594.3,85
2026-03-25 18:45:00,594.5,594.5,594.4999,594.4999,664
2026-03-25 18:48:00,594.5,594.5,594.5,594.5,500
2026-03-25 18:51:00,594.4,594.4,594.4,594.4,49
2026-03-25 18:55:00,594.1,594.1,594,594,390
2026-03-25 18:56:00,593.8007,593.8007,593.8,593.8,378
2026-03-25 18:58:00,593.7735,593.7735,593.7,593.7,142
2026-03-25 18:59:00,593.63,593.63,593.63,593.63,149
2026-03-25 19:02:00,593.79,593.79,593.7,593.7,159
2026-03-25 19:03:00,593.4,593.4,593.4,593.4,99
2026-03-25 19:04:00,593.74,593.74,593.74,593.74,40
2026-03-25 19:13:00,593.421,593.421,593.37,593.42,1906
2026-03-25 19:14:00,593.4975,593.4975,593.37,593.37,80
2026-03-25 19:15:00,593.35,593.37,593.35,593.37,280
2026-03-25 19:18:00,593.38,593.4001,593.06,593.06,2114
2026-03-25 19:19:00,593.08,593.15,592.9,592.9,759
2026-03-25 19:20:00,592.85,592.85,592.4,592.4,475
2026-03-25 19:21:00,592.4,592.4,592.17,592.29,1281
2026-03-25 19:22:00,592.28,592.29,592.126,592.126,274
2026-03-25 19:23:00,592.1,592.5,591.6,592.3,3896
2026-03-25 19:24:00,591.615,591.615,591.615,591.615,159
2026-03-25 19:25:00,592,592,592,592,80
2026-03-25 19:26:00,591.75,591.99,591.11,591.99,1420
2026-03-25 19:27:00,591.75,591.75,591.75,591.75,44
2026-03-25 19:28:00,592,592.24,591.9,592.24,2226
2026-03-25 19:29:00,592.03,592.25,592.03,592.25,105
2026-03-25 19:30:00,592,592.24,592,592.24,110
2026-03-25 19:31:00,592.25,592.78,592.25,592.78,80
2026-03-25 19:32:00,592.52,592.8924,592.5,592.8924,528
2026-03-25 19:33:00,592.5,592.5,592.5,592.5,50
2026-03-25 19:37:00,592.6962,592.6962,592.6962,592.6962,200
2026-03-25 19:38:00,592.43,592.43,592,592.1048,450
2026-03-25 19:40:00,592.1,592.1,592.1,592.1,40
2026-03-25 19:41:00,592.15,592.15,592.15,592.15,275
2026-03-25 19:42:00,592.2,592.2,592.09,592.09,137
2026-03-25 19:43:00,592,592.25,592,592.25,190
2026-03-25 19:44:00,592,592,591.8,591.8,170
2026-03-25 19:47:00,591.5816,591.5816,591.5816,591.5816,50
2026-03-25 19:48:00,592.22,592.22,592.22,592.22,40
2026-03-25 19:49:00,592.5,592.5,592.5,592.5,100
2026-03-25 19:53:00,592.3,592.3,592.0001,592.0001,307
2026-03-25 19:54:00,592.5,592.5,592.48,592.5,921
2026-03-25 19:55:00,592.1782,592.1782,592.1782,592.1782,50
2026-03-25 19:56:00,592.34,592.5,592.34,592.5,550
2026-03-25 19:57:00,592.66,592.66,592.66,592.66,50
2026-03-25 19:58:00,592.5,592.5,592.5,592.5,50
2026-03-25 19:59:00,592.5,592.5,592.1119,592.1119,300
2026-03-26 04:00:00,592,594.16,592,593,702
2026-03-26 04:01:00,593.02,593.02,593,593,84
2026-03-26 04:05:00,593.09,593.09,593.09,593.09,40
2026-03-26 04:13:00,592,592,592,592,993
2026-03-26 04:16:00,591.16,591.41,591.16,591.41,90
2026-03-26 04:31:00,591.25,591.25,591.25,591.25,100
2026-03-26 04:35:00,591.24,591.24,591.24,591.24,454
2026-03-26 04:36:00,591.24,591.24,591.24,591.24,448
2026-03-26 04:37:00,591.03,591.05,590.88,590.88,1366
2026-03-26 04:39:00,591.39,591.39,591.39,591.39,40
2026-03-26 04:40:00,591.19,591.2,591.19,591.2,160
2026-03-26 04:41:00,591.01,591.01,590.7,590.7,319
2026-03-26 04:43:00,590.6,590.6,590.5,590.5,360
2026-03-26 04:44:00,590,590,589.97,590,1688
2026-03-26 04:46:00,589.81,590,589.8,590,411
2026-03-26 04:50:00,589.15,589.15,589.01,589.01,298
2026-03-26 04:51:00,589.7,590,589.7,590,890
2026-03-26 04:55:00,590,590,590,590,500
2026-03-26 04:57:00,590.35,590.35,590.35,590.35,300
2026-03-26 05:02:00,589.54,589.54,588.09,588.09,1322
2026-03-26 05:08:00,589.1,589.1,589,589,499
2026-03-26 05:16:00,588.8,588.8,588.8,588.8,89
2026-03-26 05:18:00,588.7,588.7,588.7,588.7,171
2026-03-26 05:20:00,588.5,588.5,588.5,588.5,748
2026-03-26 05:22:00,588.47,588.5,588.47,588.5,282
2026-03-26 05:24:00,588.5,588.5,588.32,588.32,300
2026-03-26 05:26:00,588.3,588.3,588.3,588.3,50
2026-03-26 05:29:00,588.25,588.25,588.25,588.25,93
2026-03-26 05:30:00,588,588,587.4,587.5,418
2026-03-26 05:32:00,587.2,587.29,587.2,587.2,1841
2026-03-26 05:35:00,587.53,587.53,587.53,587.53,73
2026-03-26 05:39:00,588.07,588.07,587.5,587.5,412
2026-03-26 05:40:00,587.47,587.5,587.47,587.5,1020
2026-03-26 05:41:00,587.45,587.45,587.45,587.45,40
2026-03-26 05:42:00,587.49,587.49,587.49,587.49,44
2026-03-26 05:44:00,587.22,587.22,587,587,200
2026-03-26 05:45:00,586.8,586.8,586.74,586.74,140
2026-03-26 05:47:00,587.06,587.06,587.06,587.06,868
2026-03-26 05:48:00,587.1,587.32,587.1,587.32,99
2026-03-26 05:50:00,587.16,587.16,586.74,586.75,1780
2026-03-26 05:54:00,587.21,587.24,587.21,587.24,90
2026-03-26 05:55:00,587.3,588.2,587.3,588.2,765
2026-03-26 05:57:00,588,588,588,588,474
2026-03-26 06:01:00,587.3,587.3,586.86,586.86,666
2026-03-26 06:05:00,587.39,588,587.39,588,640
2026-03-26 06:06:00,588.03,588.03,587.03,587.03,350
2026-03-26 06:09:00,588.03,588.03,588.03,588.03,40
2026-03-26 06:10:00,588.09,588.09,588.09,588.09,47
2026-03-26 06:14:00,588.81,588.81,588.81,588.81,50
2026-03-26 06:17:00,588.78,588.78,588.78,588.78,198
2026-03-26 06:18:00,588.6,588.6,588.6,588.6,131
2026-03-26 06:19:00,588.5,588.5,588.5,588.5,42
2026-03-26 06:20:00,588.36,588.36,588.35,588.35,104
2026-03-26 06:28:00,589,589.63,589,589.63,1242
2026-03-26 06:39:00,588.52,588.52,588.52,588.52,96
2026-03-26 06:40:00,588,588,588,588,199
2026-03-26 06:50:00,588.5,588.5,588.5,588.5,41
2026-03-26 06:51:00,588.5,588.5,588.5,588.5,100
2026-03-26 06:53:00,588.09,588.09,587.97,587.97,400
2026-03-26 06:55:00,587.57,587.57,587.5,587.5,866
2026-03-26 06:56:00,587.97,588,587.97,588,210
2026-03-26 06:58:00,588,588,587.92,587.99,3820
2026-03-26 06:59:00,588,588,588,588,360
2026-03-26 07:00:00,588.43,588.8,587.5,587.5,746
2026-03-26 07:01:00,587.59,587.59,587.59,587.59,40
2026-03-26 07:02:00,587.52,587.52,587.52,587.52,50
2026-03-26 07:03:00,587.65,587.65,587.65,587.65,1943
2026-03-26 07:06:00,588,588,588,588,70
2026-03-26 07:07:00,587.97,587.97,587.9,587.9,136
2026-03-26 07:09:00,588.47,588.47,588.47,588.47,52
2026-03-26 07:10:00,588.18,588.18,588.18,588.18,100
2026-03-26 07:11:00,587.8,587.8,587.8,587.8,175
2026-03-26 07:12:00,588.27,588.27,588.27,588.27,100
2026-03-26 07:13:00,587.9,587.9,587.9,587.9,100
2026-03-26 07:17:00,587.58,587.61,587.58,587.61,120
2026-03-26 07:18:00,587.68,587.68,587.68,587.68,151
2026-03-26 07:23:00,587.8,587.8,587.28,587.28,485
2026-03-26 07:25:00,587.17,587.17,586.99,586.99,481
2026-03-26 07:26:00,587.09,587.09,586.8,586.8,130
2026-03-26 07:27:00,586.63,586.7,586.18,586.7,747
2026-03-26 07:28:00,586.93,586.94,586.93,586.94,120
2026-03-26 07:29:00,587,587.03,587,587.03,89
2026-03-26 07:31:00,587,587,587,587,90
2026-03-26 07:32:00,587,587.16,587,587.16,224
2026-03-26 07:34:00,587.2,587.2,587.2,587.2,151
2026-03-26 07:35:00,587.04,587.04,587.04,587.04,160
2026-03-26 07:37:00,587,587,586.9,586.93,248
2026-03-26 07:38:00,587.01,587.01,586.83,586.83,248
2026-03-26 07:39:00,586.87,586.87,586.87,586.87,60
2026-03-26 07:41:00,586.5,586.5,586.5,586.5,44
2026-03-26 07:42:00,586.3,586.52,586.3,586.5,535
2026-03-26 07:43:00,586.35,586.35,586.35,586.35,50
2026-03-26 07:44:00,586.3,586.3,586.3,586.3,270
2026-03-26 07:45:00,586.2,586.2,586.1,586.2,1191
2026-03-26 07:46:00,586.04,586.04,585.68,585.68,881
2026-03-26 07:49:00,585.75,585.75,585.75,585.75,159
2026-03-26 07:50:00,585.97,585.97,585.97,585.97,40
2026-03-26 07:52:00,585.74,585.74,585.74,585.74,91
2026-03-26 07:53:00,585.77,585.77,585.74,585.74,129
2026-03-26 07:54:00,586.15,586.15,586.15,586.15,50
2026-03-26 07:59:00,585.74,585.74,585.7,585.7,204
2026-03-26 08:00:00,585.9,591.1736,585.55,585.8,23872
2026-03-26 08:01:00,591.99,594.1,585.69,585.8065,7768
2026-03-26 08:02:00,585.73,585.73,585.72,585.72,108
2026-03-26 08:03:00,585.72,585.98,585.601,585.601,780
2026-03-26 08:04:00,586,586,585.8,585.91,310
2026-03-26 08:05:00,586,586,586,586,174
2026-03-26 08:06:00,586.4,586.4,586.4,586.4,500
2026-03-26 08:07:00,586.01,592.6,586.01,586.5,584
2026-03-26 08:09:00,586.391,587,586.391,587,784
2026-03-26 08:10:00,586.61,586.61,586.61,586.61,200
2026-03-26 08:11:00,586.91,586.91,586.85,586.85,169
2026-03-26 08:13:00,586.86,586.86,586.75,586.75,213
2026-03-26 08:14:00,586.99,587.838,586.99,587.838,3074
2026-03-26 08:15:00,586.95,586.95,586.95,586.95,100
2026-03-26 08:16:00,587.12,587.12,586.8,586.8,254
2026-03-26 08:17:00,586.77,586.8,586.77,586.8,84
2026-03-26 08:18:00,586.65,586.88,586.65,586.88,744
2026-03-26 08:19:00,586.7,586.7,586.7,586.7,47
2026-03-26 08:20:00,586.5,586.5,586.5,586.5,180
2026-03-26 08:21:00,586.4,586.4,586.4,586.4,360
2026-03-26 08:22:00,586.6,586.6,586.2432,586.2432,200
2026-03-26 08:23:00,586.2509,586.8,586.2509,586.8,1090
2026-03-26 08:24:00,586.53,586.8,586.53,586.8,253
2026-03-26 08:25:00,586.65,586.65,586.65,586.65,89
2026-03-26 08:26:00,586.61,586.61,586.58,586.58,362
2026-03-26 08:28:00,586.5,586.5,586.5,586.5,100
2026-03-26 08:29:00,586.4806,586.4806,586.35,586.35,90
2026-03-26 08:30:00,586.16,586.16,585.5,585.6738,750
2026-03-26 08:31:00,585.96,586,585.7068,585.7068,303
2026-03-26 08:32:00,586.16,586.16,585.9,586.16,191
2026-03-26 08:33:00,585.9,585.9,585.9,585.9,559
2026-03-26 08:34:00,585.83,585.83,585.58,585.58,184
2026-03-26 08:35:00,585.8,585.8,584.38,584.38,6381
2026-03-26 08:36:00,584.55,584.55,584.3933,584.5,1217
2026-03-26 08:37:00,584.47,585,584.41,584.98,1737
2026-03-26 08:38:00,584.99,585.2,584.5,584.5,2392
2026-03-26 08:39:00,585.2,585.2,585,585.1,1103
2026-03-26 08:40:00,585.219,585.219,584.79,584.79,842
2026-03-26 08:41:00,584.67,584.8,583.97,584.05,5376
2026-03-26 08:42:00,583.94,584.47,583.89,584.47,907
2026-03-26 08:43:00,585,585,584.5,584.7,356
2026-03-26 08:44:00,584.8278,584.88,584.34,584.34,970
2026-03-26 08:45:00,584.7699,584.89,584.3768,584.89,908
2026-03-26 08:46:00,585,585.02,584.5824,585.02,1283
2026-03-26 08:47:00,585.02,585.1,584.7,584.7,1554
2026-03-26 08:48:00,584.4,584.5188,584.31,584.31,534
2026-03-26 08:49:00,584.5218,584.522,584,584.01,1607
2026-03-26 08:50:00,584.39,584.39,584.39,584.39,43
2026-03-26 08:51:00,584.55,584.55,584.3,584.416,1230
2026-03-26 08:52:00,584.21,584.55,584.1,584.1,780
2026-03-26 08:53:00,584,584,583.68,583.68,2804
2026-03-26 08:54:00,584,584,583.93,584,501
2026-03-26 08:55:00,583.99,584.55,583.99,584.55,763
2026-03-26 08:56:00,584.5,584.55,584.0786,584.4886,2454
2026-03-26 08:57:00,584.4643,584.4643,584.0804,584.0804,432
2026-03-26 08:58:00,584.4,584.5,584.065,584.435,2303
2026-03-26 08:59:00,584.5,584.5,583.9589,584.379,1099
2026-03-26 09:00:00,584.07,584.5,584.0416,584.36,973
2026-03-26 09:01:00,584.62,584.62,584.0827,584.59,2425
2026-03-26 09:02:00,584.4,584.5,584,584.5,920
2026-03-26 09:03:00,584.3055,584.5,583.8,584,587
2026-03-26 09:04:00,584,584.5,583.99,584.25,640
2026-03-26 09:05:00,584.25,584.25,583.75,584,824
2026-03-26 09:06:00,583.66,584,583.57,583.9376,1716
2026-03-26 09:07:00,583.75,584,583.15,583.8,752
2026-03-26 09:08:00,583.54,583.57,583.54,583.54,330
2026-03-26 09:09:00,583.56,583.56,583.54,583.54,90
2026-03-26 09:10:00,583.6,583.6,583.51,583.51,210
2026-03-26 09:11:00,583.5,584,583.4,583.9922,3008
2026-03-26 09:12:00,584,584,583.974,584,1015
2026-03-26 09:13:00,584,584.5,584,584.28,1178
2026-03-26 09:14:00,584.0639,584.4273,584,584.08,487
2026-03-26 09:15:00,584.3,584.3,583.39,583.7,1410
2026-03-26 09:16:00,583.7,583.7552,583.62,583.75,950
2026-03-26 09:17:00,583.82,584,583.75,583.979,2484
2026-03-26 09:18:00,583.94,584.25,583.94,584.0538,2918
2026-03-26 09:19:00,584.17,584.35,583.89,583.89,3120
2026-03-26 09:20:00,584.3366,584.49,584,584.4,1169
2026-03-26 09:21:00,584.435,584.435,583.8,583.8,323
2026-03-26 09:22:00,584.1994,584.1994,583.5,583.5,930
2026-03-26 09:23:00,583.352,583.8,583.352,583.8,898
2026-03-26 09:24:00,584,584.122,583.7483,584,508
2026-03-26 09:25:00,583.99,584,583.6,584,632
2026-03-26 09:26:00,583.78,583.8559,582,582,8475
2026-03-26 09:27:00,582.03,582.8535,580.97,581.08,8663
2026-03-26 09:28:00,581.69,582.98,581.69,582.76,375
2026-03-26 09:29:00,582.32,582.4,581.94,582.08,5253
2026-03-26 09:30:00,582.41,583,578,578.24,408750
2026-03-26 09:31:00,578.39,579.07,577.4,578.61,103749
2026-03-26 09:32:00,578.435,579.43,577.9,578.449,92854
2026-03-26 09:33:00,578.39,579.9699,578.2,579.31,115324
2026-03-26 09:34:00,579.23,579.41,578.15,578.9876,112506
2026-03-26 09:35:00,578.69,579,577.9,578.04,83486
2026-03-26 09:36:00,578.04,578.93,577.88,578.52,100770
2026-03-26 09:37:00,578.27,579.84,578.02,578.725,73745
2026-03-26 09:38:00,578.845,578.96,576.3401,576.99,131425
2026-03-26 09:39:00,576.915,577.2799,575.76,575.95,97876
2026-03-26 09:40:00,575.975,576.75,575.72,576.393,84123
2026-03-26 09:41:00,576.32,577.68,576.26,576.9,73502
2026-03-26 09:42:00,576.89,577.16,576.25,576.6183,61826
2026-03-26 09:43:00,576.56,576.85,575.7,575.98,67695
2026-03-26 09:44:00,575.97,576.67,575.7,576.3,97454
2026-03-26 09:45:00,576.28,577.56,576.14,576.2801,76841
2026-03-26 09:46:00,576.327,577.34,576.05,576.79,68455
2026-03-26 09:47:00,576.73,578.36,576.43,578.02,49551
2026-03-26 09:48:00,578.08,578.49,577.36,577.845,72620
2026-03-26 09:49:00,577.91,577.9499,576.75,577.4,49039
2026-03-26 09:50:00,577.41,577.92,577.2591,577.92,56278
2026-03-26 09:51:00,577.92,578.5599,577.5771,578.47,84086
2026-03-26 09:52:00,578.4,578.97,578.12,578.21,105358
2026-03-26 09:53:00,578.2057,579.56,578.2,579.35,42823
2026-03-26 09:54:00,579.4,580,579.3,579.92,53736
2026-03-26 09:55:00,579.909,580.05,579.21,579.68,42679
2026-03-26 09:56:00,579.745,579.83,577.7518,578.145,203142
2026-03-26 09:57:00,578.01,578.23,576.88,577.06,61735
2026-03-26 09:58:00,577.03,577.22,574.69,574.89,175005
2026-03-26 09:59:00,574.985,576.21,574.47,575.88,99074
2026-03-26 10:00:00,576,576.2234,575.64,575.78,89482
2026-03-26 10:01:00,575.82,577.58,575.65,577.3147,66032
2026-03-26 10:02:00,577.4,577.55,576.68,577.02,26754
2026-03-26 10:03:00,577.22,578.11,577.1342,577.87,31332
2026-03-26 10:04:00,577.99,578.2,577.5,577.9301,32528
2026-03-26 10:05:00,577.93,578.3,577.56,578.2,24292
2026-03-26 10:06:00,578.23,579.49,577.94,579.2805,68627
2026-03-26 10:07:00,579.08,579.4557,577.85,578.235,37880
2026-03-26 10:08:00,578.16,578.2909,576.23,576.495,96257
2026-03-26 10:09:00,576.43,576.8,576.07,576.17,33759
2026-03-26 10:10:00,576.095,576.3894,575.4454,575.78,37362
2026-03-26 10:11:00,575.8,575.8999,574.785,574.81,63240
2026-03-26 10:12:00,574.95,576.01,574.81,575.525,39133
2026-03-26 10:13:00,575.5,575.599,574.63,575.1509,57310
2026-03-26 10:14:00,575.125,575.27,574.151,574.88,84945
2026-03-26 10:15:00,574.9575,575.43,574.621,575.19,54282
2026-03-26 10:16:00,575.18,575.583,574.8901,575.38,34275
2026-03-26 10:17:00,575.37,575.56,575.03,575.2274,63594
2026-03-26 10:18:00,575.26,575.91,574.7501,574.91,66850
2026-03-26 10:19:00,574.87,575.04,574.25,574.25,51200
2026-03-26 10:20:00,574.25,574.4,573.5,574.1745,106610
2026-03-26 10:21:00,574.11,574.24,573.56,573.6925,52313
2026-03-26 10:22:00,573.745,574.3,573.48,574.22,52748
2026-03-26 10:23:00,574.24,574.24,573.6,573.621,31228
2026-03-26 10:24:00,573.66,573.7,572.32,572.725,112365
2026-03-26 10:25:00,572.64,572.67,571.4,571.5,146329
2026-03-26 10:26:00,571.515,571.6224,570.77,571.06,108204
2026-03-26 10:27:00,571.12,571.16,570.3,570.375,129419
2026-03-26 10:28:00,570.28,570.5731,569.61,569.81,143932
2026-03-26 10:29:00,569.8299,569.83,568.65,568.79,127764
2026-03-26 10:30:00,568.79,569.095,568.5,568.735,144817
2026-03-26 10:31:00,568.72,569.08,568.2,568.85,124219
2026-03-26 10:32:00,568.85,570.32,568.65,569.96,111772
2026-03-26 10:33:00,569.94,570.53,569.8,570.04,69696
2026-03-26 10:34:00,570.195,570.33,569.6601,570.075,57206
2026-03-26 10:35:00,570.1499,570.1499,569.51,569.995,39290
2026-03-26 10:36:00,569.985,570.5,569.3401,569.5599,46390
2026-03-26 10:37:00,569.47,569.56,568.1,568.23,74187
2026-03-26 10:38:00,568.3,568.9999,568.21,568.29,58018
2026-03-26 10:39:00,568.285,568.91,568.25,568.325,54535
2026-03-26 10:40:00,568.325,569.74,568.18,568.66,80363
2026-03-26 10:41:00,568.58,569.11,567.72,568.9245,103597
2026-03-26 10:42:00,568.795,568.795,566.87,567.13,65345
2026-03-26 10:43:00,567.29,567.45,565.8001,566.015,116760
2026-03-26 10:44:00,565.9001,566.21,564.56,564.8684,189524
2026-03-26 10:45:00,564.785,565.19,564.13,564.26,146456
2026-03-26 10:46:00,564.26,564.55,561.93,562.22,212287
2026-03-26 10:47:00,562.4599,563.35,561.86,563.01,128960
2026-03-26 10:48:00,562.94,563.78,562.4701,562.86,82013
2026-03-26 10:49:00,562.8074,562.95,562.1001,562.525,105183
2026-03-26 10:50:00,562.59,562.78,562,562.165,70718
2026-03-26 10:51:00,562.2359,562.78,561.2,561.2,129539
2026-03-26 10:52:00,561.21,562.26,561.165,561.65,102362
2026-03-26 10:53:00,561.66,562.01,561.2,561.31,81347
2026-03-26 10:54:00,561.16,562,561.16,561.59,108463
2026-03-26 10:55:00,561.5651,562.32,560.87,562.12,88622
2026-03-26 10:56:00,562.2,562.44,561.13,561.205,56244
2026-03-26 10:57:00,561.1418,562.68,561.11,561.97,62326
2026-03-26 10:58:00,562.01,562.14,561.09,561.407,42646
2026-03-26 10:59:00,561.51,562.11,561.04,561.5399,77021
2026-03-26 11:00:00,561.46,561.93,560.81,561.63,72195
2026-03-26 11:01:00,561.65,562.11,561.21,562.11,46990
2026-03-26 11:02:00,561.9575,562.82,561.73,562.5899,60196
2026-03-26 11:03:00,562.43,563,562.15,562.5,89682
2026-03-26 11:04:00,562.51,562.51,560.61,560.67,77172
2026-03-26 11:05:00,560.62,561.64,560.54,561.07,64629
2026-03-26 11:06:00,561,562.95,561,562.89,88362
2026-03-26 11:07:00,562.82,563.05,561.86,561.99,67968
2026-03-26 11:08:00,561.99,562.65,561.3501,562.19,49041
2026-03-26 11:09:00,562.22,563.2,562.1001,563.14,54751
2026-03-26 11:10:00,563.08,563.72,562.8954,563.235,73645
2026-03-26 11:11:00,563.235,563.84,562.94,563.75,67362
2026-03-26 11:12:00,563.75,564.0894,563.14,563.52,48791
2026-03-26 11:13:00,563.52,564.11,563.5,564.11,39960
2026-03-26 11:14:00,564.12,564.16,563.49,563.895,61610
2026-03-26 11:15:00,563.97,564.29,563.45,563.865,101122
2026-03-26 11:16:00,563.865,564.06,562.81,562.905,49200
2026-03-26 11:17:00,562.905,563.13,561.68,562.215,81343
2026-03-26 11:18:00,562.26,562.73,561.95,562.51,60448
2026-03-26 11:19:00,562.59,563.23,562.42,563.0175,33698
2026-03-26 11:20:00,563.1217,563.48,562.51,562.6746,25972
2026-03-26 11:21:00,562.63,563.1599,562.52,562.77,31129
2026-03-26 11:22:00,562.76,562.94,562.18,562.735,21379
2026-03-26 11:23:00,562.7275,562.91,561.5601,561.72,52217
2026-03-26 11:24:00,561.8,561.94,560.54,560.98,62709
2026-03-26 11:25:00,560.99,561.3883,560.7331,560.925,70577
2026-03-26 11:26:00,560.925,561.39,560.81,561.02,65627
2026-03-26 11:27:00,561.055,561.36,560.61,561.195,47545
2026-03-26 11:28:00,561.15,561.52,560.99,561.47,29178
2026-03-26 11:29:00,561.4,561.49,560.63,560.905,37360
2026-03-26 11:30:00,560.8725,560.9099,559.74,559.96,177426
2026-03-26 11:31:00,559.98,560.07,559.08,559.27,86714
2026-03-26 11:32:00,559.27,559.67,559.2,559.38,40683
2026-03-26 11:33:00,559.44,559.5099,558.36,558.7501,108210
2026-03-26 11:34:00,558.75,559.71,558.66,559.65,83928
2026-03-26 11:35:00,559.66,560.06,559.01,559.415,105109
2026-03-26 11:36:00,559.415,559.59,558.68,558.75,92613
2026-03-26 11:37:00,558.74,559.74,558.2,559.62,89017
2026-03-26 11:38:00,559.74,559.9,559.31,559.76,56197
2026-03-26 11:39:00,559.7,559.9,559.0801,559.78,41399
2026-03-26 11:40:00,559.69,560.745,559.69,560.53,59077
2026-03-26 11:41:00,560.4,560.52,559.76,559.885,58471
2026-03-26 11:42:00,559.875,560.55,559.58,560.55,50461
2026-03-26 11:43:00,560.55,560.55,559.6101,559.74,45152
2026-03-26 11:44:00,559.74,559.85,559.15,559.52,45651
2026-03-26 11:45:00,559.52,559.95,559.49,559.5,23372
2026-03-26 11:46:00,559.62,560.3499,558.88,560.1616,98919
2026-03-26 11:47:00,560.055,560.35,559.32,559.93,32348
2026-03-26 11:48:00,560.2,560.21,559.56,559.84,22132
2026-03-26 11:49:00,559.9524,560.03,559.56,559.66,37053
2026-03-26 11:50:00,559.65,560,558.8,558.86,53931
2026-03-26 11:51:00,558.99,559.4638,558.58,559.4499,57562
2026-03-26 11:52:00,559.45,559.95,559.01,559.89,58504
2026-03-26 11:53:00,559.795,559.95,558.9,558.965,24738
2026-03-26 11:54:00,559.01,559.3099,558.64,558.875,25644
2026-03-26 11:55:00,558.875,559,556,558.0432,191897
2026-03-26 11:56:00,557.89,558.02,557.1,557.41,79593
2026-03-26 11:57:00,557.51,557.82,556.89,557.1,76261
2026-03-26 11:58:00,557.04,557.26,556.59,556.84,49000
2026-03-26 11:59:00,556.77,557.0086,556.36,556.58,51313
2026-03-26 12:00:00,556.53,557.37,556.39,557.085,112055
2026-03-26 12:01:00,557.1,557.3399,556.8,556.9515,36669
2026-03-26 12:02:00,556.89,556.98,556.35,556.63,43722
2026-03-26 12:03:00,556.66,556.75,556.16,556.67,60961
2026-03-26 12:04:00,556.67,557.05,556.38,556.51,33030
2026-03-26 12:05:00,556.44,556.69,556.12,556.5,30827
2026-03-26 12:06:00,556.51,556.69,555.8,556.02,66917
2026-03-26 12:07:00,556.02,556.42,555.69,555.775,59983
2026-03-26 12:08:00,555.775,556.7915,555.58,556.3,56095
2026-03-26 12:09:00,556.3001,556.6,556,556.15,52659
2026-03-26 12:10:00,556.1899,556.27,555.65,556.11,65314
2026-03-26 12:11:00,556.03,556.7,556.03,556.125,53608
2026-03-26 12:12:00,556.06,556.92,556.06,556.685,25796
2026-03-26 12:13:00,556.8,556.84,556.06,556.65,34643
2026-03-26 12:14:00,556.603,557.08,556.41,556.94,40125
2026-03-26 12:15:00,557,557,556.2,556.57,41195
2026-03-26 12:16:00,556.78,556.78,556.1,556.345,35291
2026-03-26 12:17:00,556.26,556.43,555.7,555.81,48769
2026-03-26 12:18:00,555.785,556.8,555.78,556.295,38556
2026-03-26 12:19:00,556.24,556.74,556.24,556.73,26467
2026-03-26 12:20:00,556.6101,556.7299,555.25,555.835,64534
2026-03-26 12:21:00,555.68,556,555.21,555.3728,101699
2026-03-26 12:22:00,555.41,555.5,554.01,554.1851,130212
2026-03-26 12:23:00,554.185,554.46,553.88,554.34,80607
2026-03-26 12:24:00,554.35,554.48,553.54,554.39,60584
2026-03-26 12:25:00,554.39,554.84,554.39,554.62,57809
2026-03-26 12:26:00,554.66,554.82,554.34,554.47,31154
2026-03-26 12:27:00,554.47,554.85,554.065,554.85,42803
2026-03-26 12:28:00,554.78,554.9999,554.3,554.39,32977
2026-03-26 12:29:00,554.3,554.73,554.3,554.525,28310
2026-03-26 12:30:00,554.52,555.26,554.43,555.05,37132
2026-03-26 12:31:00,554.994,555.08,554.3407,554.3545,30884
2026-03-26 12:32:00,554.39,554.63,554,554.52,28220
2026-03-26 12:33:00,554.58,554.69,554.15,554.1501,34198
2026-03-26 12:34:00,554.2508,554.78,554.13,554.2,47408
2026-03-26 12:35:00,554.25,554.8,553.91,554.71,38400
2026-03-26 12:36:00,554.73,555.63,554.6338,555.525,56068
2026-03-26 12:37:00,555.53,555.88,554.6,554.75,39919
2026-03-26 12:38:00,554.75,554.87,553.41,553.582,72906
2026-03-26 12:39:00,553.74,554.02,553.3,553.746,65303
2026-03-26 12:40:00,553.74,554.05,553.72,554.045,45861
2026-03-26 12:41:00,554.09,554.59,553.56,553.62,57967
2026-03-26 12:42:00,553.675,553.78,553.3,553.5,44795
2026-03-26 12:43:00,553.47,553.84,553.2701,553.75,33610
2026-03-26 12:44:00,553.81,553.95,553.5,553.76,30732
2026-03-26 12:45:00,553.8,554.14,553.7,553.95,55285
2026-03-26 12:46:00,554.055,554.1,553.52,553.64,28156
2026-03-26 12:47:00,553.64,553.8599,553.31,553.785,24483
2026-03-26 12:48:00,553.85,553.857,552.5904,552.965,95632
2026-03-26 12:49:00,552.965,553.5,552.64,553.4,70125
2026-03-26 12:50:00,553.4,553.49,553,553.18,38366
2026-03-26 12:51:00,553.13,554.1079,553.09,553.835,66529
2026-03-26 12:52:00,553.92,554.3,553.2901,553.51,44526
2026-03-26 12:53:00,553.32,553.84,553.15,553.1601,46155
2026-03-26 12:54:00,553.1701,553.5799,552.99,553.04,42042
2026-03-26 12:55:00,553.08,553.29,552.73,552.825,41169
2026-03-26 12:56:00,552.78,553.1975,552.68,552.9699,28400
2026-03-26 12:57:00,552.9108,553.05,552.33,552.42,78098
2026-03-26 12:58:00,552.35,552.55,551.8,551.99,70930
2026-03-26 12:59:00,552,552.01,551.2,551.7042,83167
2026-03-26 13:00:00,551.68,552.53,551.11,552.268,121863
2026-03-26 13:01:00,552.315,552.97,552.2,552.48,75374
2026-03-26 13:02:00,552.42,552.72,552.33,552.45,52550
2026-03-26 13:03:00,552.4799,553.06,552.36,552.71,57410
2026-03-26 13:04:00,552.69,552.94,552.48,552.715,34530
2026-03-26 13:05:00,552.635,553.23,552.3501,552.91,59992
2026-03-26 13:06:00,552.91,553.49,552.84,552.9,42455
2026-03-26 13:07:00,552.98,553.25,552.16,552.4386,44553
2026-03-26 13:08:00,552.405,552.55,552.01,552.5,47288
2026-03-26 13:09:00,552.53,552.56,552.1872,552.32,20834
2026-03-26 13:10:00,552.265,552.59,552.11,552.2,21679
2026-03-26 13:11:00,552.22,552.73,552.02,552.475,28260
2026-03-26 13:12:00,552.435,552.84,552.35,552.715,26347
2026-03-26 13:13:00,552.8,552.8099,552.4,552.6699,20199
2026-03-26 13:14:00,552.55,552.77,552.21,552.44,24331
2026-03-26 13:15:00,552.41,552.6798,552.09,552.24,29614
2026-03-26 13:16:00,552.24,553.1,552.21,552.955,27315
2026-03-26 13:17:00,553.08,553.3741,552.65,552.92,36140
2026-03-26 13:18:00,552.96,553.06,552.22,552.28,27057
2026-03-26 13:19:00,552.35,552.35,551.32,551.97,71592
2026-03-26 13:20:00,552.04,552.14,551.725,552.07,30113
2026-03-26 13:21:00,552.02,552.17,551.665,551.7,35195
2026-03-26 13:22:00,551.65,552.56,551.04,551.15,113722
2026-03-26 13:23:00,551.08,551.2925,550.75,550.85,88295
2026-03-26 13:24:00,550.85,551.45,550.65,551.239,56053
2026-03-26 13:25:00,551.22,551.41,550.87,550.92,47680
2026-03-26 13:26:00,550.92,551.25,550.88,551.1081,30867
2026-03-26 13:27:00,551.125,551.13,550.31,550.715,41601
2026-03-26 13:28:00,550.715,551.0999,550.59,550.945,32824
2026-03-26 13:29:00,550.86,551.24,550.7012,551.2255,38662
2026-03-26 13:30:00,551.175,552.27,551.14,551.87,47216
2026-03-26 13:31:00,551.82,552.1899,551.09,551.18,41482
2026-03-26 13:32:00,551.32,552.2,551.1001,551.97,39638
2026-03-26 13:33:00,552.075,552.4,551.86,552.06,41355
2026-03-26 13:34:00,552.02,552.64,552.0155,552.455,66816
2026-03-26 13:35:00,552.5,552.7199,552.01,552.37,45597
2026-03-26 13:36:00,552.42,552.82,552.1571,552.1851,38024
2026-03-26 13:37:00,552.15,552.62,552.06,552.4999,27647
2026-03-26 13:38:00,552.435,553.08,552.435,552.7,36489
2026-03-26 13:39:00,552.7224,553,552.54,552.735,24045
2026-03-26 13:40:00,552.65,552.75,552.15,552.205,27132
2026-03-26 13:41:00,552.15,552.26,551.56,551.615,33155
2026-03-26 13:42:00,551.615,551.84,550.12,550.32,84933
2026-03-26 13:43:00,550.26,550.36,549.25,549.25,170320
2026-03-26 13:44:00,549.26,549.99,549.1,549.69,78148
2026-03-26 13:45:00,549.695,550.0927,548.71,548.8501,111458
2026-03-26 13:46:00,548.905,548.9799,548.1,548.765,80219
2026-03-26 13:47:00,548.83,549.32,548.755,548.795,61691
2026-03-26 13:48:00,548.795,548.8899,547.51,547.745,112496
2026-03-26 13:49:00,547.75,548.4,547.7005,548,102437
2026-03-26 13:50:00,547.96,548,545.37,546.595,175060
2026-03-26 13:51:00,546.6,547.21,546.5279,546.795,122727
2026-03-26 13:52:00,546.795,547.4999,546.5,546.65,43045
2026-03-26 13:53:00,546.7,546.98,545.81,546.27,89782
2026-03-26 13:54:00,546.38,546.7604,545.86,546.4799,96384
2026-03-26 13:55:00,546.485,546.7,546,546.08,67181
2026-03-26 13:56:00,546.045,546.24,545.83,546.125,54039
2026-03-26 13:57:00,546.125,546.6399,545.72,545.86,89745
2026-03-26 13:58:00,545.86,545.92,545.55,545.7499,75912
2026-03-26 13:59:00,545.61,546.1499,545.25,546.095,113900
2026-03-26 14:00:00,546.095,547.643,546.095,547.495,110230
2026-03-26 14:01:00,547.43,548,547.32,547.69,71411
2026-03-26 14:02:00,547.69,547.96,547.5,547.88,29702
2026-03-26 14:03:00,547.75,548,547.465,547.63,45945
2026-03-26 14:04:00,547.59,547.8,547.42,547.6,27762
2026-03-26 14:05:00,547.63,547.98,547.27,547.43,32156
2026-03-26 14:06:00,547.43,547.79,546.79,547.475,40512
2026-03-26 14:07:00,547.4038,547.76,547.06,547.385,32511
2026-03-26 14:08:00,547.459,547.75,547.32,547.5899,32599
2026-03-26 14:09:00,547.59,547.63,547.2,547.35,33808
2026-03-26 14:10:00,547.3355,547.5,546.9,546.91,23454
2026-03-26 14:11:00,546.9184,547.18,546.36,546.79,40662
2026-03-26 14:12:00,546.8451,547.02,546.52,546.83,32852
2026-03-26 14:13:00,546.835,547.48,546.69,546.895,38116
2026-03-26 14:14:00,546.895,547.25,546.85,547.015,22106
2026-03-26 14:15:00,547,547.38,546.6,546.67,35553
2026-03-26 14:16:00,546.72,547.32,546.29,546.67,33559
2026-03-26 14:17:00,546.63,546.81,546.3745,546.475,21932
2026-03-26 14:18:00,546.56,546.74,546.38,546.4839,22458
2026-03-26 14:19:00,546.4,546.68,545.55,545.715,45608
2026-03-26 14:20:00,545.715,545.7369,544.94,545.2751,92736
2026-03-26 14:21:00,545.225,545.38,545.02,545.2888,34046
2026-03-26 14:22:00,545.29,545.89,545.18,545.77,55179
2026-03-26 14:23:00,545.6001,545.73,545.28,545.455,46556
2026-03-26 14:24:00,545.45,546.63,545.445,546.3444,49487
2026-03-26 14:25:00,546.42,546.9,546,546.06,48666
2026-03-26 14:26:00,546.1,546.4,545.77,546.17,25367
2026-03-26 14:27:00,546.17,546.22,544.24,544.505,71323
2026-03-26 14:28:00,544.53,544.71,543.35,543.82,130442
2026-03-26 14:29:00,543.81,544.89,543.5,544.13,141624
2026-03-26 14:30:00,544.14,544.6,543.7301,544.5,66871
2026-03-26 14:31:00,544.5,544.5,544.07,544.18,37502
2026-03-26 14:32:00,544.18,544.8099,543.93,544.63,39106
2026-03-26 14:33:00,544.65,544.8138,544.11,544.23,34600
2026-03-26 14:34:00,544.18,545.1499,544.07,544.395,50850
2026-03-26 14:35:00,544.33,545.61,544.1,545.54,50065
2026-03-26 14:36:00,545.465,545.8,545.18,545.25,50163
2026-03-26 14:37:00,545.27,545.75,545.01,545.155,69097
2026-03-26 14:38:00,545.125,545.68,545.125,545.49,33071
2026-03-26 14:39:00,545.47,545.8499,545.35,545.8499,24631
2026-03-26 14:40:00,545.7,546.7799,545.3101,546.3,56015
2026-03-26 14:41:00,546.25,546.4,545.82,546.07,31086
2026-03-26 14:42:00,546.07,546.39,545.82,545.925,26293
2026-03-26 14:43:00,546.01,546.18,545.57,545.7799,30960
2026-03-26 14:44:00,545.7,546.1468,545.672,545.855,26438
2026-03-26 14:45:00,545.855,545.855,545.3532,545.415,43828
2026-03-26 14:46:00,545.41,546.15,545.31,545.8825,37275
2026-03-26 14:47:00,545.775,546.5,545.675,546.36,38840
2026-03-26 14:48:00,546.36,547.03,546.2,546.83,47757
2026-03-26 14:49:00,546.85,547.55,546.82,547.16,49339
2026-03-26 14:50:00,547.09,547.88,547.07,547.69,51573
2026-03-26 14:51:00,547.735,548.16,547.5608,547.67,41367
2026-03-26 14:52:00,547.65,547.78,547.1,547.13,44091
2026-03-26 14:53:00,547.03,547.2,546.68,546.98,70792
2026-03-26 14:54:00,547.03,547.2,546.635,547.08,47804
2026-03-26 14:55:00,547.05,547.12,546.29,546.445,58075
2026-03-26 14:56:00,546.51,546.71,545.89,546.645,63184
2026-03-26 14:57:00,546.645,547.42,546.645,547.0533,90060
2026-03-26 14:58:00,547.09,547.47,547.05,547.18,31244
2026-03-26 14:59:00,547.19,547.41,546.83,547.3972,32939
2026-03-26 15:00:00,547.38,547.82,546.84,547.04,61850
2026-03-26 15:01:00,546.935,547.065,546,546.75,45963
2026-03-26 15:02:00,546.8,547.1,546.54,546.98,32609
2026-03-26 15:03:00,546.96,547.05,546.075,546.4099,48317
2026-03-26 15:04:00,546.32,546.8,546,546.485,38687
2026-03-26 15:05:00,546.55,546.62,545.7401,546.28,54384
2026-03-26 15:06:00,546.13,546.6798,545.99,546.28,51998
2026-03-26 15:07:00,546.28,546.55,545.985,546.3999,28660
2026-03-26 15:08:00,546.32,546.32,545.78,545.9463,29622
2026-03-26 15:09:00,545.8401,546.27,545.73,545.91,93340
2026-03-26 15:10:00,545.955,546.5599,545.55,545.94,71189
2026-03-26 15:11:00,546.0459,546.735,545.92,546.4,44336
2026-03-26 15:12:00,546.49,547,546.2201,546.8398,41706
2026-03-26 15:13:00,546.87,547.65,546.53,547.615,44571
2026-03-26 15:14:00,547.615,548.3,547.41,548.235,63850
2026-03-26 15:15:00,548.235,549.58,548.16,549.245,63767
2026-03-26 15:16:00,549.3058,549.32,548.61,548.85,59703
2026-03-26 15:17:00,548.87,548.96,548.1,548.11,44316
2026-03-26 15:18:00,548.12,548.74,547.8,548.43,34618
2026-03-26 15:19:00,548.45,548.96,548.41,548.8616,40830
2026-03-26 15:20:00,548.89,549.3,548.55,549.07,49464
2026-03-26 15:21:00,549.12,549.4325,548.91,549.34,58807
2026-03-26 15:22:00,549.22,549.584,548.7201,549.49,58078
2026-03-26 15:23:00,549.57,550.01,549.3301,549.62,99808
2026-03-26 15:24:00,549.62,549.6375,548.8742,549.235,46877
2026-03-26 15:25:00,549.235,549.3,547.66,548.05,77831
2026-03-26 15:26:00,548.105,548.56,547.59,548.41,33086
2026-03-26 15:27:00,548.53,549.34,548.39,549.27,43822
2026-03-26 15:28:00,549.17,549.67,549.09,549.29,40195
2026-03-26 15:29:00,549.33,549.84,549.26,549.795,33938
2026-03-26 15:30:00,549.795,549.97,549.3,549.57,58399
2026-03-26 15:31:00,549.56,549.62,549.0702,549.261,40516
2026-03-26 15:32:00,549.225,549.27,548.4,548.801,47216
2026-03-26 15:33:00,548.775,548.775,547.51,548.14,61952
2026-03-26 15:34:00,548.14,548.86,548.01,548.76,36249
2026-03-26 15:35:00,548.76,549.35,548.7,548.9,44869
2026-03-26 15:36:00,548.915,549.25,548.74,549.07,50918
2026-03-26 15:37:00,549.01,549.16,548.65,549.035,42333
2026-03-26 15:38:00,549,549.16,548.425,548.59,33991
2026-03-26 15:39:00,548.49,548.59,548,548.03,30176
2026-03-26 15:40:00,548.09,548.47,547.78,548.265,47761
2026-03-26 15:41:00,548.3,548.4199,547.601,547.72,36404
2026-03-26 15:42:00,547.655,547.8,546.83,547.71,94432
2026-03-26 15:43:00,547.72,548.24,547.66,548.108,42645
2026-03-26 15:44:00,548.1,548.18,547.715,547.81,45795
2026-03-26 15:45:00,547.785,547.82,547.28,547.71,34020
2026-03-26 15:46:00,547.71,547.855,547.11,547.225,76772
2026-03-26 15:47:00,547.15,547.5,547.01,547.09,62264
2026-03-26 15:48:00,547.095,547.62,546.81,547.23,65909
2026-03-26 15:49:00,547.2509,547.27,546.75,547.05,48059
2026-03-26 15:50:00,547,547.14,546.41,546.9,80536
2026-03-26 15:51:00,546.9,547.29,546.77,547.06,104216
2026-03-26 15:52:00,546.92,547.0916,546.35,546.385,70166
2026-03-26 15:53:00,546.38,547.1699,546.16,546.77,86666
2026-03-26 15:54:00,546.71,547.15,546.47,547.05,84527
2026-03-26 15:55:00,547.12,547.51,546.88,547.51,123716
2026-03-26 15:56:00,547.515,547.52,547.13,547.35,102984
2026-03-26 15:57:00,547.365,547.94,547.3,547.7301,145973
2026-03-26 15:58:00,547.76,547.89,547.21,547.34,184780
2026-03-26 15:59:00,547.32,547.84,547.06,547.15,382377
2026-03-26 16:00:00,547.2975,547.75,547.13,547.13,2186377
2026-03-26 16:01:00,547.1,547.54,546,546.82,4435
2026-03-26 16:02:00,546.4,547.54,545.5,545.5,8657
2026-03-26 16:03:00,545.51,547.54,545.51,545.57,12246
2026-03-26 16:04:00,546.39,546.6,545.53,546.4208,2655
2026-03-26 16:05:00,546.5,546.5,546.42,546.4207,1782
2026-03-26 16:06:00,546.51,546.55,546.4219,546.5,2783
2026-03-26 16:07:00,546.5,554.9835,546.42,546.8792,2621
2026-03-26 16:08:00,546.95,547.37,546.5738,547.1,5966
2026-03-26 16:09:00,547.12,547.33,546.84,547.1,797
2026-03-26 16:10:00,547,547.26,547,547,3799
2026-03-26 16:11:00,547.26,548.93,547,548.86,9594
2026-03-26 16:12:00,548.93,550.92,548.93,550.77,13995
2026-03-26 16:13:00,550.5,550.62,549.32,549.99,7846
2026-03-26 16:14:00,550.04,551.9,550,550.96,11654
2026-03-26 16:15:00,550.76,550.82,549.0601,549.9,6273
2026-03-26 16:16:00,549.77,551.5,549.1,551,8287
2026-03-26 16:17:00,551.13,551.5,551,551.0672,5161
2026-03-26 16:18:00,551.27,551.43,551,551.15,5767
2026-03-26 16:19:00,551.3,551.33,550.5,550.895,2636
2026-03-26 16:20:00,550.63,550.9999,550.56,550.7,906
2026-03-26 16:21:00,550.8,550.8,550.5,550.5,2007
2026-03-26 16:22:00,550.9718,551,550.5,550.8,2951
2026-03-26 16:23:00,550.95,551,550,550.45,9136
2026-03-26 16:24:00,550.58,551.0999,549.51,549.99,1695
2026-03-26 16:25:00,549.9,550,548.5834,549.4,5801
2026-03-26 16:26:00,548.29,548.98,548.29,548.67,835
2026-03-26 16:27:00,549,549.9259,549,549.9259,375
2026-03-26 16:28:00,549.43,549.51,549,549.1125,1975
2026-03-26 16:29:00,549,549.48,549,549.48,464
2026-03-26 16:30:00,549.4306,549.47,549.35,549.4334,370
2026-03-26 16:31:00,549.48,550,549.48,549.8202,4297
2026-03-26 16:32:00,549.54,550,549.5,550,1288
2026-03-26 16:33:00,550,550,549.75,550,651
2026-03-26 16:34:00,549.6,550,549.5,550,2525
2026-03-26 16:35:00,549.9814,550,549.81,549.81,824
2026-03-26 16:36:00,549.8,549.8,549.36,549.7,943
2026-03-26 16:37:00,549.7,549.8,549.2,549.4,1673
2026-03-26 16:38:00,549.62,550,549.62,549.996,470
2026-03-26 16:39:00,549.7,550,549.7,549.85,725
2026-03-26 16:40:00,549.7,549.7,548.58,548.58,1891
2026-03-26 16:41:00,548.58,549.5,546.4,549.04,2806
2026-03-26 16:42:00,548.98,549.08,548.57,548.68,782
2026-03-26 16:43:00,548.62,549.49,548.62,549.44,762
2026-03-26 16:44:00,549.49,549.49,549.01,549.19,523
2026-03-26 16:45:00,549.0733,549.0733,549.0733,549.0733,50
2026-03-26 16:46:00,549.18,549.18,549.18,549.18,66
2026-03-26 16:47:00,549.2,549.2,549.2,549.2,115
2026-03-26 16:48:00,549.348,549.348,549.2,549.2,160
2026-03-26 16:49:00,549.1766,549.1766,549.1766,549.1766,70
2026-03-26 16:50:00,549.2501,549.39,548.86,549,825
2026-03-26 16:51:00,548.9363,549.34,548.9363,549.34,550
2026-03-26 16:52:00,549,549.29,549,549,501
2026-03-26 16:53:00,549.37,549.5,549.3,549.38,2124
2026-03-26 16:54:00,549.24,549.2401,549,549,749
2026-03-26 16:55:00,549.12,549.12,549,549.12,514
2026-03-26 16:56:00,549,549.38,548.88,549.01,644
2026-03-26 16:57:00,549,549,548.91,548.91,158
2026-03-26 16:58:00,548.77,548.77,548.1,548.1,3475
2026-03-26 16:59:00,548.5,548.5,548.1313,548.1313,608
2026-03-26 17:00:00,548.4,548.4,548.4,548.4,50
2026-03-26 17:01:00,548.5,548.5,548.1339,548.1339,256
2026-03-26 17:02:00,548.03,548.4189,548.01,548.38,554
2026-03-26 17:03:00,548.48,548.49,548.42,548.42,320
2026-03-26 17:04:00,548.4,548.4,548.0594,548.2,842
2026-03-26 17:05:00,548.3886,548.3886,548.2,548.2,350
2026-03-26 17:06:00,548.3893,548.3893,548.2,548.2002,216
2026-03-26 17:07:00,548.21,548.21,548,548,1165
2026-03-26 17:08:00,547.83,548,547.7,548,1290
2026-03-26 17:09:00,547.19,547.94,547.19,547.94,260
2026-03-26 17:10:00,547.98,547.98,547.6,547.6,1033
2026-03-26 17:11:00,547.3934,547.82,547.3241,547.62,2132
2026-03-26 17:12:00,547.72,547.89,547.5,547.87,483
2026-03-26 17:13:00,547.9,548.2786,547.88,548.01,2623
2026-03-26 17:14:00,547.89,548.35,547.89,548.35,1160
2026-03-26 17:15:00,548.38,548.5,548.38,548.5,334
2026-03-26 17:16:00,548.0201,548.39,548,548,4124
2026-03-26 17:17:00,547.87,547.88,547.75,547.75,252
2026-03-26 17:18:00,547.75,547.75,547.24,547.5,5519
2026-03-26 17:19:00,547.609,547.88,547.54,547.6,1858
2026-03-26 17:20:00,547.6,548,547.6,547.85,758
2026-03-26 17:21:00,547.635,547.85,547.635,547.8,559
2026-03-26 17:22:00,547.75,547.81,547.6,547.72,660
2026-03-26 17:23:00,547.61,547.8499,547.61,547.65,1006
2026-03-26 17:24:00,547.65,547.6992,547.632,547.69,446
2026-03-26 17:25:00,547.6,547.65,547.5503,547.6499,518
2026-03-26 17:26:00,547.85,547.85,547.67,547.67,537
2026-03-26 17:27:00,547.65,547.66,547.5743,547.61,1043
2026-03-26 17:28:00,547.67,548,547.6,548,1418
2026-03-26 17:29:00,547.7486,547.75,547.6,547.75,780
2026-03-26 17:30:00,547.7,547.7,547.7,547.7,50
2026-03-26 17:31:00,547.65,547.7,547.5,547.5,925
2026-03-26 17:32:00,547.5,547.5,547.1,547.49,237
2026-03-26 17:33:00,547.5,547.65,547.4999,547.65,630
2026-03-26 17:34:00,547.587,547.587,547.5,547.5,90
2026-03-26 17:35:00,547.5215,547.6,547.517,547.6,214
2026-03-26 17:36:00,547.6,547.6,547.5,547.5,1080
2026-03-26 17:37:00,547.5391,547.6,547.5391,547.54,431
2026-03-26 17:38:00,547.79,547.85,547.7,547.85,753
2026-03-26 17:39:00,547.9984,548,547.9389,547.9389,883
2026-03-26 17:41:00,547.9,548,547.9,548,2815
2026-03-26 17:42:00,548,548,548,548,150
2026-03-26 17:43:00,548.1901,548.25,548.1901,548.25,105
2026-03-26 17:44:00,548,548,547.9,547.92,209
2026-03-26 17:45:00,547.9518,547.9583,547.9007,547.9007,484
2026-03-26 17:46:00,547.95,547.96,547.94,547.94,155
2026-03-26 17:48:00,547.9605,547.99,547.92,547.93,312
2026-03-26 17:49:00,547.95,547.95,547.89,547.95,426
2026-03-26 17:50:00,547.76,547.76,547.73,547.73,289
2026-03-26 17:51:00,547.7,547.7,547.7,547.7,45
2026-03-26 17:52:00,547.7,548,547.7,547.74,1529
2026-03-26 17:53:00,547.93,548,547.93,547.99,918
2026-03-26 17:54:00,547.8914,547.9,547.8914,547.9,170
2026-03-26 17:55:00,548,548.5,547.9999,548.5,923
2026-03-26 17:56:00,548.44,548.5,548.44,548.5,1216
2026-03-26 17:57:00,548.5,548.5,548.11,548.11,581
2026-03-26 17:58:00,548.5,548.5,548.39,548.39,150
2026-03-26 18:00:00,548.15,548.4,548.15,548.4,548
2026-03-26 18:01:00,548.3,548.5,548.3,548.49,2124
2026-03-26 18:02:00,548.75,548.8755,548.49,548.8755,1521
2026-03-26 18:03:00,548.9114,548.9114,548.49,548.75,612
2026-03-26 18:04:00,548.87,550,548.78,550,3948
2026-03-26 18:05:00,550.31,550.405,549.99,550,721
2026-03-26 18:06:00,550.3,550.3,549.75,549.75,754
2026-03-26 18:08:00,549.5,549.5,549.5,549.5,95
2026-03-26 18:09:00,549.25,549.83,549.25,549.83,1016
2026-03-26 18:10:00,549.8,549.85,549.8,549.85,310
2026-03-26 18:11:00,550.01,550.01,550.01,550.01,60
2026-03-26 18:12:00,550.24,550.5,550.01,550.5,2455
2026-03-26 18:13:00,550.41,550.5,550.3,550.3,570
2026-03-26 18:14:00,550.4,550.4,550.3,550.4,875
2026-03-26 18:15:00,550.4822,550.8506,550.4822,550.8506,2554
2026-03-26 18:16:00,550.85,550.937,550.5,550.5,4678
2026-03-26 18:17:00,550.69,550.69,550.21,550.21,211
2026-03-26 18:18:00,550.67,550.67,550,550.2,1240
2026-03-26 18:19:00,550.08,550.2,550,550.16,965
2026-03-26 18:20:00,550.1664,550.21,550.1664,550.2,442
2026-03-26 18:21:00,550.18,550.5,550.18,550.5,287
2026-03-26 18:23:00,550.3,550.37,550.3,550.37,348
2026-03-26 18:24:00,550.47,550.47,550.47,550.47,120
2026-03-26 18:25:00,550.4,550.4387,550.17,550.17,901
2026-03-26 18:26:00,550.08,550.08,550,550,5104
2026-03-26 18:27:00,550.06,550.06,550.06,550.06,40
2026-03-26 18:28:00,550.17,550.48,550,550.48,1755
2026-03-26 18:29:00,550.23,550.3,550.23,550.3,846
2026-03-26 18:30:00,550.5,550.6107,550.5,550.6107,468
2026-03-26 18:31:00,550.61,550.74,550.61,550.61,462
2026-03-26 18:32:00,550.38,550.56,550.38,550.56,496
2026-03-26 18:33:00,550.31,550.55,550.31,550.55,371
2026-03-26 18:34:00,550.61,550.61,550.6023,550.6023,450
2026-03-26 18:35:00,550.5,550.59,550.3,550.3,1285
2026-03-26 18:36:00,550.5398,550.56,550.5398,550.56,189
2026-03-26 18:37:00,550.44,550.61,550.44,550.61,500
2026-03-26 18:38:00,550.33,550.33,549,549.49,3845
2026-03-26 18:39:00,550.01,550.01,550.01,550.01,68
2026-03-26 18:40:00,550,550.124,550,550.124,400
2026-03-26 18:41:00,550.28,550.28,550.12,550.22,239
2026-03-26 18:42:00,550.22,550.48,549.96,549.96,452
2026-03-26 18:43:00,550.48,550.48,550,550,140
2026-03-26 18:45:00,549.5,549.7689,549.5,549.7689,933
2026-03-26 18:46:00,549.1101,549.78,549.1101,549.78,267
2026-03-26 18:47:00,549.88,549.88,549.88,549.88,100
2026-03-26 18:49:00,549.88,549.88,549.6,549.6,160
2026-03-26 18:50:00,549.6,549.6,549.6,549.6,80
2026-03-26 18:51:00,549.92,549.93,549.92,549.93,249
2026-03-26 18:52:00,549.93,550,549.93,550,549
2026-03-26 18:53:00,550.3523,550.3523,550.3523,550.3523,500
2026-03-26 18:54:00,550,550.25,550,550.25,156
2026-03-26 18:55:00,550.16,550.27,549.89,550.27,2508
2026-03-26 18:56:00,550.2436,550.39,550.02,550.38,590
2026-03-26 18:57:00,550,550.35,550,550.35,150
2026-03-26 18:58:00,550.25,550.25,550,550.0001,833
2026-03-26 18:59:00,550,550.35,550,550.0009,1395
2026-03-26 19:00:00,550.17,550.17,550.13,550.13,337
2026-03-26 19:01:00,550.17,550.17,550.17,550.17,75
2026-03-26 19:02:00,550.1218,550.1218,550.0018,550.0018,165
2026-03-26 19:03:00,550.17,550.17,550.1,550.1,250
2026-03-26 19:04:00,550.15,550.15,550.15,550.15,1994
2026-03-26 19:05:00,550.3,550.31,550.15,550.15,419
2026-03-26 19:06:00,550.15,550.15,550,550.0194,928
2026-03-26 19:07:00,550.0001,550.0194,550,550,250
2026-03-26 19:08:00,550,550.14,549.96,550,1973
2026-03-26 19:09:00,550,550.02,550,550,953
2026-03-26 19:10:00,549.98,550,549.98,550,140
2026-03-26 19:11:00,549.7,550,549.7,549.985,253
2026-03-26 19:12:00,549.8,549.8,549.8,549.8,41
2026-03-26 19:13:00,549.81,549.95,549.81,549.95,130
2026-03-26 19:14:00,549.78,549.81,549.78,549.8,366
2026-03-26 19:15:00,549.65,549.75,549.65,549.75,561
2026-03-26 19:16:00,549.51,549.51,549.5,549.5,670
2026-03-26 19:17:00,549.49,549.89,549.49,549.89,550
2026-03-26 19:18:00,549.69,549.78,549.69,549.78,854
2026-03-26 19:19:00,549.8,550,549.8,550,179
2026-03-26 19:20:00,549.89,549.97,549.66,549.97,2525
2026-03-26 19:24:00,549.8,549.8,549.67,549.67,138
2026-03-26 19:25:00,549.72,549.75,549.5,549.65,1857
2026-03-26 19:26:00,549.65,549.82,549.6,549.82,353
2026-03-26 19:27:00,549.9,549.9,549.6,549.6,511
2026-03-26 19:28:00,549.8993,549.9,549.6,549.9,357
2026-03-26 19:29:00,549.75,549.75,549.75,549.75,143
2026-03-26 19:30:00,549.7,549.82,549.68,549.82,410
2026-03-26 19:31:00,549.85,550.14,549.85,550,2349
2026-03-26 19:32:00,550,550,549.9,550,523
2026-03-26 19:33:00,549.85,550,549.85,550,1023
2026-03-26 19:34:00,549.8347,549.8347,549.6281,549.6281,140
2026-03-26 19:35:00,549.77,550,549.77,550,381
2026-03-26 19:36:00,550,550.08,550,550,784
2026-03-26 19:37:00,550.15,550.25,550.15,550.25,682
2026-03-26 19:38:00,550.38,550.52,550.38,550.52,1320
2026-03-26 19:39:00,550.52,550.52,550.36,550.36,1138
2026-03-26 19:40:00,550.3972,550.3972,550.2,550.2406,1119
2026-03-26 19:41:00,550.2,550.31,550.2,550.3,900
2026-03-26 19:42:00,550.25,550.44,550.25,550.44,259
2026-03-26 19:43:00,550.4,550.4,550.25,550.25,528
2026-03-26 19:44:00,550.25,550.5,550.25,550.2701,593
2026-03-26 19:46:00,550.25,550.2824,550.25,550.2824,172
2026-03-26 19:47:00,550.31,550.4,550.31,550.3805,360
2026-03-26 19:48:00,550.34,550.37,550.25,550.37,882
2026-03-26 19:49:00,550.3001,550.4,550.3,550.3117,294
2026-03-26 19:50:00,550.4,550.5619,550.3416,550.5619,1808
2026-03-26 19:51:00,550.5888,550.59,550.567,550.59,280
2026-03-26 19:52:00,550.58,550.84,550.55,550.84,1071
2026-03-26 19:53:00,550.84,550.94,550.84,550.94,1211
2026-03-26 19:54:00,550.7,550.8993,550.7,550.8727,198
2026-03-26 19:55:00,550.8,550.8,550.75,550.75,213
2026-03-26 19:56:00,550.7,550.8,550.25,550.5,900
2026-03-26 19:57:00,550.12,550.4583,549.9999,549.9999,427
2026-03-26 19:58:00,549.5,550,549.5,549.605,979
2026-03-26 19:59:00,549.51,550,549.51,550,1172
2026-03-27 04:00:00,551.98,551.99,551,551,1010
2026-03-27 04:02:00,550.19,550.74,550.19,550.74,110
2026-03-27 04:03:00,550.03,550.39,549.56,549.97,6768
2026-03-27 04:04:00,549.98,550.17,549.98,550.17,176
2026-03-27 04:06:00,549.95,550.07,549.94,549.99,401
2026-03-27 04:09:00,549,549.19,548.96,549.19,390
2026-03-27 04:10:00,549.36,549.66,549.36,549.66,601
2026-03-27 04:11:00,549.49,549.49,549.49,549.49,60
2026-03-27 04:13:00,550.25,550.25,550.25,550.25,300
2026-03-27 04:14:00,549.77,549.77,549.77,549.77,40
2026-03-27 04:17:00,549.8,549.8,549.51,549.51,3806
2026-03-27 04:18:00,549.51,549.57,549.51,549.57,300
2026-03-27 04:19:00,549.52,549.52,549.52,549.52,44
2026-03-27 04:20:00,549.52,549.52,548.61,548.61,4140
2026-03-27 04:21:00,549.48,549.49,549.48,549.49,440
2026-03-27 04:23:00,549.17,549.17,549.17,549.17,50
2026-03-27 04:24:00,549,549.09,549,549,356
2026-03-27 04:25:00,548.87,548.87,548.6,548.78,485
2026-03-27 04:26:00,548.86,548.86,548.86,548.86,77
2026-03-27 04:27:00,548.71,548.83,548.71,548.83,325
2026-03-27 04:29:00,548.37,548.38,548.37,548.38,165
2026-03-27 04:32:00,549.19,549.19,549.19,549.19,40
2026-03-27 04:33:00,549.2,549.2,549.2,549.2,64
2026-03-27 04:34:00,548.8,548.8,548.8,548.8,100
2026-03-27 04:35:00,548.86,548.94,548.4,548.4,197
2026-03-27 04:36:00,548.13,548.13,547,547,2237
2026-03-27 04:38:00,547.74,547.74,547.74,547.74,226
2026-03-27 04:39:00,547.3,547.3,547.17,547.17,220
2026-03-27 04:40:00,547.47,547.55,547.37,547.48,867
2026-03-27 04:41:00,547.4,547.5,547.4,547.5,202
2026-03-27 04:43:00,547.8,547.8,547.79,547.79,120
2026-03-27 04:45:00,547.8,548,547.8,548,604
2026-03-27 04:46:00,548.13,548.13,547.8,547.8,171
2026-03-27 04:49:00,548,548,548,548,73
2026-03-27 04:50:00,548.11,548.11,548.11,548.11,40
2026-03-27 04:51:00,548.25,548.25,548.25,548.25,81
2026-03-27 04:53:00,547.95,547.95,547.95,547.95,200
2026-03-27 04:54:00,547.97,548.03,547.97,548,276
2026-03-27 04:56:00,547.85,547.85,547.53,547.53,253
2026-03-27 04:57:00,547.49,547.89,547.4,547.89,665
2026-03-27 04:59:00,548,548.07,548,548.07,400
2026-03-27 05:01:00,548.24,548.24,548.24,548.24,50
2026-03-27 05:02:00,547.7,547.73,547.06,547.36,570
2026-03-27 05:04:00,547.03,547.03,546.4,546.4,1005
2026-03-27 05:05:00,546.67,546.67,546.5,546.5,162
2026-03-27 05:06:00,546.36,546.36,546.35,546.35,223
2026-03-27 05:07:00,546.44,546.45,546.39,546.45,136
2026-03-27 05:08:00,546.14,546.14,546.14,546.14,100
2026-03-27 05:09:00,546.12,546.12,546.12,546.12,44
2026-03-27 05:10:00,546,546.11,545.82,545.83,881
2026-03-27 05:11:00,545.65,545.65,545.6,545.6,165
2026-03-27 05:12:00,545.99,546.21,545.99,546.21,1688
2026-03-27 05:13:00,546.36,546.36,546.36,546.36,43
2026-03-27 05:14:00,546.36,546.36,546.1,546.1,1153
2026-03-27 05:15:00,546.74,546.8,546.1,546.1,1230
2026-03-27 05:18:00,546.15,546.94,546.1,546.94,1804
2026-03-27 05:19:00,546.59,547.6,546.59,547.13,720
2026-03-27 05:20:00,547.35,547.35,547.05,547.1,550
2026-03-27 05:26:00,547.07,547.14,546.43,547.14,760
2026-03-27 05:28:00,547.18,547.34,547.18,547.34,145
2026-03-27 05:29:00,547.22,547.4,547.22,547.4,1164
2026-03-27 05:31:00,547.67,547.67,547.67,547.67,49
2026-03-27 05:32:00,547.73,547.73,547.73,547.73,131
2026-03-27 05:36:00,547.55,547.72,547.55,547.68,569
2026-03-27 05:38:00,547.48,547.48,547.48,547.48,111
2026-03-27 05:41:00,547.42,547.42,547.4,547.4,280
2026-03-27 05:42:00,547.42,547.42,547.4,547.4,80
2026-03-27 05:43:00,547.62,547.62,547.62,547.62,40
2026-03-27 05:45:00,547.5,547.5,547.5,547.5,165
2026-03-27 05:46:00,547.4,547.4,547.4,547.4,580
2026-03-27 05:47:00,547.4,547.4,547.4,547.4,1985
2026-03-27 05:48:00,547.14,547.14,547.14,547.14,42
2026-03-27 05:49:00,547.15,547.15,547.15,547.15,104
2026-03-27 05:53:00,547.22,547.41,547.16,547.41,600
2026-03-27 05:54:00,547.3,547.3,547.3,547.3,58
2026-03-27 05:56:00,547.2,547.2,547.2,547.2,40
2026-03-27 05:57:00,547.48,547.48,547.48,547.48,188
2026-03-27 05:59:00,547.68,547.68,547,547.01,488
2026-03-27 06:00:00,547,547,546.96,546.96,197
2026-03-27 06:02:00,546.96,546.97,546.96,546.96,455
2026-03-27 06:03:00,547.28,547.28,547.28,547.28,80
2026-03-27 06:04:00,547.28,547.28,547.28,547.28,100
2026-03-27 06:05:00,547.24,547.24,547.24,547.24,40
2026-03-27 06:06:00,547.49,547.53,547.49,547.5,547
2026-03-27 06:08:00,548,548,548,548,40
2026-03-27 06:09:00,547.87,547.95,547.87,547.95,205
2026-03-27 06:10:00,547.5,547.53,547.5,547.53,156
2026-03-27 06:11:00,547.05,547.05,547,547.04,1802
2026-03-27 06:12:00,546.94,546.94,546.94,546.94,50
2026-03-27 06:13:00,547.05,547.05,547.05,547.05,113
2026-03-27 06:14:00,546.8,547.08,546.8,547.08,155
2026-03-27 06:17:00,546.99,547.39,546.99,547.01,284
2026-03-27 06:20:00,547.37,547.37,547.25,547.25,150
2026-03-27 06:23:00,547,547,547,547,69
2026-03-27 06:24:00,547,547.12,547,547.12,220
2026-03-27 06:28:00,547.5,547.5,547.5,547.5,154
2026-03-27 06:33:00,547.39,547.39,547.1,547.1,235
2026-03-27 06:34:00,547,547.09,547,547.09,190
2026-03-27 06:35:00,546.84,546.84,546.84,546.84,359
2026-03-27 06:36:00,546.99,546.99,546.99,546.99,80
2026-03-27 06:37:00,547,547,547,547,939
2026-03-27 06:38:00,546.53,546.53,546.19,546.19,290
2026-03-27 06:39:00,546.16,546.16,546,546,1035
2026-03-27 06:40:00,545.91,545.91,545.9,545.9,250
2026-03-27 06:41:00,545.89,545.89,545.69,545.69,172
2026-03-27 06:42:00,545.4,545.7,545.4,545.7,987
2026-03-27 06:43:00,545.69,545.69,545.49,545.5,1264
2026-03-27 06:44:00,545.47,545.5,545.35,545.35,1100
2026-03-27 06:45:00,545.05,545.05,544.6,544.61,1495
2026-03-27 06:46:00,544.5,544.5,544.25,544.5,390
2026-03-27 06:47:00,544.5,544.5,543.84,543.84,840
2026-03-27 06:48:00,543.84,543.86,543.84,543.86,158
2026-03-27 06:49:00,544,544,544,544,266
2026-03-27 06:50:00,544.45,544.45,544,544,170
2026-03-27 06:51:00,543.75,544.12,543.75,544.12,754
2026-03-27 06:52:00,544.13,544.62,544.13,544.62,735
2026-03-27 06:55:00,544.09,544.09,543.86,543.95,382
2026-03-27 06:56:00,543.95,543.95,543.84,543.84,199
2026-03-27 06:57:00,543.81,543.81,543.2,543.2,4122
2026-03-27 06:58:00,543.15,543.41,543.01,543.01,837
2026-03-27 06:59:00,543.33,544.5,543.33,544.49,3601
2026-03-27 07:00:00,544.4,544.97,542.55,542.55,2686
2026-03-27 07:01:00,542.55,544.54,542.55,544.54,1853
2026-03-27 07:02:00,543.36,543.36,543,543,1328
2026-03-27 07:03:00,543,543,542.55,542.55,808
2026-03-27 07:04:00,542.54,543.14,541.94,542,2748
2026-03-27 07:05:00,541.4,541.99,541.38,541.75,1027
2026-03-27 07:06:00,541.52,541.52,541.01,541.15,2905
2026-03-27 07:07:00,541.24,541.3,540.96,540.99,1128
2026-03-27 07:08:00,540.91,541.5,540.21,541.5,4205
2026-03-27 07:09:00,541.93,542.51,541.93,542.5,1421
2026-03-27 07:10:00,542.63,542.75,542.2,542.21,748
2026-03-27 07:11:00,542.41,542.41,541.79,541.79,548
2026-03-27 07:12:00,541.74,541.74,541.72,541.72,255
2026-03-27 07:13:00,541.99,542.65,541.99,542.65,6335
2026-03-27 07:14:00,542.84,542.9,542.5,542.7,1025
2026-03-27 07:15:00,542.45,542.8,542.45,542.5,775
2026-03-27 07:16:00,542.51,542.51,542.51,542.51,40
2026-03-27 07:17:00,542.69,542.69,542.6,542.6,165
2026-03-27 07:18:00,542.4,543.5,542.07,543.5,3810
2026-03-27 07:19:00,543.56,543.56,543.25,543.25,170
2026-03-27 07:20:00,543.5,543.5,543.25,543.25,111
2026-03-27 07:21:00,543.17,543.17,543.17,543.17,50
2026-03-27 07:22:00,543,543.55,543,543.55,1350
2026-03-27 07:23:00,543.7,543.84,543.56,543.58,667
2026-03-27 07:24:00,543.6,543.6,543.11,543.5,513
2026-03-27 07:25:00,543.5,543.5,543.5,543.5,100
2026-03-27 07:27:00,544,544,544,544,85
2026-03-27 07:28:00,543.8,543.85,543.8,543.85,163
2026-03-27 07:29:00,544.09,544.17,543.91,544.08,814
2026-03-27 07:30:00,544,544,544,544,40
2026-03-27 07:32:00,543.7,543.7,543.5,543.5,1218
2026-03-27 07:33:00,543.25,543.55,543.25,543.55,305
2026-03-27 07:34:00,543.5,543.56,543.4,543.56,210
2026-03-27 07:35:00,543.5,543.71,543.3,543.3,454
2026-03-27 07:36:00,543.2,543.2,543.06,543.06,912
2026-03-27 07:37:00,543.4,543.5,543.4,543.5,101
2026-03-27 07:38:00,543.36,543.36,543.26,543.26,200
2026-03-27 07:39:00,543.26,543.26,543,543.26,909
2026-03-27 07:40:00,543.25,543.26,543.25,543.26,130
2026-03-27 07:41:00,543.26,543.26,543.16,543.26,210
2026-03-27 07:42:00,543,543.17,543,543,1223
2026-03-27 07:43:00,543.25,543.26,543.13,543.13,3043
2026-03-27 07:44:00,543.15,543.26,543.15,543.25,723
2026-03-27 07:45:00,543.11,543.11,543.11,543.11,40
2026-03-27 07:46:00,543.26,543.26,543.25,543.26,1626
2026-03-27 07:47:00,543.26,543.26,543.26,543.26,340
2026-03-27 07:48:00,543.26,544.49,543.24,544.39,4048
2026-03-27 07:49:00,544.15,544.15,543.72,543.72,80
2026-03-27 07:50:00,543.96,544,543.96,544,221
2026-03-27 07:51:00,543.81,543.81,543.75,543.75,100
2026-03-27 07:52:00,543.65,543.65,543.65,543.65,99
2026-03-27 07:54:00,543.35,544.2,543.34,544.07,1415
2026-03-27 07:56:00,544.2,544.2,544.13,544.15,1309
2026-03-27 07:57:00,544.15,544.15,544.15,544.15,52
2026-03-27 07:58:00,544.15,544.15,543.5,543.5,460
2026-03-27 07:59:00,543.58,543.58,543.28,543.28,708
2026-03-27 08:00:00,547.7434,549.92,540.58,547.08,53393
2026-03-27 08:01:00,551,553.24,543.48,543.48,28479
2026-03-27 08:02:00,549.48,549.4803,543.67,543.9453,1448
2026-03-27 08:03:00,543.93,543.93,543.15,543.15,670
2026-03-27 08:04:00,543.11,552.9,542.67,542.67,3817
2026-03-27 08:05:00,542.6927,542.85,542.1,542.1,3203
2026-03-27 08:06:00,542,542,541.6,542,2466
2026-03-27 08:07:00,542.1797,542.26,541.99,541.99,1366
2026-03-27 08:08:00,541.84,542.24,541.06,541.06,3778
2026-03-27 08:09:00,541.48,541.7,541.05,541.5775,2553
2026-03-27 08:10:00,541.9398,541.9398,541.42,541.5313,309
2026-03-27 08:11:00,541.99,542,541.57,541.57,1097
2026-03-27 08:12:00,541.76,542.0421,541.76,541.9853,1792
2026-03-27 08:13:00,541.87,542.41,541.87,542.23,1952
2026-03-27 08:14:00,542.44,542.49,542,542,1557
2026-03-27 08:15:00,542.19,542.22,542.02,542.22,388
2026-03-27 08:16:00,541.7426,542.78,541.7426,542.78,3384
2026-03-27 08:17:00,542.87,542.87,542.1131,542.8,669
2026-03-27 08:18:00,542.65,543.37,542.65,543,1322
2026-03-27 08:19:00,542.87,542.92,542.87,542.92,100
2026-03-27 08:20:00,542.55,542.86,542.27,542.27,878
2026-03-27 08:21:00,542.46,542.46,542.115,542.115,683
2026-03-27 08:22:00,542.17,542.31,541.6328,541.82,2707
2026-03-27 08:23:00,541.92,542,541.59,541.59,2114
2026-03-27 08:24:00,541.71,541.83,541.51,541.82,1664
2026-03-27 08:25:00,541.91,542.1,541.71,542.09,4388
2026-03-27 08:26:00,542.04,542.04,541.54,541.88,1746
2026-03-27 08:27:00,541.88,541.95,541.54,541.825,2129
2026-03-27 08:28:00,541.9324,542.1,541.92,542,1126
2026-03-27 08:29:00,541.9599,542.22,541.91,542.22,1353
2026-03-27 08:30:00,542.2,542.65,542.09,542.48,2823
2026-03-27 08:31:00,542.44,542.44,542.06,542.06,491
2026-03-27 08:32:00,542.06,542.1974,542,542.1974,653
2026-03-27 08:33:00,541.95,541.95,541.8213,541.8213,712
2026-03-27 08:34:00,541.95,541.95,541.26,541.5,978
2026-03-27 08:35:00,541.24,541.24,541.01,541.01,1224
2026-03-27 08:36:00,541,541.31,541,541.31,1123
2026-03-27 08:37:00,541.092,541.092,540.5,540.6,4907
2026-03-27 08:38:00,540.6,540.77,539.83,539.99,10237
2026-03-27 08:39:00,539.88,540.5,539.88,540.5,1013
2026-03-27 08:40:00,540.8706,540.99,540.31,540.5,2835
2026-03-27 08:41:00,540.5,540.5,540,540.27,3907
2026-03-27 08:42:00,539.9268,540,539.57,539.57,1085
2026-03-27 08:43:00,539.6567,539.8399,539.57,539.58,1441
2026-03-27 08:44:00,539.57,539.7,539,539.21,6767
2026-03-27 08:45:00,539.21,539.21,539,539.07,2793
2026-03-27 08:46:00,539.1268,539.77,539.1268,539.77,10837
2026-03-27 08:47:00,539.701,539.8216,539.48,539.48,3726
2026-03-27 08:48:00,539.56,539.63,539.25,539.25,1723
2026-03-27 08:49:00,539.2,539.3177,538.51,539,4123
2026-03-27 08:50:00,539,539.31,538.8534,539.31,839
2026-03-27 08:51:00,539.49,540.1903,539.49,540.1903,5135
2026-03-27 08:52:00,540.37,540.45,539.7,539.7,2002
2026-03-27 08:53:00,539.5359,540.6,539.5359,540.42,4840
2026-03-27 08:54:00,540.59,540.87,540.41,540.7,3187
2026-03-27 08:55:00,540.67,541.25,540.3,540.7,3729
2026-03-27 08:56:00,540.84,540.85,540.28,540.28,1901
2026-03-27 08:57:00,540.1,540.1,539.7344,539.7344,1176
2026-03-27 08:58:00,539.7908,540.3,539.7908,540.25,1456
2026-03-27 08:59:00,540.3,540.4,539.96,540.12,2497
2026-03-27 09:00:00,540.25,540.25,539.1,539.16,3715
2026-03-27 09:01:00,539.5273,540.0286,539.5273,540.0286,2710
2026-03-27 09:02:00,540,540.5,540,540.01,1047
2026-03-27 09:03:00,539.82,539.82,539,539.1438,2423
2026-03-27 09:04:00,539.2,540,539.13,539.958,924
2026-03-27 09:05:00,539.9,539.9753,539.7,539.7,507
2026-03-27 09:06:00,539.91,539.91,539.03,539.06,1789
2026-03-27 09:07:00,539.67,540,539.25,540,1549
2026-03-27 09:08:00,540.3,540.71,540.07,540.25,1740
2026-03-27 09:09:00,540.47,540.8,539.08,539.69,2374
2026-03-27 09:10:00,540.01,540.6,539.5,539.5,1981
2026-03-27 09:11:00,539.02,540,538.6979,539,2692
2026-03-27 09:12:00,539.27,540,538.9602,539.02,2972
2026-03-27 09:13:00,538.79,538.9441,538.7181,538.9416,1736
2026-03-27 09:14:00,538.97,539,538.55,538.55,4233
2026-03-27 09:15:00,538.6244,538.64,537.99,538.19,6849
2026-03-27 09:16:00,538.4482,539,538.4482,538.62,5563
2026-03-27 09:17:00,538.56,538.85,538.27,538.74,3987
2026-03-27 09:18:00,538.5,538.8,538.21,538.552,2827
2026-03-27 09:19:00,538.52,539.5,538.52,539.21,8162
2026-03-27 09:20:00,539.23,539.23,538.74,539.0661,5537
2026-03-27 09:21:00,539.48,539.51,539.1,539.5,4101
2026-03-27 09:22:00,539.45,539.5,539,539.23,1559
2026-03-27 09:23:00,539.29,539.38,538.21,538.21,3474
2026-03-27 09:24:00,538.4296,539.5,538.4296,539.3,2618
2026-03-27 09:25:00,539.7,541,539,539.56,20309
2026-03-27 09:26:00,539.99,541,539,540.69,9816
2026-03-27 09:27:00,540.51,540.89,539.5512,539.5633,4764
2026-03-27 09:28:00,540.3,540.45,539.55,540.19,1583
2026-03-27 09:29:00,540.2,541,539.55,540,4364
2026-03-27 09:30:00,540.2,543.5999,539.01,542.47,421151
2026-03-27 09:31:00,542.71,543,540.88,542.645,98218
2026-03-27 09:32:00,542.78,542.85,539.7,540.775,178272
2026-03-27 09:33:00,540.58,541.0566,539.1,539.91,104889
2026-03-27 09:34:00,539.985,540.3025,537.7901,537.88,98986
2026-03-27 09:35:00,537.87,538.09,535.91,536.4,133673
2026-03-27 09:36:00,536.41,537.7,536.13,537.5,110018
2026-03-27 09:37:00,537.77,537.94,536.95,537.395,103362
2026-03-27 09:38:00,537.395,538.66,537.14,538.085,106058
2026-03-27 09:39:00,538.085,538.55,536.85,536.96,63513
2026-03-27 09:40:00,536.93,538.38,536.87,538.3,70029
2026-03-27 09:41:00,538.3,538.96,536.75,537.44,98607
2026-03-27 09:42:00,537.44,537.8499,536.01,536.18,77768
2026-03-27 09:43:00,536.1801,537,535.69,536.905,82746
2026-03-27 09:44:00,536.9,537.67,536.7501,537.13,58804
2026-03-27 09:45:00,537.13,538.49,537.13,538.155,62743
2026-03-27 09:46:00,538.09,539.31,537.985,538.95,91528
2026-03-27 09:47:00,538.91,539.17,538.065,538.1071,50206
2026-03-27 09:48:00,538.135,539.5,537.3,539.5,52884
2026-03-27 09:49:00,539.335,539.9599,539.01,539.26,59164
2026-03-27 09:50:00,539.26,539.7,538.1046,538.215,50450
2026-03-27 09:51:00,538.215,538.6599,537.43,537.945,50683
2026-03-27 09:52:00,537.9,538.2,537.36,538.11,44666
2026-03-27 09:53:00,538.1,538.3698,537.21,537.58,33956
2026-03-27 09:54:00,537.58,538.18,537.3301,537.55,35181
2026-03-27 09:55:00,537.59,537.605,536.06,536.435,72701
2026-03-27 09:56:00,536.35,536.5,535.27,535.71,72128
2026-03-27 09:57:00,535.88,535.92,534.24,534.35,90601
2026-03-27 09:58:00,534.345,535.13,533.94,533.9552,90444
2026-03-27 09:59:00,534,534.58,533.86,533.99,71705
2026-03-27 10:00:00,533.87,534.39,533.45,534.255,117982
2026-03-27 10:01:00,534.255,534.62,533.19,533.465,84461
2026-03-27 10:02:00,533.465,534.32,533.34,534.01,89525
2026-03-27 10:03:00,533.94,534.23,532.5801,532.5801,78106
2026-03-27 10:04:00,532.685,533.72,532.4401,532.795,107415
2026-03-27 10:05:00,532.84,533.09,531.79,532,102757
2026-03-27 10:06:00,532.01,532.3999,531.71,532.3,72297
2026-03-27 10:07:00,532.28,532.36,531.3,531.61,91353
2026-03-27 10:08:00,531.53,532.11,531.26,531.71,101721
2026-03-27 10:09:00,531.6651,532.44,531.3,531.41,101875
2026-03-27 10:10:00,531.41,532.7,531.14,532.1551,78975
2026-03-27 10:11:00,532.01,532.99,531.67,532.91,88484
2026-03-27 10:12:00,532.91,533.99,532.865,533.33,100713
2026-03-27 10:13:00,533.395,533.66,531.8,532.0401,65932
2026-03-27 10:14:00,532.04,532.89,531.96,532.53,78496
2026-03-27 10:15:00,532.5,532.7799,531.61,532.69,87545
2026-03-27 10:16:00,532.7,534.35,532.51,534.2,101805
2026-03-27 10:17:00,534.185,534.36,532.96,533.195,47900
2026-03-27 10:18:00,533.12,533.195,531.54,532.06,73707
2026-03-27 10:19:00,532,533,532,532.85,83560
2026-03-27 10:20:00,532.775,532.85,532.06,532.82,47257
2026-03-27 10:21:00,532.87,532.98,532.1,532.3,47184
2026-03-27 10:22:00,532.275,532.275,530.33,530.6325,97340
2026-03-27 10:23:00,530.635,531.11,530.03,530.45,75294
2026-03-27 10:24:00,530.45,531.3,530.45,530.85,49732
2026-03-27 10:25:00,530.96,531.3499,530.41,530.78,41169
2026-03-27 10:26:00,530.885,530.885,529.83,530.43,63737
2026-03-27 10:27:00,530.425,530.97,530.2,530.89,37439
2026-03-27 10:28:00,530.89,531.0799,530.53,530.79,42618
2026-03-27 10:29:00,530.68,531.3,530.49,530.91,32325
2026-03-27 10:30:00,530.91,531.49,530.8,530.955,42707
2026-03-27 10:31:00,530.965,531.85,530.56,531.805,34877
2026-03-27 10:32:00,531.8,531.88,530.79,531.28,34777
2026-03-27 10:33:00,531.285,531.791,531.02,531.78,27320
2026-03-27 10:34:00,531.635,532.28,531.635,532.156,39035
2026-03-27 10:35:00,532.12,532.13,531.38,531.675,42428
2026-03-27 10:36:00,531.8,532.77,531.51,532.2,59369
2026-03-27 10:37:00,532.355,532.4,531.86,532.16,33538
2026-03-27 10:38:00,532.17,532.23,531.5301,531.89,24748
2026-03-27 10:39:00,531.874,532.49,531.81,532.13,39279
2026-03-27 10:40:00,532.21,532.95,531.85,532.8051,43419
2026-03-27 10:41:00,532.7975,532.96,531.66,532.25,51030
2026-03-27 10:42:00,532.15,532.98,532.075,532.655,49506
2026-03-27 10:43:00,532.625,532.635,532.02,532.29,23384
2026-03-27 10:44:00,532.29,532.795,532.22,532.78,40513
2026-03-27 10:45:00,532.79,533.15,531.66,531.75,73970
2026-03-27 10:46:00,531.815,532.09,531,531.81,53368
2026-03-27 10:47:00,531.8118,532.3399,531.5392,531.85,34437
2026-03-27 10:48:00,531.9,532.02,530.8001,531.45,29747
2026-03-27 10:49:00,531.27,531.91,530.9,531.8333,68976
2026-03-27 10:50:00,531.65,531.79,530.77,531.23,62054
2026-03-27 10:51:00,531.3,531.64,531.05,531.18,40431
2026-03-27 10:52:00,531.0801,531.58,530.9,531.174,35671
2026-03-27 10:53:00,531.1551,531.175,529.9,530.05,92678
2026-03-27 10:54:00,529.98,530.4699,529.53,529.99,74371
2026-03-27 10:55:00,529.99,530.8335,529.925,530.07,57689
2026-03-27 10:56:00,530.12,530.27,529.75,529.895,31998
2026-03-27 10:57:00,530.0399,530.0399,529.24,529.71,51115
2026-03-27 10:58:00,529.655,529.9,529.315,529.605,41449
2026-03-27 10:59:00,529.71,530.57,529.635,530.2201,52413
2026-03-27 11:00:00,530.29,531.14,529.87,530.04,84332
2026-03-27 11:01:00,529.81,530.04,529.44,529.5,38632
2026-03-27 11:02:00,529.505,529.95,529.32,529.88,50023
2026-03-27 11:03:00,529.88,530.04,529.44,529.86,40454
2026-03-27 11:04:00,529.965,530.33,529.78,530.22,64903
2026-03-27 11:05:00,530.24,530.72,530,530.35,73538
2026-03-27 11:06:00,530.35,530.97,530.24,530.3,31340
2026-03-27 11:07:00,530.4644,530.57,529.84,530.3,36199
2026-03-27 11:08:00,530.305,530.87,530.13,530.74,34790
2026-03-27 11:09:00,530.8799,530.8799,530.31,530.64,29476
2026-03-27 11:10:00,530.62,530.658,529.65,530.37,51855
2026-03-27 11:11:00,530.5,530.5,529.44,529.55,54263
2026-03-27 11:12:00,529.5,529.5,529.01,529.26,63708
2026-03-27 11:13:00,529.26,529.38,528.91,529.19,50217
2026-03-27 11:14:00,529.11,529.42,528.5006,528.56,57992
2026-03-27 11:15:00,528.565,528.8,528.31,528.41,67596
2026-03-27 11:16:00,528.35,528.95,528.35,528.77,62269
2026-03-27 11:17:00,528.765,528.83,527.6,527.8,77936
2026-03-27 11:18:00,527.79,527.85,526.88,526.97,85419
2026-03-27 11:19:00,526.88,527.58,526.77,527.29,101864
2026-03-27 11:20:00,527.29,527.5,526.53,526.81,69537
2026-03-27 11:21:00,526.81,527.51,526.64,527.36,48385
2026-03-27 11:22:00,527.33,528.296,527.305,527.8,58761
2026-03-27 11:23:00,527.82,530.87,527.69,530.73,94515
2026-03-27 11:24:00,530.62,531.23,530.19,530.87,85522
2026-03-27 11:25:00,530.88,531.1,530.12,530.47,31656
2026-03-27 11:26:00,530.54,530.9599,529.9,530.115,71540
2026-03-27 11:27:00,530.115,530.3,529.52,530.11,33703
2026-03-27 11:28:00,530.03,530.0707,529.56,529.74,61663
2026-03-27 11:29:00,529.65,529.71,529.01,529.335,51934
2026-03-27 11:30:00,529.31,530,528.8,529.93,86298
2026-03-27 11:31:00,529.86,530.82,529.58,530.3828,79608
2026-03-27 11:32:00,530.29,530.4699,529.9,530.33,37598
2026-03-27 11:33:00,530.29,530.79,530.2,530.76,35307
2026-03-27 11:34:00,530.71,530.8,529.75,529.75,26643
2026-03-27 11:35:00,529.885,530.24,529.7701,530.11,21232
2026-03-27 11:36:00,530.03,530.03,529.16,529.61,65059
2026-03-27 11:37:00,529.66,529.86,529.04,529.36,32029
2026-03-27 11:38:00,529.3,529.6,529.04,529.41,27597
2026-03-27 11:39:00,529.37,529.81,528.88,529.29,75159
2026-03-27 11:40:00,529.26,529.4,528.5834,528.79,36962
2026-03-27 11:41:00,528.735,529.08,528.27,528.485,52693
2026-03-27 11:42:00,528.6,529.44,528.38,528.995,50592
2026-03-27 11:43:00,529.1,529.2,528.7701,528.975,20750
2026-03-27 11:44:00,529.08,529.45,528.68,528.735,35482
2026-03-27 11:45:00,528.68,528.85,528.09,528.49,65456
2026-03-27 11:46:00,528.49,528.92,528.12,528.91,45363
2026-03-27 11:47:00,528.91,529.72,528.91,529.485,47861
2026-03-27 11:48:00,529.485,530.01,529.27,529.68,48568
2026-03-27 11:49:00,529.63,530,529.55,529.81,55764
2026-03-27 11:50:00,529.81,530.29,529.72,530.21,43548
2026-03-27 11:51:00,530.21,530.22,529.71,529.925,16781
2026-03-27 11:52:00,529.935,530.32,529.76,529.9,29579
2026-03-27 11:53:00,530,530.06,529.6,529.65,19504
2026-03-27 11:54:00,529.64,529.64,528.67,528.89,44312
2026-03-27 11:55:00,528.715,529.7899,528.1,529.645,69915
2026-03-27 11:56:00,529.5601,530.27,529.475,529.95,29659
2026-03-27 11:57:00,529.99,530.058,529.59,529.9151,33657
2026-03-27 11:58:00,529.83,530.03,529.69,529.99,24913
2026-03-27 11:59:00,530.03,530.07,529.43,529.71,27116
2026-03-27 12:00:00,529.71,529.82,529.01,529.37,27560
2026-03-27 12:01:00,529.39,529.53,528.785,529,35494
2026-03-27 12:02:00,528.85,530.08,528.78,529.935,35806
2026-03-27 12:03:00,529.98,530.16,529.26,529.335,24813
2026-03-27 12:04:00,529.38,529.41,528.66,529.044,43163
2026-03-27 12:05:00,529.02,529.99,529,529.74,47860
2026-03-27 12:06:00,529.73,529.735,528.58,528.695,36832
2026-03-27 12:07:00,528.675,528.95,528.26,528.42,32001
2026-03-27 12:08:00,528.36,528.57,527.89,528.145,69271
2026-03-27 12:09:00,528.01,528.57,527.9,527.955,50948
2026-03-27 12:10:00,527.98,528.46,527.9,528.05,43330
2026-03-27 12:11:00,528.05,528.469,527.8,528.195,25130
2026-03-27 12:12:00,528.11,528.19,527.8101,527.915,19061
2026-03-27 12:13:00,528.008,528.25,527.8,527.925,27005
2026-03-27 12:14:00,527.93,528.09,527.6,528.005,39283
2026-03-27 12:15:00,528.05,528.0746,527.36,527.455,46384
2026-03-27 12:16:00,527.54,527.57,526.86,526.945,43813
2026-03-27 12:17:00,526.89,527.4,526.7,527.33,48341
2026-03-27 12:18:00,527.325,527.62,527.2248,527.3622,37664
2026-03-27 12:19:00,527.375,527.62,527.27,527.615,31059
2026-03-27 12:20:00,527.615,528,527.4601,527.9,29594
2026-03-27 12:21:00,527.94,528.25,527.4,527.48,38718
2026-03-27 12:22:00,527.53,527.76,527.29,527.345,21630
2026-03-27 12:23:00,527.345,527.345,526.55,526.55,90901
2026-03-27 12:24:00,526.595,526.68,526.11,526.525,104558
2026-03-27 12:25:00,526.525,526.999,526.4417,526.74,35516
2026-03-27 12:26:00,526.74,527,526.5,526.85,41148
2026-03-27 12:27:00,526.8312,527,526.63,526.97,32419
2026-03-27 12:28:00,526.97,526.9999,526.6,526.72,37144
2026-03-27 12:29:00,526.78,527.11,526.53,527.065,45416
2026-03-27 12:30:00,527.065,527.62,526.96,527.53,42393
2026-03-27 12:31:00,527.5154,528.19,527.32,527.62,38897
2026-03-27 12:32:00,527.71,528.3,527.65,528.09,49535
2026-03-27 12:33:00,528.1,528.44,528.01,528.18,25679
2026-03-27 12:34:00,528.235,528.235,527.65,527.85,26416
2026-03-27 12:35:00,527.91,527.91,527.58,527.85,26699
2026-03-27 12:36:00,527.87,528.16,527.54,527.8499,39720
2026-03-27 12:37:00,527.72,527.79,527.18,527.335,44873
2026-03-27 12:38:00,527.335,527.75,527.12,527.275,34655
2026-03-27 12:39:00,527.43,527.96,527.2101,527.7901,17759
2026-03-27 12:40:00,527.79,527.79,527,527.24,19194
2026-03-27 12:41:00,527.255,527.92,527.11,527.76,47398
2026-03-27 12:42:00,527.815,528.22,527.74,528.05,41382
2026-03-27 12:43:00,528.06,528.84,527.87,528.6,40321
2026-03-27 12:44:00,528.4901,529.39,528.3,529.15,45118
2026-03-27 12:45:00,529.155,529.7599,529.04,529.695,38966
2026-03-27 12:46:00,529.78,530.49,529.715,530.12,90649
2026-03-27 12:47:00,530.19,530.2705,529.2801,530.11,63848
2026-03-27 12:48:00,530.11,530.49,529.91,530.245,28635
2026-03-27 12:49:00,530.11,530.4,529.89,530,46618
2026-03-27 12:50:00,530.05,530.12,529.2,529.76,97087
2026-03-27 12:51:00,529.9,530.06,529.24,529.32,26301
2026-03-27 12:52:00,529.28,529.3849,528.75,528.84,27598
2026-03-27 12:53:00,528.72,529.15,528.52,529.15,39238
2026-03-27 12:54:00,529.145,529.22,528.9,529.045,19875
2026-03-27 12:55:00,529,529.0999,528.55,528.56,11903
2026-03-27 12:56:00,528.6,528.81,528.21,528.31,29400
2026-03-27 12:57:00,528.39,528.4099,527.82,527.965,19680
2026-03-27 12:58:00,527.965,528.24,527.77,527.945,30679
2026-03-27 12:59:00,527.925,528.08,527.85,527.97,25520
2026-03-27 13:00:00,528,528.1,527.51,527.565,35937
2026-03-27 13:01:00,527.63,527.79,526.72,526.93,58816
2026-03-27 13:02:00,526.96,527.06,526.78,526.805,27671
2026-03-27 13:03:00,526.83,527.5,526.66,527.21,66100
2026-03-27 13:04:00,527.22,527.62,527.1,527.415,22806
2026-03-27 13:05:00,527.37,527.53,527.27,527.46,23403
2026-03-27 13:06:00,527.475,529.055,527.3319,529.055,26363
2026-03-27 13:07:00,529.07,529.77,528.18,528.26,65979
2026-03-27 13:08:00,528.35,528.87,528.2901,528.73,26898
2026-03-27 13:09:00,528.83,528.97,528.3,528.3,17835
2026-03-27 13:10:00,528.4,528.49,527.695,527.695,28026
2026-03-27 13:11:00,527.73,528.01,527.715,527.95,11685
2026-03-27 13:12:00,527.86,527.87,527.46,527.545,20341
2026-03-27 13:13:00,527.59,528.06,527.5316,527.75,18840
2026-03-27 13:14:00,527.75,528.02,527.67,528,22973
2026-03-27 13:15:00,528.03,528.06,527.51,527.55,44320
2026-03-27 13:16:00,527.62,527.71,527.16,527.25,31556
2026-03-27 13:17:00,527.29,527.32,526.3802,526.51,35429
2026-03-27 13:18:00,526.54,526.78,526.4201,526.59,24758
2026-03-27 13:19:00,526.61,526.61,526.2,526.3401,34280
2026-03-27 13:20:00,526.41,526.476,525.79,526.035,57776
2026-03-27 13:21:00,526.02,526.19,525.81,525.8301,26922
2026-03-27 13:22:00,525.87,526.17,525.67,525.85,47926
2026-03-27 13:23:00,525.85,525.96,525.61,525.76,50927
2026-03-27 13:24:00,525.7,525.89,525.62,525.71,27524
2026-03-27 13:25:00,525.656,525.75,525.02,525.05,87387
2026-03-27 13:26:00,525.02,525.39,523.58,524.945,190954
2026-03-27 13:27:00,524.99,525.13,524.3114,524.405,59798
2026-03-27 13:28:00,524.4051,524.66,524.01,524.32,54767
2026-03-27 13:29:00,524.32,524.43,523.9201,524.34,39927
2026-03-27 13:30:00,524.27,524.49,522.8601,523.6,64191
2026-03-27 13:31:00,523.6,523.94,523.46,523.49,34310
2026-03-27 13:32:00,523.54,523.8,523.22,523.74,51590
2026-03-27 13:33:00,523.74,524.25,523.43,523.9301,154943
2026-03-27 13:34:00,524.01,524.14,523.6,523.72,37184
2026-03-27 13:35:00,523.785,523.885,523.2,523.41,48720
2026-03-27 13:36:00,523.48,523.84,523.02,523.63,45904
2026-03-27 13:37:00,523.63,523.63,523,523.46,53826
2026-03-27 13:38:00,523.46,523.69,523.15,523.4214,21875
2026-03-27 13:39:00,523.49,523.99,523.4364,523.8,27382
2026-03-27 13:40:00,523.82,523.885,523.4,523.41,17533
2026-03-27 13:41:00,523.4,523.79,523.4,523.695,35332
2026-03-27 13:42:00,523.62,523.74,523.3039,523.74,24479
2026-03-27 13:43:00,523.69,523.79,522.63,522.99,45313
2026-03-27 13:44:00,523.07,523.15,522.52,522.86,30657
2026-03-27 13:45:00,522.86,523.37,522.51,522.69,59593
2026-03-27 13:46:00,522.695,523.15,522.655,523.005,43501
2026-03-27 13:47:00,523,523.2,522.86,523.105,29110
2026-03-27 13:48:00,523.105,523.2,522.57,522.76,35236
2026-03-27 13:49:00,522.73,523.73,522.65,523.54,60839
2026-03-27 13:50:00,523.55,523.57,523.01,523.175,24837
2026-03-27 13:51:00,523.2,523.51,523.14,523.3768,23417
2026-03-27 13:52:00,523.32,523.35,523.07,523.16,40162
2026-03-27 13:53:00,523.205,523.4,523,523.205,36390
2026-03-27 13:54:00,523.13,523.19,522.7,522.72,25311
2026-03-27 13:55:00,522.815,522.87,522,522.325,126823
2026-03-27 13:56:00,522.4,522.69,522.04,522.0714,41447
2026-03-27 13:57:00,522.13,522.15,521.27,521.42,73340
2026-03-27 13:58:00,521.42,521.71,521.27,521.53,69607
2026-03-27 13:59:00,521.53,521.68,521.05,521.13,48560
2026-03-27 14:00:00,521.095,521.31,520.72,521.0001,96748
2026-03-27 14:01:00,521.01,521.25,520.69,520.99,37125
2026-03-27 14:02:00,521.07,521.25,520.63,520.69,35920
2026-03-27 14:03:00,520.66,521.25,520.55,520.665,55582
2026-03-27 14:04:00,520.56,521.4999,520.47,521.08,95072
2026-03-27 14:05:00,521.08,521.19,520.26,520.72,72381
2026-03-27 14:06:00,520.67,521.6,520.67,521.56,28926
2026-03-27 14:07:00,521.53,521.64,521.2,521.5,26299
2026-03-27 14:08:00,521.495,521.77,521.32,521.4702,44064
2026-03-27 14:09:00,521.4101,522.18,521.4101,522.17,41859
2026-03-27 14:10:00,522.14,522.45,521.84,522.0326,44807
2026-03-27 14:11:00,522.19,522.45,522.13,522.13,38951
2026-03-27 14:12:00,522.19,522.19,521.6,521.9,29745
2026-03-27 14:13:00,521.9,522.49,521.665,522.29,23289
2026-03-27 14:14:00,522.2903,523.09,522.28,523.06,62357
2026-03-27 14:15:00,522.9,523.15,522.62,523.045,30360
2026-03-27 14:16:00,523.1,523.145,522.65,522.94,23946
2026-03-27 14:17:00,522.94,523.2199,522.9,523.04,48075
2026-03-27 14:18:00,523.13,523.66,522.98,523.24,29551
2026-03-27 14:19:00,523.19,523.32,523,523.18,18620
2026-03-27 14:20:00,523.32,523.5,522.8,523.26,28770
2026-03-27 14:21:00,523.26,523.86,523.21,523.83,38113
2026-03-27 14:22:00,523.85,524.09,523.6,524.04,44308
2026-03-27 14:23:00,524.005,524.25,523.79,524.16,38919
2026-03-27 14:24:00,524.15,524.16,523.64,523.75,29405
2026-03-27 14:25:00,523.84,524.2,523.7405,524.0685,34621
2026-03-27 14:26:00,524.09,524.09,523.26,523.845,45450
2026-03-27 14:27:00,523.845,524.215,523.63,524.11,28480
2026-03-27 14:28:00,524.115,524.41,523.84,524.3,30379
2026-03-27 14:29:00,524.3,524.33,523.77,524.115,32391
2026-03-27 14:30:00,524.02,524.1,523.63,523.965,18197
2026-03-27 14:31:00,523.84,524.55,523.84,524.1701,32341
2026-03-27 14:32:00,524.23,525.23,524.23,524.848,68789
2026-03-27 14:33:00,524.8,525.01,524.721,524.96,27947
2026-03-27 14:34:00,524.96,525.05,524.26,524.785,35451
2026-03-27 14:35:00,524.87,524.96,524.1,524.43,28129
2026-03-27 14:36:00,524.405,524.49,524.07,524.365,25418
2026-03-27 14:37:00,524.38,524.5254,523.75,523.87,19569
2026-03-27 14:38:00,523.89,524.17,523.63,523.97,43739
2026-03-27 14:39:00,523.97,524.61,523.89,524.5699,34131
2026-03-27 14:40:00,524.54,524.97,524.31,524.715,57747
2026-03-27 14:41:00,524.715,524.715,524.21,524.465,21006
2026-03-27 14:42:00,524.465,524.79,524.025,524.73,23981
2026-03-27 14:43:00,524.69,525.4,524.31,524.61,57529
2026-03-27 14:44:00,524.68,524.68,524.0501,524.235,21514
2026-03-27 14:45:00,524.2,524.4,523.97,524.28,57820
2026-03-27 14:46:00,524.145,524.2899,523.41,523.4701,54807
2026-03-27 14:47:00,523.62,524.35,523.62,524.27,39290
2026-03-27 14:48:00,524.275,524.57,524,524.45,32590
2026-03-27 14:49:00,524.33,525,524.21,524.82,28774
2026-03-27 14:50:00,524.89,525.24,524.81,525.205,31406
2026-03-27 14:51:00,525.21,525.21,524.94,525.005,30633
2026-03-27 14:52:00,525,525.21,524.9,525.095,22424
2026-03-27 14:53:00,525.13,525.19,524.68,525.02,65038
2026-03-27 14:54:00,525.02,525.48,524.9,525.0838,38716
2026-03-27 14:55:00,525.02,525.44,524.96,525.3232,34936
2026-03-27 14:56:00,525.32,525.325,524.5801,524.8,59104
2026-03-27 14:57:00,524.59,525.04,524.42,524.81,33715
2026-03-27 14:58:00,524.82,524.89,524.33,524.445,32377
2026-03-27 14:59:00,524.5,524.66,523.97,524.555,65785
2026-03-27 15:00:00,524.59,525.19,524,524.065,33013
2026-03-27 15:01:00,524.04,524.13,523.43,523.87,69554
2026-03-27 15:02:00,523.87,524.335,523.55,523.605,25277
2026-03-27 15:03:00,523.605,523.77,523.5001,523.585,22424
2026-03-27 15:04:00,523.585,523.99,523.48,523.99,26540
2026-03-27 15:05:00,523.905,523.99,523.65,523.82,20049
2026-03-27 15:06:00,523.775,523.9699,523.49,523.49,19917
2026-03-27 15:07:00,523.47,524.09,523.44,524.075,19064
2026-03-27 15:08:00,524.09,524.4,523.95,524.13,26382
2026-03-27 15:09:00,524.12,524.34,523.65,523.87,15272
2026-03-27 15:10:00,523.83,523.9151,523.5301,523.745,18083
2026-03-27 15:11:00,523.81,524.17,523.75,523.965,16959
2026-03-27 15:12:00,523.965,524.39,523.94,524,17466
2026-03-27 15:13:00,523.95,524.43,523.89,524.05,22640
2026-03-27 15:14:00,524.05,524.09,523.81,524.09,28492
2026-03-27 15:15:00,524.035,524.4,523.865,523.93,33637
2026-03-27 15:16:00,523.895,524.75,523.83,524.645,33236
2026-03-27 15:17:00,524.645,524.71,524.4,524.64,30475
2026-03-27 15:18:00,524.67,524.97,524.45,524.57,31738
2026-03-27 15:19:00,524.52,524.59,524.04,524.28,33073
2026-03-27 15:20:00,524.2799,524.41,523.7701,523.89,66327
2026-03-27 15:21:00,523.89,523.9298,523.44,523.85,29785
2026-03-27 15:22:00,523.86,524.53,523.83,524.295,44669
2026-03-27 15:23:00,524.295,525.49,524.24,525.3,61531
2026-03-27 15:24:00,525.2,526.12,525.2,525.8,54668
2026-03-27 15:25:00,525.76,526.015,525.31,525.9999,34794
2026-03-27 15:26:00,526,526.32,525.5601,526.19,29251
2026-03-27 15:27:00,526.27,526.47,525.595,525.74,42437
2026-03-27 15:28:00,525.82,526.7,525.5201,526.54,46763
2026-03-27 15:29:00,526.37,526.6,526.141,526.405,44987
2026-03-27 15:30:00,526.42,527.12,526.18,526.835,52913
2026-03-27 15:31:00,526.7,527.14,526.43,527.0702,36510
2026-03-27 15:32:00,527.11,527.2,526.2501,526.65,45891
2026-03-27 15:33:00,526.52,527.07,526.4,527.07,33230
2026-03-27 15:34:00,527.07,527.12,526.66,526.895,39998
2026-03-27 15:35:00,526.89,526.99,526.62,526.8675,19780
2026-03-27 15:36:00,526.875,526.95,526.6,526.8999,35935
2026-03-27 15:37:00,526.78,526.8999,525.94,526.05,33540
2026-03-27 15:38:00,526.05,526.255,525.81,526.07,27968
2026-03-27 15:39:00,526.1,526.2499,525.91,526.04,22096
2026-03-27 15:40:00,526.01,526.13,525.69,526,39407
2026-03-27 15:41:00,525.99,526.03,525.7301,525.89,26599
2026-03-27 15:42:00,525.95,525.9799,525.53,525.885,45964
2026-03-27 15:43:00,525.8938,526.4,525.82,525.95,42748
2026-03-27 15:44:00,525.87,526.265,525.83,526.2,32476
2026-03-27 15:45:00,526.18,526.56,525.64,525.745,45108
2026-03-27 15:46:00,525.745,526.13,525.42,525.53,31885
2026-03-27 15:47:00,525.535,525.97,525.4001,525.6186,37685
2026-03-27 15:48:00,525.6981,526.1,525.6981,525.88,29557
2026-03-27 15:49:00,525.855,526.04,525.51,525.925,47092
2026-03-27 15:50:00,525.87,525.925,524.52,525.13,60480
2026-03-27 15:51:00,525.1,525.45,524.2201,524.73,95057
2026-03-27 15:52:00,524.79,525.54,524.79,525.27,52921
2026-03-27 15:53:00,525.27,526.16,525.14,526.16,69423
2026-03-27 15:54:00,526.14,526.14,524,525.06,61986
2026-03-27 15:55:00,525.09,526,524.85,525.68,93328
2026-03-27 15:56:00,525.67,525.7,524.88,525.125,82581
2026-03-27 15:57:00,525.09,525.8,524.825,525.71,114011
2026-03-27 15:58:00,525.72,526.15,525.705,526.13,136104
2026-03-27 15:59:00,526.12,526.22,525.45,525.71,295364
2026-03-27 16:00:00,525.46,527,525.45,526.17,2201324
2026-03-27 16:01:00,526.12,526.51,526,526.4782,5468
2026-03-27 16:02:00,526.23,526.5,525.75,526.15,3708
2026-03-27 16:03:00,526.34,526.51,525.72,526.4305,2842
2026-03-27 16:04:00,526.3,526.44,526.15,526.4,3559
2026-03-27 16:05:00,526.4305,526.75,526.2,526.75,2700
2026-03-27 16:06:00,526.84,526.84,526.5,526.5,3799
2026-03-27 16:07:00,526.5,526.7,526.5,526.5,2080
2026-03-27 16:08:00,526.5,526.7,526.5,526.6,1976
2026-03-27 16:09:00,525.72,526.5994,525.72,526.5,6315
2026-03-27 16:10:00,526.5,526.58,526.5,526.51,2339
2026-03-27 16:11:00,526.53,526.59,526.21,526.21,685
2026-03-27 16:12:00,526.21,526.22,526.15,526.1711,1786
2026-03-27 16:13:00,526.1,526.1635,526,526.01,832
2026-03-27 16:14:00,526.026,526.2,526,526.01,2273
2026-03-27 16:15:00,525.82,526.18,525.82,525.9,1039
2026-03-27 16:16:00,526.1,526.1,525.85,526.0396,182
2026-03-27 16:17:00,525.81,526,525.01,525.01,8509
2026-03-27 16:18:00,525.4015,525.46,525.01,525.378,2358
2026-03-27 16:19:00,525.46,525.46,525.25,525.45,220
2026-03-27 16:20:00,525.29,525.38,524.16,524.2,935
2026-03-27 16:21:00,524.79,524.79,524.1824,524.4,2891
2026-03-27 16:22:00,524.35,524.6,524.29,524.29,1607
2026-03-27 16:23:00,524.3857,524.3857,524.29,524.3,730
2026-03-27 16:24:00,524.35,524.6,524.35,524.6,2060
2026-03-27 16:25:00,524.75,524.76,524.71,524.76,515
2026-03-27 16:26:00,524.8,525,524.76,524.9,309
2026-03-27 16:27:00,524.78,524.79,524.78,524.79,150
2026-03-27 16:28:00,524.82,524.82,524.78,524.78,160
2026-03-27 16:29:00,524.78,524.89,524.78,524.78,2504
2026-03-27 16:30:00,524.91,525,524.91,525,195
2026-03-27 16:31:00,524.91,524.91,524.78,524.8,1340
2026-03-27 16:32:00,524.78,525,524.78,524.9268,1524
2026-03-27 16:33:00,524.78,525,524.29,525,5227
2026-03-27 16:34:00,524.3,525.72,524.3,524.61,1532
2026-03-27 16:35:00,524.95,525,524.84,524.84,492
2026-03-27 16:36:00,524.589,524.7,524.55,524.55,240
2026-03-27 16:37:00,524.55,524.85,524.3,524.8,2454
2026-03-27 16:38:00,524.45,524.52,524.45,524.5,251
2026-03-27 16:39:00,524.8045,524.8045,524.8045,524.8045,50
2026-03-27 16:40:00,524.7,524.99,524.7,524.98,1150
2026-03-27 16:41:00,524.9,524.99,524.86,524.99,944
2026-03-27 16:42:00,524.9,524.9,524.8692,524.8692,200
2026-03-27 16:43:00,524.85,525.18,524.85,525.01,869
2026-03-27 16:44:00,524.79,524.99,524.72,524.99,1068
2026-03-27 16:45:00,524.99,524.99,524.88,524.99,1076
2026-03-27 16:46:00,524.99,525.1205,524.85,524.85,4774
2026-03-27 16:48:00,525,525,524.8,525,337
2026-03-27 16:49:00,524.71,524.83,524.71,524.82,410
2026-03-27 16:50:00,524.84,524.94,524.84,524.94,112
2026-03-27 16:51:00,524.93,524.95,524.91,524.91,120
2026-03-27 16:52:00,524.9,524.95,524.8999,524.95,1144
2026-03-27 16:53:00,524.76,525,524.76,525,1768
2026-03-27 16:54:00,525.14,525.24,525.14,525.24,540
2026-03-27 16:55:00,525.39,525.46,525.39,525.46,199
2026-03-27 16:56:00,525.26,525.26,525.15,525.161,188
2026-03-27 16:57:00,524.95,524.95,524.95,524.95,40
2026-03-27 16:59:00,524.76,524.76,524.76,524.76,100
2026-03-27 17:00:00,524.89,524.89,524.89,524.89,126
2026-03-27 17:01:00,524.9,525,524.8715,525,378
2026-03-27 17:02:00,525.14,525.14,525.1338,525.1338,200
2026-03-27 17:03:00,524.8,524.8,524.8,524.8,70
2026-03-27 17:04:00,525,525,525,525,99
2026-03-27 17:05:00,524.77,524.8,524.77,524.8,1622
2026-03-27 17:06:00,524.9999,524.9999,524.9999,524.9999,95
2026-03-27 17:07:00,524.8,524.8,524.8,524.8,45
2026-03-27 17:08:00,524.96,524.96,524.96,524.96,56
2026-03-27 17:09:00,524.8196,524.99,524.8196,524.9,235
2026-03-27 17:10:00,524.966,524.966,524.9,524.9,147
2026-03-27 17:11:00,524.8,524.8,524.8,524.8,229
2026-03-27 17:12:00,524.93,524.93,524.92,524.93,975
2026-03-27 17:14:00,525,525,524.9,524.9,190
2026-03-27 17:15:00,524.9,524.9,524.9,524.9,98
2026-03-27 17:16:00,525,525,525,525,58
2026-03-27 17:18:00,524.98,524.99,524.9248,524.9248,189
2026-03-27 17:19:00,524.9984,524.9984,524.9984,524.9984,50
2026-03-27 17:20:00,525,525,525,525,199
2026-03-27 17:21:00,524.9753,524.9753,524.86,524.875,130
2026-03-27 17:22:00,524.99,524.99,524.99,524.99,100
2026-03-27 17:23:00,524.89,524.89,524.89,524.89,40
2026-03-27 17:24:00,524.92,524.92,524.92,524.92,77
2026-03-27 17:25:00,524.8618,524.8618,524.8618,524.8618,137
2026-03-27 17:26:00,524.91,524.91,524.91,524.91,40
2026-03-27 17:27:00,524.86,524.88,524.86,524.88,138
2026-03-27 17:28:00,524.81,524.82,524.75,524.7988,1146
2026-03-27 17:29:00,524.84,524.84,524.84,524.84,111
2026-03-27 17:30:00,524.71,524.8435,524.71,524.79,996
2026-03-27 17:31:00,524.79,524.8094,524.77,524.8094,348
2026-03-27 17:32:00,524.8,524.8048,524.8,524.8048,646
2026-03-27 17:33:00,524.8,524.8,524.8,524.8,88
2026-03-27 17:34:00,524.78,524.78,524.69,524.69,512
2026-03-27 17:35:00,524.7,524.7,524.55,524.55,270
2026-03-27 17:36:00,524.55,524.58,524.55,524.58,240
2026-03-27 17:37:00,524.85,524.85,524.56,524.56,813
2026-03-27 17:39:00,524.7198,524.7198,524.7198,524.7198,300
2026-03-27 17:40:00,524.66,524.66,524.5601,524.5601,167
2026-03-27 17:41:00,524.6,524.62,524.6,524.61,990
2026-03-27 17:43:00,524.63,524.63,524.55,524.58,168
2026-03-27 17:44:00,524.56,524.7,524.55,524.55,212
2026-03-27 17:45:00,524.73,524.8264,524.73,524.8264,756
2026-03-27 17:46:00,524.84,524.85,524.84,524.84,156
2026-03-27 17:47:00,524.5962,524.85,524.5962,524.85,203
2026-03-27 17:48:00,524.83,524.83,524.83,524.83,50
2026-03-27 17:49:00,524.83,524.83,524.83,524.83,68
2026-03-27 17:50:00,524.8,524.8,524.7094,524.8,650
2026-03-27 17:51:00,524.8,524.8,524.7787,524.7787,150
2026-03-27 17:52:00,524.65,524.65,524.55,524.55,1675
2026-03-27 17:53:00,524.55,524.5625,524.55,524.55,233
2026-03-27 17:54:00,524.55,524.5625,524.55,524.5625,376
2026-03-27 17:55:00,524.7748,524.7748,524.47,524.47,872
2026-03-27 17:57:00,524.6261,524.6261,524.52,524.52,112
2026-03-27 17:58:00,524.5,524.5,524.05,524.05,677
2026-03-27 17:59:00,524.05,524.05,524.05,524.05,50
2026-03-27 18:00:00,524.12,524.12,524.0835,524.0835,1920
2026-03-27 18:02:00,524.43,524.43,524.39,524.39,132
2026-03-27 18:03:00,524.07,524.24,524.07,524.1001,661
2026-03-27 18:04:00,524.1,524.17,524.1,524.17,508
2026-03-27 18:05:00,524.18,524.18,524.18,524.18,57
2026-03-27 18:06:00,524.07,524.18,524.05,524.05,1129
2026-03-27 18:07:00,524.15,524.15,524.15,524.15,376
2026-03-27 18:08:00,524.01,524.01,524,524,948
2026-03-27 18:09:00,523.85,523.85,523.37,523.37,1201
2026-03-27 18:10:00,523.43,523.43,523.3224,523.3224,1134
2026-03-27 18:11:00,523.4131,523.4131,523.3,523.3,437
2026-03-27 18:12:00,523.35,523.43,523.039,523.43,1097
2026-03-27 18:13:00,523.3106,523.3106,523.041,523.31,1178
2026-03-27 18:14:00,523.29,523.29,523.29,523.29,300
2026-03-27 18:15:00,523,523.0238,522.86,522.86,1510
2026-03-27 18:16:00,522.86,522.93,522.86,522.93,1106
2026-03-27 18:17:00,522.84,522.9,522.84,522.9,462
2026-03-27 18:18:00,522.7694,522.9,522.7694,522.78,1802
2026-03-27 18:19:00,522.78,522.7815,522.65,522.75,1715
2026-03-27 18:20:00,522.7,523.3,522.6,522.6,2714
2026-03-27 18:22:00,522.6,523.27,522.6,522.8,1435
2026-03-27 18:23:00,522.6,522.6,522,522.28,817
2026-03-27 18:24:00,522.5,522.8,522.5,522.8,97
2026-03-27 18:25:00,522.69,522.69,522.674,522.674,140
2026-03-27 18:26:00,522.5,522.5,522.5,522.5,100
2026-03-27 18:27:00,522.528,522.528,522.4676,522.4676,146
2026-03-27 18:28:00,522.4,522.4,522.4,522.4,500
2026-03-27 18:29:00,522.3,522.7,522.3,522.7,2326
2026-03-27 18:30:00,522.8246,523,522.8246,523,1086
2026-03-27 18:31:00,522.9,522.9,522.9,522.9,50
2026-03-27 18:32:00,522.5,523,522.5,523,398
2026-03-27 18:33:00,522.6,523.02,522.6,522.98,280
2026-03-27 18:34:00,522.6,522.66,522.4124,522.66,2000
2026-03-27 18:35:00,522.7,523,522.7,522.99,719
2026-03-27 18:36:00,522.55,522.55,522.3,522.3,1140
2026-03-27 18:37:00,522.95,522.95,522.95,522.95,50
2026-03-27 18:38:00,522.76,522.95,522.76,522.788,226
2026-03-27 18:39:00,522.825,522.8999,522.825,522.8999,177
2026-03-27 18:40:00,522.83,522.83,522.83,522.83,200
2026-03-27 18:41:00,522.77,523,522.77,523,190
2026-03-27 18:42:00,522.9,523,522.8,522.8,976
2026-03-27 18:43:00,522.8,522.9,522.8,522.8,1012
2026-03-27 18:45:00,522.8343,522.8343,522.82,522.8255,232
2026-03-27 18:46:00,522.81,522.81,522.73,522.8,1530
2026-03-27 18:47:00,522.8,522.8,522.52,522.52,649
2026-03-27 18:48:00,522.53,522.6,522.53,522.6,300
2026-03-27 18:49:00,522.7,522.7,522.6,522.6,419
2026-03-27 18:50:00,522.55,522.55,522.55,522.55,100
2026-03-27 18:51:00,522.61,522.61,522.5182,522.61,1166
2026-03-27 18:52:00,522.51,522.61,522.33,522.33,636
2026-03-27 18:53:00,522.5,522.58,522.31,522.32,1239
2026-03-27 18:55:00,522.39,522.47,522.39,522.47,299
2026-03-27 18:56:00,522.65,522.65,522.63,522.63,238
2026-03-27 18:57:00,522.85,522.85,522.85,522.85,1000
2026-03-27 19:02:00,522.53,522.53,522.31,522.4,809
2026-03-27 19:03:00,522.31,522.31,522.31,522.31,63
2026-03-27 19:04:00,522.5,522.65,522.33,522.65,745
2026-03-27 19:05:00,522.35,522.35,522.35,522.35,114
2026-03-27 19:06:00,522.405,522.405,522.3296,522.4,200
2026-03-27 19:07:00,522.47,522.48,522.4,522.4,400
2026-03-27 19:08:00,522.43,522.43,522.4,522.4,300
2026-03-27 19:09:00,522.31,522.31,522.19,522.19,1064
2026-03-27 19:10:00,522.22,522.28,522.22,522.25,140
2026-03-27 19:11:00,522.25,522.29,522.22,522.29,803
2026-03-27 19:12:00,522.2,522.22,522.15,522.15,280
2026-03-27 19:13:00,522.1,522.1,522.1,522.1,944
2026-03-27 19:14:00,522.1988,522.1988,522,522.0001,1176
2026-03-27 19:15:00,522,522,521.6,521.6,1617
2026-03-27 19:16:00,522,522,522,522,48
2026-03-27 19:17:00,521.66,521.66,521.66,521.66,42
2026-03-27 19:18:00,521.86,521.88,521.86,521.88,90
2026-03-27 19:19:00,521.85,521.85,521.8,521.8,1215
2026-03-27 19:20:00,521.82,521.82,521.6,521.82,2801
2026-03-27 19:21:00,521.68,521.82,521.65,521.82,1879
2026-03-27 19:22:00,521.82,521.82,521.82,521.82,183
2026-03-27 19:23:00,521.7499,521.75,521.6,521.7494,1269
2026-03-27 19:24:00,521.6,521.8,521.6,521.7004,353
2026-03-27 19:25:00,521.61,521.6981,521.6,521.6981,478
2026-03-27 19:26:00,521.7,521.82,521.7,521.82,2300
2026-03-27 19:27:00,521.7195,521.9,521.7195,521.9,463
2026-03-27 19:28:00,521.8799,521.8799,521.75,521.82,976
2026-03-27 19:29:00,521.82,521.86,521.75,521.775,182
2026-03-27 19:30:00,521.67,521.67,521.5,521.59,1183
2026-03-27 19:31:00,521.55,521.6,521.55,521.6,600
2026-03-27 19:32:00,521.55,521.55,521.55,521.55,46
2026-03-27 19:33:00,521.57,521.7,521.57,521.7,550
2026-03-27 19:34:00,521.82,521.82,521.77,521.77,600
2026-03-27 19:35:00,521.63,521.65,521.35,521.35,1405
2026-03-27 19:36:00,521.35,521.35,520.8,521,1897
2026-03-27 19:37:00,521.01,521.31,520.98,521,2320
2026-03-27 19:38:00,521,521.08,521,521.08,1039
2026-03-27 19:39:00,521.0798,521.2,521,521.11,1535
2026-03-27 19:40:00,521.11,521.11,521,521.0249,774
2026-03-27 19:41:00,521.15,521.15,521,521.11,3122
2026-03-27 19:42:00,521.1592,521.23,521.12,521.23,2438
2026-03-27 19:43:00,521.1,521.15,521,521.1,573
2026-03-27 19:44:00,521,521.1,521,521.0001,2040
2026-03-27 19:45:00,520.84,520.9001,520.51,520.5286,2805
2026-03-27 19:46:00,520.5,520.61,520.45,520.45,635
2026-03-27 19:47:00,520.45,520.58,520.31,520.31,2699
2026-03-27 19:48:00,520.3,520.45,520.3,520.4,4402
2026-03-27 19:49:00,520.4,520.4,520.3,520.3001,1515
2026-03-27 19:50:00,520.45,520.95,520.3,520.45,10856
2026-03-27 19:51:00,520.45,520.45,520.22,520.22,1990
2026-03-27 19:52:00,520.25,520.5,520.25,520.5,2792
2026-03-27 19:53:00,520.47,520.47,520.01,520.01,3745
2026-03-27 19:54:00,520.01,520.3,520.01,520.281,976
2026-03-27 19:55:00,520.09,520.17,520,520.17,2454
2026-03-27 19:56:00,520.2,520.2,520.19,520.19,90
2026-03-27 19:57:00,520.15,520.17,520,520.17,1981
2026-03-27 19:58:00,520.06,520.2,520,520.0001,5199
2026-03-27 19:59:00,520,520.0732,520,520.0732,3876
